:020000040800F2
:1000000000000220D90700082D0800082D0800086C
:100010002D0800082D0800082D0800080000000029
:100020000000000000000000000000002D08000893
:100030002D080008000000002D080008FDD500086C
:100040002D0800082D0800082D0800082D080008BC
:100050002D0800082D0800082D0800082D080008AC
:100060002D0800082D0800082D0800082D0800089C
:100070002D0800082D0800082D0800082D0800088C
:100080002D0800082D0800082D0800082D0800087C
:100090002D0800082D0800082D0800082D0800086C
:1000A0002D0800082D0800082D0800082D0800085C
:1000B0002D0800082D0800082D0800082D0800084C
:1000C0002D0800082D0800082D0800082D0800083C
:1000D0002D0800082D0800082D0800082D0800082C
:1000E0002D0800082D080008000000002D08000859
:1000F0002D0800082D0800082D0800082D0800080C
:100100002D0800082D0800082D0800082D080008FB
:100110002D080008A5D000082D0800082D080008AB
:100120002D0800082D0800082D0800082D080008DB
:100130002D0800082D0800082D0800082D080008CB
:1001400000000000000000000000000000000000AF
:100150002D0800082D0800082D0800082D080008AB
:100160002D0800082D0800082D0800082D0800089B
:100170002D08000809D600082D080008000000001E
:100180002D0800082D0800082D0800082D0800087B
:100190002D0800082D0800082D0800082D0800086B
:1001A0002D0800082D0800082D0800080000000098
:1001B0002D0800082D0800082D0800082D0800084B
:1001C0002D0800082D0800080000000000000000B5
:1001D00000000000000000002D08000800000000E2
:1001E000000000000000000000000000000000000F
:1001F00000000000000000002D0800082D08000885
:100200002D0800082D080008000000002D08000837
:100210002D0800082D0800082D0800082D080008EA
:100220002D080008000000002D0800080000000054
:100230002D0800082D080008000000002D08000807
:100240002D0800082D0800082D0800082D080008BA
:100250002D0800082D0800082D0800082D080008AA
:100260002D0800082D0800082D0800082D0800089A
:100270002D0800082D0800082D08000800000000C7
:100280002D0800082D0800082D0800082D0800087A
:10029000000000002D0800082D08000800000000E4
:1002A000000000002D0800082D0800082D08000897
:1002B0002D0800082D0800082D0800082D0800084A
:0C02C0002D0800082D0800082D0800087B
:1002D00010F8012B11F8013B012A28BF9A42F7D0F0
:1002E000D01A7047034613F8012B002AFBD1181AC5
:1002F000013870470000000000000000000000000E
:1003000001F0FF01102A2BDB10F0070F08D010F8C6
:10031000013B013A8B422DD010F0070F42B3F6D1CA
:10032000F0B441EA012141EA014122F007047FF0E3
:1003300000070023F0E80256083C85EA010586EA3A
:10034000010685FA47F5A3FA87F586FA47F6A5FA76
:1003500087F68EB9EED1F0BC01F0FF0102F0070282
:1003600032B110F8013B013A83EA010313B1F8D12D
:100370000020704701387047002D06BF354603380E
:10038000073815F0010F07D1013015F4807F02BF47
:10039000013015F4C03F0130F0BC0138704700BF98
:1003A00081F0004102E000BF83F0004330B54FEA26
:1003B00041044FEA430594EA050F08BF90EA020F93
:1003C0001FBF54EA000C55EA020C7FEA645C7FEA26
:1003D000655C00F0E2804FEA5454D4EB5555B8BF49
:1003E0006D420CDD2C4480EA020281EA030382EABA
:1003F000000083EA010180EA020281EA0303362D4C
:1004000088BF30BD11F0004F4FEA01314FF4801C1E
:100410004CEA113102D0404261EB410113F0004F30
:100420004FEA03334CEA133302D0524263EB4303E7
:1004300094EA050F00F0A780A4F10104D5F1200E85
:100440000DDB02FA0EFC22FA05F2801841F10001E0
:1004500003FA0EF2801843FA05F359410EE0A5F1B4
:1004600020050EF1200E012A03FA0EFC28BF4CF0E5
:10047000020C43FA05F3C01851EBE37101F000459B
:1004800007D54FF0000EDCF1000C7EEB00006EEBA8
:100490000101B1F5801F1BD3B1F5001F0CD3490832
:1004A0005FEA30004FEA3C0C04F101044FEA445289
:1004B00012F5800F80F09A80BCF1004F08BF5FEA10
:1004C000500C50F1000041EB045141EA050130BDF0
:1004D0005FEA4C0C404141EB0101013C28BFB1F502
:1004E000801FE9D291F0000F04BF01460020B1FA4D
:1004F00081F308BF2033A3F10B03B3F120020CDA20
:100500000C3208DD02F1140CC2F10C0201FA0CF0FD
:1005100021FA02F10CE002F11402D8BFC2F1200C62
:1005200001FA02F120FA0CFCDCBF41EA0C01904018
:10053000E41AA2BF01EB0451294330BD6FEA040461
:100540001F3C1CDA0C340EDC04F11404C4F120024C
:1005500020FA04F001FA02F340EA030021FA04F35E
:1005600045EA030130BDC4F10C04C4F1200220FAB5
:1005700002F001FA04F340EA0300294630BD21FAF3
:1005800004F0294630BD94F0000F83F4801306BFB9
:1005900081F480110134013D4EE77FEA645C18BFAD
:1005A0007FEA655C29D094EA050F08BF90EA020F44
:1005B00005D054EA000C04BF1946104630BD91EA3C
:1005C000030F1EBF0021002030BD5FEA545C05D13F
:1005D0004000494128BF41F0004130BD14F580047E
:1005E0003CBF01F5801130BD01F0004545F0FE41F2
:1005F00041F470014FF0000030BD7FEA645C1ABF27
:10060000194610467FEA655C1CBF0B46024650EA5D
:10061000013406BF52EA033591EA030F41F4002189
:1006200030BD00BF90F0000F04BF0021704730B50F
:100630004FF4806404F132044FF000054FF00001E4
:1006400050E700BF90F0000F04BF0021704730B5A5
:100650004FF4806404F1320410F0004548BF40427A
:100660004FF000013EE700BF42004FEAE2014FEACF
:1006700031014FEA02701FBF12F07F4393F07F4FAA
:1006800081F06051704732F07F4208BF704793F0AD
:100690007F4F04BF41F40021704730B54FF46074C0
:1006A00001F0004521F000411CE700BF50EA0102C3
:1006B00008BF704730B54FF000050AE050EA01026C
:1006C00008BF704730B511F0004502D5404261EBDC
:1006D00041014FF4806404F132045FEA915C3FF41D
:1006E000D8AE4FF003025FEADC0C18BF03325FEABA
:1006F000DC0C18BF033202EBDC02C2F1200300FA6B
:1007000003FC20FA02F001FA03FE40EA0E0021FA8F
:1007100002F11444BDE600BF53B94AB9002908BF2D
:1007200000281CBF4FF0FF314FF0FF3000F00CB835
:10073000ADF1080C6DE904CE26F092FDDDF804E081
:10074000DDE9022304B07047704700BF0348044B43
:10075000834202D0034B03B118477047F8020020D0
:10076000F8020020000000000548064B1B1AD90FB4
:1007700001EBA301491002D0034B03B118477047A6
:10078000F8020020F80200200000000010B5064C1E
:10079000237843B9FFF7DAFF044B13B10448AFF3F2
:1007A00000800123237010BD000300200000000022
:1007B0008075020808B5054B1BB105490548AFF324
:1007C0000080BDE80840FFF7CFBF00BF0000000079
:1007D0000403002080750208DFF838D000F028F804
:1007E000002103E00C4B5B58435004310B480C4B89
:1007F00042189A42F6D30B4A02E0002342F8043B27
:10080000094B9A42F9D311F0E7FF24F081F808F080
:10081000D5FC704700000220A0E30408000000207F
:10082000F802002000030020406C0120FEE70000D9
:1008300080B400AF084BDB68074A43F00203D36083
:1008400000BF054B5B6803F40053002BF9D000BFD9
:1008500000BFBD4680BC70470048025880B500AF5D
:10086000184B01221A70184B00221A70174B0022E5
:100870001A70174B00221A70164B00221A60164B82
:1008800000221A70154B00221A6012F0A1F80346DC
:10089000FA3B134A1360134B1B78002B01D0124B09
:1008A00000E0124B18460CF071F80E4B1B78002B31
:1008B00001D00F4B00E00F4B18460CF075F800BF4D
:1008C00080BD00BF71030020640300206503002089
:1008D00066030020680300206E030020E003002070
:1008E000740300207003002098750208BC7502088C
:1008F000E0750208FC75020880B400AF034B1B785A
:10090000DBB21846BD4680BC704700BF64030020C0
:1009100080B584B000AF786012F05AF80346A3F5B2
:100920007A73FB6031E012F053F8B8600FF036FFD5
:1009300001F01CF90346002B06D018480FF0AEFF5B
:1009400017480CF001F825E0164B1B78002B06D059
:1009500012480FF0A3FF14480BF0F6FF1AE0BA6834
:10096000FB68D31AB3F57A7F04D3BB68FB600F48EA
:100970000CF00CF80DF0A6FD0346002B02D07868B1
:100980000FF08CFF0A2012F02DF80BF004FC034648
:10099000002BC8D11037BD4680BD00BF18760208B5
:1009A0001C760208FA030020447602086C760208DE
:1009B00080B59EB002AF12F00BF80346A3F57A7330
:1009C000FB663D4B0F221A703C480FF067FF3C4816
:1009D0000BF0DCFF3948FFF79BFF11F0F9FFB86619
:1009E0000FF0DCFEBA6EFB6ED31AB3F57A7F17D325
:1009F0000BF06EFB034687F867300BF05FFB386641
:100A0000BB6EFB6697F8672038463B6E0093134633
:100A10002C4A602123F0DCFD3B4618460BF0B6FF64
:100A20000DF050FD0346002B03D024480FF036FF95
:100A30003DE001F09BF80346002B06D022480FF062
:100A40002DFF22480BF0A2FF32E0214B1B78002B38
:100A500006D01D480FF022FF1E480BF097FF27E03D
:100A60000BF0A0FB0346002B1ED00BF073FB0346DC
:100A7000002B19D014480FF011FF0FF03BFF0BF0C3
:100A800069FB0346012B02D0022B04D007E0124879
:100A90000BF07CFF07E011480BF078FF03E01048F3
:100AA0000BF074FF00BF03E00A2011F09BFF94E7F6
:100AB0007037BD4680BD00BF1C0300208876020849
:100AC00090760208C8760208187602081C7602089A
:100AD000FA03002044760208F07602081077020834
:100AE0003077020880B485B000AF87ED030AC7ED08
:100AF000020A87ED011A97ED037AD7ED027AB4EE78
:100B0000E77AF1EE10FA01D5BB680BE097ED037AB6
:100B1000D7ED017AB4EEE77AF1EE10FA01DD7B68E9
:100B200000E0FB6807EE903AB0EE670A1437BD4666
:100B300080BC704780B485B000AFF860B96087EDC5
:100B4000010ABB689B00FA68134493ED007AD7ED65
:100B5000017A67EE277AB0EE670A1437BD4680BC8B
:100B60007047000080B582B000AF87ED010AB1EE9A
:100B7000001AF9EE000A97ED010AFFF7B3FF87EDBF
:100B8000010AD7ED017AF0EEE77A9FED117AF4EEE3
:100B9000C77AF1EE10FA02D8DFED0E7A13E0D7ED46
:100BA000017AF5EEC07AF1EE10FA06DDD7ED017AA2
:100BB0009FED077A77EEC77A05E0D7ED017A9FEDD2
:100BC000047A77EE877AB0EE670A0837BD4680BDB3
:100BD0000AD7A33D0000000080B500AF11F0F8FE79
:100BE000034618460CF068FF00BF80BD80B500AF1B
:100BF00002F06EF90DF05CFC034683F00103DBB2FA
:100C0000002B0BD00DF05EFC0346002B06D0FFF747
:100C100025FE084B09221A60002309E0FFF7DCFFDC
:100C20000DF046F80346002B01D0012300E000231D
:100C3000184680BD2003002080B500AFFFF7D6FF27
:100C40000346184680BD000080B400AF054B1B680A
:100C5000092B02D0034B05221A6000BFBD4680BCA1
:100C6000704700BF2003002080B582B000AF7860DD
:100C700002F02EF90DF01CFC034683F00103DBB2F9
:100C8000002B0BD00DF01EFC0346002B06D0FFF707
:100C9000E5FD094B09221A60002308E078680CF092
:100CA000B5FF0346002B01D0012300E000231846C6
:100CB0000837BD4680BD00BF2003002080B586B048
:100CC00000AF786011F084FE38613B690A3B7B61BC
:100CD0001AE011F07DFEF860FA687B69D31A092BDF
:100CE0000FD9FB687B61FFF781FF034683F00103A7
:100CF000DBB2002B05D0FFF7A7FF094B07221A70C4
:100D00000AE0012011F06EFE11F062FE02463B691E
:100D1000D31A7A689A42DCD81837BD4680BD00BF26
:100D20001C03002080B588B002AF7860634A7B68FE
:100D30001360634B07221A70FFF74EFF0CF0B8FFE9
:100D40000CF0DEFF11F044FE5D4B1B78DBB2194660
:100D50005A4B1A685B4BD3ED007A5B4B93ED007AEC
:100D60005A4BD3ED006A5A4B93ED006A594BD3EDC1
:100D7000005A594B93ED005A584BD3ED004A584B4B
:100D8000D3ED003A574B93ED004A14230093B0EE95
:100D9000643A554BF0EE452AB0EE652AF0EE461A5D
:100DA000B0EE661AF0EE470AB0EE670A0EF028FFC2
:100DB000434B1B78DBB21A46404B1B681946104662
:100DC0000FF070F80FF0E6F8484B00221A70484B0D
:100DD00000221A60474B00221A70474B00221A600B
:100DE000464B00221A70464B00221A60454B0022E7
:100DF0001A70454B00221A70444B00221A70444B63
:100E000000221A70FFF72AFD42480FF047FD4248C2
:100E10000BF0BCFD0BF0A8F90BF0BDF90346002B5D
:100E200002D10123FB7501E00023FB7511F0D0FD19
:100E3000386111F0CDFDF860FA683B69D31AF92BDF
:100E400007D9FB683B61FFF7C7FE0CF031FF0CF0E0
:100E500057FF02F03DF80FF0A1FC0DF033FB034605
:100E6000002B08D02D4B00221A700023FB75294857
:100E70000FF014FD1DE00BF08EF90346002B01D19D
:100E80000123FB75FB7D002B10D00BF08BF9034683
:100E9000002B0BD0214B01221A7021480FF0FEFCD1
:100EA0000FF028FD1F480BF071FD03E0142011F036
:100EB00099FDBEE71837BD4680BD00BF2003002066
:100EC0001C0300202C0300203003002034030020EA
:100ED000380300203C03002040030020440300208E
:100EE000480300204C030020FC9B0208E403002080
:100EF000F4030020F8030020F0030020FA03002090
:100F00000004002004040020050400200604002042
:100F100007040020547702085C7702086F03002062
:100F2000187602088477020880B590B000AF07F108
:100F3000140300221A605A609A6007F10803002225
:100F40001A605A609A604FF000037B604FF0000314
:100F5000FB634FF00003BB634FF000037B634FF074
:100F600000033B630023FB6254E03A1D07F10801D4
:100F700007F11403184611F007F9D7ED077AF1EEDF
:100F8000677AC7ED087A97ED0F7AD7ED087A77EE92
:100F9000277AC7ED0F7AD7ED087A67EEA77A97ED33
:100FA0000E7A77EE277AC7ED0E7A07F10803BFEEC7
:100FB000000A00211846FFF7BDFDB0EE407AD7EDDC
:100FC0000D7A77EE877AC7ED0D7A07F10803BFEE49
:100FD000000A01211846FFF7ADFDB0EE407AD7EDCB
:100FE0000C7A77EE877AC7ED0C7A7B68344A136007
:100FF00001F06EFF0DF066FA0346002B04D0314B72
:1010000009221A60002357E0022011F0EBFCFB6A72
:101010000133FB62FB6A772BA7D997ED0F7ADFEDDF
:101020002A6AC7EE267A294BC3ED007A97ED0D7A2E
:10103000DFED256AC7EE267A254BC3ED007A97EDE2
:101040000C7ADFED216AC7EE267A214BC3ED017AD7
:10105000204B4FF000021A601E4B4FF000025A6006
:10106000D7ED0E7ADFED186A87EEA67A174BD3ED2F
:10107000006A164BD3ED007A66EEA77A77EE677AB0
:10108000C7ED0A7A144B7B62D7ED0A7AF5EEC07A87
:10109000F1EE10FA02D54FF00003BB62D7ED097AEA
:1010A00067EEA77A97ED0A7AB4EEE77AF1EE10FAD6
:1010B00001DD002300E0012318464037BD4680BD16
:1010C00040030020200300200000F04228030020FD
:1010D000540300205C030020CDCC4C3D80B500AF14
:1010E000FFF77AFD0CF0F8FD034683F00103DBB255
:1010F000002B09D1C82108200BF018FE034683F00D
:101100000103DBB2002B01D0002329E0FFF764FDCF
:101110000CF0ECFD034683F00103DBB2002B09D198
:10112000C82108200BF002FE034683F00103DBB266
:10113000002B01D0002313E0FFF74EFD0CF0B8FDAB
:101140000346002B08D0C82108200BF0EFFD034612
:10115000002B01D0012300E0002303F00103DBB2E8
:10116000184680BD80B582B000AF11F031FC7860C8
:101170000EE001F0ADFE0DF0A5F90346002B04D002
:101180001F4B09221A60002336E0142011F02AFCBC
:1011900011F01EFC02467B68D31A312BE9D911F0FD
:1011A00017FC78601EE001F093FE0DF08BF903460A
:1011B000002B04D0124B09221A6000231CE00BF014
:1011C0005DFD0CF075FD0346002B08D0C8210820FA
:1011D0000BF0ACFD0346002B01D001230CE03220C4
:1011E00011F000FC11F0F4FB02467B68D31A41F2C7
:1011F00087329342D7D9002318460837BD4680BDB1
:101200002003002080B483B000AF0346FB71FB795C
:10121000412B08D0FB79422B05D0FB79432B02D020
:10122000FB79442B01D1012300E0002303F00103EB
:10123000DBB218460C37BD4680BC704780B5BEB0E7
:1012400000AFF860B9607A600023C7F8F030FB683F
:10125000002B05D0BB68002B02D07B68002B01D18E
:101260000023D5E007F14400FB686B4AA02123F07E
:10127000AFF907F144036949184623F081FAC7F82A
:10128000F40011E0D7F8F0305A1CC7F8F0209B00AA
:10129000F8333B44D7F8F42043F8E42C5F490020AE
:1012A00023F06EFAC7F8F400D7F8F430002B03D01F
:1012B000D7F8F0300B2BE5D9D7F8F0300C2B3FD115
:1012C0007B6957491846FFF703F80346002B37D1CF
:1012D000BB6954491846FEF7FBFF0346002B2FD18C
:1012E000FB6951491846FEF7F3FF0346002B27D14F
:1012F0003B6A4E491846FEF7EBFF0346002B1FD111
:101300007B6A4B491846FEF7E3FF0346002B17D1D3
:10131000FB6A48491846FEF7DBFF0346002B0FD156
:101320007B6B45491846FEF7D3FF0346002B07D1D8
:10133000FB6B42491846FEF7CBFF0346002B01D05A
:10134000002365E0BB6A07F110010A22184623F06A
:1013500071F8C7F8EC00BB6A1B78002B07D03B691B
:101360001B78002B03D1D7F8EC30002B01D10023E0
:101370004EE03B6B32491846FEF7AAFF0346002BAE
:1013800003D1BB6801221A700DE03B6B2D49184652
:10139000FEF79EFF0346002B03D1BB6800221A70A4
:1013A00001E0002334E0BB6B07F110010A2218466C
:1013B00023F040F8C7F8E800BB6B1B78002B08D07F
:1013C0003B691B78002B04D1D7F8E830B3F5C87F10
:1013D00001D000231CE03B6C07F110010A221846E3
:1013E00023F028F8C7F8E4003B6C1B78002B08D0EA
:1013F0003B691B78002B04D1D7F8E430B3F5B47FF8
:1014000001D0002304E07B68D7F8EC201A600123A8
:101410001846F837BD4680BDA0770208A4770208B9
:10142000A8770208AC770208B4770208BC770208F4
:10143000C4770208C8770208D0770208DC77020870
:10144000E8770208EC77020880B5B0B000AFF8602A
:10145000B9607A603B600023C7F8B830FB68002BA6
:1014600008D0BB68002B05D07B68002B02D03B68FE
:10147000002B01D1002398E007F13400FB684D4AAE
:10148000802123F0A5F807F134034B49184623F0D7
:1014900077F9C7F8BC0011E0D7F8B8305A1CC7F884
:1014A000B8209B00C0333B44D7F8BC2043F8AC2C99
:1014B0004149002023F064F9C7F8BC00D7F8BC30DC
:1014C000002B03D0D7F8B830072BE5D9D7F8B830C0
:1014D000082B3FD17B6939491846FEF7F9FE0346D0
:1014E000002B37D1BB6936491846FEF7F1FE03469B
:1014F000002B2FD1FB6933491846FEF7E9FE03465E
:10150000002B27D13B6AB9681846FEF7E1FE034677
:10151000002B1FD17B6A2C491846FEF7D9FE0346E3
:10152000002B17D1FB6A29491846FEF7D1FE034666
:10153000002B0FD13B6B26491846FEF7C9FE034628
:10154000002B09D03B6B23491846FEF7C1FE03462A
:10155000002B01D0002328E0BB6A07F110010A220A
:10156000184622F067FFC7F8B400BB6A1B78002B4F
:1015700007D03B691B78002B03D1D7F8B430002B80
:1015800001D1002311E07B68D7F8B4201A603B6BCF
:101590000F491846FEF79CFE0346002B01D101229D
:1015A00000E000223B681A7001231846C037BD4690
:1015B00080BD00BFA0770208A4770208A8770208C0
:1015C000AC770208B4770208C4770208C87702082B
:1015D000E8770208EC77020880B5BCB000AFF8608D
:1015E000B9607A603B600023C7F8E830FB68002BE5
:1015F0000CD0BB68002B09D07B68002B06D03B6861
:10160000002B03D0D7F8F830002B01D10023D8E00D
:1016100007F14400FB686D4AA02122F0D9FF07F1D1
:1016200044036B49184623F0ABF8C7F8EC0011E00F
:10163000D7F8E8305A1CC7F8E8209B00F0333B4449
:10164000D7F8EC2043F8DC2C6149002023F098F80F
:10165000C7F8EC00D7F8EC30002B03D0D7F8E8300F
:101660000B2BE5D9D7F8E8300C2B3FD17B695949D2
:101670001846FEF72DFE0346002B37D1BB695649AD
:101680001846FEF725FE0346002B2FD1FB69534970
:101690001846FEF71DFE0346002B27D13B6A504932
:1016A0001846FEF715FE0346002B1FD17B6A4D49F5
:1016B0001846FEF70DFE0346002B17D1FB6A4A4978
:1016C0001846FEF705FE0346002B0FD17B6B4749FA
:1016D0001846FEF7FDFD0346002B07D1FB6B44497E
:1016E0001846FEF7F5FD0346002B01D0002368E005
:1016F000BB6A07F110010A22184622F09BFEC7F8C8
:10170000E400BB6A1B78002B11D03B691B78002BCF
:101710000DD1D7F8E430002B09D0BB6B01331B7817
:10172000002B04D13B6C01331B78002B01D000232C
:1017300047E03B6B2F491846FEF7CAFD0346002BD6
:1017400003D1BB6801221A700DE03B6B2A49184691
:10175000FEF7BEFD0346002B03D1BB6800221A70C2
:1017600001E000232DE0BB6B1A783B681A703B6CDC
:101770001A78D7F8F8301A703B681B781846FFF7CC
:1017800041FD034683F00103DBB2002B12D1D7F8F1
:10179000F8301B781846FFF735FD034683F0010348
:1017A000DBB2002B06D13B681A78D7F8F8301B78EB
:1017B0009A4201D1002304E07B68D7F8E4201A6044
:1017C00001231846F037BD4680BD00BFA077020850
:1017D000A4770208A8770208AC770208F477020819
:1017E000BC770208C4770208C8770208FC770208B1
:1017F00000780208E8770208EC77020880B5B8B0F4
:1018000000AFF860B9607A600023C7F8D830FB6891
:10181000002B05D0BB68002B02D07B68002B01D1C8
:10182000002398E007F13400FB684D4AA02122F024
:10183000CFFE07F134034B49184622F0A1FFC7F849
:10184000DC0011E0D7F8D8305A1CC7F8D8209B002C
:10185000E0333B44D7F8DC2043F8CC2C414900204E
:1018600022F08EFFC7F8DC00D7F8DC30002B03D065
:10187000D7F8D830072BE5D9D7F8D830082B3FD187
:101880007B6939491846FEF723FD0346002B37D103
:10189000BB6936491846FEF71BFD0346002B2FD1C6
:1018A000FB6933491846FEF713FD0346002B27D189
:1018B0003B6A30491846FEF70BFD0346002B1FD14B
:1018C0007B6A2D491846FEF703FD0346002B17D10E
:1018D000FB6A2A491846FEF7FBFC0346002B0FD192
:1018E0003B6B27491846FEF7F3FC0346002B09D053
:1018F0003B6B24491846FEF7EBFC0346002B01D056
:10190000002328E0BB6A07F110010A22184622F0E2
:1019100091FDC7F8D400BB6A1B78002B07D03B6948
:101920001B78002B03D1D7F8D430002B01D1002332
:1019300011E0BB68D7F8D4201A603B6B10491846F9
:10194000FEF7C6FC0346002B01D1012200E0002275
:101950007B681A7001231846E037BD4680BD00BF82
:10196000A0770208A4770208A8770208AC770208DB
:10197000F477020804780208C4770208C8770208DE
:10198000E8770208EC77020880B5BCB000AFF860D9
:10199000B9607A603B600023C7F8E830FB68002B31
:1019A00008D0BB68002B05D07B68002B02D03B68B9
:1019B000002B01D10023BFE007F14000FB68604A23
:1019C000A02122F005FE07F140035E49184622F0EF
:1019D000D7FEC7F8EC0011E0D7F8E8305A1CC7F87A
:1019E000E8209B00F0333B44D7F8EC2043F8D82C98
:1019F0005449002022F0C4FEC7F8EC00D7F8EC30C0
:101A0000002B03D0D7F8E830092BE5D9D7F8E83018
:101A10000A2B47D1BB694C491846FEF759FC0346CF
:101A2000002B3FD1FB6949491846FEF751FC03469C
:101A3000002B37D13B6A46491846FEF749FC03465E
:101A4000002B2FD17B6A43491846FEF741FC034621
:101A5000002B27D1BB6A40491846FEF739FC0346E4
:101A6000002B1FD13B6B3D491846FEF731FC034666
:101A7000002B17D1BB6B3A491846FEF729FC0346E9
:101A8000002B0FD17B6B37491846FEF721FC03462C
:101A9000002B09D07B6B34491846FEF719FC03462E
:101AA000002B01D0002347E0FB6A07F114010A2252
:101AB000184622F0BFFCC7F8E400FB6A1B78002B35
:101AC00007D07B691B78002B03D1D7F8E430002BBB
:101AD00001D1002330E0FB6B07F114010A22184604
:101AE00022F0A8FCC7F8E000FB6B1B78002B0BD0A2
:101AF0007B691B78002B07D1D7F8E030002B03D08F
:101B0000D7F8E030072B01D9002315E0BB68D7F8E0
:101B1000E4201A607B68D7F8E0201A607B6B1149DB
:101B20001846FEF7D5FB0346002B01D1012200E049
:101B300000223B681A7001231846F037BD4680BD6D
:101B4000A0770208A4770208A8770208AC770208F9
:101B5000F47702080C780208C4770208C8770208F4
:101B600014780208E8770208EC77020880B5C8B05C
:101B700002AF07F1A403602118460FF031FDC7F84A
:101B80000C01D7F80C31002B15D0964B1B78002B8D
:101B900011D1944B01221A701D2200210F200EF04A
:101BA000ADF90346002B03D08F480AF0CDFE02E0CA
:101BB0008E480AF0C9FE0023C7F81431ECE107F1A2
:101BC000A402D7F8143113441B7887F80B3197F827
:101BD0000B310D2B04D097F80B310A2B40F0C2814A
:101BE000834B1B68834A0021D1548349814822F0EA
:101BF0002DFEC7F81001D7F81031002B05D17F4911
:101C00007C4822F023FEC7F81001D7F81031002BD2
:101C100017D0D7F81031774A934212D0D7F8100175
:101C2000FEF760FBC7F80401D7F8043101331A4608
:101C3000D7F810116F4822F06FFD6D4AD7F80431C4
:101C400013606B4B1B68002B0FD06D4B1B78DBB206
:101C50000F2B0AD1674800F055FF0346002B04D034
:101C6000634B00221A6000239EE1614B1B68002B2E
:101C700054D007F19C0207F1A30319465D48FFF712
:101C8000DDFA0346002B49D05E4B1B78002B0BD1AD
:101C90005D4B1B68002B07D15C4B1B78002B03D1DD
:101CA0005B4B1B68002B03D05A480AF07DFE30E0E6
:101CB000564B01221A7097F8A320574B1A70D7F889
:101CC0009C30564A1360564B00221A70554B002226
:101CD0001A70554B00221A70544B00221A70544B44
:101CE00000221A70D7F89C2097F8A330002B01D05F
:101CF000504B00E0504B381D009313464F4A802153
:101D000022F066FC3B1D18460AF04EFE4C480AF0D5
:101D10001BFE374B00221A60002345E1344B1B6841
:101D2000002B00F0A38007F19B0007F19C0207F154
:101D3000A30107F19A03009303462E48FFF74CFCDA
:101D40000346002B00F092802E4B1B78002B03D112
:101D50002D4B1B68002B03D03A480AF025FEFDE00E
:101D6000284B01221A7097F8A320374B1A70D7F826
:101D70009C30364A136097F89B20354B1A7097F8C1
:101D80009A20344B1A70344B00221A601E22002114
:101D90000F200EF0B3F80346002B03D02F480AF0B3
:101DA000D3FD02E02E480AF0CFFDD7F89C2097F82B
:101DB000A330002B01D01F4B00E01F4B381D0093B8
:101DC0001346284A602122F003FC3B1D18460AF006
:101DD000EBFD25480AF0B8FD054B00221A600123EF
:101DE000E2E000BF090400201C7802083C780208E9
:101DF0000C040020100400206078020870780208AB
:101E00001C030020E4030020F4030020FA03002058
:101E10000004002080780208FB030020FC0300205F
:101E2000040400200504002006040020070400200C
:101E300008040020E8770208EC7702089878020886
:101E4000C0780208E0780208E5030020E8030020DB
:101E5000EC030020ED030020F0030020F8780208D6
:101E6000187902083C79020864790208514B1B6812
:101E7000002B73D007F18F0307F1900207F1940153
:101E80004D48FFF781FD0346002B3ED04B4B1B789E
:101E9000002B3AD14A4B1A68D7F894309A4234D181
:101EA000484B1A7897F88F309A422ED1D7F8903055
:101EB000002B2AD0D7F89030072B26D83F4B012291
:101EC0001A70D7F89430404A1360D7F890303F4AE0
:101ED0001360D7F894103B4B1B78002B01D03C4B80
:101EE00000E03C4BD7F89020381D019200930B4640
:101EF000394A602122F06CFB3B1D18460AF054FD64
:101F00002C4B00221A6001234EE007F1870207F1F3
:101F1000880319462848FFF771FC0346002B0FD0B1
:101F2000274B1A68D7F888309A4209D1254B1A787E
:101F300097F887309A4203D1284B01221A700DE09E
:101F400027480AF001FD1B4B1B68381D254A6021FC
:101F500022F03EFB3B1D18460AF026FD154B0022E1
:101F60001A6014E0134B1B6801339F2B09D8114BE7
:101F70001B685A1C0F490A600F4997F80B21CA5475
:101F800005E00C4B00221A6017480AF00DFDD7F847
:101F900014310133C7F81431D7F81421D7F80C31B4
:101FA0009A42FFF40CAE0023184607F58C77BD4625
:101FB00080BD00BF0C04002010040020E4030020BA
:101FC000F4030020E5030020E8030020F0030020D4
:101FD000E8770208EC77020884790208F803002009
:101FE000B4790208D8790208047A020880B5A4B04E
:101FF00002AF786039600D4B1B78002B01D00C4B81
:1020000000E00C4B07F1080001933B6800937B68EC
:10201000094A802122F0DCFA07F1080318460AF089
:10202000C3FC00BF8837BD4680BD00BFE50300206C
:10203000E8770208EC770208307A020880B5A4B08D
:1020400002AF786039600D4B1B78002B01D00C4B30
:1020500000E00C4B07F1080001937B6800933B689C
:10206000094A802122F0B4FA07F1080318460AF061
:102070009BFC00BF8837BD4680BD00BFE503002044
:10208000E8770208EC770208547A020880B5A4B019
:1020900002AF786039600D4B1B78002B01D00C4BE0
:1020A00000E00C4B07F1080001933B6800937B684C
:1020B000094A802122F08CFA07F1080318460AF039
:1020C00073FC00BF8837BD4680BD00BFFB03002006
:1020D000E8770208EC770208847A020880B5ACB091
:1020E00002AF786039600D4B1B78002B01D00C4B90
:1020F00000E00C4B07F108007A68019200933B68FE
:10210000094AA02122F064FA07F1080318460AF0F0
:102110004BFC00BFA837BD4680BD00BFFB030020BD
:10212000E8770208EC770208A87A020880B5ACB01C
:1021300002AF786039600D4B1B78002B01D00C4B3F
:1021400000E00C4B07F1080001937B6800933B68AB
:10215000094AA02122F03CFA07F1080318460AF0C8
:1021600023FC00BFA837BD4680BD00BFFB03002095
:10217000E8770208EC770208D87A020880B5A0B0A8
:1021800000AF07F10C03602118460FF029FAB86779
:102190000023FB6701E107F10C02FB6F13441B787E
:1021A00087F8773097F877300D2B04D097F8773091
:1021B0000A2B40F0D780804B1B68804A0021D15405
:1021C0007F497E4822F042FB38673B6F002B11D0DD
:1021D0003B6F7A4A93420DD0386FFEF783F8F8666A
:1021E000FB6E01331A46396F744822F095FA724A31
:1021F000FB6E1360704B1B68002B00F0AF80714BBF
:102200001B68002B00F0AA80FB1D07F108026E4935
:102210006A48FFF719F90346002B19D0BA68694BD1
:102220001B689A4214D1FA79684B1B789A420FD1F5
:10223000674B1B78002B02D1664B01221A7066484F
:102240000AF082FBBB6819465F48FFF747FF85E04D
:10225000FB1D07F1080261495848FFF7F5F80346EE
:10226000002B15D0BA68574B1B689A4210D1FA79E7
:10227000564B1B789A420BD1594B01221A70594880
:102280000AF062FBBB6819465448FFF727FF65E078
:10229000FB1D07F1080254494848FFF7D5F80346EB
:1022A000002B15D0BA68474B1B689A4210D1FA79B7
:1022B000464B1B789A420BD14C4B01221A704C486A
:1022C0000AF042FBBB6819464748FFF707FF45E0A5
:1022D000FB1D07F1080247493848FFF7B5F80346E8
:1022E000002B15D0BA68374B1B689A4210D1FA7987
:1022F000364B1B789A420BD13F4B01221A703F4854
:102300000AF022FBBB6819463A48FFF7E7FE25E0D2
:10231000FB1D07F108023A492848FFF795F80346E4
:10232000002B15D0BA68274B1B689A4210D1FA7956
:10233000264B1B789A420BD12F4B00221A70314842
:102340000AF002FBBB6819462D48FFF7C7FE05E0FF
:102350001C4B1B6819462C48FFF7E8FE164B002261
:102360001A6017E0144B1B6801337F2B09D8124BFE
:102370001B685A1C10490A60104997F87720CA5404
:1023800008E00D4B00221A600E4B1B6819461F48CF
:10239000FFF7CCFEFB6F0133FB67FA6FBB6F9A420E
:1023A000FFF4F9AEBB6F002B14BF01230023DBB297
:1023B00018468037BD4680BDB0040020B40400201C
:1023C0007078020800040020087B0208FB0300204C
:1023D0000704002004040020107B0208387B020858
:1023E00005040020407B020804780208060400204F
:1023F000687B0208907B020808040020987B020892
:10240000C07B0208C87B0208F07B0208F87B020848
:1024100080B584B000AF7860FFF7B0FE684B1B78E2
:10242000002B28D0FEF7E2FB034683F00103DBB26A
:10243000002B05D0634B05221A604FF0FF33BBE041
:1024400079686148FFF722FE604B00221A60604BFA
:1024500000221A705F4B00221A70594B00221A702A
:102460005D4B00221A705D4B00221A70554B002202
:102470001A600023A0E0564B1B78002B01D10123EA
:102480009AE0FEF7B3FB034683F00103DBB2002BB7
:1024900005D04C4B05221A604FF0FF338CE04C4BBB
:1024A00000221A704C4B01221A7079684C48FFF7D1
:1024B000EDFD10F08DFAF8604A480AF045FA76E032
:1024C00010F086FAB860FFF759FE0BF0FBFF0346E9
:1024D000002B1CD0FEF78AFB79683B48FFF7D6FD3E
:1024E0003A4B00221A603A4B00221A70394B0022F4
:1024F0001A70334B00221A70374B00221A70374B78
:1025000000221A702F4B00221A60002354E02C4B3B
:102510001B78002B25D0FEF769FB034683F00103EF
:10252000DBB2002B05D0274B05221A604FF0FF339A
:1025300042E079682448FFF7A9FD244B00221A6085
:10254000234B00221A70234B00221A701C4B0022CE
:102550001A70214B00221A701A4B00221A600023B5
:102560002AE01C4B1B78002B11D01A4B00221A704A
:10257000194B00221A70194B00221A7079681A48F8
:10258000FFF784FD19480AF0DFF9022314E0BA6866
:10259000FB68D31AF92B05D9BB68FB607968104832
:1025A000FFF774FD0EF0FAF80A2010F01BFA0A4B40
:1025B0001B78002B84D1012318461037BD4680BDFF
:1025C0000604002020030020087C020800040020EC
:1025D0000404002005040020070400200804002053
:1025E000107C0208187C0208347C02083C7C02083B
:1025F00080B58CB000AF87ED010A07F11C03002203
:102600001A605A609A6007F1100300221A605A603B
:102610009A604FF00003FB6007F10C0207F1100114
:1026200007F11C0318460FF0AFFDFB68344A136036
:10263000D7ED097AB1EE677A324BD3ED007A77EEB7
:10264000677A314BC3ED007A2F4B93ED007AD7EDCB
:10265000017A27EE277A2D4BD3ED007A77EE277A91
:102660002A4BC3ED007A07F11003BFEE000A0021E8
:102670001846FEF75FFAB0EE407A254BD3ED007AAC
:1026800077EE677AC7ED0B7A07F11003BFEE000A09
:1026900001211846FEF74EFAB0EE407A1C4BD3EDFE
:1026A000017A77EE677AC7ED0A7A1A4B93ED007AD2
:1026B000184BD3ED007AD7ED0B6A76EEE77ADFEDB3
:1026C000166A67EEA67A77EE277A124BC3ED007A88
:1026D000104B93ED017A0F4BD3ED017AD7ED0A6AD7
:1026E00076EEE77ADFED0C6A67EEA67A77EE277A68
:1026F000084BC3ED017A00BF3037BD4680BD00BF37
:1027000040030020280300202C0300203003002079
:10271000540300205C030020CDCC4C3E80B58EB02D
:1027200000AF786187ED040AC7ED030A87ED021A4E
:10273000C7ED011A87ED002A7B69002B00F0C480E9
:102740007B691B7A83F00103DBB2002B09D07B6924
:102750003A691A607B69FA685A607B6901221A72C9
:10276000B3E05B4BD3ED007AB0EE670AFEF7FAF9FF
:1027700087ED0D0A564BD3ED017AB0EE670AFEF7EE
:10278000F1F987ED0C0A97ED027AD7ED0D7A27EE75
:10279000277AD7ED016AD7ED0C7A66EEA77A77EE45
:1027A000277AC7ED0B7AD7ED017AB1EE677AD7EDCC
:1027B0000D7A27EE277AD7ED026AD7ED0C7A66EE0E
:1027C000A77A77EE277AC7ED0A7A7B6993ED007ACC
:1027D000D7ED0B6AD7ED007A66EEA77A77EE277A07
:1027E000C7ED097A7B6993ED017AD7ED0A6AD7EDD7
:1027F000007A66EEA77A77EE277AC7ED087A97ED2A
:10280000097AD7ED047A77EE677A9FED321ADFED19
:10281000320AB0EE670AFEF765F987ED070A97ED11
:10282000087AD7ED037A77EE677A9FED2A1ADFED03
:102830002A0AB0EE670AFEF755F987ED060AD7EDCA
:10284000077A9FED267A27EE877AD7ED047A77EE1E
:10285000277A7B69C3ED007AD7ED067A9FED1F7A60
:1028600027EE877AD7ED037A77EE277A7B69C3ED77
:10287000017AD7ED047AF0EEE77A9FED197AF4EE5B
:10288000C77AF1EE10FA20D8D7ED037AF0EEE77AA6
:102890009FED137AF4EEC77AF1EE10FA15D8114BCA
:1028A000D3ED007AF0EEE77A9FED0D7AF4EEC77A79
:1028B000F1EE10FA09D87B694FF000021A607B69CB
:1028C0004FF000025A6000E000BF3837BD4680BDBF
:1028D0005C0300209A99193E9A9919BE0AD7A33D24
:1028E0000AD7A33C3403002080B584B002AF7860DF
:1028F00039601C4B1B78DBB219461B4B1A681B4B0B
:10290000D3ED007A1A4B93ED007A1A4BD3ED006A9F
:10291000194B93ED006A194BD3ED005A184B93ED08
:10292000005A184BD3ED004A174BD3ED003A174B22
:1029300093ED004A00230093B0EE643A3B68F0EE5A
:10294000452AB0EE652AF0EE461AB0EE661AF0EEB1
:10295000470AB0EE670A78680DF052F900BF0837F1
:10296000BD4680BD1C030020200300202C03002056
:102970003003002034030020380300203C030020F3
:102980004003002044030020480300204C030020A3
:1029900080B584B002AF786010F01AF81B4B1B783A
:1029A000DBB219461A4B1A681A4BD3ED007A1A4B50
:1029B00093ED007A194BD3ED006A194B93ED006A41
:1029C000184BD3ED005A184B93ED005A174BD3ED2B
:1029D000004A174BD3ED003A164B93ED004A7B6843
:1029E0000093B0EE643A144BF0EE452AB0EE652A3F
:1029F000F0EE461AB0EE661AF0EE470AB0EE670A3D
:102A00000DF0FEF800BF0837BD4680BD1C03002056
:102A1000200300202C03002030030020340300207A
:102A2000380300203C030020400300204403002022
:102A3000480300204C0300200C9C020880B485B0A1
:102A400000AF786039600023FB6024E07A68FB689F
:102A500013441B78FB723A68FB6813441B78BB7203
:102A6000FB7A602B05D9FB7A7A2B02D8FB7A203BC4
:102A7000FB72BB7A602B05D9BB7A7A2B02D8BB7A62
:102A8000203BBB72FA7ABB7A9A4201D0002309E05C
:102A9000FB680133FB603A68FB6813441B78002B2A
:102AA000D4D1012318461437BD4680BC704780B589
:102AB00084B000AF786039603868FDF713FCF860C7
:102AC00039687868FFF7BAFF034683F00103DBB289
:102AD000002B01D0002311E07A68FB6813441B78B7
:102AE000002B05D07A68FB6813441B782C2B01D18E
:102AF000012300E0002303F00103DBB21846103786
:102B0000BD4680BD80B5D0B002AF07F59C73A3F57C
:102B10009A7318600023C7F8303107F59C73A3F54A
:102B20009A731B68002B0DD007F59C73A3F59A735D
:102B300075491868FFF782FF034683F00103DBB293
:102B4000002B01D00023DAE007F59C73A3F59A73FC
:102B500007F1A8001B686D4A802121F039FD07F1BB
:102B6000A8036B49184621F00BFEC7F8340112E0A8
:102B7000D7F830315A1CC7F830219B0003F59C73FD
:102B80003B44D7F8342143F8A82C6149002021F0B8
:102B9000F7FDC7F83401D7F83431002B03D0D7F84C
:102BA0003031052BE4D9D7F83031062B23D1D7F8B3
:102BB000903058491846FDF78BFB0346002B1AD17D
:102BC000D7F8943054491846FDF782FB0346002B92
:102BD00011D1D7F8983051491846FDF779FB0346D3
:102BE000002B08D1D7F8A0304D491846FDF770FBEF
:102BF0000346002B07D04B4809F0D6FE494809F0A0
:102C0000A3FE01237BE0D7F89C3007F188010A225C
:102C1000184621F00FFCC7F82C01D7F89C301B7820
:102C2000002B0CD0D7F888301B78002B07D1D7F8B1
:102C30002C31002B0BD0D7F82C31012B07D03A4880
:102C400009F0B2FE384809F07FFE012357E0D7F8BB
:102C5000A43007F18C021146184621F02DFB87EDB8
:102C60004A0AD7F8A4301B78002B1FD0D7F88C3035
:102C70001B78002B1AD1D7ED4A7AF0EEE77A9FED58
:102C80002B7AF4EE477AF1EE10FA0FD8D7ED4A7AA4
:102C9000F5EEC07AF1EE10FA08D4D7ED4A7A9FED3E
:102CA000247AF4EEC77AF1EE10FA07DD214809F034
:102CB0007BFE204809F048FE012320E0D7F82C31A4
:102CC000DBB297ED4A0A184609F0EEFDD7ED4A7AD5
:102CD000B7EEE77A07F108008DED007BD7F82C31CD
:102CE000154A802121F074FC07F10803184609F009
:102CF0005BFE07F10803184609F026FE012318467B
:102D000007F59C77BD4680BD5C7C0208A077020871
:102D1000A47702086C7C0208787C02087C7C02089C
:102D2000DC770208847C0208A87C0208FFFF7F7F12
:102D300000003443D07C0208F87C020880B400AF65
:102D4000084B1B680133074A1360064B1B68002BB6
:102D500002D1044B01221A60024B1B681846BD4683
:102D600080BC70477803002080B582B000AF7860E7
:102D70001E497868FFF762FE0346002B09D01C4B02
:102D800001221A701B4B01221A701B4809F0DCFD4E
:102D900028E01A497868FFF751FE0346002B09D056
:102DA000174B00221A70134B01221A70154809F0B4
:102DB000CBFD17E014497868FFF740FE0346002B6F
:102DC00003D0124809F0C0FD0CE011497868FFF704
:102DD00035FE0346002B05D0064B01221A700D4824
:102DE00009F0B2FD0837BD4680BD00BF287D02084E
:102DF0006503002064030020487D0208707D0208FE
:102E000071030020847D02089C7D0208B07D0208C9
:102E1000C87D0208D87D020880B59EB004AF0FF0CF
:102E2000D7FD3866224B1B78002B02D0214B7B66E6
:102E300001E0214B7B66214B1B78002B0DD11F4BF2
:102E400001221A703B6EA3F596731D4A13601D4B49
:102E500000221A701C4809F099FD194B1B683A6E44
:102E6000D31AB3F5967F15D3154A3B6E13603846D7
:102E700040F28A2302934FF4167301934FF41673B2
:102E800000937B6E114A602121F0A2FB3B4618465D
:102E900009F08AFD00F01CF80A4B1B78DBB2002B0E
:102EA00014BF01230023DBB218466837BD4680BD3E
:102EB00070030020E8770208EC7702086603002020
:102EC0006803002065030020EC7D0208187E0208DC
:102ED00080B594B000AF534B1B68002B40F09A8034
:102EE000514B1B68002B07D0504B1B78002B40F038
:102EF0009380FEF73BFE8FE04D4B1B78002B40F09C
:102F00008D800FF065FDB8644A4B1B78002B21D1F2
:102F1000494B1B68BA6CD31AF92B1BD9464ABB6CB8
:102F20001360464B1B78002B0AD0454B1B78002BB7
:102F300001D0444B00E0444B184609F035FD09E050
:102F40003F4B1B78002B01D0404B00E0404B184614
:102F500009F02AFD3B46402118460EF041FB7864FB
:102F60000023FB6451E03A46FB6C13441B7887F85E
:102F7000433097F843300D2B03D097F843300A2B9A
:102F80002BD1344B1B68344A0021D154314B1B6880
:102F9000002B1ED0314809F0D7FC2F4809F0D4FC93
:102FA0002F4809F0D1FC2F4B1B78DBB20F2B04D03C
:102FB0002C4B1B78DBB2072B08D12748FFF7A2FD6B
:102FC000034683F00103DBB2002B02D02248FFF757
:102FD000CBFE204B00221A6014E01E4B1B6801330D
:102FE0005F2B09D81B4B1B685A1C1A490A601A49E7
:102FF00097F84320CA5405E0164B00221A601A487D
:1030000009F0C4FCFB6C0133FB64FA6C7B6C9A42E4
:10301000A9D304E000BF02E000BF00E000BF5037CA
:10302000BD4680BD00040020F4030020F903002009
:103030006E0300206603002074030020710300204B
:1030400070030020E0750208FC750208547E020837
:103050006C7E0208E003002080030020847E0208CA
:10306000907E02081C030020947E020880B5B0B058
:1030700000AF0023C7F8BC300FF0AAFCC7F8B000BF
:10308000D7F8B030C83BC7F8B830544809F07EFCD8
:1030900092E00FF09DFCC7F8AC0007F164034021FB
:1030A00018460EF09DFAC7F8A800D7F8AC20D7F85C
:1030B000B830D31AC72B0DD9D7F8AC30C7F8B83011
:1030C000474B1B78002B01D0464B00E0464B18467F
:1030D00009F06AFC0023C7F8B43064E007F1640229
:1030E000D7F8B43013441B7887F8A73097F8A73087
:1030F0000D2B03D097F8A7300A2B38D13A1DD7F8FB
:10310000BC30134400221A70D7F8BC30002B2AD0F0
:10311000364809F019FC3B1D184609F015FC3448E7
:1031200009F012FC334B1B78DBB20F2B04D0314B70
:103130001B78DBB2072B09D13B1D1846FFF7E2FCD9
:10314000034683F00103DBB2002B03D03B1D18467E
:10315000FFF70AFE284B1B78DBB2002B03D0274871
:1031600009F014FC36E00023C7F8BC3016E0D7F8AD
:10317000BC3001335F2B0BD8D7F8BC305A1CC7F8D2
:10318000BC20C0333B4497F8A72003F8BC2C05E0D3
:103190000023C7F8BC301A4809F0F8FBD7F8B43060
:1031A0000133C7F8B430D7F8B420D7F8A8309A4222
:1031B00094D314200FF016FC0FF00AFC0246D7F847
:1031C000B030D31A40F6C31293427FF662AF0D4877
:1031D00009F0DCFBC037BD4680BD00BFB87E0208E9
:1031E00070030020547E02086C7E0208847E020870
:1031F000907E02081C03002064030020D07E020899
:10320000E87E0208087F020880B5ADF5547D02AF64
:1032100007F55273A3F551731860002387F84733FD
:103220000023C7F840330FF0D3FBC7F83C0300235B
:10323000C7F83833FFF782FDC7F81803B94B1B787E
:10324000DBB2002B04D040F6B833C7F8343303E0C8
:103250004FF4E163C7F83433D7F83C33C83BC7F8C1
:103260003033D7F83C33C7F82C33D7F83C330A3B1C
:10327000C7F82833AC4B1B78002B03D0AB4BC7F8F7
:10328000243302E0AA4BC7F8243307F55273A3F5A1
:103290005173A8491868FDF71BF80346002B04D1A9
:1032A0004EF66023C7F8203303E047F23053C7F8E7
:1032B0002033A14B00221A70A04B00221A7007F590
:1032C0005273A3F5517307F5E670D7F824230192E2
:1032D000D7F8182300921B68994A402121F078F909
:1032E00007F55273A3F5517307F5C670D7F8182385
:1032F00000921B68934A402121F06AF907F5527346
:10330000A3F5517307F5A670D7F8182300921B6830
:103310008D4A402121F05CF907F55273A3F55173F2
:1033200007F58670D7F8182300921B68874A40215A
:1033300021F04EF907F55273A3F5517307F1CC0054
:10334000D7F8182300921B68814A402121F040F9E8
:1033500007F55273A3F5517307F18C00D7F81823C2
:1033600000921B687B4A402121F032F907F5527325
:10337000A3F5517307F14C00D7F8182300921B688E
:10338000754A402121F024F907F55273A3F55173D2
:1033900007F50370D7F8182300921B686F4A602165
:1033A00021F016F907F50373184609F0EFFA0FF04C
:1033B0000FFBC7F8140397F84733002B52D0D7F808
:1033C0002033002B4ED0D7F81423D7F83833D31A34
:1033D000D7F820239A4245D807F55273A3F55173C5
:1033E00007F50370D7F8182300921B685C4A602128
:1033F00021F0EEF807F50373184609F0C7FA07F550
:103400005273A3F5517307F10C00D7F818230092FB
:103410001B68544A402121F0DBF807F10C031846E1
:1034200009F0C2FA07F10C03184609F0BDFA07F5D6
:103430005273A3F5517307F50370D7F81823009260
:103440001B68494A602121F0C3F807F50373184649
:1034500009F09CFA384B01221A70384B01221A707D
:1034600001230BE2D7F81423D7F82833D31A092BFA
:103470000FD9D7F81433C7F82833FDF7DDFB03461F
:1034800083F00103DBB2002B03D0FDF7DDFB00234B
:10349000F4E197F8473383F00103DBB2002B1FD030
:1034A000D7F81423D7F83033D31AC72B18D9D7F845
:1034B0001433C7F8303307F5E673184609F074FA89
:1034C00007F55273A3F5517307F503701B68274A7C
:1034D000602121F07DF807F50373184609F034FAEE
:1034E00097F84733002B10D0D7F81423D7F82C3394
:1034F000D31AB3F57A7F08D3D7F81433C7F82C332F
:1035000007F5C673184609F04FFA07F533734021E3
:1035100018460EF065F8C7F810030023C7F81C33EF
:103520006FE100BF6403002070030020E877020809
:10353000EC770208287F02086C0300206D0300204E
:10354000347F0208547F02086C7F0208847F0208DF
:103550009C7F0208B47F0208CC7F0208E47F020847
:1035600000800208248002083C8002087080020863
:1035700007F53372D7F81C3313441B7887F80F33E1
:1035800097F80F330D2B04D097F80F330A2B40F028
:103590001B8107F51B72D7F84033134400221A70C1
:1035A000D7F84033002B00F00B81B74809F0CCF975
:1035B00007F51B73184609F0C7F9B44809F0C4F9B8
:1035C00007F51B731846FFF7CFFBB14B1B78DBB237
:1035D000002B09D0D7F8343340F6B732934203D8E2
:1035E00040F6B833C7F8343307F5A67207F51B73F6
:1035F00011461846FFF75BFA0346002B20D097F8D8
:10360000473383F00103DBB2002B03D00FF0E0F966
:10361000C7F83803012387F8473307F55273A3F53A
:10362000517307F50370D7F8182300921B68994A65
:10363000602120F0CDFF07F50373184609F0A6F9C5
:1036400007F5867207F51B7311461846FFF72FFA28
:103650000346002B34D007F55273A3F551738E49FE
:103660001868FCF735FE0346002B0AD107F51B73DB
:103670008A49184621F0EAF80346002B01D00122BE
:1036800000E00022864B1A7007F55273A3F55173C0
:1036900007F50370D7F8182300921B68814A602150
:1036A00020F096FF07F50373184609F06FF97C4B7D
:1036B0001B78002B02D07C4809F068F90123DDE07B
:1036C00007F14C0207F51B7311461846FFF7EFF997
:1036D0000346002B17D007F55273A3F5517307F576
:1036E0000370D7F8182300921B68704A602120F0FD
:1036F0006FFF07F50373184609F048F96C4B0A226F
:103700001A600023BAE007F18C0207F51B7311461B
:103710001846FFF7CCF90346002B1CD0D7F83433FA
:1037200042F6DF62934216D842F6E063C7F83433BC
:1037300007F55273A3F5517307F50370D7F81823F3
:1037400000921B685B4A602120F042FF07F503737B
:10375000184609F01BF997F84733002B30D007F1D2
:10376000CC0207F51B7311461846FFF7A0F9034674
:10377000002B25D0002387F847330FF029F9C7F82D
:103780003C030023C7F8383340F6B833C7F8343366
:10379000D7F83C33C83BC7F8303307F55273A3F56D
:1037A000517307F50370D7F8182300921B68424A3B
:1037B000602120F00DFF07F50373184609F0E6F8C5
:1037C0000023C7F8403317E0D7F8403301335F2BAD
:1037D0000CD8D7F840335A1CC7F8402303F552736E
:1037E0003B4497F80F2303F8DC2C05E00023C7F8CF
:1037F0004033324809F0CAF8D7F81C330133C7F810
:103800001C33D7F81C23D7F810339A42FFF4B0AE1C
:103810000FF0DEF8C7F8140397F8473383F001037D
:10382000DBB2002B26D0D7F81423D7F83C33D31AB9
:10383000D7F834239A421DD807F55273A3F5517374
:1038400007F50370D7F8182300921B681C4A602103
:1038500020F0BEFE07F50373184609F097F80C4BED
:1038600000221A700E4B01221A70114B08221A60A6
:10387000002303E001200FF0B5F898E5184607F59E
:103880005277BD4680BD00BF847E0208907E02084C
:103890006403002088800208287F0208A0800208B4
:1038A0006C030020B4800208D08002080C8102085A
:1038B00020030020308102084C8102087881020830
:1038C0009481020880B5ADF5647D04AF07F560739F
:1038D000A3F55F7318600A4607F56073A3F27D33A2
:1038E0001A70002387F87F330023C7F878330FF06E
:1038F0006FF8C7F85C030023C7F87433FFF71EFAAC
:10390000C7F85803A14B1B78DBB2002B04D040F65C
:10391000B833C7F8703303E04FF4E163C7F870338E
:10392000D7F85C33C83BC7F86C33D7F85C330A3B35
:10393000C7F86833964B1B78002B03D0954BC7F81C
:10394000643302E0944BC7F8643307F56073A3F265
:103950007D331B78002B1DD007F5C6700223019321
:10396000D7F864330093D7F858338C4A802120F07D
:103970002FFE07F1CC00D7F85833894A602120F098
:1039800027FE07F16C00D7F85833864A602120F0F3
:103990001FFE20E007F5C67007F56073A3F55F739F
:1039A0001B680193D7F864330093D7F858337E4AE5
:1039B000802120F00DFE07F1CC00D7F858337B4A68
:1039C000602120F005FE07F16C00D7F85833784AE3
:1039D000602120F0FDFD07F10C00D7F85833754A3F
:1039E000602120F0F5FD07F59670D7F85833724A3C
:1039F000602120F0EDFD07F56073A3F27D331B78A5
:103A0000002B01D06D4A00E06D4A07F5037007F501
:103A10006073A3F55F731B680293D7F86433019357
:103A2000D7F8583300931346664A802120F0D0FD22
:103A300007F50373184608F0A9FF0EF0C9FFC7F891
:103A4000540397F87F33002B2FD0D7F85423D7F89F
:103A50007433D31A47F22F52934226D907F5607375
:103A6000A3F27D331B78002B01D0544A00E0544A66
:103A700007F5037007F56073A3F55F731B68019387
:103A8000D7F85833009313464F4A802120F0A0FD09
:103A900007F50373184608F079FF4C4B01221A70A2
:103AA0004B4B08221A600023D2E1D7F85423D7F8F1
:103AB0006833D31A092B0FD9D7F85433C7F86833B2
:103AC000FDF7BAF8034683F00103DBB2002B03D005
:103AD000FDF7BAF80023BBE197F87F3383F00103C9
:103AE000DBB2002B31D0D7F85423D7F86C33D31A7C
:103AF000C72B2AD9D7F85433C7F86C3307F5C673E8
:103B0000184608F051FF07F56073A3F27D331B7868
:103B1000002B01D0294A00E0294A07F5037007F578
:103B20006073A3F55F731B680293D7F86433019346
:103B3000D7F8583300931346264A802120F048FDD9
:103B400007F50373184608F0FFFE97F87F33002B44
:103B500010D0D7F85423D7F86C33D31AB3F57A7F43
:103B600008D3D7F85433C7F86C3307F59673184663
:103B700008F01AFF07F54373402118460DF030FD99
:103B8000C7F850030023C7F8603318E1640300202E
:103B900070030020E8770208EC770208B881020879
:103BA000F08102081C820208488202087C82020816
:103BB000A0820208C4820208E88202080C8302087C
:103BC00018830208208302085C8302086C0300202B
:103BD000200300209083020807F54372D7F8603372
:103BE00013441B7887F84F3397F84F330D2B04D0CD
:103BF00097F84F330A2B40F0C58007F52372D7F8AA
:103C00007833134400221A70D7F87833002B00F071
:103C1000B580924808F098FE07F52373184608F01F
:103C200093FE8F4808F090FE07F523731846FFF7C0
:103C30009BF88C4B1B78DBB2002B09D0D7F8703384
:103C400040F6B732934203D840F6B833C7F8703322
:103C500007F1CC0207F5237311461846FEF727FF3C
:103C60000346002B2CD097F87F3383F00103DBB29F
:103C7000002B03D00EF0ACFEC7F87403012387F8C5
:103C80007F3307F56073A3F27D331B78002B01D0DF
:103C9000754A00E0754A07F5037007F56073A3F5F0
:103CA0005F731B680193D7F8583300931346704A2B
:103CB000802120F08DFC07F50373184608F066FE9E
:103CC00007F16C0207F5237311461846FEF7EFFE65
:103CD0000346002B23D0674B00221A7007F5607350
:103CE000A3F27D331B78002B01D05F4A00E05F4ACE
:103CF00007F5037007F56073A3F55F731B68019305
:103D0000D7F85833009313465B4A802120F060FCBB
:103D100007F50373184608F039FE012398E007F110
:103D20000C0207F5237311461846FEF7C0FE034642
:103D3000002B23D007F56073A3F27D331B78002B93
:103D400001D0494A00E0494A07F5037007F560735E
:103D5000A3F55F731B680193D7F85833009313469C
:103D6000464A802120F034FC07F50373184608F01A
:103D70000DFE434B0A221A60002369E00023C7F8B6
:103D8000783317E0D7F8783301337F2B0CD8D7F886
:103D900078335A1CC7F8782303F560733B4497F8CF
:103DA0004F2303F8F42C05E00023C7F87833354897
:103DB00008F0ECFDD7F860330133C7F86033D7F86B
:103DC0006023D7F850339A42FFF406AF0EF000FE9E
:103DD000C7F8540397F87F3383F00103DBB2002B5D
:103DE00032D0D7F85423D7F85C33D31AD7F87023DE
:103DF0009A4229D807F56073A3F27D331B78002B14
:103E000001D0194A00E0194A07F5037007F56073FD
:103E1000A3F55F731B680193D7F8583300931346DB
:103E2000194A802120F0D4FB07F50373184608F0E7
:103E3000ADFD0C4B00221A700E4B01221A70104B74
:103E400008221A60002303E001200EF0CBFDF4E508
:103E5000184607F56077BD4680BD00BF847E020826
:103E6000907E0208640300200C8302081883020875
:103E7000CC8302086C030020FC8302082C84020817
:103E8000200300205C8402088484020880B5ADF51C
:103E9000107D02AF07F50E73A3F50D7318600023B4
:103EA000C7F834320EF094FDC7F81C02FEF746FF47
:103EB000C7F81802BF4B1B78DBB2002B04D040F6CA
:103EC000B833C7F8303203E04FF4E163C7F830325B
:103ED000D7F81C32C83BC7F82C32D7F81C320A3B43
:103EE000C7F82832B44B1B78002B03D0B34BC7F86C
:103EF000243202E0B24BC7F82432B24B00221A70CF
:103F000007F50E73A3F50D7307F1CC00D7F8242243
:103F10000192D7F8182200921B68AB4A402120F08A
:103F200057FB07F50E73A3F50D7307F18C00D7F857
:103F3000182200921B68A54A402120F049FB07F592
:103F40000E73A3F50D7307F14C00D7F818220092F9
:103F50001B689F4A402120F03BFB07F50E73A3F539
:103F60000D7307F10C00D7F8182200921B68994ACC
:103F7000402120F02DFB07F50E73A3F50D7307F517
:103F80008670D7F8182200921B68934A602120F0AF
:103F90001FFB07F58673184608F0F8FC0EF018FDB5
:103FA000C7F81402D7F81422D7F82832D31A092BED
:103FB0000FD9D7F81432C7F82832FCF73DFE034674
:103FC00083F00103DBB2002B03D0FCF73DFE00239E
:103FD00055E1D7F81422D7F82C32D31AC72B18D9A9
:103FE000D7F81432C7F82C3207F1CC03184608F082
:103FF000DBFC07F50E73A3F50D7307F586701B68E0
:10400000764A602120F0E4FA07F58673184608F036
:104010009BFC07F5E673402118460DF0E1FAC7F85E
:1040200010020023C7F82032F3E007F5E672D7F854
:10403000203213441B7887F80F3297F80F320D2B7C
:1040400004D097F80F320A2B40F0A18007F5B67222
:10405000D7F83432134400221A70D7F83432002BC8
:1040600000F091805E4808F06FFC07F5B6731846C3
:1040700008F06AFC5B4808F067FC07F5B673184661
:10408000FEF772FE4B4B1B78DBB2002B09D0D7F842
:10409000303240F6B732934203D840F6B833C7F80F
:1040A000303207F18C0207F5B67311461846FEF759
:1040B000FEFC0346002B1BD04B4AD7F81832136086
:1040C000404B00221A7007F50E73A3F50D7307F528
:1040D0008670D7F8182200921B68444A602120F0AD
:1040E00077FA07F58673184608F050FC0123C6E0FE
:1040F00007F10C0207F5B67311461846FEF7D7FC18
:104100000346002B17D007F50E73A3F50D7307F5C3
:104110008670D7F8182200921B68354A602120F07B
:1041200057FA07F58673184608F030FC314B0A221F
:104130001A600023A3E007F14C0207F5B67311469D
:104140001846FEF7B4FC0346002B1CD0D7F83032DB
:1041500042F6DF62934216D842F6E063C7F8303287
:1041600007F50E73A3F50D7307F58670D7F81822BF
:1041700000921B68204A602120F02AFA07F5867316
:10418000184608F003FC0023C7F834323CE0D7F8A7
:10419000343201335F2B31D8D7F834325A1CC7F888
:1041A000342203F50E733B4497F80F2203F8CC2C0E
:1041B0002AE000BF6403002070030020E8770208B3
:1041C000EC7702086C030020347F02086C7F020841
:1041D000B47F0208CC7F0208BC840208DC84020899
:1041E000847E0208907E02087C030020FC84020882
:1041F0001C85020820030020448502080023C7F81C
:104200003432214808F0C2FBD7F820320133C7F816
:104210002032D7F82022D7F810329A42FFF405AFA7
:104220000EF0D6FBC7F81402D7F81422D7F81C32C8
:10423000D31AD7F830229A421DD807F50E73A3F58A
:104240000D7307F58670D7F8182200921B680F4A85
:10425000602120F0BDF907F58673184608F096FB3B
:104260000B4B00221A700B4B01221A700A4B0822CA
:104270001A60002303E001200EF0B4FB8EE618461E
:1042800007F50E77BD4680BD788102086885020873
:10429000640300206C0300202003002080B5FCB0E4
:1042A00002AF07F5F473A3F5F27318600023C7F8A3
:1042B000E4310EF08DFBC7F8D401D7F8D431C83BF8
:1042C000C7F8E031D7F8D4310A3BC7F8DC31AB4B43
:1042D0001B68002B07D1AA4808F058FBA94B0A22FB
:1042E0001A60002345E1A54B1A6807F5F473A3F59E
:1042F000F27307F1880000921B68A34A402120F066
:1043000067F99E4B1A6807F5F473A3F5F27307F18A
:10431000480000921B689D4A402120F059F9974BB4
:104320001A6807F5F473A3F5F27307F10800009219
:104330001B68974A402120F04BF9904B1A6807F50B
:10434000F473A3F5F27307F1C80000921B68914A59
:10435000602120F03DF907F1C803184608F016FB6C
:104360000EF036FBC7F8D001D7F8D021D7F8DC31F2
:10437000D31A092B0FD9D7F8D031C7F8DC31FCF7A5
:104380005BFC034683F00103DBB2002B03D0FCF798
:104390005BFC0023EDE0D7F8D021D7F8E031D31A49
:1043A000C72B18D9D7F8D031C7F8E03107F1880307
:1043B000184608F0F9FA07F5F473A3F5F27307F15C
:1043C000C8001B68744A602120F002F907F1C80395
:1043D000184608F0B9FA07F5C473402118460DF0E5
:1043E000FFF8C7F8CC010023C7F8D83191E007F5F2
:1043F000C472D7F8D83113441B7887F8CB3197F8BB
:10440000CB310D2B03D097F8CB310A2B64D107F5B4
:104410009472D7F8E431134400221A70D7F8E431CB
:10442000002B55D05D4808F08FFA07F594731846B5
:1044300008F08AFA5A4808F087FA07F59473184684
:10444000FEF792FC07F1480207F5947311461846EF
:10445000FEF72DFB0346002B17D0484B1A6807F5D3
:10446000F473A3F5F27307F1C80000921B684D4A7C
:10447000602120F0ADF807F1C803184608F086FA6D
:104480003E4B00221A60012373E007F1080207F592
:10449000947311461846FEF70AFB0346002B17D00B
:1044A000364B1A6807F5F473A3F5F27307F1C800E9
:1044B00000921B683C4A602120F08AF807F1C8038B
:1044C000184608F063FA2F4B0A221A60002350E0C6
:1044D0000023C7F8E43117E0D7F8E43101335F2B4C
:1044E0000CD8D7F8E4315A1CC7F8E42103F5F4736B
:1044F0003B4497F8CB2103F8C02C05E00023C7F814
:10450000E4312A4808F042FAD7F8D8310133C7F825
:10451000D831D7F8D821D7F8CC319A42FFF467AF19
:104520000EF056FAC7F8D001D7F8D021D7F8D43119
:10453000D31A43F69722934217D9104B1A6807F5FE
:10454000F473A3F5F27307F1C80000921B68184AD0
:10455000602120F03DF807F1C803184608F016FA6C
:10456000084B08221A60002303E001200EF03AFAFB
:10457000F6E6184607F5F477BD4680BD7C030020BB
:10458000908502082003002024800208847F02080E
:10459000CC7F0208B8850208D8850208847E02080C
:1045A000907E0208F08502081086020878810208D1
:1045B0003886020890B5ADF54D7D04AF07F5487417
:1045C000A4F54574206007F54870A0F546700160B9
:1045D00007F54871A1F547710A601A4607F5487357
:1045E000A3F21D331A700023C7F81C330EF0F0F944
:1045F000C7F804030023C7F81833D7F80433C83BBF
:10460000C7F81433D7F804330A3BC7F81033FEF762
:1046100095FBC7F80003C24B1B78002B03D0C14B9E
:10462000C7F80C3302E0C04BC7F80C3307F54873EA
:10463000A3F545731B680C2B06D007F54873A3F54B
:1046400045731B68172B01D1012300E0002387F875
:10465000FF3297F8FF3203F0010387F8FF3207F5C6
:104660004873A3F21D331B78032B0CBF01230023D7
:1046700087F8FE3297F8FF3283F00103DBB2002B9C
:1046800006D097F8FE3283F00103DBB2002B2FD166
:1046900097F8FF32002B06D007F54873A3F21D33BD
:1046A0001B78002B24D197F8FE32002B06D007F59B
:1046B0004873A3F545731B68002B19D107F54873A0
:1046C000A3F546731B68B3F5FA7F11D307F548735A
:1046D000A3F546731B6840F6C412934208D807F549
:1046E0004873A3F547731B6842F20F72934204D9D3
:1046F0008E4B06221A6000239BE197F8FF32002BB5
:104700001DD007F5A87007F54873A3F547731B681C
:10471000039307F54873A3F546731B68029307F5E7
:104720004873A3F545731B680193D7F80C330093C6
:10473000D7F800337E4AA0211FF04AFF1CE007F59E
:104740004873A3F21D331B7807F5A87007F548726C
:10475000A2F547721268039207F54872A2F54672F5
:10476000126802920193D7F80C330093D7F8003304
:10477000704AA0211FF02CFF07F58870D7F800338E
:104780006D4A40211FF024FF07F1D000D7F8003315
:104790006A4A40211FF01CFF07F19000D7F8003350
:1047A000674A40211FF014FF97F8FF32002B01D019
:1047B000644A00E0644A97F8FF32002B05D007F501
:1047C0004873A3F545731B6804E007F54873A3F22B
:1047D0001D331B7807F1100007F54871A1F54771EB
:1047E0000968039107F54871A1F5467109680291BE
:1047F00001930092D7F80033544A80211FF0E8FE5D
:1048000007F11003184608F0C1F80EF0E1F8C7F8F8
:10481000F802D7F8F822D7F81033D31A092B0FD99A
:10482000D7F8F832C7F81033FCF706FA034683F0DE
:104830000103DBB2002B03D0FCF706FA0023F8E0FB
:10484000D7F81833002B0FD1D7F8F822D7F8143344
:10485000D31AC72B08D9D7F8F832C7F8143307F59D
:10486000A873184608F0A0F807F5247360211846CD
:104870000CF0B6FEC7F8F4020023C7F80833A3E033
:1048800007F52472D7F8083313441B7887F8F332FE
:1048900097F8F3320D2B03D097F8F3320A2B76D129
:1048A00007F54873A3F59872D7F81C331344002218
:1048B0001A70D7F81C33002B65D0254808F044F84F
:1048C00007F5F873184608F03FF8224808F03CF85E
:1048D00007F5887207F5F87311461846FEF7E7F8F2
:1048E0000346002B0BD0D7F81833002B4BD10EF01A
:1048F0006FF8C7F81803184808F026F843E007F1E6
:10490000D00207F5F87311461846FEF7D0F80346B3
:10491000002B25D0114808F039F8012389E000BFA9
:1049200070030020E8770208EC77020820030020DB
:104930005C860208A0860208E4860208FC8602085B
:10494000148702082C87020830870208348702087F
:10495000847E0208907E0208708702088087020821
:1049600007F1900207F5F87311461846FEF79FF815
:104970000346002B07D0314808F008F8304B0A22D4
:104980001A60002355E00023C7F81C3317E0D7F85E
:104990001C3301339F2B0CD8D7F81C335A1CC7F893
:1049A0001C2307F54872A2F5987297F8F312D154B8
:1049B00005E00023C7F81C33224807F0E7FFD7F8CB
:1049C00008330133C7F80833D7F80823D7F8F4328F
:1049D0009A42FFF455AF0DF0FBFFC7F8F802D7F885
:1049E0001833002B10D1D7F8F822D7F80433D31A94
:1049F00040F6B732934218D9134807F0C7FF104B5F
:104A000008221A60002314E0D7F8F822D7F81833E8
:104A1000D31A41F28732934207D90C4807F0B6FF08
:104A2000074B08221A60002303E001200DF0DAFF93
:104A3000EBE6184607F54977BD4690BD9487020816
:104A400020030020B0870208D0870208E887020808
:104A500080B5ACB002AF87ED070AC7ED060A87ED57
:104A6000051AC7ED041A87ED032AC7ED022A7860FC
:104A700007F1500300221A605A609A60DA6007F169
:104A8000400300221A605A609A60DA6007F134032A
:104A900000221A605A609A60D7ED067AF1EE677AC2
:104AA000C7ED257AFB69C7F890300DF091FFC7F884
:104AB000A400D7F8A430C7F8A030D7F8A430FA3B48
:104AC000C7F89C300023C7F89830D7F8A430C7F84F
:104AD0008C30012387F833307B68002B04D1CB4B1B
:104AE00006221A6000231EE2C94B4FF000021A6032
:104AF0007B681B68C74A1360C74B4FF000021A60FF
:104B00000120FDF745FF0DF063FFC7F88800D7F8D7
:104B10008820D7F88C30D31AB3F5FA5F0AD3BE4B8E
:104B20004FF000021A600320FDF732FFFCF75EF839
:104B30000346F8E1D7F88820D7F8A030D31A092B1C
:104B400003D801200DF04EFFDDE7D7F8A0300A337F
:104B5000C7F8A030D7F88820D7F8A030D31A092B8F
:104B600003D9D7F88830C7F8A030D7F88820D7F80D
:104B7000A430D31A07EE903AF8EE677A9FEDA77A41
:104B800067EE877AC7ED217AD7F88830C7F8A43066
:104B90009FEDA31ADFEDA10A97ED210AFBF7A2FF13
:104BA00087ED210A97ED210AFDF722FD07F1280084
:104BB00007F12C0207F1400107F12403009303469B
:104BC000984808F02CFE034683F00103DBB2002B6B
:104BD00004D08E4B06221A600023A4E1924B93ED81
:104BE000007AD7ED057A77EE677AC7ED207A97EDF0
:104BF000200A1EF06DFC87ED1F0A97ED200A1EF0BB
:104C000067FB87ED1E0A97ED0B7AD7ED1F7A27EE2B
:104C1000277AD7ED0A6AD7ED1E7A66EEA77A77EE85
:104C2000277AC7ED1D7AD7ED1E7AB1EE677AD7EDF8
:104C30000B7A27EE277AD7ED0A6AD7ED1F7A66EE50
:104C4000A77A77EE277AC7ED1C7A07F1340397ED40
:104C5000212AD7ED1E1A97ED1F1AD7ED1C0A97EDE2
:104C60001D0A1846FDF75AFD97ED0D7AD7ED257A06
:104C700027EE277AD7ED0E6AD7ED247A66EEA77A6B
:104C800077EE277A694BC3ED007A684B93ED007A93
:104C9000D7ED217A27EE277A7B68D3ED007A77EE7D
:104CA000277A7B68C3ED007A7B681B68594A1360DA
:104CB000D7ED037AB1EE677A5B4BD3ED006AD7ED9F
:104CC000047A76EEE77A27EE277A594BD3ED006A1D
:104CD000D7ED027A66EEA77A77EE677A9FED551ADE
:104CE000DFED550AB0EE670AFBF7FCFEF0EE407A06
:104CF000524BC3ED007A7B68D3ED007A9FED507A7A
:104D000027EE877A494BD3ED007ADFED4E6A67EEE6
:104D1000A67A77EE677A9FED4C1ADFED4C0AB0EE7B
:104D2000670AFBF7DFFEF0EE407A3B4BC3ED007AFB
:104D3000394BD3ED007A97ED257A67EE277AC7EDE8
:104D40001B7A354BD3ED007A97ED247A67EE277AFC
:104D5000C7ED1A7A97ED1F7AD7ED1B7A27EE277ADF
:104D6000D7ED1E6AD7ED1A7A66EEA77A77EE677AE4
:104D7000C7ED197A97ED1E7AD7ED1B7A27EE277AC1
:104D8000D7ED1F6AD7ED1A7A66EEA77A77EE277A03
:104D9000C7ED187A294BD3ED007A07F15003194675
:104DA000B0EE671AD7ED180A97ED190A1D4808F0FA
:104DB0004EFC034683F00103DBB2002B04D0134BFF
:104DC00006221A600023AEE007F150031846FBF7F5
:104DD0004BFF034683F00103DBB2002B03D0FBF74C
:104DE00033FF00239FE007F1330207F14003114630
:104DF000184603F093FB034683F00103DBB2002B5C
:104E000028D0024B05221A6000238CE020030020EA
:104E10003403002044030020480300206F12833A2B
:104E2000CDCC4C3DDC9B0208300300204C0300201D
:104E30002C0300203333B33E3333B3BE380300209A
:104E40009A9919C0AE47613EEC51383EEC5138BEDC
:104E50006F12033CD7F88820D7F89C30D31AF92B6F
:104E60000AD9D7F88830C7F89C3007F140031946B3
:104E7000D7F88800FDF738FD0BF090FC7B68D3ED88
:104E8000007AF0EEE77A1FED0E7AF4EEC77AF1EED3
:104E900010FA42D8264BD3ED007AF0EEE77A9FED78
:104EA000257AF4EEC77AF1EE10FA36D8224B93ED5C
:104EB000007AD7ED047A77EE677AF0EEE77A9FED25
:104EC0001F7AF4EEC77AF1EE10FA26D81C4BD3ED18
:104ED000007AF0EEE77A9FED1B7AF4EEC77AF1EEF6
:104EE00010FA1AD8D7F89830002B04D1D7F88830A8
:104EF000C7F8983015E0D7F88820D7F89830D31A3B
:104F00003B2B0ED9104B4FF000021A600220FDF728
:104F10003FFDFBF76BFE034605E00023C7F8983022
:104F2000F1E500BFEFE51846A837BD4680BD00BFDC
:104F30004C0300208FC2F53C300300200AD7A33C6D
:104F40002C0300200AD7233D4803002080B5CCB0B5
:104F500002AF07F59473A3F58A7383ED000A07F592
:104F60009473A3F58C73C3ED000A07F59473A3F54E
:104F70008E7383ED001A07F59473A3F59073C3ED58
:104F8000001A07F59473A3F5927383ED002A07F5D1
:104F90009473A3F59473C3ED002A07F1480300222C
:104FA0001A605A609A60DA6007F1380300221A60CA
:104FB0005A609A60DA6007F12C0300221A605A6086
:104FC0009A6007F59473A3F580734FF000021A609E
:104FD00007F59473A3F582734FF000021A6007F58A
:104FE0009473A3F584734FF000021A604FF000032E
:104FF000C7F824314FF00003C7F820314FF0000309
:10500000C7F81C314FF00003C7F8183107F5947347
:10501000A3F586734FF000021A6007F59473A3F5A9
:105020008A73D3ED007A27EEA77A07F59473A3F578
:105030008C73D3ED007A67EEA77A77EE277AB0EE1D
:10504000670A1EF0B5F887ED360AB94B1B68C7F83A
:10505000D430B84B1B68C7F8D03007F59473A3F56C
:10506000947397ED347AD3ED007A77EE277AC7ED13
:10507000337A07F59473A3F58C73D3ED007AB0EE11
:10508000E77A07F59473A3F58A73D3ED007AF0EE0F
:10509000E77AB4EEE77AF1EE10FACCBF01230023F1
:1050A00087F8CB3097F8CB30002B03D0A24BC7F852
:1050B000143102E0A14BC7F8143197F8CB30002B24
:1050C00004D04FF07A53C7F8103102E09C4BC7F878
:1050D00010310DF07DFCC7F80C01D7F80C31C7F882
:1050E0000831D7F80C31FA3BC7F80431D7F80C3146
:1050F000C7F8C4300023C7F8003107F59473A3F252
:105100000D1301221A70002387F8FF30D7ED367A8D
:105110009FED8C7AF4EEC77AF1EE10FA15D407F50C
:105120009473A3F59073D3ED007AF5EEC07AF1EEA7
:1051300010FA0AD907F59473A3F59273D3ED007AA8
:10514000F5EEC07AF1EE10FA05D87F4B06221A6010
:10515000002300F051BD07F59473A3F58A73D3EDD6
:10516000006A97ED367AC6EE877AC7ED307A07F592
:105170009473A3F58C73D3ED006A97ED367AC6EE7F
:10518000877AC7ED2F7AD7ED2F7AF1EE677AC7EDE0
:105190002E7AD7F8C030C7F8B4306C4B4FF000020D
:1051A0001A606B4B4FF000021A606A4B4FF000021E
:1051B0001A60694B4FF000021A60684B4FF0000212
:1051C0001A600DF005FCC7F8B000D7F8B020D7F88A
:1051D000C430D31A43F69722934205D95A4B05227D
:1051E0001A60002300F008BD5D4B1B68002B10D037
:1051F0005C4B1B78002B0CD0FBF7F8FC534B4FF0AB
:1052000000021A60524B4FF000021A60002300F0B7
:10521000F3BCD7F8B020D7F80831D31A092B04D83B
:1052200001200DF0DFFB00F0CBBCD7F808310A33CA
:10523000C7F80831D7F8B020D7F80831D31A092BAE
:1052400003D9D7F8B030C7F80831D7F8B020D7F86D
:105250000C31D31A07EE903AF8EE677A9FED397A5F
:1052600067EE877AC7ED2B7AD7F8B030C7F80C31E4
:105270009FED3D1ADFED330A97ED2B0AFBF732FC69
:1052800087ED2B0A07F59473A3F58E7397ED487A93
:10529000D3ED007AC7EE276AB7EE001ADFED330AC6
:1052A000B0EE660AFBF71EFC87ED2A0AD7ED2A7AD4
:1052B00027EEA77AD7ED2A7A77EEA77AF0EE086A7A
:1052C00076EEE77A67EE277AC7ED297A07F59473C9
:1052D000A3F5947393ED007AD7ED297A67EE277AD8
:1052E00097ED347A77EE277AC7ED287A114AD7F806
:1052F000A030136097ED2B0AFDF77AF907F124002F
:1053000007F1280207F1380107F120030093034653
:10531000174808F084FA034683F00103DBB2002B40
:1053200028D0094B06221A60002300F065BC00BF9C
:1053300030030020500300200000A0400000104176
:105340009A99993E6F12833A20030020340300207B
:105350003803002044030020480300204C030020B1
:10536000F4030020F8030020CDCC4C3D00000000E9
:10537000DC9B0208A34B93ED007AD7ED357A77EEEC
:10538000677AC7ED277A97ED270A1EF0A1F887ED17
:10539000260A97ED270A1DF09BFF87ED250A07F5E2
:1053A0009473A3F5807393ED007AD7ED267A27EEF8
:1053B000277A07F59473A3F58273D3ED006AD7EDCE
:1053C000257A66EEA77A77EE277AC7ED247AD7EDAD
:1053D000257AB1EE677A07F59473A3F58073D3ED60
:1053E000007A27EE277A07F59473A3F58273D3ED3D
:1053F000006AD7ED267A66EEA77A77EE277AC7EDB0
:10540000237A07F12C0397ED2B2AD7ED251A97ED78
:10541000261AD7ED230A97ED240A1846FDF77EF9E0
:1054200097ED0B7AD7ED307A27EE277AD7ED0C6A15
:10543000D7ED2F7A66EEA77A77EE277AC7ED227A34
:1054400097ED0B7AD7ED2E7A27EE277AD7ED0C6AF7
:10545000D7ED2D7A66EEA77A77EE277AC7ED217A17
:1054600097ED227AD7ED2B7A67EE277A97ED497A76
:1054700077EE277AC7ED497AD7ED227AB0EEE77A50
:10548000D7ED2B7A27EE277A5F4BD3ED007A77EEB4
:10549000277A5D4BC3ED007A97ED217AD7ED2B7A11
:1054A00027EE277A07F59473A3F58673D3ED007A78
:1054B00077EE277A07F59473A3F58673C3ED007A28
:1054C00007F59473A3F586731B68504A1360504A1E
:1054D000D7F88430136007F59473A3F58E7393EDBA
:1054E000007AD7ED497A77EE677AC7ED3E7AD7ED45
:1054F0003E7AF5EEC07AF1EE10FA03D54FF00003D4
:10550000C7F8F83007F59473A3F58E7393ED007A1E
:10551000D7ED487A77EE677AC7ED3D7AD7ED3D7AD9
:10552000F5EEC07AF1EE10FA03D54FF00003C7F89C
:10553000F43097ED3E7AD7ED3D7AB4EEE77AF1EEAE
:1055400010FA04D5D7F8F830C7F8F03003E0D7F8F0
:10555000F430C7F8F03007F59473A3F59273D3EDE8
:10556000007A37EEA77AD7ED3C7A67EE277AB0EE6D
:10557000670A1DF01DFE87ED200A07F59473A3F559
:10558000907397ED207AD3ED007AB4EEE77AF1EEDE
:1055900010FA04D5D7F88030C7F8EC3006E007F5EC
:1055A0009473A3F590731B68C7F8EC3007F59473F8
:1055B000A3F5927393ED007AD7ED2B7A67EE277AF5
:1055C000C7ED1F7A97ED477AD7ED3B7AB4EEE77ACD
:1055D000F1EE10FA26D597ED477AD7ED1F7A77EEE0
:1055E000277AC7ED477A97ED477AD7ED3B7AB4EE45
:1055F000E77AF1EE10FA2ADDD7F8EC30C7F81C3163
:1056000025E000BF300300203C03002044030020BD
:105610004C03002017B7D1389A99993FCDCC4C3F15
:105620003333B33E97ED477AD7ED1F7A77EE677A3B
:10563000C7ED477A97ED477AD7ED3B7AB4EEE77A34
:10564000F1EE10FA03D5D7F8EC30C7F81C3197ED1E
:10565000477AD7ED2B7A67EE277A97ED487A77EE7F
:10566000277AC7ED487A07F59473A3F58E7397ED03
:10567000487AD3ED007AB4EEE77AF1EE10FA06DD5F
:1056800007F59473A3F58E731B68C7F820314FF0AC
:105690000003C7F8DC3007F59473A3F59473D3EDDA
:1056A000007AF0EEE77A1FED257AF4EEC77AF1EE94
:1056B00010FA27DD07F59473A3F58E73D7ED476ACB
:1056C00093ED007AC6EE877AC7ED1E7A07F59473DC
:1056D000A3F59473D3ED007AB1EE087A27EE877ABA
:1056E000D7ED2A7A27EE277AF7EE006AD7ED2A7AE5
:1056F00076EEE77A67EE277A97ED1E7A67EE277ADD
:10570000C7ED377A97ED487AD7ED497A77EE677A21
:10571000C7ED1D7AD7ED1D7A1FED417A67EE877AC6
:10572000B5EE001AFDEE000AB0EE670AFBF7DAF9F3
:10573000B0EE407AD7ED477A77EE877AC7ED1C7ADC
:1057400007F59473A3F5907393ED001AFDEE000A2C
:1057500097ED1C0AFBF7C6F987ED1C0A97ED1C7A3A
:10576000D7ED227A77EE677AC7ED1B7AD7ED1B7AF1
:105770001FED567A27EE877AD7ED2B7A27EE277A18
:10578000D7ED467A77EE277AB5EE001AFDEE000ADD
:10579000B0EE670AFBF7A6F987ED460AD7ED1B7A4C
:1057A0001FED617A27EE877AD7ED1C7A37EE277ADC
:1057B000D7ED467A77EE277A07F59473A3F59073C1
:1057C00093ED001AFDEE000AB0EE670AFBF78AF9C6
:1057D00087ED1A0ACE4ABB6E136007F59473A3F5E2
:1057E0009473D3ED007AF0EEE77A9FEDCA7AF4EE87
:1057F000C77AF1EE10FA03DDC74BC7F8E83019E0BD
:10580000D7ED1A7AF0EEE77A9FEDC47A27EE877A21
:10581000DFEDC36AC7EE267AC7ED3A7AD7ED3A7A5A
:105820009FEDC07AF4EEC77AF1EE10FA02DDBA4BC2
:10583000C7F8E830BC4B93ED007AD7ED287A37EE05
:10584000677AD7ED457A67EE277A97ED377A37EEA4
:10585000677AB64BD3ED006AD7ED447A66EEA77A45
:1058600037EE677AD7ED3A7AF1EE677A97ED3A1A22
:10587000F0EE670AB0EE470AFBF734F9F0EE407A33
:10588000AB4BC3ED007A07F59473A3F58673D3EDA4
:10589000007A9FEDA87A27EE877AD7ED217ADFED9F
:1058A000A66A67EEA67A77EE677A9FEDA41ADFED17
:1058B000A40AB0EE670AFBF715F987ED190AA14AA9
:1058C0007B6E136097ED1A7AD7ED307A27EE277A40
:1058D000D7ED196AD7ED2E7A66EEA77A77EE277A9A
:1058E000C7ED397A97ED1A7AD7ED2F7A27EE277A16
:1058F000D7ED196AD7ED2D7A66EEA77A77EE277A7B
:10590000C7ED387A07F59473A3F58E7393ED007A9B
:10591000D7ED497A77EE677AF0EEE77A9FED8A7AEB
:10592000F4EEC77AF1EE10FA0CD8D7ED227AF0EE49
:10593000E77A9FED867AF4EEC77AF1EE10FA01D895
:10594000012300E0002387F8633097F8633003F009
:10595000010387F86330744BD3ED007A97ED337A07
:1059600077EE677AF0EEE77A9FED797AF4EEC77A10
:10597000F1EE10FA0DD86D4BD3ED007AF0EEE77A28
:105980009FED747AF4EEC77AF1EE10FA01D8012394
:1059900000E0002387F8623097F8623003F00103DB
:1059A00087F8623097F86330002B14D007F59473B2
:1059B000A3F59473D3ED007AF0EEE77A9FED557A74
:1059C000F4EEC77AF1EE10FA03D997F86230002BA3
:1059D00001D0012300E0002387F8613097F861309F
:1059E00003F0010387F8613097F86330002B32D061
:1059F00097F8623083F00103DBB2002B2BD007F560
:105A00009473A3F59473D3ED007AF0EEE77A9FEDEB
:105A1000417AF4EEC77AF1EE10FA1CDD4FF0000384
:105A2000C7F8E4304FF00003C7F8E030384B4FF0D0
:105A300000021A60434B4FF000021A6097F8FF30E3
:105A400083F00103DBB2002B05D0012387F8FF3080
:105A5000414806F09BFF97ED267AD7ED397A27EE7D
:105A6000277AD7ED256AD7ED387A66EEA77A77EEF2
:105A7000677AC7ED177A97ED257AD7ED397A27EE51
:105A8000277AD7ED266AD7ED387A66EEA77A77EED1
:105A9000277AC7ED167A264BD3ED007A07F1480333
:105AA0001946B0EE671AD7ED160A97ED170A2B487C
:105AB00007F0CDFD034683F00103DBB2002B04D0D9
:105AC000274B06221A60002396E007F14803184688
:105AD000FBF7CAF8034683F00103DBB2002B03D0C7
:105AE000FBF7B2F8002387E007F11B0207F1380348
:105AF0001146184602F012FD034683F00103DBB2A3
:105B0000002B2FD0164B05221A60002374E000BF33
:105B10003403002017B7D1383333333F6666263F4E
:105B20007B14AE3E3333333F300300202C03002080
:105B3000380300209A9919C0AE47613E9A99993E60
:105B40009A9999BE480300206F12033C8FC2F53C1E
:105B50000AD7A33C0AD7233D04880208DC9B02082D
:105B600020030020D7F8B020D7F80431D31AF92B3E
:105B70000AD9D7F8B030C7F8043107F1380319460D
:105B8000D7F8B000FCF7B0FE0AF008FE97F86130D5
:105B9000002B12D0D7F80031002B05D1D7F8B03048
:105BA000C7F80031FFF70DBBD7F8B020D7F80031A8
:105BB000D31A3B2B7FF605AB04E00023C7F8003176
:105BC000FFF7FFBA0F4B4FF000021A600E4AD7F8EA
:105BD000CC30136007F11C031846D7ED442A97ED2B
:105BE000452AD7ED331A97ED351AD7ED2F0A97EDE1
:105BF000300AFEF72DFF0346184607F59477BD4699
:105C000080BD00BF340300205003002080B586B063
:105C100000AF87ED050AC7ED040A87ED031AC7ED4B
:105C2000021A87ED012ADFED092A97ED012AD7ED47
:105C3000021A97ED031AD7ED040A97ED050AFFF74C
:105C400085F9034618461837BD4680BD00000000A0
:105C500080B48FB000AF87ED030AC7ED020A786009
:105C60003960B7EE007AD7ED037A77EE677AC7ED41
:105C70000D7A444B3B63D7ED027A9FED437A67EE92
:105C8000877AC7ED0B7A414BBB62D7ED027A9FED65
:105C9000407A67EE877AC7ED097A3E4B3B62D7EDD3
:105CA000027A9FED3D7A67EE877AC7ED077AD7EDE6
:105CB0000D7A67EEA77AC7ED067AD7ED037A67EE1D
:105CC000A77AC7ED057AD7ED067AB0EE087A27EE07
:105CD000877AD7ED037A27EE277AD7ED0C7A27EE6D
:105CE000277AD7ED0D7AF0EE086A67EEA66AD7ED4F
:105CF000057A66EEA76AD7ED0A7A66EEA77A37EEDE
:105D0000277AD7ED056AD7ED037A66EEA76AD7ED55
:105D1000087A66EEA77A77EE277A7B68C3ED007A79
:105D2000D7ED067AB0EE087A27EE877AD7ED037AB8
:105D300027EE277AD7ED0B7A27EE277AD7ED0D7A63
:105D4000F0EE086A67EEA66AD7ED057A66EEA76AF6
:105D5000D7ED097A66EEA77A37EE277AD7ED056A8E
:105D6000D7ED037A66EEA76AD7ED077A66EEA77AD3
:105D700077EE277A3B68C3ED007A00BF3C37BD461B
:105D800080BC70479A9919BE4627AB3DCDCC0CBF5D
:105D90000C75203F1F857BC014AE073F80B48DB0CB
:105DA00000AF87ED030AC7ED020A78603960B7EEED
:105DB000007AD7ED037A77EE677AC7ED0B7A4A4B14
:105DC000BB62D7ED027A9FED497A67EE877AC7ED1D
:105DD000097A474B3B62D7ED027A9FED467A67EE30
:105DE000877AC7ED077A444BBB61D7ED027A9FED06
:105DF000437A67EE877AC7ED057AD7ED0B7AB0EE76
:105E0000087A27EE877AD7ED0B7A27EE277AD7ED37
:105E10000A7A27EE277AD7ED0B7AF1EE086A67EE59
:105E2000A66AD7ED037A66EEA76A97ED086AD7ED02
:105E30000A7A76EE677A66EEA77A37EE277AD7ED9A
:105E4000037AF0EE086A67EEA66AD7ED037A66EE8B
:105E5000A76A97ED066AD7ED087A76EE677A66EE5E
:105E6000A77A77EE277A7B68C3ED007AD7ED0B7AB5
:105E7000B0EE087A27EE877AD7ED0B7A27EE277AED
:105E8000D7ED097A27EE277AD7ED0B7AF1EE086A7B
:105E900067EEA66AD7ED037A66EEA76A97ED076A02
:105EA000D7ED097A76EE677A66EEA77A37EE277A2B
:105EB000D7ED037AF0EE086A67EEA66AD7ED037AAB
:105EC00066EEA76A97ED056AD7ED077A76EE677AF0
:105ED00066EEA77A77EE277A3B68C3ED007A00BFBB
:105EE0003437BD4680BC70479A9919BE4627AB3DF2
:105EF000CDCC0CBF0C75203F1F857BC014AE073F77
:105F000080B52DED028B88B000AF87ED010A3860B7
:105F10004FF00003FB614FF00003BB613B684FF0A3
:105F200000021A6001237B6150E07B6907EE903A22
:105F3000B8EE677ADFED2D6AC7EE267AC7ED047AF0
:105F400007F1080207F10C0311461846D7ED010AC4
:105F500097ED040AFFF77CFE7B69013B3A689B00E2
:105F6000134493ED008A97ED037AD7ED077A37EE65
:105F7000677AD7ED036AD7ED077A76EEE77A27EEF0
:105F8000277AD7ED026AD7ED067A76EEE76A97EDC3
:105F9000026AD7ED067A76EE677A66EEA77A77EE32
:105FA000277AB0EE670A1DF003F9F0EE407A78EE3A
:105FB000277A3A687B699B001344C3ED007AFB683B
:105FC000FB61BB68BB617B6901337B617B69402BF3
:105FD000ABD93B68D3F800213B68C3F8042100BF6C
:105FE0002037BD46BDEC028B80BD00BF0000804263
:105FF00080B487B000AF786087ED000AD7ED007AF3
:10600000F5EEC07AF1EE10FA07D97B68D3ED417A4C
:10601000F5EEC07AF1EE10FA02D8DFED347A5FE0E7
:106020007B68D3ED417A97ED007AB4EEE77AF1EE32
:1060300010FA02DBF7EE007A52E001237B614AE0BE
:106040007A687B699B001344D3ED007A97ED007A60
:10605000B4EEE77AF1EE10FA3AD87B69013B7A6840
:106060009B0013441B68FB607A687B699B001344A8
:1060700093ED007AD7ED037A77EE677AC7ED027A6F
:10608000D7ED027A9FED1A7AF4EEC77AF1EE10FAA4
:106090000CDD97ED007AD7ED037A77EE676A97ED1E
:1060A000027AC6EE877AC7ED047A02E04FF0000369
:1060B0003B617B69013B07EE903AB8EE677AD7ED1A
:1060C000047A37EE277ADFED0B6AC7EE267A07E00F
:1060D0007B6901337B617B69402BB1D9F7EE007A94
:1060E000B0EE670A1C37BD4680BC70470000000058
:1060F000BD3786350000804280B584B000AF87EDA3
:10610000010AB7EE001ADFED0D0A97ED010AFAF762
:10611000E9FC87ED030AD7ED037A27EEA77AD7EDDE
:10612000037A77EEA77AF0EE086A76EEE77A67EE02
:10613000277AB0EE670A1037BD4680BD0000000028
:1061400080B582B000AF0CF043FC7860FCF764FED1
:106150001D4B1B78DBB2002B04D01C4806F016FC4C
:1061600001232CE01A4806F011FC18E0FCF754FE5D
:106170000346002B04D0174806F008FC01231EE05C
:10618000FAF75AFD034683F00103DBB2002B03D07C
:10619000FAF75AFD002312E001200CF023FC0CF06A
:1061A00017FC02467B68D31A40F6B7329342DDD91A
:1061B000094806F0EBFB094B08221A600023184639
:1061C0000837BD4680BD00BF65030020488802082F
:1061D00078880208A8880208D888020820030020CE
:1061E00090B5ADF5257D02AF07F52273A3F52173B8
:1061F00083ED000A07F52273A3F52273C3ED000AAD
:1062000007F52273A3F511731A4600231360536038
:106210009360D36007F52273A3F515731A46002324
:10622000136053609360D36007F52273A3F518736E
:106230001A46002313605360936007F52273A3F599
:1062400019734FF000021A6007F52273A3F51A7351
:106250004FF000021A6007F52273A3F51B734FF08D
:1062600000021A604FF00003C7F884324FF00003B9
:10627000C7F880324FF00003C7F87C324FF00003BC
:10628000C7F878324FF00003C7F874324FF00003BC
:10629000C7F870324FF00003C7F86C32744B1B68BC
:1062A000C7F8283207F52273A3F52273D3ED007ADD
:1062B0009FED707A67EE877A9FED6F7A67EE877A47
:1062C000C7ED897A97ED8A7AD7ED897A77EE277AC2
:1062D000C7ED887A694BC7F81C3207F52273A3F51E
:1062E0002173D3ED007A9FED667A67EE877AC7ED6A
:1062F000867A0CF06DFBC7F86802D7F86832C7F8E9
:106300006432D7F86832FA3BC7F86032D7F868329F
:10631000C7F814320023C7F85C3207F52273A3F2E2
:106320006D2301221A70002387F85B3207F15402B3
:1063300007F52273A3F52173104693ED000AFFF7CA
:10634000DFFD07F52273A3F50D73D3F80431C7F809
:106350001032D7ED847A9FED4B7AF4EEC77AF1EEE6
:1063600010FA05D8484B06221A60002300F0F0BE50
:10637000464B4FF000021A60454B4FF000021A6086
:10638000444B4FF000021A60434B4FF000021A607A
:10639000424B4FF000021A60FCF73EFD0CF018FB78
:1063A000C7F80C02FCF738FDD7F80C22D7F81432E6
:1063B000D31A42F22732934205D9334B05221A6091
:1063C000002300F0C5BED7F80C22D7F86432D31AE8
:1063D000092B03D801200CF005FBDFE7D7F8643266
:1063E0000A33C7F86432D7F80C22D7F86432D31ACC
:1063F000092B03D9D7F80C32C7F86432D7F80C222E
:10640000D7F86832D31A07EE903AF8EE677A9FED24
:106410001D7A67EE877AC7ED827AD7F80C32C7F813
:1064200068329FED1F1ADFED170A97ED820AFAF71F
:1064300059FB87ED820A97ED820AFCF7D9F807F13C
:10644000200007F1240207F1340107F11C03009337
:106450000346144807F0E3F9034683F00103DBB277
:10646000002B21D0084B06221A60002300F070BEDA
:1064700050030020DA0FC93F80B7803F1F857BC0E3
:1064800014AE073F6F12833A20030020340300202C
:106490003803002044030020480300204C03002060
:1064A000CDCC4C3DDC9B0208E44B93ED007AD7ED5C
:1064B0008A7A77EE677AC7ED817A97ED810A1DF0C7
:1064C00007F887ED800A97ED810A1CF001FF87ED40
:1064D0007F0A07F52273A3F5197393ED007AD7EDC0
:1064E000807A27EE277A07F52273A3F51A73D3ED86
:1064F000006AD7ED7F7A66EEA77A77EE277AC7ED46
:106500007E7AD7ED7F7AB1EE677A07F52273A3F52D
:106510001973D3ED007A27EE277A07F52273A3F5D6
:106520001A73D3ED006AD7ED807A66EEA77A77EE1C
:10653000277AC7ED7D7A07F1280397ED822AD7EDF8
:106540007F1A97ED801AD7ED7D0A97ED7E0A1846DF
:10655000FCF7E4F807F52273A3F518731B68C7F876
:10656000F83107F52273A3F518735B68C7F8F431A7
:10657000D7ED7E7A9FEDB27A67EE877AC7ED7C7AA7
:10658000D7ED7D7A9FEDAF7A67EE877AC7ED7B7A9C
:1065900097ED7C7AD7ED827A67EE277A97EDA17A2C
:1065A00077EE277AC7EDA17A97ED7B7AD7ED827ADD
:1065B00067EE277A97EDA07A77EE277AC7EDA07A73
:1065C00097ED9E7AD7ED847AC7EE276AB7EE001A68
:1065D000DFED9D0AB0EE660AFAF784FA87ED7A0AD3
:1065E00007F1540397ED9E0A1846FFF701FD87ED6A
:1065F000790A07F1100107F1140207F52273A3F5D8
:1066000021731046D3ED000A97ED790AFFF720FBBE
:1066100007F1080107F10C0207F52273A3F52173B6
:106620001046D3ED000A97ED790AFFF7B7FB07F59F
:106630002273A3F51F7393ED007A07F52273A3F578
:106640001F73D3ED007A27EE277A07F52273A3F59F
:106650002073D3ED006A07F52273A3F52073D3ED01
:10666000007A66EEA77A77EE277AB0EE670A1CF01A
:106670009FFD87ED780AD7ED787A9FED747AF4EE76
:10668000C77AF1EE10FA05D8714B06221A60002382
:1066900000F05EBD07F52273A3F51F73D3ED006A0A
:1066A00097ED787AC6EE877AC7ED777A07F5227389
:1066B000A3F52073D3ED006A97ED787AC6EE877A5A
:1066C000C7ED767AD7ED767AF1EE677AC7ED757A0F
:1066D000D7F8DC31C7F8D03197ED7C7AD7ED777AEF
:1066E00027EE277AD7ED7B6AD7ED767A66EEA77A22
:1066F00077EE277AC7ED737A97ED7C7AD7ED757AC6
:1067000027EE277AD7ED7B6AD7ED747A66EEA77A03
:1067100077EE277AC7ED727A97ED737AD7ED827AA2
:1067200067EE277A97ED9F7A77EE277AC7ED9F7A03
:10673000D7ED737AB0EEE77AD7ED827A27EE277A33
:10674000444BD3ED007A77EE277A424BC3ED007AC3
:1067500097ED847AD7ED9F7A77EE677AC7ED957AD1
:10676000D7ED957AF5EEC07AF1EE10FA03D54FF039
:106770000003C7F8543297ED847AD7ED9E7A77EE0E
:10678000677AC7ED947AD7ED947AF5EEC07AF1EE98
:1067900010FA03D54FF00003C7F8503297ED957A01
:1067A000D7ED947AB4EEE77AF1EE10FA04D5D7F883
:1067B0005432C7F84C3203E0D7F85032C7F84C32A5
:1067C00097ED930A1CF0F4FC87ED710AD7ED717A0E
:1067D0009FED257AF4EEC77AF1EE10FA04D5D7F8DA
:1067E000C431C7F8483202E01B4BC7F84832D7ED36
:1067F000827AB6EE007A67EE877AC7ED707A97ED07
:106800009D7AD7ED927AB4EEE77AF1EE10FA2DD5B3
:1068100097ED9D7AD7ED707A77EE277AC7ED9D7A5E
:1068200097ED9D7AD7ED927AB4EEE77AF1EE10FA11
:1068300031DDD7F84832C7F874322CE0300300203D
:10684000AE47613F9A99B93F000000006F12833A4A
:10685000200300203C0300203333B33F9A99993F33
:10686000CDCC4C3F3333B33E3333B33F97ED9D7ABA
:10687000D7ED707A77EE677AC7ED9D7A97ED9D7ABE
:10688000D7ED927AB4EEE77AF1EE10FA03D5D7F8A5
:106890004832C7F8743297ED9D7AD7ED827A67EE69
:1068A000277A97ED9E7A77EE277AC7ED9E7A97ED55
:1068B0009E7AD7ED847AB4EEE77AF1EE10FA03DD32
:1068C000D7F81032C7F8783297ED9E7AD7ED9F7AD5
:1068D00077EE677AC7ED6F7AD7ED6F7A1FED217A81
:1068E00067EE877AB5EE001AFDEE000AB0EE670A91
:1068F000FAF7F8F8B0EE407AD7ED9D7A77EE877A1E
:10690000C7ED6E7A1FED281AFDEE000A97ED6E0AAC
:10691000FAF7E8F887ED6E0A97ED6E7AD7ED737A9D
:1069200077EE677AC7ED6D7AD7ED6D7A1FED347A21
:1069300027EE877AD7ED827A27EE277AD7ED9C7AF1
:1069400077EE277AB5EE001AFDEE000AB0EE670A80
:10695000FAF7C8F887ED9C0AD7ED6D7A1FED3F7AFC
:1069600027EE877AD7ED6E7A37EE277AD7ED9C7AC5
:1069700077EE277A1FED441AFDEE000AB0EE670AA3
:10698000FAF7B0F887ED6C0A964AD7F8B031136081
:1069900007F52273A3F51D73D3ED007A97EDA17A65
:1069A00037EE677AD7ED757A27EE277A07F52273E7
:1069B000A3F51E73D3ED007AD7EDA06A76EEE76AF1
:1069C000D7ED747A66EEA77A77EE277AC7ED6B7A01
:1069D000D7ED6B7A9FED847A27EE877AD7ED727ABE
:1069E000DFED826A67EEA67A77EE677A9FED801A0E
:1069F000DFED800AB0EE670AFAF774F887ED6A0AED
:106A00007D4AD7F8AC3113607C4AD7F8A8311360BF
:106A10007B4AD7F8C831136097ED877AD7EDA17A12
:106A200077EE677AC7ED697A97ED867AD7EDA07A27
:106A300077EE677AC7ED687AD7ED697AF1EE677A13
:106A4000C7ED677AD7ED677AF5EEC07AF1EE10FA06
:106A500004DDD7F89C31C7F8443203E04FF000035F
:106A6000C7F84432D7ED917A27EEA77AD7ED687A46
:106A700067EEA77A77EE277AB0EE670A1CF098FBEC
:106A800087ED660AD7ED7A7A9FED5E7AF4EEC77AE3
:106A9000F1EE10FAACBF0123002387F8973197F885
:106AA0009731002B00F0C080D7ED667A9FED567AC3
:106AB000F4EEC77AF1EE10FA0CD84FF00003C7F8E5
:106AC00030324FF00003C7F840324FF00003C7F8F0
:106AD0003C3282E0D7ED667A9FED4C7AF4EEC77ACD
:106AE000F1EE10FA6DDDD7ED917A9FED497A67EE00
:106AF000877AC7ED907AD7ED687A9FED467A67EE90
:106B0000877AC7ED8F7AD7ED907A27EEA77AD7EDFF
:106B10008F7A67EEA77A77EE277AB0EE670A1CF0D5
:106B200047FB87ED8B0AD7ED8B7A9FED3B7AF4EE2E
:106B3000C77AF1EE10FA1BDDDFED376A97ED8B7A3D
:106B4000C6EE877AC7ED637A97ED907AD7ED637AD0
:106B500067EE277AC7ED907A97ED8F7AD7ED637A53
:106B600067EE277AC7ED8F7A2C4BC7F82C3223E0DB
:106B7000D7ED8B7A9FED2A7AF4EEC77AF1EE10FA10
:106B80001AD5DFED276A97ED8B7AC6EE877AC7EDC7
:106B9000647A97ED907AD7ED647A67EE277AC7ED3D
:106BA000907A97ED8F7AD7ED647A67EE277AC7ED02
:106BB0008F7A1C4BC7F82C32D7F82C32C7F83032FA
:106BC0000BE04FF00003C7F830324FF00003C7F876
:106BD00040324FF00003C7F83C32024AD7F8303257
:106BE000136041E0340300209A9919C0AE47613E1A
:106BF0009A99993E9A9999BE44030020480300202F
:106C00004C0300209A99593F8FC2F53C6F12833A8A
:106C10009A9999BF9A99993F6666E63E6666E63EFE
:106C20008FC2F53D8FC2F53D97ED6C7AD7ED777A3F
:106C300027EE277AD7ED6A6AD7ED757A66EEA77ADE
:106C400077EE277AC7ED907A97ED6C7AD7ED767A62
:106C500027EE277AD7ED6A6AD7ED747A66EEA77ABF
:106C600077EE277AC7ED8F7A97ED807AD7ED907A15
:106C700027EE277AD7ED7F6AD7ED8F7A66EEA77A6F
:106C800007F52273A3F5807377EE677AC3ED007A78
:106C900097ED7F7AD7ED907A27EE277AD7ED806A45
:106CA000D7ED8F7A66EEA77A07F52273A3F5827384
:106CB00077EE277AC3ED007A07F52273A3F5847483
:106CC00097ED7A0AFFF718FA84ED000AD7ED7A7A81
:106CD000B1EE087A27EE877AF7EE006AD7ED7A7A76
:106CE00076EEE77A07F52273A3F5867367EE277AC7
:106CF000C3ED007A07F52273A3F5847397ED897AC3
:106D0000D3ED007A67EE277A07F52273A3F588732F
:106D100097ED8A7A77EE277AC3ED007A07F522732A
:106D2000A3F5867397ED897AD3ED007A27EE277A5B
:106D300097ED6C6AD7ED846AC6EE267A07F5227362
:106D4000A3F58A7367EE277AC3ED007ACD4BD3EDB6
:106D5000007A07F52273A3F58C7307F52272A2F56A
:106D6000887292ED007A77EE677AC3ED007A07F5C4
:106D70002273A3F58C73D3ED007A9FEDC37A27EECF
:106D8000877A07F52273A3F58A73D3ED007A37EE7D
:106D9000277ABE4BD3ED007ADFEDBD6A67EEA67AA7
:106DA00077EE677A07F52273A3F58E749FEDB61A16
:106DB000DFEDB80AB0EE670AF9F794FE84ED000A39
:106DC00007F52273A3F59073D7ED827A9FEDB27A1F
:106DD00067EE877AC3ED007A07F52273A3F5907307
:106DE00097ED9B7AD3ED007A77EE676A07F5227309
:106DF000A3F5907397ED9B7AD3ED007A77EE277A1F
:106E000007F52273A3F58E73B0EE671AF0EE660AEB
:106E100093ED000AF9F766FE87ED9B0A9F4AD7F8C3
:106E20006C3213609E4A07F52273A3F588731B68C2
:106E30001360944BD3ED007A07F52273A3F5927398
:106E400097ED887A77EE677AC3ED007A97F89731F5
:106E5000002B04D0D7F89831C7F8383209E097ED05
:106E6000847AD7ED9F7A77EE677AF0EEE77AC7ED0E
:106E70008E7AD7ED7E7A27EEA77AD7ED7D7A67EE08
:106E8000A77A77EE277A07F52273A3F59474B0EE0C
:106E9000670A1CF08DF984ED000A97F89731002BF2
:106EA00021D0D7ED8E7A9FED7F7AF4EEC77AF1EE9E
:106EB00010FA0ED807F52273A3F59473D3ED007A78
:106EC0009FED787AF4EEC77AF1EE10FA01D801233B
:106ED00000E0002387F8373297F8373203F00103D8
:106EE00087F8373224E097ED847AD7ED9F7A77EEF2
:106EF000677AF0EEE77A9FED6C7AF4EEC77AF1EEFE
:106F000010FA0CD8D7ED737AF0EEE77A9FED677A36
:106F1000F4EEC77AF1EE10FA01D8012300E0002365
:106F200087F8373297F8373203F0010387F83732A2
:106F300007F52273A3F59273D3ED007AF0EEE77AAA
:106F40009FED5B7AF4EEC77AF1EE10FA0DD84F4B55
:106F5000D3ED007AF0EEE77A9FED567AF4EEC77A39
:106F6000F1EE10FA01D8012200E0002207F52273A9
:106F7000A3F229131A701A7802F001021A7097F816
:106F80003732002B08D007F52273A3F229131B78A0
:106F9000002B01D0012200E0002207F52273A3F5A7
:106FA00095731A701A7802F001021A7097F8373246
:106FB000002B26D007F52273A3F229131B7883F048
:106FC0000103DBB2002B1CD04FF00003C7F84032A6
:106FD0004FF00003C7F83C32374B4FF000021A6005
:106FE000364B4FF000021A6097F85B3283F00103D2
:106FF000DBB2002B05D0012387F85B32304805F067
:10700000C5FC07F1440107F52273A3F5827207F569
:107010002273A3F5807397ED9B1AD2ED000A93EDCE
:10702000000A284806F013FB034683F00103DBB295
:10703000002B04D0244B06221A60002388E007F1BD
:1070400044031846F9F710FE034683F00103DBB250
:10705000002B03D0F9F7F8FD002379E007F11B02BC
:1070600007F134031146184601F058FA034683F03D
:107070000103DBB2002B29D0134B05221A60002339
:1070800066E000BF30030020CDCC0C402C03002074
:10709000CDCC4C3ECDCC0CC03333734038030020F4
:1070A000500300200AD7A33D6F12033C8FC2F53C6A
:1070B0000AD7A33C0AD7233D34030020480300200D
:1070C00064890208DC9B020820030020D7F80C2208
:1070D000D7F86032D31AF92B0AD9D7F80C32C7F88F
:1070E000603207F134031946D7F80C02FBF7FCFBBA
:1070F00009F054FB07F52273A3F595731B78002B59
:107100003FF44CA9D7F85C32002B05D1D7F80C32EC
:10711000C7F85C32FFF742B9D7F80C22D7F85C32D7
:10712000D31A3B2B0FD90D4AD7F8203213600C4BE2
:107130004FF000021A600B4B4FF000021A60F9F793
:1071400055FD034604E00023C7F85C32FFF726B97B
:10715000184607F52377BD4690BD00BF50030020B9
:10716000340300203803002080B5ADF5347D06AF30
:1071700007F52E73A3F5297383ED000A07F52E7327
:10718000A3F52A73186007F52E73A3F52B73196006
:1071900007F52E73A3F52C73C3ED000A07F52E73C4
:1071A000A3F2B1231A700023C7F8B432FBF7C6FD6F
:1071B000C7F85C020BF00CFCC7F85802D7F858323D
:1071C000C7F8B032D7F858320A3BC7F8AC32D7F814
:1071D0005832283BC7F8A8320023C7F8A4324FF032
:1071E0000003C7F8A032002387F89F3207F52E73FB
:1071F000A3F516731A4600231360536093600023AF
:10720000C7F898320023C7F894320023C7F89032A9
:10721000002387F88F32002387F88E320023C7F8C7
:107220008832002387F857320023C7F884320023BE
:10723000C7F88032002387F87F32002387F87E3238
:1072400007F52E73A3F51A731A46002313605360D3
:107250009360D36007F52E73A3F51E731A460023BF
:10726000136053609360D36007F52E73A3F2792304
:1072700001221A704FF00003C7F8783207F52E7319
:10728000A3F2B1231B78012B0CD007F52E73A3F2C8
:10729000B1231B78022B05D0C14B06221A600023B4
:1072A00000F0ABBC07F52E73A3F2B1231B78012BC2
:1072B00001D1BC4B00E0BC4B07F586700093D7F8BA
:1072C0005C32BA4A60211DF083F907F52E73A3F2F0
:1072D000B1231B78012B01D1B24B00E0B24B07F177
:1072E0006C000022029207F52E72A2F52A72126833
:1072F00001920093D7F85C32AD4AA0211DF068F9E5
:1073000007F16C03184605F041FB07F52E73A3F552
:107310002973D3ED007AF5EEC07AF1EE10FA11D9A7
:1073200007F52E73A3F52C73D3ED007AF5EEC07A32
:10733000F1EE10FA06D907F52E73A3F52B731B682F
:10734000002B05DA964B06221A60002300F055BC8C
:1073500007F52E73A3F2B1231B78022B05D1954BB1
:107360001B68002B01D0012200E00022924B1A7012
:10737000924B4FF000021A60914B4FF000021A60DE
:10738000904B4FF000021A608F4B4FF000021A60D2
:107390008E4B4FF000021A600BF01AFBC7F8500238
:1073A000D7F85022D7F85832D31A4EF65F229342BC
:1073B00015D9F9F71BFC814B4FF000021A60804B86
:1073C0004FF000021A60764B0B221A60804805F0DD
:1073D000DDFA794B00221A70002300F00EBCD7F8BA
:1073E0005022D7F8A832D31A272B08D9D7F8503211
:1073F000C7F8A83207F58673184605F0D5FA07F5E1
:10740000F673402118460AF0EBF8C7F84C02002347
:10741000C7F874323FE207F5F672D7F874321344B6
:107420001B7887F8333297F833320D2B04D097F856
:1074300033320A2B40F00F8207F52E73A3F5A672A4
:10744000D7F8B432134400221A70D7F8B432002BA4
:1074500000F0FD8107F5B6731846FBF785FC07F1D0
:10746000340107F1380207F5B67007F128030293DB
:1074700007F12C03019307F1300300930B465549A4
:107480001DF0D8F80346052B40F0B78107F52E73A1
:10749000A3F520731B68D7F85C229A4240F0AD81B7
:1074A00007F52E73A3F523731B68B3F5487F40F0EF
:1074B000A48107F52E73A3F524731B68B3F5167F1B
:1074C00040F09B8107F52E73A3F521731B68002BF9
:1074D00012DB07F52E73A3F524731A6813469B007D
:1074E00013445B001A4607F52E73A3F521731B683E
:1074F0009A4201DB012300E0002387F8733297F8FA
:10750000733203F0010387F8733297F87332002B5C
:1075100014D097F88F32002B10D007F52E73A3F5F7
:1075200021731A68D7F89432D31A002BB8BF5B4284
:10753000B3F5E16F02DD002387F8733297F87332F9
:10754000002B00F0568107F52E73A3F521731B68FD
:10755000C7F89432012387F88F32D7F898121E4B60
:10756000A3FB01235A0813465B001344CA1A07F50C
:107570002E73A3F52173196807F52E73A3F51673FF
:1075800043F82210D7F898320133C7F89832D7F869
:107590009832022B40F29A800023C7F86C3234E014
:1075A0002003002098890208A8890208C4890208DB
:1075B000F0890208F4030020F903002034030020BE
:1075C0003803002044030020480300204C0300201F
:1075D000388A0208608A0208ABAAAAAA0AD7233C02
:1075E00007F52E73A3F51673D7F86C2253F8221003
:1075F00007F52E73A3F52773D7F86C2243F82210F2
:10760000D7F86C320133C7F86C32D7F86C32022BE2
:10761000E6D90023C7F86C3249E0D7F86C32013361
:10762000C7F868323AE007F52E73A3F52773D7F849
:10763000682253F8222007F52E73A3F52773D7F895
:107640006C1253F821309A4223DA07F52E73A3F512
:107650002773D7F86C2253F82230C7F82C3207F57D
:107660002E73A3F52773D7F8682253F8221007F575
:107670002E73A3F52773D7F86C2243F8221007F571
:107680002E73A3F52773D7F86822D7F82C1243F886
:107690002210D7F868320133C7F86832D7F8683259
:1076A000022BC0D9D7F86C320133C7F86C32D7F847
:1076B0006C320133022BB0D907F52E73A3F5277373
:1076C0005B68C7F89032012387F88E3207F52E7376
:1076D000A3F522731B6807EE903AF8EEE77A1FEDE8
:1076E000417A67EE877AC7EDA87AD7EDA87AF0EEEF
:1076F000E77AB0EE047AF4EEC77AF1EE10FA09D820
:10770000D7F88832022B08D8D7F888320133C7F867
:10771000883202E00023C7F88832D7F88832022B7B
:107720008CBF0123002387F85732D7F85032C7F8AF
:10773000A432012387F89F3207F52E73A3F5217336
:107740001A68D7EDA87AB7EEE77A97F85732002B88
:1077500001D0012300E0002307F16C0004938DEDBC
:10776000027BD7F8903200931346D34AA0211CF035
:107770002FFF07F16C03184605F0E6F8D7F89832AA
:10778000022B23D997F85732002B1FD097F88E324F
:10779000002B1BD007F52E73A3F52A73D7F8902280
:1077A0001B68D31A002BB8BF5B4207F52E72A2F5F7
:1077B0002B7212689A4209DBD7F88432002B08D169
:1077C000D7F884320133C7F8843202E00023C7F8C7
:1077D0008432D7F88432002B38D0B84B1B68B84AB3
:1077E0001360B84805F0D2F8B74B00221A70012395
:1077F00003E2B64805F0A8F828E007F1380207F5DB
:10780000B673B34918461CF015FF0346012B1ED171
:1078100007F52E73A3F520731B68D7F85C229A42F4
:1078200015D1D7F880320133C7F88032D7F88012EB
:10783000A84BA3FB01239A0813469B001344CA1AC2
:10784000012A04D1A44805F07FF800E000BF00231E
:10785000C7F8B4321AE0D7F8B43201337F2B0CD812
:10786000D7F8B4325A1CC7F8B42207F52E72A2F525
:10787000A67297F83312D15408E00023C7F8B43247
:10788000002387F89F32954805F080F8D7F87432C6
:107890000133C7F87432D7F87422D7F84C329A42C1
:1078A000FFF4B9ADD7F85022D7F8AC32D31A092B70
:1078B00003D801200BF096F89DE1D7F85032C7F8B5
:1078C000AC32D7F85022D7F8B032D31A07EE903A3C
:1078D000F8EE677A9FED827A67EE877AC7ED927A43
:1078E0004FF00003C7F864324FF00003C7F844328A
:1078F0004FF00003C7F86032D7F85032C7F8B03203
:107900009FED781ADFED760A97ED920AF9F7EAF81B
:1079100087ED920A97ED920AFAF76AFE97F89F327E
:10792000002B64D0D7F85022D7F8A432D31AB3F57D
:10793000AF7F5CD8D7EDA87AF0EEE77AB7EE087A99
:10794000F4EEC77AF1EE10FA18DDD7EDA87A9FEDC4
:10795000667A27EE877A654BD3ED007ADFED646AAD
:1079600067EEA67A77EE677A9FED621ADFED620A1C
:10797000B0EE670AF9F7B6F887ED980A97F88E32F5
:10798000002B73D007F52E73A3F52A73D7F8902236
:107990001B68D31AC7F8403207F52E73A3F52B7373
:1079A000D7F840221B689A420ADD07F52E73A3F52B
:1079B0002973D3ED007AF1EE677AC7ED997A55E035
:1079C00007F52E73A3F52B731B685B42D7F8402293
:1079D0009A4207DA07F52E73A3F529731B68C7F8D7
:1079E000643243E04FF00003C7F864323EE0002306
:1079F00087F89F3297F88E3283F00103DBB2002BB9
:107A000034D0D7F85022D7F85832D31A40F2DB528C
:107A1000934217D807F52E73A3F52973D3ED007A97
:107A2000F1EE677AC7ED997A97F87F3283F0010318
:107A3000DBB2002B1AD0012387F87F322F4804F0E5
:107A400083FF13E007F52E73A3F529731B68C7F8AE
:107A5000643297F87E3283F00103DBB2002B05D04D
:107A6000012387F87E32264804F06EFF07F52E7357
:107A7000A3F52C7393ED007AD7ED927A67EE277A0F
:107A8000C7ED8F7A97ED997AD7ED9E7A77EE677A80
:107A9000C7ED8E7A97ED8E7AD7ED8F7AB4EEE77ACE
:107AA000F1EE10FA2EDD97ED9E7AD7ED8F7A77EE14
:107AB000277AC7ED9E7A3DE0A08A020830030020B5
:107AC00050030020E08A0208F9030020088B020816
:107AD000308B0208CDCCCCCC588B0208808B0208AE
:107AE0006F12833ACDCC4C3D0AD7233D2C030020A6
:107AF0000AD7A33DEC51383EEC5138BEA88B0208A2
:107B0000E88B0208D7ED8F7AF1EE677A97ED8E7ADF
:107B1000B4EEE77AF1EE10FA08D597ED9E7AD7ED3C
:107B20008F7A77EE677AC7ED9E7A03E0D7F86432F2
:107B3000C7F87832D7ED9E7AF1EE677AC7ED8D7A85
:107B4000D7ED9E7A27EEA77AD7ED917A67EEA77ADE
:107B500077EE277AB0EE670A1BF02AFBF0EE407A48
:107B6000284BC3ED007A284AD7F86032136007F13A
:107B70004003194697ED981AD7ED910A97ED8D0AB3
:107B8000224805F064FD034683F00103DBB2002BBD
:107B900007D01F4B06221A601E4B00221A700023CA
:107BA0002BE007F140031846F9F75EF8034683F02F
:107BB0000103DBB2002B06D0F9F746F8154B002283
:107BC0001A70002319E007F13F0207F15003114634
:107BD000184600F0A3FC034683F00103DBB2002B40
:107BE00007D00B4B05221A600A4B00221A700023A3
:107BF00003E008F0D3FDFFF7CFBB184607F52E775B
:107C0000BD4680BD3403002038030020DC9B020801
:107C100020030020F903002080B584B000AF87ED79
:107C2000030AC7ED020A87ED011AB6EE002ADFED5E
:107C3000071A97ED011AD7ED020A97ED030AFDF72F
:107C4000E5FF034618461037BD4680BD3333B33FCA
:107C500080B598B000AF87ED010A07F11C03002240
:107C60001A605A609A60DA604FF00003FB65994B26
:107C70001B68BB65984BD3ED007A97ED017A77EEE0
:107C8000277AC7ED117A0AF0A3FE78657B6D3B6514
:107C90007B6DFA3BFB640023BB647B6D3B6407F1A7
:107CA0000C0300221A605A609A60DA600123FB72AA
:107CB0008A4B4FF000021A60894B4FF000021A60A5
:107CC000884B4FF000021A60874B4FF000021A6099
:107CD000864B4FF000021A607F4A7B6C13600AF0FB
:107CE00077FEF863FA6B3B6CD31A41F26F729342E2
:107CF00004D97F4B07221A600023E7E0FA6B3B6D43
:107D0000D31A092B03D801200AF06CFEDDE03B6D8D
:107D10000A333B65FA6B3B6DD31A092B01D9FB6B18
:107D20003B65FA6B7B6DD31A07EE903AF8EE677AF3
:107D30009FED707A67EE877AC7ED0E7AFB6B7B65F5
:107D40009FED6D1ADFED6B0A97ED0E0AF8F7CAFE8C
:107D500087ED0E0A97ED0E0AFAF74AFC97ED117AB5
:107D6000D7ED167A77EE677AC7ED0D7AD7ED0D7AF3
:107D70009FED627A27EE877A614BD3ED007ADFEDD3
:107D8000616A67EEA67A77EE677A9FED5C1ADFED9F
:107D90005E0AB0EE670AF8F7A5FE87ED0C0AD7ED8C
:107DA0000E7A9FED5A7A67EE877AC7ED0B7A97EDD8
:107DB000177AD7ED0B7A77EE676A97ED177AD7EDDA
:107DC0000B7A77EE277AB0EE671AF0EE660A97ED37
:107DD0000C0AF8F787FE87ED170A414AFB6D13601E
:107DE00007F11C03194697ED171ADFED490A9FEDBD
:107DF000480A484805F02BFC034683F00103DBB238
:107E0000002B04D03A4B06221A6000235EE007F1F3
:107E10001C031846F8F728FF034683F00103DBB282
:107E2000002B03D0F8F710FF00234FE007F10B02FF
:107E300007F10C031146184600F070FB034683F06F
:107E40000103DBB2002B04D0294B05221A6000236A
:107E50003CE0204B1B68BB65FA6BFB6CD31AF92B1B
:107E600007D9FB6BFB6407F10C031946F86BFAF7B3
:107E70003BFD08F093FCD7ED0D7AF0EEE77A9FED2D
:107E8000267AF4EEC77AF1EE10FA1AD81C4BD3ED2D
:107E9000007AF0EEE77A9FED217AF4EEC77AF1EE00
:107EA00010FA0ED8BB6C002B02D1FB6BBB640BE04D
:107EB000FA6BBB6CD31A4F2B06D9F8F797FE034623
:107EC00004E00023BB640AE700BF08E718466037F8
:107ED000BD4680BD30030020500300203403002045
:107EE0003803002044030020480300204C030020F6
:107EF000200300206F12833ACDCC4C3DCDCC0C40FA
:107F00002C030020CDCC4C3ECDCC0CC03333734081
:107F100000000000DC9B02080AD7A33C0AD7233DDF
:107F200080B5ACB002AF87ED010AC7ED000A07F1DA
:107F3000280300221A605A609A60DA6007F1180379
:107F400000221A605A609A60DA604FF000037B6189
:107F50004FF000033B614FF00003FB604FF0000364
:107F6000C7F8A430D7ED017AF5EEC07AF1EE10FA39
:107F700003D5B84BC7F8A03003E04FF07E53C7F8E5
:107F8000A030D7ED017AF0EEE77AC7ED177AB24B61
:107F90001B68C7F89C304FF00003C7F898300AF010
:107FA00017FDC7F89400D7F89430C7F89030D7F889
:107FB0009430FA3BC7F88C300023C7F88830D7F8E4
:107FC0009430BB650123FB72A44B1B68002B03D0CC
:107FD000012387F8873002E0002387F8873097F87D
:107FE0008730002B03D09E4BC7F8803003E042F669
:107FF000E063C7F8803097F88730002B02D0994BA8
:10800000FB6702E04FF07E53FB6797F88730002B49
:1080100002D0954BBB6701E0944BBB6797F8873064
:10802000002B02D1FB6F7B6701E0914B7B6797F8D8
:108030008730002B03D04FF07C533B6702E04FF0BA
:1080400000033B67FB6FFB668A4B4FF000021A6030
:10805000894B4FF000021A60884B4FF000021A6003
:10806000874B4FF000021A60864B4FF000021A60F7
:10807000794B1B68844A13600AF0AAFC78657A6D14
:10808000BB6DD31AD7F880209A4204D87F4B0722C1
:108090001A60002306E297F88730002B18D06F4B48
:1080A0001B681846FAF7B4F938653B6D002B05D10B
:1080B000694B1B68744A13600123F3E13B6D002B8D
:1080C00001DA0023EEE13B6D022B01D10123FB72AB
:1080D0007A6DD7F89030D31A092B03D801200AF013
:1080E00081FCDEE1D7F890300A33C7F890307A6D22
:1080F000D7F89030D31A092B02D97B6DC7F890308E
:108100007A6DD7F89430D31A07EE903AF8EE677A82
:108110009FED5F7A67EE877AC7ED137A7B6DC7F8BC
:1081200094309FED5C1ADFED5A0A97ED130AF8F7C9
:10813000D9FC87ED130A97ED130AFAF759FA07F1FC
:10814000100007F1140207F1180107F10C03009366
:108150000346514805F063FB034683F00103DBB29D
:10816000002B04D0494B06221A6000239AE13A4BB7
:1081700093ED007AD7ED277A77EE677AC7ED127A1A
:10818000354B1B68C7F89C30D7ED127AF0EEE77AD2
:10819000B5EE007AF4EEC77AF1EE10FA16D897ED44
:1081A000287AD7ED127A67EE277A97ED267A77EE5E
:1081B000277AC7ED267AD7ED267AF5EEC07AF1EE6A
:1081C00010FA03D54FF00003C7F8983097ED177AEF
:1081D000D7ED267A77EE677AC7ED1A7AD7ED1A7A55
:1081E000F5EEC07AF1EE10FA02D54FF00003BB664F
:1081F00097F88730002B06D0284B1B78002B02D035
:108200007B6F3B6601E0FB6F3B6697F88730002B86
:108210005ED097ED1C7AD7ED137A67EE277AC7ED1B
:10822000117A97ED1B7AD7ED187AB4EEE77AF1EE72
:1082300010FA35D597ED1B7AD7ED117A77EE277ABC
:10824000F0EE670A97ED180A1BF000F887ED1B0A9D
:1082500040E000BF000080BF300300200004002089
:10826000C0D40100CDCC4C3E9A99193F6666E63FDA
:108270000AD7A33D34030020380300204403002024
:10828000480300204C03002050030020200300205E
:108290006F12833ACDCC4C3DDC9B020808040020D1
:1082A00097ED1B7AD7ED187AB4EEE77AF1EE10FA73
:1082B00010DD97ED1B7AD7ED117A77EE677AF0EE45
:1082C000670A97ED180A1AF09BFF87ED1B0A01E079
:1082D000FB6FFB66D7ED1E7A37EEA77AD7ED1A7AD9
:1082E00067EE277AB0EE670A1AF062FF87ED100A90
:1082F00097ED107AD7ED1B7AB4EEE77AF1EE10FA2B
:1083000002D53B6C7B6601E0FB6E7B6697ED1E7AC7
:10831000D7ED137A67EE277AC7ED0F7A97ED287AB3
:10832000D7ED197A67EE276A97ED297AD7ED0F7A9C
:1083300037EE676A97ED297AD7ED0F7A77EE277ACD
:10834000B0EE671AF0EE460AB0EE660AF8F7CAFB1E
:1083500087ED290AD7ED007AF1EE677A97ED297A51
:1083600067EE277AC7ED0E7AD7ED0E7AF0EEE77A50
:108370004E4BC3ED007A4E4AD7F8A430136007F194
:108380002803194697ED291AD7ED0E0A9FED490AE1
:10839000494805F05CF9034683F00103DBB2002B8A
:1083A00004D0464B06221A6000237BE007F1280325
:1083B0001846F8F759FC034683F00103DBB2002BA3
:1083C00003D0F8F741FC00236CE007F10B0207F142
:1083D00018031146184600F0A1F8034683F0010384
:1083E000DBB2002B04D0354B05221A60002359E084
:1083F000D7ED037AB0EEE77AD7ED007A27EE277A49
:10840000D7ED137A27EE277A2D4BD3ED007A77EE4E
:10841000277A2B4BC3ED007A7A6DD7F88C30D31ABC
:10842000F92B08D97B6DC7F88C3007F11803194672
:10843000786DFAF759FA08F0B1F9D7ED177A9FED90
:10844000217A77EEC77A97ED267AB4EEE77AF1EEE5
:1084500010FA21DB1C4BD3ED007AF0EEE77A9FEDAA
:108460001B7AF4EEC77AF1EE10FA15D8D7F88830F7
:10847000002B03D17B6DC7F8883011E07A6DD7F8F7
:108480008830D31A4F2B0BD9114B1B68114A13603C
:10849000F8F7ACFB034605E00023C7F88830EBE5AE
:1084A00000BFE9E51846A837BD4680BD340300206B
:1084B0003803002000000000DC9B0208200300209D
:1084C0003C0300200AD7A33C2C0300200AD7233DFD
:1084D000300300205003002080B500AF04F0EAF81C
:1084E00008F020F905F072FF00BF80BD80B500AF35
:1084F000084B1B78002B06D0064B00221A7006484A
:1085000008F0CCF903E003F02FFEF8F751FA00BFB2
:1085100080BD00BF6F0300201876020880B584B0CC
:1085200000AF786039600AF053FA0346796818465C
:1085300005F0F0FB0346FB73FB7B002B07D03B6889
:10854000002B02D03B6800221A7001231AE03B681E
:10855000002B13D03B681B78002B0FD03B68002208
:108560001A707B68002B04D01022002178681CF060
:10857000ECF8064804F00AFA012303E0044804F08A
:1085800005FA002318461037BD4680BD208C02082E
:10859000448C020880B485B000AFF860B9607A609E
:1085A0003B60FB68002B0FD0BB68002B0CD07B68B6
:1085B000002B09D03B68002B06D0BB69012B03D9E7
:1085C000164B1B78002B01D1002322E0144B1A78A4
:1085D000FB681A70134B1A68BB681A60124B1A7842
:1085E0007B681A70114B1A783B681A707B680133EC
:1085F00000221A703B68013300221A70074B0022D8
:108600001A70BB681B680A4A13600A4B00221A7072
:10861000012318461437BD4680BC7047E403002090
:10862000E5030020E8030020EC030020ED03002018
:10863000F4030020F803002080B400AF024B1B6855
:108640001846BD4680BC7047F003002080B582B05C
:1086500000AF7860F9F78AFA05F034FF08F09EF869
:108660001B4B1B687A689A4201D000232CE0194BFF
:108670001B78002B11D079681748F9F7B7FC144B19
:1086800000221A60154B00221A70124B00221A7039
:10869000134B00221A60002316E0104B1B78002BAE
:1086A0000ED0104B1B687A689A4209D10E4B1B689A
:1086B000002B05D00C4B1B68072B01D8012303E0CE
:1086C0000A200AF08FF9C5E718460837BD4680BD75
:1086D000F4030020F8030020087C0208E4030020D3
:1086E00020030020E8030020F003002080B500AF45
:1086F0000122DFED060A642140F64E409FED040A98
:10870000FEF732FD0346184680BD00BFCDCCCC3D00
:108710000AD7A33D80B483B000AF0346FB71FB7959
:10872000002B01D0012200E00022034B1A7000BF91
:108730000C37BD4680BC70477003002080B500AF89
:10874000234B00221A60234B00221A70224B002276
:108750001A70224B00221A70214B00221A70214BF2
:1087600000221A70204B00221A70204B00221A603F
:108770001F4B00221A701F4B00221A601E4B002252
:108780001A601E4B4FF000021A601D4B4FF00002A2
:108790001A601C4B4FF000021A601B4B4FF0000296
:1087A0001A601A4B4FF000021A60194B4FF000028A
:1087B0001A6007F001FA174B1B68002B05D1164B06
:1087C0001B68002B01D1F8F749F800BF80BD00BF3E
:1087D000200300206C0300206D0300206E030020A6
:1087E0006403002065030020660300206803002066
:1087F000710300207C030020E003002034030020EC
:10880000380300203C0300204403002048030020DC
:108810004C030020F40300200004002080B500AFCA
:108820000AF0D6F80346FA3B064A1360064B1B785B
:10883000002B01D0054B00E0054B184604F0A6F8CC
:1088400000BF80BD7403002070030020708C0208FC
:10885000988C020880B582B000AF0AF0B9F8786051
:10886000144804F093F806E0FAF732FB07F096FF9D
:108870000A200AF0B7F8104B1B78002B08D00AF03A
:10888000A7F802467B68D31A40F6AB529342EBD965
:10889000094B1B78002B04D1084804F077F801231A
:1088A00003E0074804F072F8002318460837BD4675
:1088B00080BD00BFC08C020871030020E48C020858
:1088C0000C8D020880B500AF034B01221A700348DB
:1088D00004F05CF800BF80BD6E030020388D0208F4
:1088E00080B500AFF7F7BAFF00BF80BD80B500AF1D
:1088F000FAF7EEFA00BF80BD80B500AFFAF78CFA48
:10890000024804F043F800BF80BD00BF5C8D020840
:1089100080B400AF074B4FF000021A60064B4FF0D7
:1089200000021A60054B4FF000021A6000BFBD46FE
:1089300080BC704730030020500300203C0300201F
:1089400080B400AF024B1B781846BD4680BC704710
:108950006C03002080B400AF024B1B781846BD4664
:1089600080BC70476D03002080B500AFF8F7FAFBBC
:108970000346184680BD80B500AFF8F7D5FA034628
:10898000184680BD80B500AFF8F7A8FB034618462F
:1089900080BD80B582B000AF78607868F8F78EF956
:1089A00000BF0837BD4680BD80B582B000AF78609B
:1089B0007868F8F7B7F900BF0837BD4680BD80B5C5
:1089C00082B000AF78607868F9F7E2FF00BF08373F
:1089D000BD4680BD80B586B000AF87ED050AC7ED06
:1089E000040A87ED031AC7ED021A87ED012A97EDF5
:1089F000012AD7ED021A97ED031AD7ED040A97ED75
:108A0000050AFDF703F9034618461837BD4680BD31
:108A100080B584B000AF87ED030AC7ED020A87ED89
:108A2000011A97ED011AD7ED020A97ED030AFFF735
:108A3000F3F8034618461037BD4680BD80B586B0B2
:108A400000AF87ED050AC7ED040A87ED031AC7EDED
:108A5000021A87ED012AC7ED002AD7ED002A97ED0B
:108A6000012AD7ED021A97ED031AD7ED040A97ED04
:108A7000050AFCF76BFA034618461837BD4680BD59
:108A800080B5A0B000AFF860B9607A60974B1B78F2
:108A9000002B02D0964BFB6702E04FF07E53FB6742
:108AA000FB68002B12D0BB68002B0FD07B68002B1B
:108AB0000CD0904B1B68FA689A4207D1BB681B78B0
:108AC000002B03D07B681B78002B04D18A4B062235
:108AD0001A60002306E1F9688848F9F787FA884B9D
:108AE0001B68002B7BD1814B1B78002B01D01022FF
:108AF00000E01E22834B1A707C4B1B78002B01D0A8
:108B0000814B00E0814B184603F040FF7D4B1B7802
:108B1000DBB21846784B1B681F22194607F0EEF9A6
:108B2000B6EE002ADFED7A1A9FED7A1AD7ED1F0A0A
:108B30009FED790AFDF76AF8034687F87B3097F8CE
:108B40007B30002B00F093806E4B1B78DBB2184615
:108B5000694B1B682022194607F0D0F9694B212286
:108B60001A706E4803F012FF0222DFED6D0A6421D5
:108B70004FF4FA609FED6A0AFEF7F6FA034683F0B7
:108B80000103DBB2002B08D0F9686648F9F756FA02
:108B9000584B00221A600023A4E05A4B22221A707C
:108BA00007F114009623604A60211BF011FD07F1C4
:108BB0001403184603F0EAFE012387F87B309FED8B
:108BC000582ADFED571A9FED591ADFED530ABFEE11
:108BD000000AFDF71BF8034687F87B3047E0434B5C
:108BE0001B78002B01D01E2200E01022454B1A708A
:108BF000434B1B68062B21D0062B22D8052B1AD0FD
:108C0000052B1ED8042B13D0042B1AD8032B0CD001
:108C1000032B16D8012B02D0022B03D011E0444BBA
:108C20007B6711E0434B7B670EE0414B7B670BE0BA
:108C30003F4B7B6708E03E4B7B6705E03D4B7B6726
:108C400002E03B4B7B6700BFD7ED1F7AF1EE677AFE
:108C5000B6EE002AF6EE001A97ED1D1AF0EE670A3E
:108C60009FED2D0AFCF7D2FF034687F87B30F7F71C
:108C7000BDFF314B1B78002B0ED0F9682F48F9F758
:108C8000B5F91C4B00221A602B4B00221A701A4BAC
:108C900000221A60012325E097F87B3083F001035E
:108CA000DBB2002B08D0F9682548F9F7C7F9114B5A
:108CB00000221A60002315E05020FFF76AFEF968D1
:108CC0002048F9F793F90E4B1B68062B02D9094B84
:108CD00000221A600B4B1B78DBB2072B14BF012359
:108CE0000023DBB218468037BD4680BDE503002077
:108CF000000080BFF403002020030020908D0208B4
:108D0000F00300201C030020988D0208C48D020887
:108D1000CDCC4C3ECDCCCC3E00000000F08D020806
:108D2000CDCCCC3D348E0208408E02089A99193E73
:108D3000CDCCCC3DB81E053EF8030020087C0208CF
:108D40007C8E0208888E020880B582B000AF334B5B
:108D50001B78002B02D0324B7B6002E04FF07E5339
:108D60007B602E4B1B78002B01D0102200E01E22CE
:108D70002C4B1A70294B1B78002B01D02A4B00E09A
:108D80002A4B184603F002FEB6EE002ADFED281A41
:108D90009FED281AD7ED010A9FED270AFCF736FF51
:108DA0000346FB70FB7883F00103DBB2002B01D09C
:108DB00000232EE01B4B21221A70204803F0E6FD11
:108DC0000222DFED1F0A64214FF4FA609FED1C0AB6
:108DD000FEF7CAF9034683F00103DBB2002B01D092
:108DE000002316E00F4B22221A70164803F0CEFD26
:108DF0009FED132ADFED121A9FED131ADFED0E0A15
:108E0000BFEE000AFCF702FF0346FB70F7F7EEFE29
:108E1000FB7818460837BD4680BD00BF70030020B0
:108E2000000080BF1C030020908E0208D08E020834
:108E3000CDCC4C3ECDCCCC3E00000000148F0208BF
:108E4000CDCCCC3D648F02089A99193E80B483B092
:108E500000AF786039607B68002B06D03B68002B40
:108E600003D0154B1B78002B01D100231EE0134BC0
:108E70001A787B681A70124B1A683B681A600E4B9E
:108E800000221A703B681B680E4A13600E4B0022CA
:108E90001A700E4B00221A700D4B00221A700D4BE7
:108EA00000221A700C4B00221A70012318460C374E
:108EB000BD4680BC704700BFFA030020FB030020C2
:108EC000FC0300200004002004040020050400200E
:108ED00006040020070400200804002080B584B0A8
:108EE00000AF7860384B1B78002B02D0FFEE007A81
:108EF00001E0F7EE007A9FED357A67EE877A9FED15
:108F0000347A67EE877AC7ED037A7B68002B04D04A
:108F1000304B1B687A689A4204D02F4B06221A60A5
:108F200000234DE079682D48F9F7B0F8264B1B78FF
:108F3000002B01D02A4B00E02A4B184603F004FD19
:108F4000DFED290A97ED030AFEF7EAFF0346FB72FD
:108F5000204B1B68002B01D1002331E0FB7A83F00A
:108F60000103DBB2002B08D079682048F9F7DEF85E
:108F7000184B00221A60002322E0F7F737FE50203A
:108F8000FFF707FD79681A48F9F780F8114B0022BE
:108F90001A60184B00221A70174B00221A70174BD8
:108FA00000221A70164B00221A70164B00221A70FB
:108FB000154B1B78DBB2072B14BF01230023DBB258
:108FC00018461037BD4680BDFB030020DB0FC940AB
:108FD00080B7803F0004002020030020908D02080D
:108FE000A08F0208E08F0208CDCCCC3E2090020872
:108FF000888E0208040400200504002006040020D6
:1090000007040020080400201C03002080B582B063
:1090100000AF87ED010AC7ED000AD7ED000A97ED12
:10902000010AFDF7DDF8034618460837BD4680BD46
:1090300080B500AFFFF75AFB0346184680BD80B5E8
:1090400082B000AF87ED010A97ED010AFEF700FE3E
:10905000034618460837BD4680BD80B582B000AFD4
:1090600087ED010AC7ED000AD7ED000A97ED010A66
:10907000FEF756FF034618460837BD4680BD80B54B
:1090800082B000AF78607868FAF7BEF803461846F9
:109090000837BD4680BD80B500AF01210020FAF73A
:1090A00011FC0346184680BD80B582B000AF7860E1
:1090B00000217868FAF706FC034618460837BD46D3
:1090C00080BD80B582B000AF78607868FAF7DEFEC8
:1090D000034618460837BD4680BD80B582B000AF54
:1090E00078607868FBF7DAF8034618460837BD461B
:1090F00080BD80B584B000AFF860B9607A60FB7065
:10910000FB787A68B968F868FBF754FA03461846A2
:109110001037BD4680BD000080B483B000AF034669
:10912000FB71FB79002B02D04FF6FF7300E00023A8
:10913000034A136000BF0C37BD4680BC704700BFB8
:109140000004002080B500AFF9F790FF00BF80BD9C
:1091500080B400AF72B600BF00BFFDE790B486B028
:1091600000AF78600B46FB70FB78012B02D1012326
:109170003B7301E000233B733B7B002B02D00E4B83
:109180003B6102E04FF07E533B613B7B002B02D002
:10919000094B7B6102E04FF07E537B617B681C468C
:1091A00007F10C0393E8070084E807007868183794
:1091B000BD4690BC704700BF000080BF90B5ADF5C4
:1091C000057D02AF07F50273A3F2191300221A708E
:1091D00007F50273A3F5907300221A6007F5027376
:1091E000A3F5927300221A8007F50273A3F5947316
:1091F00000221A80002387F8933107F50273A3F247
:10920000291300221A7007F50273A3F59873002240
:109210001A60002387F89231FFF75EF9FFF766F9CD
:1092200007F1E00307F1E40207F1E80107F1EF00BD
:1092300002240094FFF7AEF9034687F8933107F153
:10924000D80207F1DF0311461846FFF7FFFD03467A
:1092500087F8923197F89331002B03D197F8923128
:10926000002B21D097F89331002B0ED007F5027315
:10927000A3F219131B78002B03D0012387F80732C0
:1092800017E0022387F8073213E007F50273A3F211
:1092900029131B78002B03D0012387F8073208E03D
:1092A000022387F8073204E002F054FF034687F8F0
:1092B000073297F80732002B06D1B74803F066FB58
:1092C0000620FFF771FBA9E707F50273A3F58C737E
:1092D00097F8072211461846FFF740FF07F502737B
:1092E000A3F58C731B781846FFF714FAFFF726FADC
:1092F00003F01AFB07F50273A3F58C731B78002BA0
:1093000006D0A64803F042FBA54803F04DFB05E05C
:10931000A44803F03BFBA44803F046FB97F89331C5
:1093200083F00103DBB2002B0ED097F8923183F06B
:109330000103DBB2002B07D001E0FFF703FFF7F7D3
:10934000DBFA0346002BF8D097F8933183F0010342
:10935000DBB2002B08D097F8923183F00103DBB227
:10936000002B01D0FFF75AFA97F8933183F00103ED
:10937000DBB2002B3ED097F8923183F00103DBB2D1
:10938000002B37D0FFF766FA034683F00103DBB208
:10939000002B2FD00823C7F88C31D7F88C31092B3C
:1093A00009D10921192006F07DFD06F0F3FD7F4863
:1093B00003F0ECFA32E77E4AD7F88C3113601420C0
:1093C000FFF7FDFA07F16400D7F88C31794A602184
:1093D0001BF0FEF807F16403184603F0D7FA744B4C
:1093E00000221A60744B1B78DBB2072B02D1724B40
:1093F00000221A70704B00221A70FFF7B5FA03466C
:1094000083F00103DBB2002B63D0694B1B68092B8F
:109410002FD10923C7F88831D7F88831092B09D112
:109420000921192006F03EFD06F0B4FD5F4803F067
:10943000ADFAF3E65E4AD7F8883113601420FFF7DF
:10944000BEFA07F16400D7F888315A4A60211BF050
:10945000BFF807F16403184603F098FA544B002252
:109460001A60554B1B78DBB2072B02D1524B0022FE
:109470001A700323C7F88431D7F88431092B09D136
:109480000921192006F00EFD06F084FD474803F07F
:109490007DFAC3E6464AD7F8843113601420FFF7FB
:1094A0008EFA07F16400D7F88431424A60211BF03C
:1094B0008FF807F16403184603F068FA3C4B00226A
:1094C0001A603D4B1B78DBB2072B02D13A4B0022CE
:1094D0001A70394B01221A7008F0E9FC03461A464B
:1094E000364B1A70354B1B78DBB2002B2FD0012383
:1094F000C7F88031D7F88031092B09D1092119200B
:1095000006F0D0FC06F046FD284803F03FFA85E659
:10951000274AD7F8803113601420FFF750FA07F17B
:109520006400D7F88031234A60211BF051F807F11D
:109530006403184603F02AFA1D4B00221A601E4BE2
:109540001B78DBB2072B02D11B4B00221A701A4B7F
:1095500002221A70FFF70FFA034683F00103DBB211
:10956000002B4CD0124B1B68092B03D10923C7F8E1
:10957000003202E00223C7F80032D7F80032092B8C
:109580001ED10921192006F08DFC06F003FD0748C5
:1095900003F0FCF942E600BF289002084890020858
:1095A000609002086C90020884900208949002086F
:1095B00020030020B09002081C0300202403002098
:1095C000B74AD7F8003213601420FFF7F8F907F113
:1095D0006400D7F80032B34A60211AF0F9FF07F1AE
:1095E0006403184603F0D2F9AD4B00221A60AE4B6B
:1095F0001B78DBB2072B02D1AB4B00221A70AA4BAF
:1096000003221A70FFF7BEF9034683F00103DBB2B1
:10961000002B2FD00423C7F87C31D7F87C31092BDD
:1096200009D10921192006F03DFC06F0B3FC9F4842
:1096300003F0ACF9F2E59A4AD7F87C3113601420B4
:10964000FFF7BDF907F16400D7F87C31954A602136
:109650001AF0BEFF07F16403184603F097F9904B28
:1096600000221A60904B1B78DBB2072B02D18E4B85
:1096700000221A70C820FFF78CF98B4B1B78DBB2E5
:10968000072B30D1864B1B68C7F87831D7F8783173
:10969000092B09D10921192006F004FC06F07AFCF7
:1096A000824803F073F9B9E57D4AD7F87831136041
:1096B0001420FFF784F907F16400D7F87831794A6C
:1096C00060211AF085FF07F16403184603F05EF984
:1096D000734B00221A60744B1B78DBB2072B02D14C
:1096E000714B00221A7009F073F9C7F8740107F57D
:1096F0000273A3F5A0731A460023136053609360AE
:10970000D36089E009F064F90246D7F87431D31ABE
:10971000B3F57A7F3BD907F50273A3F5847305226D
:109720001A6007F50273A3F584731B68092B09D12E
:109730000921192006F0B6FB06F02CFC5B4803F06B
:1097400025F96BE5564A07F50273A3F584731B6888
:1097500013601420FFF733F907F50273A3F5847340
:1097600007F164001B684F4A60211AF031FF07F1CE
:109770006403184603F00AF9494B00221A604A4B69
:109780001B78DBB2072B02D1474B00221A700A204C
:10979000FFF7FFF8444B1B78DBB2072B3CD107F5F2
:1097A0000273A3F586733E4A12681A6007F50273C6
:1097B000A3F586731B68092B09D10921192006F02E
:1097C00071FB06F0E7FB394803F0E0F826E5344A80
:1097D00007F50273A3F586731B6813601420FFF767
:1097E000EEF807F50273A3F5867307F164001B68B2
:1097F0002C4A60211AF0ECFE07F16403184603F0CE
:10980000C5F8274B00221A60274B1B78DBB2072BC9
:1098100002D1254B00221A7009F0DAF8024607F14E
:10982000C8031946104604F075FA034683F0010395
:10983000DBB2002B7FF466AFFFF76AF897F893313D
:10984000002B00F0118107F50273A3F590731B68DC
:1098500007F1E00207F1E4011846FFF711F90346AA
:1098600083F00103DBB2002B41D00D4B1B68002BB2
:1098700004D00B4B1B68C7F8FC3102E00523C7F886
:10988000FC31D7F8FC31092B12D10921192006F03F
:1098900009FB06F07FFB054803F078F8BEE400BF43
:1098A00020030020B09002081C03002094900208BE
:1098B000B24AD7F8FC3113601420FFF780F807F1A3
:1098C0006400D7F8FC31AE4A60211AF081FE07F13E
:1098D0006403184603F05AF8A84B00221A60A94BFB
:1098E0001B78DBB2072B02D1A64B00221A70A648C8
:1098F00003F04CF807F50273A3F590731B68184644
:10990000FEF7A4FE034683F00103DBB2002B41F017
:10991000498407F50273A3F590731A6807F502737B
:10992000A3F5A2731A60FEF787FEC7F8240107F1BA
:10993000E00307F1E40207F1C40107F1EF0002249C
:109940000094FEF727FE034683F00103DBB2002BF1
:109950002FD00A23C7F82031D7F82031092B09D19D
:109960000921192006F09EFA06F014FB874803F03F
:109970000DF853E4814AD7F8203113601420FFF723
:109980001EF807F16400D7F820317D4A60211AF0F3
:109990001FFE07F16403184602F0F8FF774B002220
:1099A0001A60784B1B78DBB2072B02D1754B002273
:1099B0001A7007F50273A3F5A2731B6807F1E002A2
:1099C00007F1E4011846FFF75BF8034683F0010353
:1099D000DBB2002B38D0694B1B68002B04D0674BDF
:1099E0001B68C7F8F83102E00523C7F8F831D7F84B
:1099F000F831092B09D10921192006F053FA06F094
:109A0000C9FA624802F0C2FF08E45C4AD7F8F831AC
:109A100013601420FEF7D3FF07F16400D7F8F83184
:109A2000574A60211AF0D4FD07F16403184602F08A
:109A3000ADFF524B00221A60524B1B78DBB2072B52
:109A400002D1504B00221A70D7F82431062B01D9CD
:109A50004F4B00E04C4B184602F098FFD7F82431EA
:109A6000062B01F2A18345E797F89231002B4CD0E9
:109A7000444B13221A7007F50273A3F598731B6801
:109A80001846FFF72BFA034683F00103DBB2002BE5
:109A900036D03A4B1B68002B01F08883374B1B688C
:109AA000C7F82831D7F82831092B0AD10921192004
:109AB00006F0F8F906F06EFA344802F067FFFFF797
:109AC000ADBB2E4AD7F8283113601420FEF777FF7C
:109AD00007F16400D7F82831294A60211AF078FD8F
:109AE00007F16403184602F051FF244B00221A606C
:109AF000244B1B78DBB2072B02D1224B00221A70B9
:109B0000244802F043FF01F052BBFEF7F5FE1D4B67
:109B100020221A7007F50273A3F58C73D3ED017A36
:109B200007F50273A3F58C7393ED027AF0EE470A02
:109B3000B0EE670AFFF76AFA034683F00103DBB26F
:109B4000002B48D00D4B1B68002B04D00B4B1B681F
:109B5000C7F8F43102E00523C7F8F431D7F8F4313F
:109B6000092B19D10921192006F09CF906F012FAE7
:109B7000064802F00BFFFFF751BB00BF2003002097
:109B8000B09002081C030020E090020894900208A4
:109B90000491020828910208B94AD7F8F4311360F9
:109BA0001420FEF70CFF07F16400D7F8F431B54A32
:109BB00060211AF00DFD07F16403184602F0E6FE7D
:109BC000AF4B00221A60B04B1B78DBB2072B02D1DF
:109BD000AD4B00221A705020FEF7DBFEAA4B1B781B
:109BE000DBB2072B31D1A64B1B68C7F87031D7F811
:109BF0007031092B0AD10921192006F053F906F01A
:109C0000C9F9A24802F0C2FEFFF708BB9C4AD7F888
:109C1000703113601420FEF7D2FE07F16400D7F80C
:109C20007031984A60211AF0D3FC07F1640318469A
:109C300002F0ACFE924B00221A60934B1B78DBB211
:109C4000072B02D1904B00221A70FCF779FA0346D9
:109C500083F00103DBB2002B39D0894B1B68002B4A
:109C600004D0874B1B68C7F8F03102E00823C7F81F
:109C7000F031D7F8F031092B0AD10921192006F06B
:109C800011F906F087F9814802F080FEFFF7C6BAA5
:109C90007B4AD7F8F03113601420FEF790FE07F1ED
:109CA0006400D7F8F031774A60211AF091FC07F18F
:109CB0006403184602F06AFE714B00221A60724B70
:109CC0001B78DBB2072B02D16F4B00221A70FEF714
:109CD000F9FD6D4B21221A70FFF7AAF9034683F0B4
:109CE0000103DBB2002B51D0654B1B680B2B12D14B
:109CF000634B00221A60644B22221A7007F1640041
:109D00000023634A60211AF063FC07F164031846DC
:109D100002F03CFE89E05A4B1B68002B04D0584BE4
:109D20001B68C7F8EC3102E00523C7F8EC31D7F81F
:109D3000EC31092B0AD10921192006F0B3F806F0FD
:109D400029F9524802F022FEFFF768BA4C4AD7F8C8
:109D5000EC3113601420FEF732FE07F16400D7F8EF
:109D6000EC31484A60211AF033FC07F164031846CD
:109D700002F00CFE424B00221A60434B1B78DBB210
:109D8000072B52D1404B00221A704EE03E4B22224C
:109D90001A709FED402ADFED401A9FED401ADFED6B
:109DA000400ABFEE000AFEF715FE034683F00103EA
:109DB000DBB2002B39D0324B1B68002B04D0304B68
:109DC0001B68C7F8E83102E00523C7F8E831D7F887
:109DD000E831092B0AD10921192006F063F806F0B1
:109DE000D9F82A4802F0D2FDFFF718BA244AD7F86A
:109DF000E83113601420FEF7E2FD07F16400D7F8A4
:109E0000E831204A60211AF0E3FB07F164031846A9
:109E100002F0BCFD1A4B00221A601B4B1B78DBB210
:109E2000072B02D1184B00221A70174B16221A70FA
:109E30000A20FEF7C4FD1B48FFF721F9034683F013
:109E40000103DBB2002B4ED00D4B1B68002B04D05E
:109E50000B4B1B68C7F8E43102E00823C7F8E43174
:109E6000D7F8E431092B1FD10921192006F01AF87F
:109E700006F090F8054802F089FDFFF7CFB900BF62
:109E800020030020B09002081C03002094900208D8
:109E900048910208CDCCCC3D0AD7A33D295C8F3D2B
:109EA0000000000084910208B94AD7F8E431136039
:109EB0001420FEF784FD07F16400D7F8E431B54AB9
:109EC00060211AF085FB07F16403184602F05EFD7D
:109ED000AF4B00221A60B04B1B78DBB2072B02D1CC
:109EE000AD4B00221A70FEF735FD0346002B08D15A
:109EF000FEF726FD0346002B01D00C2302E00B23C6
:109F000000E00D231846FEF75AFDA44802F03EFD7E
:109F1000A14B23221A7007F50273A3F58C731B78EB
:109F2000002B01D09E4B00E09E4B184602F02EFD08
:109F300007F50273A3F58C73D3ED017A9FED9A7A3E
:109F400027EE877A07F50273A3F58C73D3ED027AB7
:109F5000DFED966A67EEA67ADFED956A67EEA67A80
:109F6000F0EE672AB6EE002ADFED921A9FED921A04
:109F7000F0EE470A9FED910AFEF760FD034683F07D
:109F80000103DBB2002B39D0814B1B68002B04D0BE
:109F90007F4B1B68C7F8E03102E00523C7F8E031CA
:109FA000D7F8E031092B0AD10921192005F07AFFF1
:109FB00005F0F0FF824802F0E9FCFFF72FB9744A80
:109FC000D7F8E03113601420FEF7F9FC07F16400C4
:109FD000D7F8E0316F4A60211AF0FAFA07F164030A
:109FE000184602F0D3FC6A4B00221A606A4B1B78B9
:109FF000DBB2072B02D1684B00221A705020FEF70B
:10A00000C8FC654B1B78DBB2072B31D1604B1B685A
:10A01000C7F86C31D7F86C31092B0AD10921192006
:10A0200005F040FF05F0B6FF654802F0AFFCFFF712
:10A03000F5B8574AD7F86C3113601420FEF7BFFC0F
:10A0400007F16400D7F86C31524A60211AF0C0FA67
:10A0500007F16403184602F099FC4D4B00221A6088
:10A060004D4B1B78DBB2072B02D14B4B00221A70F1
:10A07000544802F08BFC9FED540AFEF7E0FF0346C4
:10A0800083F00103DBB2002B39D0414B1B68002B5E
:10A0900004D03F4B1B68C7F8DC3102E00723C7F848
:10A0A000DC31D7F8DC31092B0AD10921192005F060
:10A0B000F9FE05F06FFF424802F068FCFFF7AEB80A
:10A0C000334AD7F8DC3113601420FEF778FC07F12F
:10A0D0006400D7F8DC312F4A60211AF079FA07F1D1
:10A0E0006403184602F052FC294B00221A602A4BE6
:10A0F0001B78DBB2072B02D1274B00221A705020AD
:10A10000FEF747FC244B1B78DBB2072B31D1204BE9
:10A110001B68C7F86831D7F86831092B0AD10921C3
:10A12000192005F0BFFE05F035FF254802F02EFC92
:10A13000FFF774B8164AD7F8683113601420FEF799
:10A140003EFC07F16400D7F86831124A60211AF02A
:10A150003FFA07F16403184602F018FC0C4B00228A
:10A160001A600D4B1B78DBB2072B02D10A4B002281
:10A170001A70164802F00AFC074B17221A7007F5EE
:10A180000273A3F58C731B78002B23D0104B22E0B5
:10A1900020030020B09002081C03002090910208C8
:10A1A000CC9102081C92020814AE074037204040B0
:10A1B00080B7803F3333B33FA2DA2040CDCCAC3FF1
:10A1C000949002087092020800000000B092020809
:10A1D000F0920208BA4B184602F0D8FBFEF75BFF7C
:10A1E000034683F00103DBB2002B39D0B54B1B686B
:10A1F000002B04D0B34B1B68C7F8D43102E008230E
:10A20000C7F8D431D7F8D431092B0AD10921192044
:10A2100005F048FE05F0BEFEAB4802F0B7FBFEF7C6
:10A22000FDBFA84AD7F8D43113601420FEF7C7FB4E
:10A2300007F16400D7F8D431A44A60211AF0C8F9B4
:10A2400007F16403184602F0A1FB9E4B00221A603E
:10A250009F4B1B78DBB2072B02D19D4B00221A705B
:10A260009C4802F093FBFEF76FFD034683F0010369
:10A27000DBB2002B39D0934B1B68002B04D0914BE1
:10A280001B68C7F8D03102E00523C7F8D031D7F8F2
:10A29000D031092B0AD10921192005F003FE05F060
:10A2A00079FE894802F072FBFEF7B8BF854AD7F8FD
:10A2B000D03113601420FEF782FB07F16400D7F859
:10A2C000D031824A60211AF083F907F164031846FD
:10A2D00002F05CFB7B4B00221A607D4B1B78DBB2EB
:10A2E000072B02D17A4B00221A705020FEF751FB47
:10A2F000774B1B78DBB2072B31D1724B1B68C7F849
:10A300006431D7F86431092B0AD10921192005F0ED
:10A31000C9FD05F03FFE6C4802F038FBFEF77EBF3A
:10A32000684AD7F8643113601420FEF748FB07F140
:10A330006400D7F86431654A60211AF049F907F1E1
:10A340006403184602F022FB5E4B00221A60604B49
:10A350001B78DBB2072B02D15D4B00221A70002361
:10A36000C7F8D831B2E15A4B17221A70D7F8D83152
:10A370000133381D584A60211AF02AF93B1D18464E
:10A3800002F004FB0A20FEF71AFBD7F8D83101339C
:10A390001846FEF789FE034683F00103DBB2002B6B
:10A3A00039D0484B1B68002B04D0464B1B68C7F8BC
:10A3B000CC3102E00823C7F8CC31D7F8CC31092BD7
:10A3C0000AD10921192005F06DFD05F0E3FD3E4895
:10A3D00002F0DCFAFEF722BF3A4AD7F8CC3113601C
:10A3E0001420FEF7ECFA07F16400D7F8CC31374AB5
:10A3F00060211AF0EDF807F16403184602F0C6FA7E
:10A40000304B00221A60324B1B78DBB2072B02D193
:10A410002F4B00221A70FEF79DFA0346002B08D13D
:10A42000FEF78EFA0346002B01D00C2302E00B232B
:10A4300000E00D231846FEF7C2FAD7F8D8310133F1
:10A44000072B00F23E81D7F8D831052B4AD0D7F838
:10A45000D831052B4AD8D7F8D831042B2CD0D7F8CF
:10A46000D831042B42D8D7F8D831032B20D0D7F8D5
:10A47000D831032B3AD8D7F8D831022B14D0D7F8DB
:10A48000D831022B32D8D7F8D831002B04D0D7F8E6
:10A49000D831012B04D029E0104BC7F8C83129E08E
:10A4A0000F4BC7F8C83125E00C4BC7F8C83121E085
:10A4B0000A4BC7F8C8311DE0084BC7F8C83119E08E
:10A4C000309302082003002094900208B090020804
:10A4D0001C03002070930208A0930208CDCCCC3D51
:10A4E000B81E053EB54BC7F8C83103E0B44BC7F8FA
:10A4F000C83100BF5020FEF74CFAB24B1B78DBB2DC
:10A50000072B31D1B04B1B68C7F83031D7F8303149
:10A51000092B0AD10921192005F0C4FC05F03AFDE8
:10A52000AA4802F033FAFEF779BEA74AD7F83031CD
:10A5300013601420FEF743FA07F16400D7F83031B6
:10A54000A34A60211AF044F807F16403184602F0A8
:10A550001DFA9D4B00221A609A4B1B78DBB2072B29
:10A5600002D1984B00221A7007F50273A3F58C7381
:10A570001B78002B01D01E2200E01022914B1A7094
:10A58000D7ED727A9FED937A67EE877AFCEEE77AE1
:10A59000381D17EE903A904A60211AF019F83B1DC9
:10A5A000184602F0F3F907F50273A3F58C73D3EDA7
:10A5B000017AF1EE677AB6EE002AF6EE001A97ED10
:10A5C000721AF0EE670A9FED850AFEF703FA03465A
:10A5D00083F00103DBB2002B39D07B4B1B68002BCF
:10A5E00004D0794B1B68C7F8C43102E00523C7F8D3
:10A5F000C431D7F8C431092B0AD10921192005F03B
:10A6000051FC05F0C7FC714802F0C0F9FEF706BE28
:10A610006D4AD7F8C43113601420FEF7D0F907F162
:10A620006400D7F8C4316A4A602119F0D1FF07F1FC
:10A630006403184602F0AAF9634B00221A60614BCA
:10A640001B78DBB2072B02D15E4B00221A70502020
:10A65000FEF79FF95B4B1B78DBB2072B31D15A4BCE
:10A660001B68C7F82C31D7F82C31092B0AD10921E6
:10A67000192005F017FC05F08DFC544802F086F90E
:10A68000FEF7CCBD504AD7F82C3113601420FEF7EA
:10A6900096F907F16400D7F82C314D4A602119F082
:10A6A00097FF07F16403184602F070F9464B002249
:10A6B0001A60444B1B78DBB2072B02D1414B0022BE
:10A6C0001A70D7F8D8310133C7F8D831D7F8D83154
:10A6D000072B7FF648AE3B4B11221A7007F5027329
:10A6E000A3F58C73D3ED017AF1EE677A9FED3B7A97
:10A6F00067EE877A9FED3A1AF0EE670A9FED380A07
:10A70000FEF786F9034683F00103DBB2002B39D054
:10A710002D4B1B68002B04D02B4B1B68C7F8C03196
:10A7200002E00523C7F8C031D7F8C031092B0AD1A0
:10A730000921192005F0B6FB05F02CFC234802F096
:10A7400025F9FEF76BBD204AD7F8C03113601420FD
:10A75000FEF735F907F16400D7F8C0311C4A6021D3
:10A7600019F036FF07F16403184602F00FF9164B93
:10A7700000221A60134B1B78DBB2072B02D1114B5E
:10A7800000221A705020FEF704F90E4B1B78DBB242
:10A79000072B46D10C4B1B68C7F86031D7F86031E6
:10A7A000092B1FD10921192005F07CFB05F0F2FBD4
:10A7B000064802F0EBF8FEF731BD00BFB81E053EBB
:10A7C000CDCCCC3D1C030020200300209490020837
:10A7D000B090020800007A44C8930208000000000C
:10A7E0003333733FA54AD7F8603113601420FEF766
:10A7F000E6F807F16400D7F86031A14A602119F04A
:10A80000E7FE07F16403184602F0C0F89B4B0022F4
:10A810001A609C4B1B78DBB2072B02D1994B0022AC
:10A820001A7007F50273A3F58C731B78002B01D007
:10A830001F2200E01222934B1A7007F50273A3F552
:10A840008C73D3ED027A9FED907A67EE877A9FED55
:10A850008F7A67EE877AB0EE670AFEF7F0FB034661
:10A8600083F00103DBB2002B39D0844B1B68002B33
:10A8700004D0824B1B68C7F8BC3102E00723C7F83D
:10A88000BC31D7F8BC31092B0AD10921192005F0B8
:10A8900009FB05F07FFB7E4802F078F8FEF7BEBCAE
:10A8A000764AD7F8BC3113601420FEF788F807F118
:10A8B0006400D7F8BC31724A602119F089FE07F1B3
:10A8C0006403184602F062F86C4B00221A606D4B6C
:10A8D0001B78DBB2072B02D16A4B00221A70502082
:10A8E000FEF757F8674B1B78DBB2072B31D1634B70
:10A8F0001B68C7F85C31D7F85C31092B0AD10921F4
:10A90000192005F0CFFA05F045FB614802F03EF84A
:10A91000FEF784BC594AD7F85C3113601420FEF767
:10A920004EF807F16400D7F85C31554A602119F000
:10A930004FFE07F16403184602F028F84F4B00223F
:10A940001A60504B1B78DBB2072B02D14D4B002213
:10A950001A70002387F85B314A4B18221A700A20BC
:10A96000FEF72DF84B48FEF7ACFB034687F85B314A
:10A9700097F85B3183F00103DBB2002B35D03F4BFE
:10A980001B68002B31D03D4B1B68C7F85431D7F8FA
:10A990005431092B0AD10921192005F083FA05F059
:10A9A000F9FA3B4801F0F2FFFEF738BC334AD7F81A
:10A9B000543113601420FEF702F807F16400D7F851
:10A9C00054312F4A602119F003FE07F16403184641
:10A9D00001F0DCFF294B00221A602A4B1B78DBB206
:10A9E000072B02D1274B00221A7097F85B31002BFE
:10A9F00001D00F2300E00C231846FDF7E0FF214BA8
:10AA000013221A700120FEF787FB07F50273A3F5E6
:10AA10008C73D3ED027A9FED207A67EE877A9FEDF3
:10AA20001B7A67EE877ADFED1D0AB0EE670AFEF744
:10AA300014FB034683F00103DBB2002B4FD0002050
:10AA4000FEF76AFB0D4B1B68002B04D00B4B1B68F9
:10AA5000C7F8B83102E00523C7F8B831D7F8B831E4
:10AA6000092B1DD10921192005F01CFA05F092FAD5
:10AA7000074801F08BFFFEF7D1BB00BF2003002089
:10AA8000B09002081C0300200998C43F80B7803FA3
:10AA900094900208EC930208DB0FC9406666E63E1C
:10AAA000B14AD7F8B83113601420FDF788FF07F1D9
:10AAB0006400D7F8B831AD4A602119F089FD07F17B
:10AAC0006403184601F062FFA74B00221A60A84BEE
:10AAD0001B78DBB2072B02D1A54B00221A70002095
:10AAE000FEF71AFB5020FDF754FFA14B1B78DBB299
:10AAF000072B31D19C4B1B68C7F85031D7F8503128
:10AB0000092B0AD10921192005F0CCF905F042FAE8
:10AB1000984801F03BFFFEF781BB934AD7F85031CC
:10AB200013601420FDF74BFF07F16400D7F8503194
:10AB30008E4A602119F04CFD07F16403184601F0BC
:10AB400025FF894B00221A60894B1B78DBB2072B4B
:10AB500002D1874B00221A7097F85B31002B4BD043
:10AB6000834B18221A700D20FDF729FF8248FEF74B
:10AB7000B4FA034683F00103DBB2002B39D07A4BE1
:10AB80001B68002B04D0784B1B68C7F8B43102E077
:10AB90000823C7F8B431D7F8B431092B0AD10921F9
:10ABA000192005F07FF905F0F5F9724801F0EEFE85
:10ABB000FEF734BB6C4AD7F8B43113601420FDF7AC
:10ABC000FEFE07F16400D7F8B431684A602119F03D
:10ABD000FFFC07F16403184601F0D8FE624B002227
:10ABE0001A60634B1B78DBB2072B02D1604B00224B
:10ABF0001A700E20FDF7E3FE07F50273A3F58C73C0
:10AC00001B78002B00F08480594B09221A705B4896
:10AC100001F0BCFE9FED5A0AFEF711FA034683F0DD
:10AC20000103DBB2002B39D04F4B1B68002B04D043
:10AC30004D4B1B68C7F8B03102E00723C7F8B031AD
:10AC4000D7F8B031092B0AD10921192005F02AF9CA
:10AC500005F0A0F9474801F099FEFEF7DFBA424A35
:10AC6000D7F8B03113601420FDF7A9FE07F1640096
:10AC7000D7F8B0313D4A602119F0AAFC07F164030E
:10AC8000184601F083FE384B00221A60384B1B78BF
:10AC9000DBB2072B02D1364B00221A705020FDF791
:10ACA00078FE334B1B78DBB2072B31D12E4B1B6860
:10ACB000C7F84C31D7F84C31092B0AD1092119209A
:10ACC00005F0F0F805F066F92A4801F05FFEFEF79E
:10ACD000A5BA254AD7F84C3113601420FDF76FFE52
:10ACE00007F16400D7F84C31204A602119F070FC5C
:10ACF00007F16403184601F049FE1B4B00221A605D
:10AD00001B4B1B78DBB2072B02D1194B00221A70A8
:10AD1000174B14221A709FED1B1ADFED1B0AB7EEBA
:10AD2000000AFDF775FE034683F00103DBB2002B3A
:10AD30004BD00D4B1B68002B04D00B4B1B68C7F886
:10AD4000AC3102E00523C7F8AC31D7F8AC31092BA0
:10AD50001CD10921192005F0A5F805F01BF90548BB
:10AD600001F014FEFEF75ABA20030020B09002084A
:10AD70001C03002094900208EC930208FC93020844
:10AD8000DFB1C53F6666263F00000000A44AD7F841
:10AD9000AC3113601420FDF712FE07F16400D7F800
:10ADA000AC31A04A602119F013FC07F16403184686
:10ADB00001F0ECFD9A4B00221A609B4B1B78DBB232
:10ADC000072B02D1984B00221A705020FDF7E1FDAD
:10ADD000954B1B78DBB2072B31D1914B1B68C7F821
:10ADE0004831D7F84831092B0AD10921192005F03B
:10ADF00059F805F0CFF88D4801F0C8FDFEF70EBAFE
:10AE0000874AD7F8483113601420FDF7D8FD07F1C1
:10AE10006400D7F84831834A602119F0D9FB07F163
:10AE20006403184601F0B2FD7D4B00221A607E4B90
:10AE30001B78DBB2072B02D17B4B00221A709FEDEF
:10AE40007C0A002001F030FD7A4801F09FFD41F2BC
:10AE50008830FDF79EFD744B1B78DBB2072B31D198
:10AE60006F4B1B68C7F84431D7F84431092B0AD11E
:10AE70000921192005F016F805F08CF86B4801F04F
:10AE800085FDFEF7CBB9664AD7F84431136014202C
:10AE9000FDF795FD07F16400D7F84431614A602160
:10AEA00019F096FB07F16403184601F06FFD5C4B47
:10AEB00000221A605C4B1B78DBB2072B02D15A4B85
:10AEC00000221A709FED5C0A002001F0EDFC5B4847
:10AED00001F05CFD4FF42F70FDF75BFD524B1B78CA
:10AEE000DBB2072B31D14E4B1B68C7F84031D7F886
:10AEF0004031092B0AD10921192004F0D3FF05F0B4
:10AF000049F84A4801F042FDFEF788B9444AD7F8AB
:10AF1000403113601420FDF752FD07F16400D7F8AB
:10AF20004031404A602119F053FB07F16403184691
:10AF300001F02CFD3A4B00221A603B4B1B78DBB230
:10AF4000072B02D1384B00221A70374B10221A708F
:10AF5000B6EE002ADFED3A1A9FED3A1AFFEE000A2C
:10AF60009FED390AFDF736FD034683F00103DBB29E
:10AF7000002B39D02A4B1B68002B04D0284B1B68B0
:10AF8000C7F8A83102E00523C7F8A831D7F8A831DF
:10AF9000092B0AD10921192004F084FF04F0FAFFDB
:10AFA000224801F0F3FCFEF739B91D4AD7F8A83161
:10AFB00013601420FDF703FD07F16400D7F8A831F2
:10AFC000184A602119F004FB07F16403184601F0E8
:10AFD000DDFC134B00221A60134B1B78DBB2072BEE
:10AFE00002D1114B00221A705020FDF7D2FC0E4BFB
:10AFF0001B78DBB2072B48D1094B1B68C7F83C31E3
:10B00000D7F83C31092B21D10921192004F04AFF3E
:10B0100004F0C0FF054801F0B9FCFEF7FFB800BF1F
:10B0200020030020B09002081C0300209490020826
:10B030000000A042409402080000164380940208D9
:10B040003333B33F9A99993E00000000B64AD7F8CF
:10B050003C3113601420FDF7B2FC07F16400D7F80F
:10B060003C31B24A602119F0B3FA07F16403184683
:10B0700001F08CFCAC4B00221A60AD4B1B78DBB2AC
:10B08000072B02D1AA4B00221A70AA4801F07EFCBD
:10B090009FEDA90A012001F007FCA84801F076FC09
:10B0A00041F28830FDF775FCA14B1B78DBB2072B12
:10B0B00031D19D4B1B68C7F83831D7F83831092B8F
:10B0C0000AD10921192004F0EDFE04F063FF9C4829
:10B0D00001F05CFCFEF7A2B8934AD7F83831136050
:10B0E0001420FDF76CFC07F16400D7F838318F4A63
:10B0F000602119F06DFA07F16403184601F046FC6F
:10B10000894B00221A608A4B1B78DBB2072B02D1D5
:10B11000874B00221A70B3EE0E0A012001F0C4FB27
:10B12000884801F033FC4FF42F70FDF732FC804B60
:10B130001B78DBB2072B31D17B4B1B68C7F834314E
:10B14000D7F83431092B0AD10921192004F0AAFEBD
:10B1500004F020FF7A4801F019FCFEF75FB8724A4C
:10B16000D7F8343113601420FDF729FC07F164008F
:10B17000D7F834316D4A602119F02AFA07F16403D7
:10B18000184601F003FC684B00221A60684B1B78DC
:10B19000DBB2072B02D1664B00221A706A4801F01D
:10B1A000F5FB04E000BF02E000BF00E000BF97F83D
:10B1B0009331002B04D197F89231002B00F0DD82FF
:10B1C000624801F0E3FB5A4B25221A7000234FF42A
:10B1D0007A724FF4FA711720FDF78BFF034683F064
:10B1E0000103DBB2002B39D04F4B1B68002B04D07E
:10B1F0004D4B1B68C7F8A43102E00823C7F8A431FF
:10B20000D7F8A431092B0AD10921192004F04AFEEC
:10B2100004F0C0FE4A4801F0B9FBFDF7FFBF424A07
:10B22000D7F8A43113601420FDF7C9FB07F16400BF
:10B23000D7F8A4313D4A602119F0CAF907F1640337
:10B24000184601F0A3FB384B00221A60384B1B78DC
:10B25000DBB2072B02D1364B00221A705020FDF7CB
:10B2600098FB334B1B78DBB2072B31D12E4B1B687D
:10B27000C7F81C31D7F81C31092B0AD10921192034
:10B2800004F010FE04F086FE2D4801F07FFBFDF770
:10B29000C5BF254AD7F81C3113601420FDF78FFB7A
:10B2A00007F16400D7F81C31204A602119F090F9A9
:10B2B00007F16403184601F069FB1B4B00221A607A
:10B2C0001B4B1B78DBB2072B02D1194B00221A70E3
:10B2D000174B25221A7000234FF47A724FF47A71BB
:10B2E0001720FDF706FF034683F00103DBB2002BB6
:10B2F0004DD00D4B1B68002B04D00B4B1B68C7F8BF
:10B30000A03102E00823C7F8A031D7F8A031092BFB
:10B310001ED10921192004F0C5FD04F03BFE0848A8
:10B3200001F034FBFDF77ABF20030020B090020843
:10B330001C030020BC9402080000B442F4940208EC
:10B34000949002083495020870950208AC950208A2
:10B35000AA4AD7F8A03113601420FDF730FB07F19B
:10B360006400D7F8A031A64A602119F031F907F13D
:10B370006403184601F00AFBA04B00221A60A14B9F
:10B380001B78DBB2072B02D19E4B00221A70502093
:10B39000FDF7FFFA9B4B1B78DBB2072B31D1974BA4
:10B3A0001B68C7F81831D7F81831092B0AD10921C1
:10B3B000192004F077FD04F0EDFD934801F0E6FA62
:10B3C000FDF72CBF8D4AD7F8183113601420FDF714
:10B3D000F6FA07F16400D7F81831894A602119F0AC
:10B3E000F7F807F16403184601F0D0FA834B002206
:10B3F0001A60844B1B78DBB2072B02D1814B0022F1
:10B400001A7007F50273A3F58C731B78002B00F0FC
:10B41000A7817C4B10221A7007F50273A3F58C7379
:10B42000D3ED017AB6EE002ADFED781A9FED781A97
:10B43000F0EE670A9FED770AFDF7CCFA034683F03A
:10B440000103DBB2002B39D06C4B1B68002B04D0FE
:10B450006A4B1B68C7F89C3102E00523C7F89C3192
:10B46000D7F89C31092B0AD10921192004F01AFDC3
:10B4700004F090FD644801F089FAFDF7CFBE5F4A01
:10B48000D7F89C3113601420FDF799FA07F1640096
:10B49000D7F89C315A4A602119F09AF807F16403F1
:10B4A000184601F073FA554B00221A60554B1B7871
:10B4B000DBB2072B02D1534B00221A705020FDF74C
:10B4C00068FA504B1B78DBB2072B31D14B4B1B6812
:10B4D000C7F81431D7F81431092B0AD109211920E2
:10B4E00004F0E0FC04F056FD474801F04FFAFDF788
:10B4F00095BE424AD7F8143113601420FDF75FFA65
:10B5000007F16400D7F814313D4A602119F060F862
:10B5100007F16403184601F039FA384B00221A602B
:10B52000384B1B78DBB2072B02D1364B00221A7046
:10B53000344B24221A7000234FF47A724FF4966130
:10B540000C20FDF7D6FD034683F00103DBB2002B90
:10B5500039D02A4B1B68002B04D0284B1B68C7F836
:10B56000983102E00823C7F89831D7F89831092BB1
:10B570000AD10921192004F095FC04F00BFD2248A2
:10B5800001F004FAFDF74ABE1C4AD7F8983113605F
:10B590001420FDF714FA07F16400D7F89831184A1F
:10B5A000602119F015F807F16403184601F0EEF96F
:10B5B000124B00221A60134B1B78DBB2072B02D10F
:10B5C000104B00221A705020FDF7E3F90D4B1B7849
:10B5D000DBB2072B3FD1094B1B68C7F81031D7F8F6
:10B5E0001031092B18D10921192004F05BFC04F05B
:10B5F000D1FC054801F0CAF9FDF710BE2003002078
:10B60000B09002081C030020949002083333B33F2B
:10B610009A99993E00000000924AD7F810311360C1
:10B620001420FDF7CCF907F16400D7F810318E4AE9
:10B63000602118F0CDFF07F16403184601F0A6F968
:10B64000884B00221A60894B1B78DBB2072B02D192
:10B65000864B00221A70854B24221A7000234FF467
:10B660007A724FF416710C20FDF743FD034683F008
:10B670000103DBB2002B39D07A4B1B68002B04D0BE
:10B68000784B1B68C7F8943102E00823C7F894315F
:10B69000D7F89431092B0AD10921192004F002FCB2
:10B6A00004F078FC724801F071F9FDF7B7BD6D4AFE
:10B6B000D7F8943113601420FDF781F907F1640085
:10B6C000D7F89431684A602118F082FF07F16403CB
:10B6D000184601F05BF9634B00221A60634B1B783C
:10B6E000DBB2072B02D1614B00221A705020FDF70C
:10B6F00050F95E4B1B78DBB2072B31D1594B1B68DD
:10B70000C7F80C31D7F80C31092B0AD109211920BF
:10B7100004F0C8FB04F03EFC554801F037F9FDF792
:10B720007DBD504AD7F80C3113601420FDF747F95E
:10B7300007F16400D7F80C314B4A602118F048FF3C
:10B7400007F16403184601F021F9464B00221A6004
:10B75000464B1B78DBB2072B02D1444B00221A70F8
:10B7600007F50273A3F58C731B78002B01D0414BB6
:10B7700000E0414B184601F009F93C4B05221A70D4
:10B780004FF47A70FDF705F9384B1B78DBB2072BC5
:10B790003DD107F50273A3F58073324A12681A602F
:10B7A00007F50273A3F580731B68092B0AD10921E1
:10B7B000192004F077FB04F0EDFB2D4801F0E6F8CA
:10B7C000FDF72CBD274A07F50273A3F580731B68AC
:10B7D00013601420FDF7F3F807F50273A3F58073E7
:10B7E00007F164001B68204A602118F0F1FE07F1A0
:10B7F0006403184601F0CAF81A4B00221A601B4B6A
:10B800001B78DBB2072B02D1184B00221A7002F012
:10B8100077FA034683F00103DBB2002B09D1C8217C
:10B82000082001F083FA034683F00103DBB2002B0A
:10B8300049D007F50273A3F5827305221A6007F554
:10B840000273A3F582731B68092B17D109211920F4
:10B8500004F028FB04F09EFB054801F097F8FDF783
:10B86000DDBC00BF20030020B09002081C030020B4
:10B8700094900208E095020824960208364A07F5DB
:10B880000273A3F582731B6813601420FDF797F809
:10B8900007F50273A3F5827307F164001B682F4A52
:10B8A000602118F095FE07F16403184601F06EF868
:10B8B000294B00221A602A4B1B78DBB2072B02D1DE
:10B8C000274B00221A70264B06221A7007F080F8C8
:10B8D000234B1B78DBB219461F4B1A68214BD3ED63
:10B8E000007A214B93ED007A204BD3ED006A204B78
:10B8F00093ED006A1F4BD3ED005A1F4B93ED005A96
:10B900001E4BD3ED004A15230093B0EE644AF0EECF
:10B91000453AB0EE653A1A4BF0EE462AB0EE662A8A
:10B92000DFED181A9FED171AF0EE470AB0EE670A1E
:10B9300004F066F90A4B1B78DBB21A46064B1B680B
:10B940001946104604F0AEFA04F024FB0E4801F04C
:10B950001DF8FDF763BC00BF20030020B090020873
:10B960001C0300202C030020300300203C03002097
:10B970004003002044030020480300204C03002023
:10B980001C9C0208000000005096020880B400AF22
:10B99000054B1B680133044A1360044B01221A70E3
:10B9A00000BFBD4680BC704724090020B1090020BB
:10B9B00080B582B000AF78600DF0DAFB02467B689C
:10B9C000934201D17B6801E07B685B001846083731
:10B9D000BD4680BD80B500AF0DF010FC0346184693
:10B9E000FFF7E6FF0346184680BD80B500AF0DF0B7
:10B9F000EFFB03461846FFF7DBFF0346184680BD02
:10BA000080B59CB000AF07F124034C2200211846FA
:10BA100018F09BFE3B1D20220021184618F095FED1
:10BA200002200BF099F900233B602C4B9B692B4AB9
:10BA300023F440439361294B9B6903F440433B60EB
:10BA40003B6800BF254B9B6903F40053B3F5005FCF
:10BA5000F8D121237B624FF48033BB620123FB6367
:10BA60000223BB640223FB6402233B6528237B651E
:10BA70000123BB650623FB6502233B660C237B6623
:10BA80000023BB660023FB6607F1240318460CF075
:10BA900091FC0346002B01D0FDF75AFB3F237B604E
:10BAA0000323BB600023FB6008233B6140237B61D1
:10BAB0004023BB614FF48063FB6140233B623B1D2D
:10BAC000032118460DF050F80346002B01D0FDF776
:10BAD0003FFB00BF7037BD4680BD00BF0048025825
:10BAE00080B588B000AF07F10C0300221A605A60DD
:10BAF0009A60DA601A612C4BD3F8E0302A4A43F09E
:10BB00000103C2F8E030284BD3F8E03003F0010322
:10BB1000BB60BB68244BD3F8E030234A43F00403F6
:10BB2000C2F8E030204BD3F8E03003F004037B6030
:10BB30007B68012209211D480BF0F6F80923FB6000
:10BB400001233B6100237B610323BB6107F10C03ED
:10BB5000194616480AF040FF01224FF400411348ED
:10BB60000BF0E2F84FF40043FB6001233B6100233C
:10BB70007B610023BB6107F10C0319460B480AF0F7
:10BB80002BFF4FF40043FB6000233B6101237B61EB
:10BB90000023BB6107F10C03194605480AF01CFF9E
:10BBA00000BF2037BD4680BD00440258000802583F
:10BBB0000000025880B500AF284B294A1A60274B75
:10BBC0004FF480025A60254B00229A60234B0722D3
:10BBD000DA60224B4FF000721A61204B4FF08072F6
:10BBE0005A611E4B4FF080629A611C4B4FF08042AD
:10BBF000DA611A4B00221A62184B00225A62174B64
:10BC000000229A62154B0022DA62144B4FF08042F8
:10BC10005A63124B00229A63104B0022DA630F4BD7
:10BC200000221A640D4B00225A640C4B00229A64C5
:10BC30000A4B0022DA64094B00221A65074B0022E6
:10BC40005A65064B00229A6504480FF0B3FE03467E
:10BC5000002B01D0FDF77CFA00BF80BDCC06002090
:10BC60000038004080B500AF284B294A1A60274BA6
:10BC70004FF480025A60254B4FF400329A60234BF8
:10BC80000722DA60214B4FF000721A611F4B00222D
:10BC90005A611E4B4FF080629A611C4B4FF000526C
:10BCA000DA611A4B00221A62184B00225A62174BB3
:10BCB00000229A62154B0022DA62144B4FF0804248
:10BCC0005A63124B00229A63104B0022DA630F4B27
:10BCD00000221A640D4B00225A640C4B00229A6415
:10BCE0000A4B0022DA64094B00221A65074B002236
:10BCF0005A65064B00229A6504480FF05BFE034626
:10BD0000002B01D0FDF724FA00BF80BD44060020BF
:10BD10000030014080B588B000AF07F10C0300226D
:10BD20001A605A609A60DA601A61324BD3F8E030D8
:10BD3000304A43F00203C2F8E0302E4BD3F8E03033
:10BD400003F00203BB60BB682A4BD3F8E030294AFA
:10BD500043F00803C2F8E030264BD3F8E03003F09C
:10BD600008037B607B68234BD3F8E030214A43F023
:10BD70001003C2F8E0301F4BD3F8E03003F010039B
:10BD80003B603B6800224FF400411B480AF0CCFFA7
:10BD900000224FF4406119480AF0C6FF00224FF418
:10BDA000806117480AF0C0FF01233B6100237B61DB
:10BDB0000023BB614FF40043FB6007F10C031946FD
:10BDC0000D480AF009FE4FF44063FB6007F10C03D5
:10BDD00019460A480AF000FE4FF48063FB6007F141
:10BDE0000C03194606480AF0F7FD00BF2037BD4690
:10BDF00080BD00BF004402580010025800040258E1
:10BE0000000C025880B58CB000AF07F1240300226B
:10BE10001A605A609A603B4624220021184618F0A6
:10BE200094FC394B394A1A60374B4FF410125A6060
:10BE3000354B08229A60344B00221A61324B04229F
:10BE40005A61314B00221A762F4B01225A762E4B23
:10BE50000122DA612C4B002283F820202A4B002299
:10BE60009A62294B0022DA62274B00221A63264B82
:10BE70000022DA63244B00221A64234B002283F849
:10BE80004420214807F0A8F80346002B01D0FDF715
:10BE90005FF900237B6207F1240319461A4808F072
:10BEA00021FD0346002B01D0FDF752F9184B3B60F2
:10BEB00006237B600423BB6040F2FF73FB60042316
:10BEC0003B6100237B613B4619460F4807F08AFC23
:10BED0000346002B01D0FDF73BF940F2FF72002131
:10BEE000094808F09BFC0346002B01D0FDF730F910
:10BEF000054807F079FA0346002B01D0FDF728F931
:10BF000000BF3037BD4680BD340500200020024010
:10BF10001000C01080B592B000AF786007F1180330
:10BF200024220021184618F010FC444807F026FB94
:10BF30007B68BB610623FB6104233B6240F2FF7315
:10BF40007B620423BB620023FB6207F118031946DE
:10BF50003A4807F047FC0346002B01D0FDF7F8F8FC
:10BF6000364807F041FA0346002B01D0FDF7F0F800
:10BF70000221324807F036FB0346002B02D04FF077
:10BF8000FF3357E02D4807F021FC00237B6416E0C7
:10BF900002212A4807F026FB0346002B02D04FF06F
:10BFA000FF3347E0254807F011FC02467B6C9B00FD
:10BFB00048333B4443F83C2C7B6C01337B647B6C03
:10BFC000022BE5D901237B6430E07B6C9B00483376
:10BFD0003B4453F83C3CFB637B6C3B640FE03B6CA5
:10BFE000013B9B0048333B4453F83C2C3B6C9B008B
:10BFF00048333B4443F83C2C3B6C013B3B643B6C7B
:10C00000002B09D03B6C013B9B0048333B4453F869
:10C010003C3CFA6B9A42E2D33B6C9B0048333B4476
:10C02000FA6B43F83C2C7B6C01337B647B6C022BFA
:10C03000CBD93B6918464837BD4680BD3405002042
:10C0400080B582B000AF1048FFF764FF78607B686E
:10C05000B3F5805F01D300237B607B6807EE903AE5
:10C06000F8EE677A9FED097A27EE877ADFED086AA6
:10C07000C7EE267AB2EE067A67EE877AB0EE670AE6
:10C080000837BD4680BD00BF1000C0103333534099
:10C0900000F07F4580B483B000AF0346FB71FB79AD
:10C0A000022B02D0FB79052B01D1012300E00023F4
:10C0B00018460C37BD4680BC7047000080B500AF05
:10C0C0000248FFF727FF0346184680BD0000B84F1F
:10C0D00080B582B000AFFFF7F1FF78607B68B3F501
:10C0E000805F01D3002331E07B68C72B01D8012397
:10C0F0002CE07B68B3F52F7F05D97B68B3F57A7F99
:10C1000001D2022322E07B6840F2DC52934205D93F
:10C110007B68B3F5E16F01D2032317E07B6840F63B
:10C120009802934206D97B6840F6C312934201D825
:10C1300004230BE07B68B3F52F6F06D97B6840F6CC
:10C14000AB52934201D8052300E00023184608377C
:10C15000BD4680BD80B400AF024B1B781846BD467B
:10C1600080BC7047B809002080B400AF034B0022A8
:10C170001A7000BFBD4680BC704700BFB8090020E0
:10C1800080B500AFFFF7A4FF03461846FFF782FF14
:10C190000346184680BD80B500AFFFF7F1FF0346A8
:10C1A000184680BD80B582B000AFFFF791FF03460F
:10C1B000FB71FB79022B04D1084B01221A70012379
:10C1C00008E0FB79052B04D1044B02221A700123ED
:10C1D00000E0002318460837BD4680BDB80900209E
:10C1E00080B500AF1F4B204A1A601E4B4FF4E1325E
:10C1F0005A601C4B00229A601A4B0022DA60194BDD
:10C2000000221A61174B0C225A61164B00229A61C8
:10C21000144B0022DA61134B00221A62114B0022E8
:10C220005A62104B00229A620E4811F09FF80346A2
:10C23000002B13D100210B4813F003FC0346002B05
:10C240000CD10021074813F03AFC0346002B05D11E
:10C25000044813F0BEFB0346002B01D0FCF778FF27
:10C2600000BF80BDEC0700200010014080B500AF8A
:10C27000234B244A1A60224B234A5A60204B4FF426
:10C2800080529A601E4B4FF40052DA601C4B4FF400
:10C2900080621A611A4B02229A62194B00221A63B9
:10C2A000174B04225A61164B00229A61144B00224C
:10C2B000DA61134B00221A62114B00225A621048B5
:10C2C00011F054F80346002B0CD100210C4813F058
:10C2D000F6FB0346002B05D1094813F07AFB034611
:10C2E000002B01D0FCF734FF01220849044811F06B
:10C2F0001BF90346002B01D0FCF72AFF00BF80BDCD
:10C300008008002000500040A08601003009002075
:10C3100080B582B002AF3A4B3A4A1A60384B0022DD
:10C320009A60374B0022DA60354B01221A74344B85
:10C3300000225A74324B00229A74314B01225A6106
:10C340002F4B14229A612E4B3B22DA612C4B142284
:10C350001A622B4B01225A62294B01229A62284B06
:10C360000122DA62264B01221A63254B00225A630E
:10C37000234B00229A63224B0022DA63204B1022C7
:10C380001A641F4B04225A641D4B00229A641C4BF2
:10C390000422DA641A4B00221A65194B04225A65EA
:10C3A000174B00229A65164B0022DA65144B0822BF
:10C3B0001A66134B00225A66114B04229A661048E3
:10C3C00009F0FEF90346002B12D10123009301234B
:10C3D000022200210A4809F0FEFB0346002B07D188
:10C3E000074809F024FC0346002B01D1012300E09B
:10C3F000002303F00103DBB21846BD4680BD00BF39
:10C40000A405002000A0004080B500AFFFF780FF2A
:10C41000034683F00103DBB2002B01D0FCF798FE4A
:10C4200000BF80BD80B596B000AF07F13C0300228D
:10C430001A605A609A60DA601A6107F130030022CC
:10C440001A605A609A6007F1140300221A605A6059
:10C450009A60DA601A615A619A61FFF7BBFA7865EF
:10C46000FFF7C3FA38657B6D8A4A934203D93B6D67
:10C47000884A934201D8FCF76BFE874BD3F8F03023
:10C48000854A43F00103C2F8F030834BD3F8F03013
:10C4900003F001033B613B697F4BD3F8E8307E4AF0
:10C4A00043F00103C2F8E8307B4BD3F8E83003F0E7
:10C4B0000103FB60FB68784BD3F8E030764A43F029
:10C4C0000103C2F8E030744BD3F8E03003F001030D
:10C4D000BB60BB68704BD3F8E0306F4A43F0100389
:10C4E000C2F8E0306C4BD3F8E03003F010037B600F
:10C4F0007B686A4B6A4A1A607B6D6A4AA2FB032317
:10C500009B0C013B654A5360644B00229A60634B6D
:10C5100044F61F62DA60614B00221A615F4B002211
:10C520005A615E4B00229A615C4810F067F803463E
:10C53000002B01D0FCF70CFE5B4B4FF080421A60E1
:10C540003B6D584AA2FB03239B0C013B564A5360A8
:10C55000554B00229A60544B44F61F62DA60524BEE
:10C5600000221A61504B00229A614F4810F046F8A1
:10C570000346002B01D0FCF7EBFD00233B630023B7
:10C58000BB6307F130031946444810F053FE0346DD
:10C59000002B08D107F130031946434810F04AFE3A
:10C5A0000346002B01D0FCF7D3FD60237B61002301
:10C5B000BB610023FB6100233B620023BB620023BD
:10C5C000FB6200237B6207F1140300221946364800
:10C5D00010F090F90346002B1DD107F11403082237
:10C5E0001946314810F086F90346002B13D107F1A4
:10C5F000140300221946294810F07CF90346002B49
:10C6000009D107F1140308221946244810F072F9E1
:10C610000346002B01D0FCF79BFD0523FB6302239F
:10C620003B6400237B640023BB640123FB6407F1AC
:10C630003C0319461D480AF0CFF94FF40853FB6339
:10C640000123FB6407F13C03194619480AF0C4F9B9
:10C650000021154810F032F80346002B14D10821B0
:10C66000114810F02BF80346002B0DD100210B4888
:10C6700010F024F80346002B06D10821074810F0DB
:10C680001DF80346002B01D0FCF762FD00BF5837B0
:10C69000BD4680BD3F420F000044025854070020B1
:10C6A0000000014083DE1B43A00700200000025869
:10C6B0000010025880B584B000AF504B5B6903F4A2
:10C6C0000033002B1BD1BFF34F8F00BFBFF36F8F21
:10C6D00000BF4A4B0022C3F85022BFF34F8F00BF68
:10C6E000BFF36F8F00BF454B5B69444A43F400338F
:10C6F0005361BFF34F8F00BFBFF36F8F00E000BFE8
:10C700003E4B5B6903F48033002B38D13B4B002256
:10C71000C3F88420BFF34F8F00BF384BD3F880306D
:10C72000FB60FB685B0BC3F30E03BB60FB68DB08BD
:10C73000C3F309037B60BB685A0143F6E0731340FF
:10C740007A6892072D491343C1F860327B685A1EFC
:10C750007A60002BEFD1BB685A1EBA60002BE5D17E
:10C76000BFF34F8F00BF254B5B69244A43F48033EE
:10C770005361BFF34F8F00BFBFF36F8F00E000BF67
:10C7800006F0A2F8FFF73CF9FFF7AAF9FFF712FA53
:10C79000FFF7C0FAFFF766FAFFF734FBFFF720FD5B
:10C7A00040F6CA0340F2EE220221154802F0FDFDD8
:10C7B000144B00221A70144B00221A70134B0022E3
:10C7C0001A60134B00221A60FFF750FDFFF72AFE94
:10C7D00000F0AAF804F0FEFD0E4B01221A700E4B79
:10C7E00000221A700D4B00221A700D4B00221A60A5
:10C7F000FFF70AFE00BF1037BD4680BD00ED00E028
:10C8000034090020B0090020B1090020B40900203B
:10C81000240900202A0900202809002029090020D5
:10C820002C09002080B485B000AF87ED010A4FF4D9
:10C83000FA63FB60D7ED017AF5EEC07AF1EE10FAFB
:10C8400003D54FF000037B600AE0D7ED017A9FED3E
:10C85000147AF4EEC77AF1EE10FA01DD114B7B6029
:10C8600097ED017ADFED0E6AC7EE267AC7ED027A00
:10C87000FB6807EE903AB8EE677AD7ED027A67EE7A
:10C88000277AB6EE007A77EE877AFCEEE77A17EE33
:10C89000903A03F5FA7318461437BD4680BC7047CA
:10C8A000000034430000344380B584B000AF034639
:10C8B00087ED000AFB7197ED000AFFF7B3FFF86000
:10C8C000FB6844F62062934202D944F62063FB6081
:10C8D000FB79032B19D0032B1CDC022B10D0022B6D
:10C8E00018DC002B02D0012B05D013E00C4B1B6889
:10C8F000FA685A630FE00A4B1B68FA68DA630AE0C9
:10C90000084B1B68FA685A6305E0064B1B68FA6817
:10C91000DA6300E000BF00BF1037BD4680BD00BF36
:10C92000A00700205407002080B500AF9FED050A46
:10C930000020FFF7B9FFB3EE0E0A0120FFF7B4FFA6
:10C9400000BF80BD0000164380B584B000AF7860A2
:10C950007B68002B13D07868F3F7C4FCF860FB68A1
:10C96000B3F5803F02D34FF6FF73FB60FB689AB2CA
:10C970004FF47A737968044810F048FD00E000BF76
:10C980001037BD4680BD00BFEC07002080B582B0E7
:10C9900000AF78607868FFF7D7FF786800F004F898
:10C9A00000BF0837BD4680BD80B586B000AF786057
:10C9B00000237B61214B1B7883F00103DBB2002B4A
:10C9C00035D17B68002B32D07868F3F78BFCF860A8
:10C9D00028E005F0FDFFB860FA687B69D31A3B6177
:10C9E0003B69802B01D980233B617A687B691344C2
:10C9F0003A691946124817F0B2FF06E005F0E8FF61
:10CA00000246BB68D31A142B13D83B699BB2194654
:10CA10000B4804F0B5FD0346002BEFD17A693B6962
:10CA200013447B617A69FB689A42D2D302E000BF6B
:10CA300000E000BF1837BD4680BD00BF2A090020B6
:10CA4000BC09002080B5BAB000AF786007F1D4030C
:10CA500000221A605A609A60DA601A6107F11803BE
:10CA6000B8220021184617F070FE7B68002B00F0FA
:10CA70008E807B681B68484A934234D1474BD3F879
:10CA8000F030464A43F01003C2F8F030434BD3F87D
:10CA9000F03003F010037B617B69404BD3F8E0304A
:10CAA0003E4A43F00103C2F8E0303C4BD3F8E0309B
:10CAB00003F001033B613B694FF4C063C7F8D43016
:10CAC0000223C7F8D8300023C7F8DC300223C7F8A8
:10CAD000E0300723C7F8E43007F1D40319463048A3
:10CAE00009F07AFF54E07B681B682E4A93424FD1CD
:10CAF0004FF002024FF00003C7E906230023C7F8F6
:10CB00008C3007F1180318460CF08EFB0346002BFF
:10CB100001D0FCF71DFB214BD3F8E8301F4A43F44A
:10CB20008013C2F8E8301D4BD3F8E83003F48013CB
:10CB3000FB60FB68194BD3F8E030184A43F0080358
:10CB4000C2F8E030154BD3F8E03003F00803BB60C7
:10CB5000BB680423C7F8D4300223C7F8D8300023B9
:10CB6000C7F8DC300023C7F8E0300823C7F8E4300A
:10CB700007F1D40319460C4809F02EFF00220521C5
:10CB8000352008F078F8352008F08FF800E000BF75
:10CB9000E837BD4680BD00BF001001400044025888
:10CBA0000000025800500040000C025880B500AF51
:10CBB000064809F066F8054808F0E0FF044B00223B
:10CBC0001A70FFF7A5FB0346184680BDA405002098
:10CBD0002809002080B58CB000AF3B462C220021F4
:10CBE000184617F0B2FD05F0F3FEF8623B46194611
:10CBF0001D4809F09FFA0346002B06D01B4B1B680B
:10CC000001331A4A136000232AE07B69002B23D0EA
:10CC1000174B1B7883F00103DBB2002B07D0154BB9
:10CC20001B680133134A1360114B01221A70124B17
:10CC30001B68FA6AD31A132B0CD90F4AFB6A1360CC
:10CC4000FFF7B4FF0346002B04D0094B00221A70F3
:10CC5000012305E0002303E0054B00221A700123A5
:10CC600018463037BD4680BDA405002014090020B9
:10CC700029090020180900202C09002080B584B063
:10CC800000AF264B1B68D3F8CC30BB600023FB60A1
:10CC9000BB68002B04D1224B00221A70012338E01C
:10CCA000B9681E4809F0CAF80346002B09D01D4B8D
:10CCB0001B6801331B4A1360194B01221A700023B1
:10CCC00027E005F085FE786017E0FB680133FB6024
:10CCD00005F07EFE02467B68D31A012B03D8FB6861
:10CCE000114A934209D90F4B1B6801330D4A136057
:10CCF0000B4B01221A7000230BE0084B1B68D3F882
:10CD0000CC20BB681340002BDFD1054B00221A70EA
:10CD1000012318461037BD4680BD00BFA405002082
:10CD2000280900201C0900203F0D030080B584B0B5
:10CD300000AF7860396005F04BFEF8607B68002B2F
:10CD400002D07B68082B16D9002322E0134B1B78F6
:10CD500083F00103DBB2002B0DD0FFF73BFF03464E
:10CD6000002B08D00E4809F051FA02467B68934226
:10CD700001D801230DE005F02BFE0246FB68D31A13
:10CD80003A689A42E2D8074B1B680133054A1360A0
:10CD9000002318461037BD4680BD00BF280900207B
:10CDA000A40500201409002080B58EB000AF786083
:10CDB00000237B637B68002B0DD0404B1B78002B3E
:10CDC00009D132210420FFF7B1FF034683F00103AC
:10CDD000DBB2002B06D03A4B1B680133384A136094
:10CDE000002367E000233B6318E03B6BDB007A68BD
:10CDF00013445B68002B07D03B6BDB007A6813445D
:10CE00001B88B3F5006F06D32D4B1B6801332C4AEA
:10CE1000136000234EE03B6B01333B633B6B032B02
:10CE2000E3D900233B6341E007F10C0324220021F6
:10CE3000184617F08AFC3B6BDB007A6813441B88AA
:10CE4000FB6000233B6100237B614FF40023BB6147
:10CE50000023FB6100233B6200237B620023BB6253
:10CE60003B6BDB007A6813445A6807F10C031946E0
:10CE7000144808F07CFF0346002B0DD0104B1B68B4
:10CE800001330F4A13607B6B002B03D0796B0D4885
:10CE900008F0D4FF00230DE00A4808F0C3FF024663
:10CEA0007B6B13437B633B6B01333B633B6B032B1C
:10CEB000BAD9012318463837BD4680BD280900205D
:10CEC00014090020A405002080B58CB000AF786064
:10CED00007F1080328220021184617F036FC7B686A
:10CEE000002B01D100232BE04021174809F071F9F4
:10CEF0000346002B01D1002322E07B68023307F1B7
:10CF000008024021104808F0B9FF0346002B06D064
:10CF10000E4B1B6801330D4A1360002310E0FB68C1
:10CF2000002B06D13B6A002B03D17B69B3F5002FA0
:10CF300001D0002304E0BB689AB27B681A80012309
:10CF400018463037BD4680BDA405002014090020D6
:10CF5000B0B487B000AF786039607B68002B02D036
:10CF60003B68002B01D1002326E0EFF31083FB6028
:10CF7000FB687B6172B600BF124B1B78FB747B6849
:10CF8000114A1C4615460FCD0FC40FCD0FC495E8AE
:10CF9000030084E803003A680C4B154603F13004A3
:10CFA0000FCC0FC50FCC0FC523682B607B69002BFE
:10CFB00001D162B600BFFB7C18461C37BD46B0BC31
:10CFC000704700BFB0090020880900203409002004
:10CFD00080B58EB000AFEFF31083FB62FB6A7B631A
:10CFE00072B600BF164B1B7887F83330144B002203
:10CFF0001A7097F83330002B17D0124B1B78DBB226
:10D0000083F00103DBB2002B05D10F4B1A680F4BE5
:10D010001B689A4209D00B4B00221A700C4B184621
:10D0200028231A46002117F090FB7B6B002B01D1BF
:10D0300062B600BF97F8333018463837BD4680BD1A
:10D04000B1090020B0090020B40900202409002003
:10D050008809002080B500AF01220F490F4810F069
:10D0600063FA0346002B14D00D4B1B6801330C4AA6
:10D0700013600A4810F0A4FA01220749074810F08B
:10D0800053FA0346002B04D0054B1B680133044AB6
:10D09000136000BF80BD00BF300900208008002061
:10D0A0002009002080B500AF024810F03FFB00BF10
:10D0B00080BD00BF80080020B0B58EB000AF7860A2
:10D0C0007B68002B33D07B681B681B4A93422ED1B0
:10D0D0001A4B1C7805F07CFC024607F10C03214634
:10D0E000174802F0A3F9034687F8373097F937302D
:10D0F000012B13D1134B1D4607F10C040FCC0FC5A8
:10D100000FCC0FC594E8030085E803000E4B012205
:10D110001A700E4B1B680E4A136006E097F9373001
:10D12000B3F1FF3F01D1FEF731FCFFF793FF00BFE2
:10D130003837BD46B0BD00BF005000403009002068
:10D140003409002088090020B009002024090020AB
:10D15000B409002080B582B000AF78607B68002BF6
:10D1600013D07B681B680B4A93420ED10A4B1B6895
:10D170000133094A1360094802F03AF9FEF706FC48
:10D18000786810F01DFAFFF765FF00BF0837BD464D
:10D1900080BD00BF0050004020090020340900205D
:10D1A00080B5BCB000AF786007F1DC0300221A60E4
:10D1B0005A609A60DA601A6107F12003B8220021F0
:10D1C000184617F0C2FA7B68002B00F0E9807B68F4
:10D1D0001B68764A93426ED14FF480524FF00003A1
:10D1E000C7E908230223BB621023FB6202233B63CF
:10D1F00002237B630223BB63C023FB6300233B64E6
:10D2000000237B644FF48053FB6707F1200318462B
:10D210000CF00AF80346002B01D0FBF799FF644B92
:10D22000D3F8F030624A43F48053C2F8F030604BD8
:10D23000D3F8F03003F48053FB61FB695C4BD3F807
:10D24000E0305B4A43F00203C2F8E030584BD3F8B9
:10D25000E03003F00203BB61BB69554BD3F8E0300B
:10D26000534A43F00803C2F8E030514BD3F8E030A2
:10D2700003F008037B617B690823C7F8DC300223D5
:10D28000C7F8E0300023C7F8E4300023C7F8E830DF
:10D290000523C7F8EC3007F1DC031946454809F0CF
:10D2A0009BFB8023C7F8DC3007F1DC0319464248BA
:10D2B00009F092FB77E07B681B68404A934271D18A
:10D2C0004FF480524FF00003C7E908230223BB62EA
:10D2D0001023FB6202233B6302237B630223BB63B5
:10D2E000C023FB6300233B6400237B644FF4805323
:10D2F000FB6707F1200318460BF096FF0346002B4F
:10D3000001D0FBF725FF2A4BD3F8E830284A43F435
:10D310008043C2F8E830264BD3F8E83003F480436A
:10D320003B613B69224BD3F8E030214A43F00203D2
:10D33000C2F8E0301E4BD3F8E03003F00203FB608C
:10D34000FB681B4BD3F8E030194A43F00403C2F8E2
:10D35000E030174BD3F8E03003F00403BB60BB6848
:10D360000623C7F8DC300223C7F8E0300023C7F8F3
:10D37000E4300323C7F8E8300523C7F8EC3007F1A1
:10D38000DC0319460E4809F027FB4FF40053C7F899
:10D39000DC3007F1DC031946064809F01DFB02E00A
:10D3A00000BF00E000BFF037BD4680BD0030014047
:10D3B0000044025800040258000C02580038004093
:10D3C0000008025880B5BAB000AF786007F1D40306
:10D3D00000221A605A609A60DA601A6107F1180335
:10D3E000B8220021184617F0B0F97B68002B73D0E3
:10D3F0007B681B683A4A93426ED14FF400224FF08B
:10D400000003C7E9062302233B6210237B62022349
:10D41000BB620223FB6202233B63C0237B630023C6
:10D42000BB630023FB630023C7F8B83007F1180380
:10D4300018460BF0F9FE0346002B01D0FBF788FEDF
:10D44000284BD3F8D830274A43F02003C2F8D8300D
:10D45000244BD3F8D83003F020037B617B69214B48
:10D46000D3F8E0301F4A43F00103C2F8E0301D4B0F
:10D47000D3F8E03003F001033B613B69194BD3F86B
:10D48000E030184A43F00403C2F8E030154BD3F8FB
:10D49000E03003F00403FB60FB682023C7F8D430BE
:10D4A0000323C7F8D8300023C7F8DC3007F1D403D2
:10D4B00019460D4809F090FA1023C7F8D430032319
:10D4C000C7F8D8300023C7F8DC3007F1D403194679
:10D4D000064809F081FA00E000BFE837BD4680BD8C
:10D4E0000020024000440258000002580008025880
:10D4F00080B5B8B000AF786007F1CC0300221A60A5
:10D500005A609A60DA601A6107F11003B8220021AC
:10D51000184617F01AF97B68002B4BD07B681B6804
:10D52000264A934246D14FF400424FF00003C7E928
:10D5300004234FF08053FB6707F1100318460BF0EC
:10D5400073FE0346002B01D0FBF702FE1C4BD3F801
:10D55000EC301B4A43F48073C2F8EC30184BD3F81C
:10D56000EC3003F48073FB60FB68154BD3F8E030BC
:10D57000134A43F00803C2F8E030114BD3F8E0300F
:10D5800003F00803BB60BB680323C7F8CC30022359
:10D59000C7F8D0300023C7F8D4300023C7F8D830FC
:10D5A0000923C7F8DC3007F1CC031946054809F018
:10D5B00013FA00E000BFE037BD4680BD00A0004088
:10D5C00000440258000C025880B483B000AF0A4BEC
:10D5D000D3F8F430084A43F00203C2F8F430064BA3
:10D5E000D3F8F43003F002037B607B6800BF0C3794
:10D5F000BD4680BC704700BF0044025880B500AFF4
:10D6000005F0D4F900BF80BD80B500AF024809F035
:10D6100044FD00BF80BD00BFA063012080B483B083
:10D6200000AF87ED010AD7ED017AF5EEC07AF1EE91
:10D6300010FA04D5D7ED017AF1EE677A01E0D7ED63
:10D64000017AB0EE670A0C37BD4680BC704780B5E2
:10D650008CB000AF786187ED040AC7ED030A87ED4F
:10D66000021A79604FF00003FB624FF07E53BB62F9
:10D670007B69002B12D07B68002B0FD07B69D3ED28
:10D68000007AF5EEC07AF1EE10FA07D97B69D3ED96
:10D69000037AF5EEC07AF1EE10FA01D80023BAE071
:10D6A0007B6993ED017A7B69D3ED027A77EE277A75
:10D6B000C7ED087A97ED047AD7ED037A37EE677AEB
:10D6C000D7ED086AD7ED027A66EEA77A77EE676A39
:10D6D0007B6993ED007AC6EE877A7B68C3ED007AAA
:10D6E00097ED047AD7ED037A37EE277AD7ED086AFB
:10D6F000D7ED027A66EEA77A77EE276A7B6993ED1B
:10D70000007A7B680433C6EE877AC3ED007A97ED22
:10D71000047AD7ED037A37EE277AD7ED086AD7ED8A
:10D72000027A66EEA77A77EE676A7B6993ED007AF4
:10D730007B680833C6EE877AC3ED007A97ED047AEA
:10D74000D7ED037A37EE677AD7ED086AD7ED027A1C
:10D7500066EEA77A77EE276A7B6993ED007A7B689D
:10D760000C33C6EE877AC3ED007A00237B6219E0A2
:10D770007B6A9B007A681344D3ED007AB0EE670AA7
:10D78000FFF74CFF87ED070A97ED077AD7ED0B7A85
:10D79000B4EEE77AF1EE10FA01DDFB69FB627B6A19
:10D7A00001337B627B6A032BE2DD7B69D3ED037A75
:10D7B00097ED0B7AB4EEE77AF1EE10FA08DD7B69AB
:10D7C000D3ED036A97ED0B7AC6EE877AC7ED0A7A36
:10D7D00000237B621BE07B6A9B007A68134493ED15
:10D7E000007A7A697B6A04339B001344D3ED006AA4
:10D7F000D7ED0A7A66EEA77A7B6A9B007A681344B3
:10D8000067EE277AC3ED007A7B6A01337B627B6A1D
:10D81000032BE0DD012318463037BD4680BD80B4C0
:10D8200087B000AFF860B9607A603B60FB68002B9E
:10D8300013D0BB68002B10D07B68002B0DD03B6849
:10D84000002B0AD03B6A002B07D0FB68D3ED007A8F
:10D85000F5EEC07AF1EE10FA01D8002371E0FB6812
:10D8600093ED017AFB68D3ED027A77EE277AC7ED64
:10D87000057AFB6893ED007ABB68D3ED006ABB685C
:10D880000433D3ED007A76EEA76ABB680833D3ED94
:10D89000007A76EEA76ABB680C33D3ED007A76EE99
:10D8A000A77A67EE277AB5EE007A67EE877A7B680B
:10D8B000C3ED007AFB6893ED007ABB680433D3EDC7
:10D8C000006ABB68D3ED007A76EEE76ABB6808337E
:10D8D000D3ED007A76EEA76ABB680C33D3ED007AFD
:10D8E00076EEE77A67EE277AB5EE007A67EE877A0A
:10D8F0003B68C3ED007AFB6893ED007ABB680433A4
:10D90000D3ED006ABB68D3ED007A76EEE76ABB68B8
:10D910000833D3ED007A76EEE76ABB680C33D3EDBB
:10D92000007A76EEA77A67EE276AD7ED057AB1EE30
:10D93000007A27EE877AC6EE877A3B6AC3ED007AD3
:10D94000012318461C37BD4680BC704780B483B0A5
:10D9500000AF786039600D4A3B6813441B78002B98
:10D960000AD00B4A3B6852F823307A68D31AB3F5D1
:10D97000FA7F01D8012300E0002303F00103DBB2AA
:10D9800018460C37BD4680BC704700BF5C0A0020BB
:10D990004C0A002080B485B000AF0346FB80002312
:10D9A000FB6018E0104AFB6832F81330FA889A429C
:10D9B00009D00D4AFB6832F8133003F500739BB2AF
:10D9C000FA889A4204D1FB68DBB20133DBB206E08D
:10D9D000FB680133FB60FB68032BE3D90023184687
:10D9E0001437BD4680BC7047549C020880B588B08F
:10D9F00000AF7860396007F1080300221A605A60AE
:10DA00009A60DA601A613B68002B41D03B680233B0
:10DA100007F108021946224804F01DFE0346002BB8
:10DA200038D13B7AFB77FB7F002B02D0FB7F042BA6
:10DA300006D93B681B881846FFF7ACFF0346FB7707
:10DA4000FB7F002B28D0FB7F042B25D8D7ED047A51
:10DA50009FED147A27EE877AFB7F013B124A9B00E9
:10DA60001344D3ED007AFB7F013B67EE277A0F4A20
:10DA70009B001344C3ED007AFB7F013B0C497A689D
:10DA800041F82320FB7F013B0A4A0121D15404E0E5
:10DA900000BF02E000BF00E000BF2037BD4680BDF0
:10DAA0002C9C0208333363405C9C02083C0A002033
:10DAB0004C0A00205C0A002080B586B000AF786078
:10DAC00007F10C0300221A605A601A8105E007F181
:10DAD0000C0319467868FFF789FF07F10C03184615
:10DAE000FFF7F2F90346002BF1D100BF00BF183752
:10DAF000BD4680BD80B594B000AF78600B467B809A
:10DB000007F10C0320220021184616F01EFE002308
:10DB1000FB6427E01A4AFB6C32F813207B8813441D
:10DB20009AB2FB6CDB0050333B4423F8442C07F1E2
:10DB30002C02FB6CDB001A44FB6CDB0050333B44D3
:10DB400043F8402C07F12C02FB6CDB001A447B6885
:10DB5000104698470346082B01D000230BE0FB6CCE
:10DB60000133FB64FB6C032BD4DD07F10C03184677
:10DB7000FFF71AF9034618465037BD4680BD00BF6F
:10DB8000549C020880B584B000AF78600023FB602D
:10DB900017E004F01DFF03461846FFF78DFF002134
:10DBA0007868FFF7A7FF034683F00103DBB2002B81
:10DBB00001D0002326E0022004F014FFFB680133AB
:10DBC000FB60FB68092BE4D90023FB6010E004F044
:10DBD000FFFE03461846FFF76FFF4FF400717868A9
:10DBE000FFF788FF022004F0FDFEFB680133FB60B5
:10DBF000FB68022BEBD904F0EBFE03461846FFF757
:10DC00005BFF012318461037BD4680BD80B594B038
:10DC100000AF786007F10C0320220021184616F0AF
:10DC200094FD7B68002B01D100233BE00023FB64C3
:10DC30002FE01E4AFB6C32F8133003F500739AB2E2
:10DC4000FB6CDB0050333B4423F8442C07F12C02DF
:10DC5000FB6CDB001A44FB6CDB0050333B4443F8A5
:10DC6000402CFB6C9B007A681344D3ED007A07F1DB
:10DC70002C02FB6CDB0013441846B0EE670A04F07C
:10DC800090FD0346082B01D000230BE0FB6C013311
:10DC9000FB64FB6C032BCCDD07F10C031846FFF78C
:10DCA00083F8034618465037BD4680BD549C020891
:10DCB00080B500AFFEF7E2FF034683F00103DBB25D
:10DCC000002B01D0002303E00248FFF79FFF03462B
:10DCD000184680BD6C9C020880B500AF0248FFF773
:10DCE00051FF0346184680BD0926010880B500AFE4
:10DCF0000248FFF747FF0346184680BD2326010868
:10DD000080B500AF0248FFF73DFF0346184680BDCF
:10DD10003D26010880B584B000AF786039600023EB
:10DD2000BB607868FFF7C8FE3B68002B12D0002369
:10DD3000FB600CE0FB689B003A6813441449FA68E6
:10DD400092000A4412681A60FB680133FB60FB68AA
:10DD5000032BEFD90023FB600CE0F9687868FFF72C
:10DD6000F5FD0346002B02D0BB680133BB60FB68A6
:10DD70000133FB60FB68032BEFD9BB68022B8CBF20
:10DD800001230023DBB218461037BD4680BD00BF1B
:10DD90003C0A002080B500AFC8210820FEF7C6FF6E
:10DDA0000346184680BD80B500AF04F011FE03465F
:10DDB0001846FFF781FE00BF80BD000080B584B02B
:10DDC00000AFFFF7F0FFFFF773FF034683F0010397
:10DDD000DBB2002B07D1FFF7DDFF034683F0010321
:10DDE000DBB2002B0BD0084800F05BFF074B1A4654
:10DDF0000023136053609360D360002300E001238D
:10DE000018461037BD4680BD600A0020880A0020F1
:10DE100080B500AF254B01221A70254B00221A70E5
:10DE2000FFF7C1FFFFF758FF034683F00103DBB2A2
:10DE3000002B07D1FFF7AEFF034683F00103DBB2EF
:10DE4000002B01D000232EE0FFF7ADFFFFF74EFFC0
:10DE5000034683F00103DBB2002B07D1FFF79AFFE3
:10DE6000034683F00103DBB2002B01D000231AE04C
:10DE7000FFF799FFFFF71CFF034683F00103DBB2B6
:10DE8000002B07D1FFF786FF034683F00103DBB2C7
:10DE9000002B01D0002306E0044B00221A70054B32
:10DEA00001221A700123184680BD00BFD40A002049
:10DEB000D50A0020D30A002080B588B000AF786072
:10DEC0001B4A7B6813601B4B1A4600231360536088
:10DED0009360D360FFF772FF0346BB77FFF710FF35
:10DEE0000346FB77FB7F002B03D0FFF753FF03466E
:10DEF000FB77FFF758FF104B00221A70BB7F002BF7
:10DF00000AD0FB7F002B07D00C4B00221A700C4B61
:10DF100000221A70012306E0094B01221A700948F9
:10DF200000F0BFFE002318462037BD4680BD00BF6D
:10DF3000D80A0020880A0020D40A0020D30A002032
:10DF4000D50A0020600A002080B588B000AF786054
:10DF50001A4B1B78002B0DD0194B1B78002B07D1C7
:10DF6000184B1B78002B03D1174B1B78002B01D0CB
:10DF7000012300E00023FB77FB7F03F00103FB7725
:10DF8000124800F08EFE124B1A46002313605360B5
:10DF90009360D360FB7F002B03D07868FFF78CFF82
:10DFA00005E0064B1B78002B01D0FFF707FF074B5E
:10DFB00001221A7000BF2037BD4680BDD20A002062
:10DFC000D30A0020D40A0020D50A0020600A0020CD
:10DFD000880A002080B586B000AF786007F108039A
:10DFE00000221A605A609A60DA607B68002B21D0A8
:10DFF0007B68D3ED007A7B6893ED017A7B68D3ED83
:10E00000026A07F108031946B0EE661AF0EE470AF5
:10E01000B0EE670A0B48FFF71AFB0346002B09D046
:10E0200007F108031846FFF7F1FD0346002B01D066
:10E03000012300E0002303F00103DBB21846183788
:10E04000BD4680BDC49C020880B58AB002AFF860AE
:10E05000B9607A603B604FF00003BB614FF0000392
:10E060007B614FF000033B61BB68002B56D07B689F
:10E07000002B53D007F1140107F1180207F1100328
:10E0800000930B4679682748FFF7C9FBBB6893EDFF
:10E09000007ABB68D3ED007A27EE277ABB68D3ED10
:10E0A000016ABB68D3ED017A66EEA77A77EE277A2C
:10E0B000B0EE670A15F07CF887ED070A1A4BD3ED2E
:10E0C000007A1A4B93ED007ABB68D3ED026A184BC5
:10E0D00093ED006A174BD3ED005A174B93ED005A9E
:10E0E000BB68D3ED014A97ED054A3B680093F0EE1B
:10E0F000643AB0EE453A7B68F0EE652AB0EE462A07
:10E10000F0EE661A97ED071AF0EE470AB0EE670ACE
:10E1100000221921F86801F073FD00E000BF2037EC
:10E12000BD4680BDC49C02082C03002030030020A3
:10E130003C0300204003002044030020B0B596B00B
:10E1400004AF7861396107F11803282200211846CD
:10E1500016F0FBFA07F1180329491846FEF7F8FEF6
:10E16000034687F84730274B1D4607F118040FCCAC
:10E170000FC50FCC0FC594E8030085E80300224AC1
:10E1800097F847301370FEF723FF0346002B0FD09C
:10E1900004F01EFC38641D4B1B683A6CD31AB3F5AF
:10E1A0007A7F05D3194A3B6C13601948FEF7CCFB04
:10E1B00097F84730002B02D007F1180300E0002346
:10E1C0000F4A52680E490968124D3C463869029060
:10E1D00001910092104A1149204600F074FD2C462E
:10E1E0003B460FCB84E80F007B690A4A1C46134666
:10E1F0000FCB84E80F0078694837BD46B0BD00BF3B
:10E20000640A0020A80A0020D00A0020E40A0020A6
:10E2100070960208880A00207C9C0208600A002090
:10E22000F0B5FDB010AF5D4BC7F8AC315C4BC7F833
:10E23000A8315A4B1B7B83F00103DBB2002B09D0C2
:10E24000584B1B7B002B05D0564BC7F8AC31564BB7
:10E25000C7F8A831554B1B78002B77D0544B93F857
:10E260002030052B72D9D7F8AC31D3ED007A9FED71
:10E27000517A67EE877AFDEEE77A17EE903AC7F8A3
:10E28000A431D7F8AC31D3ED017A9FED4A7A67EE2D
:10E29000877AFDEEE77A17EE903AC7F8A031D7F803
:10E2A000AC31D3ED027A9FED437A67EE877AFDEECB
:10E2B000E77A17EE903AC7F89C313D4B1B887B619B
:10E2C0003B4B5B883B613A4B9B88FB60384BDB8860
:10E2D000BB60374B1B897B60354B5B893B60364BA2
:10E2E0005B68354A52693449896933480069334C5F
:10E2F0002468334D2D6807F11C060E950D940C9083
:10E300000B910A920993D7F89C310893D7F8A03162
:10E310000793D7F8A43106933A6805927A68049275
:10E32000BA680392FA6802923A6901927B69009393
:10E33000D7F8A831234A4FF4C071304616F048F997
:10E3400007F11C031846FEF721FB21E01A4B5B681E
:10E35000194A52691849896917480069174C246895
:10E36000174D2D6807F11C06059504940390029142
:10E3700001920093D7F8A831134A4FF4C071304688
:10E3800016F026F907F11C031846FEF7FFFA00BF46
:10E3900000BF07F5DA77BD46F0BD00BF880A002050
:10E3A0009C960208980A0020A4960208D00A002031
:10E3B000A80A002000007A44640A002020090020F6
:10E3C00014090020AC9602085497020880B59CB04E
:10E3D00000AF284800F053FC264B01221A70264B50
:10E3E000184624231A46002116F0AFF9234B1A468B
:10E3F0000023136053609360D360214B1A460023BF
:10E40000136053609360D3601E4B184628231A464E
:10E41000002116F09AF91C4B00221A701B4B0022A7
:10E420001A701B4B00221A701A4B00221A701A4BDA
:10E4300000221A70194B00221A7004F0C9FA034620
:10E44000174A136004F0C4FA0346FA3B154A1360F6
:10E4500004F0BEFA0346A3F57A73134A136004F07E
:10E46000B7FA0346A3F57A73104A136000BF7037FA
:10E47000BD4680BD600A0020640A0020880A002092
:10E48000980A0020A80A0020D00A0020D10A002003
:10E49000D20A0020D30A0020D40A0020D50A002086
:10E4A000D80A0020E00A0020DC0A0020E40A00204C
:10E4B00080B400AF024B1B781846BD4680BC704745
:10E4C000D10A0020F0B5C5B006AF07F1C0030022A5
:10E4D0001A605A609A60DA600023C7F8F0300023AF
:10E4E000C7F8EC3004F074FA0246B44C3B461146CF
:10E4F0001846FFF723FE3B460FCB84E80F00AF4BD7
:10E500001B7B83F00103DBB2002B48D004F060FAE0
:10E51000C7F8D000AA4B1B68D7F8D020D31AB3F5A0
:10E520007A7F3AD3A64AD7F8D0301360A54B1B7830
:10E53000002B21D0A44B93F82030052B1CD9A24BE3
:10E540001B891E46A04B1B8819469F4B5B881C46A7
:10E550009D4BDB881D469D4B5B689D4A126807F109
:10E560001000049203930295019400913346994A56
:10E57000902116F02DF80BE0944B5A68944B1B68D1
:10E5800007F1100000931346934A902116F020F8EB
:10E5900007F110031846FEF7F9F900233AE28F4B12
:10E5A00001221A708E4B01221A70FAF799F98D48E0
:10E5B00002F074F98C48FEF7E9F9282200211920AD
:10E5C00001F09CFC894B1B7883F00103DBB2002B2C
:10E5D0001DD004F0FDF90346854A1360FFF718FCCF
:10E5E000034683F00103DBB2002B10D08148FEF715
:10E5F000CDF92C220021192001F080FC04F0E8F96B
:10E6000003461846FFF7A0FC7B4B00221A7004F06B
:10E61000DFF9C7F8F400D7F8F430A3F57A73C7F838
:10E62000E830D7F8F430FA3BC7F8E430D7F8F430E4
:10E63000A3F57A73C7F8E03004F0CAF9C7F8D80038
:10E64000FAF754F902F0AAF8D7F8D820D7F8E8304A
:10E65000D31AB3F57A7F05D3D7F8D830C7F8E830A6
:10E66000FFF7DEFDD7F8D820D7F8F430D31A092BFE
:10E6700003D8012004F0B6F9CBE1D7F8F4300A331F
:10E68000C7F8F430D7F8D820D7F8F430D31A092BCC
:10E6900003D9D7F8D830C7F8F43007F1C0031946CA
:10E6A000D7F8D800FFF736FB444C3B46D7F8D810D4
:10E6B0001846FFF743FD3B460FCB84E80F003F4B66
:10E6C0001B7B83F00103DBB2002B00F034813D4B58
:10E6D0001B78002B0DD03D4B5B68002B09D03B4BCA
:10E6E0001B68D7F8D820D31AB3F5967F01D201233F
:10E6F00000E0002387F8D73097F8D73003F0010304
:10E7000087F8D73097F8D730002B0BD02E4B93F8E3
:10E710002030042B06D92C4B1B89B3F5E16F01D2B5
:10E72000012300E0002387F8D63097F8D63003F0B5
:10E73000010387F8D630002387F8DF3097F8D73009
:10E74000002B03D00023C7F8EC3013E0D7F8EC30EF
:10E75000002B04D1D7F8D830C7F8EC300AE0D7F84E
:10E76000D820D7F8EC30D31AB3F5966F02D3012333
:10E7700087F8DF3097F8D630002B04D197F8DF30D8
:10E78000002B00F0A380D7F8F030002B38D1D7F859
:10E79000D830C7F8F030154B1B78002B00F03481CF
:10E7A000FFF70CFB034683F00103DBB2002B00F004
:10E7B0002B811248FEF7EAF826E100BF880A002004
:10E7C000DC0A0020D00A0020A80A0020640A0020E9
:10E7D00020090020B8970208F8970208D10A002003
:10E7E000D20A0020289802082C980208D30A002098
:10E7F000E00A002040980208D40A00205C98020831
:10E80000D7F8D820D7F8F030D31AB3F5167FC0F078
:10E81000FB80824B1B7883F00103DBB2002B08D115
:10E820007F4B1B68D7F8D820D31AB3F57A7FC0F096
:10E83000EB80D7F8D800FFF73FFB034683F00103D6
:10E84000DBB2002B03D07748FEF7A0F8F4E6764859
:10E8500000F027FA744B01221A70744B1A460023F9
:10E86000136053609360D360714B1A4600231360AA
:10E8700053609360D3606F4B00221A706E4B00227E
:10E880001A706E4B00221A706D4B00221A70634B87
:10E8900000221A7097F8DF30002B01D02B2300E004
:10E8A0002A231A460921192001F028FB09211920E1
:10E8B00001F0E2FA97F8DF30002B01D0614B00E065
:10E8C000614B1846FEF762F80123A3E05B4B1B780F
:10E8D000002B00F09B80564B1B7B002B00F096809A
:10E8E0005348FFF777FB034683F00103DBB2002BAD
:10E8F00000F08C805548FEF749F8D7F8D820D7F8B3
:10E90000E030D31AB3F57A7F0BD3D7F8D830C7F8F5
:10E91000E03007F1C0022D234549D7F8D800FFF7B2
:10E9200093FBD7F8D800FFF70FFBD7F8D830FA3BA6
:10E93000474A13606AE00023C7F8F0300023C7F8A5
:10E94000EC303B4A394B14460FCB84E80F003B4B6D
:10E950001B7883F00103DBB2002B2AD03C4B1B68F1
:10E96000D7F8D820D31AF92B52D9394AD7F8D8304A
:10E970001360FFF74DFA034683F00103DBB2002B6F
:10E9800046D02F4B00221A703248FDF7FFFFD7F810
:10E99000D820D7F8E030D31AB3F57A7F38D3D7F838
:10E9A000D830C7F8E0302C220021192001F0A6FA57
:10E9B0002EE01E48FFF70EFB034683F00103DBB297
:10E9C000002B0CD02148FDF7E1FFD7F8D800FFF766
:10E9D000BBFAD7F8D830FA3B1D4A136019E0D7F8D4
:10E9E000D820D7F8E430D31AF92B7FF625AED7F824
:10E9F000D830C7F8E43007F1C00229230B49D7F813
:10EA0000D800FFF721FB17E600BF15E600BF13E6AD
:10EA100000BF11E61846FC37BD46F0BDD50A002000
:10EA2000D80A002078980208600A0020880A00208E
:10EA3000980A0020D10A0020D20A0020D30A002020
:10EA4000D40A002090980208BC980208E4980208B2
:10EA5000E00A00200099020880B483B000AF87ED7F
:10EA6000010AD7ED017AF5EEC07AF1EE10FA04D57D
:10EA7000D7ED017AF1EE677A01E0D7ED017AB0EED9
:10EA8000670A0C37BD4680BC7047000080B586B071
:10EA900000AF03463960FB80FB883A68D28D9B1A31
:10EAA00007EE903AF8EEE77AC7ED037A3B681B8EE3
:10EAB0001A463B68DB8DD31A07EE903AF8EEE77AF8
:10EAC000C7ED027A97ED030AFFF7C6FFB0EE407A72
:10EAD0003B685B8E07EE903AF8EE677AB4EEE77A21
:10EAE000F1EE10FA0CD93B685B8E07EE903AF8EE27
:10EAF000677A97ED027AB4EEE77AF1EE10FA02D86F
:10EB0000DFED2D7A53E097ED030AFFF7A5FFB0EE96
:10EB1000407A3B685B8E07EE903AF8EE677A77EEC4
:10EB2000676A3B685B8E07EE903AF8EE677A97ED7E
:10EB3000027A37EE677AC6EE877AC7ED047AD7EDA8
:10EB4000047AB7EE007AF4EEC77AF1EE10FA02DD3D
:10EB50004FF07E533B61D7ED037AF5EEC07AF1EECC
:10EB600010FA06D5D7ED047AF1EE677AC7ED057A8B
:10EB700001E03B697B613B68D3ED077AB7EE007A31
:10EB800037EE677AD7ED057A27EE277A3B68D3ED23
:10EB9000076AD7ED057A66EEA76AD7ED057A66EEC5
:10EBA000A76AD7ED057A66EEA77A77EE277AB0EEF8
:10EBB000670A1837BD4680BD0000000080B483B0EE
:10EBC00000AF03463960FB803B685B8FFA889A424E
:10EBD00002D83B681B6A09E03B689B8FFA889A421F
:10EBE00002D33B689B6A01E03B685B6A07EE903AA0
:10EBF000B0EE670A0C37BD4680BC704780B485B064
:10EC000000AF786039603B681B783B723B685B788B
:10EC10007B723B689B78BB723B68DB78FB723B681E
:10EC20001B793B730023FB7320E0FB7B10333B44D9
:10EC300013F8083CBB737B6893F82030BA7B9A4288
:10EC40000FD2BA7B7B6833F812203B689B8D9A42C7
:10EC500007D3BA7B7B6833F812203B681B8E9A423D
:10EC600001D9002306E0FB7B0133FB73FB7B042B04
:10EC7000DBD9012318461437BD4680BC704780B4E9
:10EC800083B000AF78607B68002B05D07B680022E2
:10EC90001A707B6800225A7000BF0C37BD4680BCDA
:10ECA000704780B483B000AF78607B68002B05D0DC
:10ECB0007B6800221A707B6800225A7000BF0C37F4
:10ECC000BD4680BC704790B58BB000AFF860B960AE
:10ECD0007A603B6007F1100300221A605A609A6064
:10ECE000DA60BB68002B0FD07B68002B0CD03B6830
:10ECF000002B09D0BB6B002B06D03A6CFB6BD21AF1
:10ED00007B681B6C9A420AD3B868FFF7CAFFFB689E
:10ED10001C4607F110030FCB84E80F00CBE07968A5
:10ED20003868FFF76BFF034683F00103DBB2002B6B
:10ED30000AD0B868FFF7B5FFFB681C4607F110035F
:10ED40000FCB84E80F00B6E07B68DB781A463B689F
:10ED500033F81230FB847B68DB8EFA8C9A420DD834
:10ED6000BB6801221A70BB6800225A70FB681C46FF
:10ED700007F110030FCB84E80F009CE07B681B8F2A
:10ED8000FA8C9A420AD2BB6800225A70FB681C4671
:10ED900007F110030FCB84E80F008CE0BB681B78F1
:10EDA00083F00103DBB2002B12D07B6893F8443070
:10EDB00083F00103DBB2002B0AD0BB6800225A703B
:10EDC000FB681C4607F110030FCB84E80F0072E0CC
:10EDD000BB685B7883F00103DBB2002B02D0BB6819
:10EDE00001225A707B681B791A463B6833F812304F
:10EDF00079681846FFF7E2FE87ED080A7B681B7802
:10EE00001A463B6833F8123079681846FFF73EFE21
:10EE1000B0EE407A7B68D3ED027A27EE277A7B68E2
:10EE2000D3ED057A27EE277AD7ED087A67EE277AB1
:10EE3000C7ED047A7B685B781A463B6833F812307A
:10EE400079681846FFF722FEB0EE407A7B68D3ED72
:10EE5000037A27EE277A7B68D3ED057A27EE277AA7
:10EE6000D7ED087A67EE277AC7ED057A7B689B783D
:10EE70001A463B6833F8123079681846FFF706FEE9
:10EE8000B0EE407A7B68D3ED047A27EE277A7B6870
:10EE9000D3ED067A27EE277AD7ED087A67EE277A40
:10EEA000C7ED067A01233B77FB681C4607F1100388
:10EEB0000FCB84E80F00F8682C37BD4690BD80B5B5
:10EEC00084B000AF78600B46FB701346BB70BB7814
:10EED000002B02D02023BB7301E00F23BB7301235F
:10EEE000FB732EE0FB7B7A6813449B79BA7B9A42D2
:10EEF00024D1BB7883F00103DBB2002B0BD1FB7B69
:10EF00005A1CFB789A4219D2FB7B01337A6813446E
:10EF10009B79402B12D1FA78FB7BD31A7B737B68E9
:10EF2000981DFB7B7A68134406337A7B194615F0EB
:10EF3000F3FB7B687A7B83F826201CE0FB7B0133A4
:10EF4000FB73FA7BFB789A42CCD3BB78002B0ED0B4
:10EF5000FB78013B7A6813449B79202B07D17B68AF
:10EF600020229A717B68012283F8262003E07B68C7
:10EF7000002283F826201037BD4680BD80B485B0BE
:10EF800000AF786039600023FB7314E0FA7B3B68C4
:10EF900033F812207B685B889A4207D3FA7B3B6880
:10EFA00033F812207B689B889A4201D9002309E03C
:10EFB000FB7B0133FB733B6893F82030FA7B9A426A
:10EFC000E4D3012318461437BD4680BC7047B0B562
:10EFD00092B000AFF860B9607A6000237B6407F1FB
:10EFE000140328220021184615F0AFFB002387F8F0
:10EFF00043300DE097F84330FA6813449B791A4682
:10F000007B6C13447B6497F84330013387F84330BB
:10F0100097F843301D2BEDD97B6C9BB2DB43A7F8EF
:10F020004030FB6893F824301AB2FB6893F825301F
:10F030001BB21B021BB213431BB2FB87FA8FB7F83C
:10F0400040309A420BD0FB689B6B5A1CFB689A635A
:10F0500001222021F868FFF732FF002372E00E231F
:10F0600087F83430BB68BB63002387F8433024E063
:10F0700097F843300133DBB25B0087F83D3097F8F7
:10F080003D30FA6813449B791AB297F83D3001334A
:10F09000F9680B449B791BB21B021BB213431AB2D3
:10F0A00097F8433092B25B0048333B4423F8342C4A
:10F0B00097F84330013387F8433097F8343097F8A6
:10F0C00043209A42D4D3FB68002283F8262007F11C
:10F0D00014031946F868FFF751FF034683F0010354
:10F0E000DBB2002B16D0FB681B6C5A1CFB681A6441
:10F0F0007B68002B0BD07B681D4607F114040FCCF6
:10F100000FC50FCC0FC594E8030085E803004FF04E
:10F11000FF3317E0FB68BA681A63FB685B6B5A1C25
:10F12000FB685A637B68002B0BD07B681D4607F198
:10F1300014040FCC0FC50FCC0FC594E8030085E86D
:10F140000300012318464837BD46B0BD80B483B0E4
:10F1500000AF0346FB71FB79002B0BD0FB79042B2E
:10F1600008D0FB79142B05D0FB79242B02D0FB7936
:10F17000342B01D1012300E0002303F00103DBB2B3
:10F1800018460C37BD4680BC7047000080B487B07D
:10F1900000AF0346FB80FB88AC3B4FF47A7202FB66
:10F1A00003F33B613B69002B04DB3B6903F2333320
:10F1B0007B6103E03B69A3F233337B617B69084ADF
:10F1C00082FB0312D211DB17D31A03F57A73FB60AB
:10F1D000FB689BB218461C37BD4680BC704700BF19
:10F1E0002D20FE13B0B592B000AFF860B9607A6020
:10F1F00007F1140328220021184615F0A6FAFB682F
:10F200009B7F1846FFF7A2FF034683F00103DBB2A2
:10F21000002B0BD0FB68DB6B5A1CFB68DA63002207
:10F220001921F868FFF74BFE0023BAE0102387F896
:10F230003430BB68BB63FB685B7F03F00403C3F33C
:10F240008003DBB287F83530FB685B7F03F008038F
:10F25000C3F3C003DBB287F83630002387F84730AA
:10F260004AE097F847309BB21A4692001A4452007F
:10F270001344A7F84430B7F84430DB089BB2DBB244
:10F28000013387F84330B7F84430DBB203F00703AB
:10F2900087F8423097F84330FA6813449B7919464F
:10F2A00097F843300133FA6813449B791B0241EA13
:10F2B000030297F843300233F9680B449B791B042F
:10F2C0001343FB6397F84230FA6B22FA03F39BB2C5
:10F2D000C3F30A039BB297F847401846FFF756FF5F
:10F2E00003461A46630048333B4423F8342C97F80E
:10F2F0004730013387F8473097F847300F2BB0D9A4
:10F30000FB68002283F826207B68002B0BD07B68EB
:10F310001D4607F114040FCC0FC50FCC0FC594E8A0
:10F32000030085E8030097F83630002B10D0FB6807
:10F330009B6C5A1CFB689A6497F83530002B04D0FC
:10F34000FB685B6C5A1CFB685A646FF0020328E090
:10F3500097F83530002B07D0FB685B6C5A1CFB68B4
:10F360005A646FF001031CE007F114031946F868B2
:10F37000FFF704FE034683F00103DBB2002B07D046
:10F38000FB681B6C5A1CFB681A644FF0FF3308E0E3
:10F39000FB68BA681A63FB685B6B5A1CFB685A63AC
:10F3A000012318464837BD46B0BD80B584B000AFD4
:10F3B000F860084611461A460346FB720B463B812D
:10F3C0001346FB80FB68002B0ED054220021F86806
:10F3D00015F0BBF9FB68FA7A1A70FB683A895A8013
:10F3E000FB68FA889A8000E000BF1037BD4680BDF8
:10F3F00080B582B000AF78607B68002B12D07B684C
:10F40000002283F826207B6800229A627B68002213
:10F4100083F82C207B68063320220021184615F043
:10F4200094F900E000BF0837BD4680BD80B584B0C8
:10F4300000AFF8607A603B600B46FB72FB68002B04
:10F4400001D10023A8E0FB6893F82630002B12D0EE
:10F45000FB6893F82C30002B0DD0FB689B6A7A6810
:10F46000D31A012B07D9F868FFF7C2FFFB681B6DA1
:10F470005A1CFB681A65FB687A689A62FB6801226D
:10F4800083F82C20FB68DB6C5A1CFB68DA64FB6891
:10F490001B78012B51D1FB6893F82630002B0BD140
:10F4A000FB7A202B06D1FB68FA7A9A71FB6801225D
:10F4B00083F8262000236FE0FB6893F82630012BA9
:10F4C00020D1FB7A402B14D0FB68DB6B5A1CFB6805
:10F4D000DA63FB68002283F82620FB7A202B06D112
:10F4E000FB68FA7A9A71FB68012283F826200023D0
:10F4F00052E0FB68FA7ADA71FB68022283F8262070
:10F50000002349E0FB6893F826305A1CD1B2FA6810
:10F5100082F826101A46FB681344FA7A9A71FB683F
:10F5200093F82630202B06D13A687968F868FFF7FF
:10F530004EFD034630E000232EE0FB681B78022BD3
:10F5400029D1FB6893F82630002B0BD1FB7A0F2BC7
:10F5500006D1FB68FA7A9A71FB68012283F82620AB
:10F56000002319E0FB6893F826305A1CD1B2FA68E0
:10F5700082F826101A46FB681344FA7A9A71FB68DF
:10F5800093F82630192B06D13A687968F868FFF7A6
:10F5900029FE034600E0002318461037BD4680BD13
:10F5A00080B487B000AFF860B9607A6000237B61F7
:10F5B0001DE0BA687B6913441B781A46FB68534008
:10F5C000FB6000233B610CE0FB685A08FB6803F01A
:10F5D000010359420B4B0B405340FB603B69013325
:10F5E0003B613B69072BEFD97B6901337B617A690A
:10F5F0007B689A42DDD3FB6818461C37BD4680BC49
:10F60000704700BF2083B8ED80B582B000AF78604E
:10F6100039603A6813469B0013441B011A46796807
:10F620004FF0FF30FFF7BCFF0346DB4318460837B7
:10F63000BD4680BD80B483B000AF78607B684AF27D
:10F64000200203FB02F2034B134418460C37BD465D
:10F6500080BC704700000E0880B582B000AF7860B3
:10F660007868FFF7E7FF034618460837BD4680BDB8
:10F6700080B582B000AF78607868FFF7DBFF0346A3
:10F68000203318460837BD4680BD000080B584B0E1
:10F6900000AF78607868FFF7DFFFF8607868FFF701
:10F6A000E7FFB860FB681B68104A934215D1FB68FE
:10F6B0005B68022B11D1FB689B68B3F5007F0CD807
:10F6C000FB689B681946B868FFF79EFF0246FB6817
:10F6D0009B699A4201D1012300E0002303F001035A
:10F6E000DBB218461037BD4680BD00BF4C4F4732D5
:10F6F00080B586B000AF78607868FFF79BFF03465F
:10F700003B6142F60803FB6000237B610CE07B69F0
:10F710009B003A6913441B68B3F1FF3F01D00023FB
:10F7200007E07B6901337B617A69FB689A42EED31B
:10F73000012318461837BD4680BD80B588B000AF9C
:10F74000786039600023BB6100237B610023FB7478
:10F750000023FB6123E0F869FFF77EFFF860F8699A
:10F76000FFF794FF034683F00103DBB2002B12D1B5
:10F77000FB7C83F00103DBB2002B04D1FB68DB6967
:10F780007A699A4208D8FB69BB61FB68DB697B61D7
:10F790000123FB7400E000BFFB690133FB61FB69DF
:10F7A000022BD8D9FB7C002B0ED07B68002B02D01B
:10F7B0007B68BA691A603B68002B05D0B869FFF70F
:10F7C0004BFF02463B681A60FB7C18462037BD465B
:10F7D00080BD80B584B000AF0023BB600023FB7107
:10F7E0000023FB6021E0F868FFF736FF3860F86817
:10F7F000FFF74CFF034683F00103DBB2002B10D16F
:10F80000FB7983F00103DBB2002B04D13B68DB6999
:10F81000BA689A4206D83B68DB69BB600123FB717A
:10F8200000E000BFFB680133FB60FB68022BDAD904
:10F83000FB79BA6802FB03F3013318461037BD4663
:10F8400080BD000080B586B000AF78600023FB600B
:10F850000023BB607B68002B01D1002340E007F14F
:10F86000080207F10C0311461846FFF766FF03462E
:10F87000002B20D001237B6119E0FA687B691A44D0
:10F88000194BA3FB021359080B465B000B44D31A18
:10F890003B613869FFF72CFF0346002B04D07B68DF
:10F8A0003A691A6001231BE07B6901337B617B6944
:10F8B000032BE2D913E000237B610DE07869FFF7A9
:10F8C00017FF0346002B04D07B687A691A60012376
:10F8D00006E07B6901337B617B69022BEED9002353
:10F8E00018461837BD4680BDABAAAAAA80B586B017
:10F8F00000AFF860B9607A60BB683B617B6803F079
:10F900001F03002B01D0002319E000237B6111E0CD
:10F91000FA687B69D1183A697B6913441A46012059
:10F9200006F088FE0346002B01D0002307E07B6928
:10F9300020337B617A697B689A42E9D301231846B8
:10F940001837BD4680BD000090B5A9B000AFF86083
:10F95000B9607A603B6007F1A003903B1F335B09FD
:10F960005C0107F1700300221A605A609A60DA6045
:10F970001A6104F1200320220021184614F0E5FE4C
:10F980000023FB660023BB66BB68B3F5007F05D888
:10F99000BB68002B04D0FB68002B01D10023D5E00D
:10F9A0006C4B236202236362BB68A3627B68E362E1
:10F9B0003B682363FA236363B968F868FFF724FEA2
:10F9C0000346A363FFF705FF0346E36300233B679A
:10F9D00001237B670723BB670123FB672023C7F84D
:10F9E000803006F095FE0346002B01D00023ADE0E9
:10F9F00007F168031846FFF725FF034687F89B3099
:10FA000097F89B3083F00103DBB2002B10D007F195
:10FA10006C0207F170031146184606F009FF034611
:10FA2000002B0CBF0123002387F89B300023BB660B
:10FA3000BB6E1846FFF7FEFDC7F8900097F89B30A5
:10FA4000002B5FD0BB68002B5CD0BA6813469B00CC
:10FA500013441B01C7F88C30D7F88C301F3323F0C8
:10FA60001F03C7F888300023C7F89C3044E0D7F85C
:10FA70008C20D7F89C309A4207D9D7F88C20D7F839
:10FA80009C30D31AC7F8943002E00023C7F89430B2
:10FA9000D7F89430202B28BF2023C7F884302022A9
:10FAA000FF21204614F051FED7F88430002B09D0F6
:10FAB000FA68D7F89C301344D7F8842019462046BA
:10FAC00014F04DFFD7F89020D7F89C301344203322
:10FAD000202221461846FFF709FF034683F0010361
:10FAE000DBB2002B03D0002387F89B300AE0D7F865
:10FAF0009C302033C7F89C30D7F89C20D7F888304A
:10FB00009A42B4D397F89B30002B0AD004F120031B
:10FB100020221946D7F89000FFF7E8FE034687F841
:10FB20009B3006F017FEBFF34F8F00BFBFF36F8F00
:10FB300000BF094B0022C3F85022BFF34F8F00BF14
:10FB4000BFF36F8F00BF00BF97F89B301846A437F4
:10FB5000BD4690BD4C4F473200ED00E080B485B00B
:10FB600000AF87ED010AC7ED000A97ED017AD7EDE6
:10FB7000007A67EE277AC7ED037AD7ED037AF5EEC0
:10FB8000C07AF1EE10FA08DBD7ED037AB6EE007A10
:10FB900077EE877AFDEEE77A07E0D7ED037AB6EEE7
:10FBA000007A77EEC77AFDEEE77A17EE903A1846BC
:10FBB0001437BD4680BC704780B500AF4FF420427B
:10FBC00000210A4814F0C1FD4FF4207200210848BA
:10FBD00014F0BBFD074B00221A60074B00221A608D
:10FBE000064B00221A7000BF80BD00BF000B002032
:10FBF00000AB002080AD002084AD002088AD002047
:10FC000080B590B000AF78633963FA6287ED0A0A75
:10FC1000C7ED090A87ED081AC7ED071A87ED062A0E
:10FC2000C7ED052A3B6187ED033AC7ED023A87ED40
:10FC3000014A2A4B1B68B3F5007F4BD23B69002B6E
:10FC400048D0264B1A6813469B0013441B01244AD4
:10FC50001344FB63FB6B7A6B1A60FB6B3A6B5A6065
:10FC6000FB6BFA6A9A601D4B1A68FB6BDA60FB6BE0
:10FC7000BA6A1A61FB6B7A6A5A61FB6B3A6A9A61DB
:10FC8000FB6BFA69DA61FB6BBA691A62FB6B7A6922
:10FC90005A62FB6B283310223969184614F05FFE54
:10FCA000104B1A68FB6B9A630F4B1A68FB6BDA6395
:10FCB000FB6BFA681A64FB6BBA685A64FB6B7A6870
:10FCC0009A64FB6BBA6CDA64044B1B680133034A19
:10FCD000136000E000BF4037BD4680BD80AD00200E
:10FCE000000B0020140900201809002080B59AB0EC
:10FCF00000AF786000237B6600233B6619E07A6ED4
:10FD000013469B0013441B011A467B6898185649FA
:10FD10003A6E13469B0013441B010B4419465023B3
:10FD20001A4614F01CFE7B6E01337B663B6E01337A
:10FD30003B664E4B1B683A6E9A4203D27B6EB3F51C
:10FD4000007FDCD300233B6619E07A6E13469B00EC
:10FD500013441B011A467B68981845493A6E1346AE
:10FD60009B0013441B010B44194650231A4614F000
:10FD7000F6FD7B6E01337B663B6E01333B663D4B8C
:10FD80001B683A6E9A4203D27B6EB3F5007FDCD3D8
:10FD900001233B664AE03A6E13469B0013441B0165
:10FDA0001A467B681A4407F10C0311465022184684
:10FDB00014F0D5FD3B6EFB6517E0FA6D13469B0012
:10FDC00013441B01503B7A68D118FA6D13469B000F
:10FDD00013441B011A467B681344184650231A46E5
:10FDE00014F0BDFDFB6D013BFB65FB6D002B0BD0E3
:10FDF000FA6D13469B0013441B01503B7A68134471
:10FE00001A68FB689A42D8D8FA6D13469B001344CF
:10FE10001B011A467B681344184607F10C03502255
:10FE2000194614F09CFD3B6E01333B663A6E7B6EC7
:10FE30009A42B0D300233B660CE03A6E13469B0017
:10FE400013441B011A467B6813443A6EDA603B6E1A
:10FE500001333B663A6E7B6E9A42EED37B6E184658
:10FE60006837BD4680BD00BF00AB002084AD0020D8
:10FE7000000B002080AD002080B584B000AF78601A
:10FE800039600748FFF732FFF8603B687A68F96825
:10FE90000348FFF759FD034618461037BD4680BD9D
:10FEA000A0AD002080B584B000AF78603960104B01
:10FEB0001B78002B01D0012315E039687868FFF723
:10FEC000DBFF0346FB730A4AFB7B1370FB7B002BB3
:10FED00008D0084B00221A604FF420720021064817
:10FEE00014F033FCFB7B18461037BD4680BD00BFC5
:10FEF00088AD002084AD002000AB002080B586B026
:10FF000000AFF860B9607A601E4B1B68072B01D9FF
:10FF1000002333E01B4B1A6813469B0013441B015C
:10FF2000194A13447B6150220021786914F00DFCBA
:10FF300002F04EFD02467B691A607B69FA685A60DE
:10FF40007B69BA689A600F4B1A687B69DA600F4B5D
:10FF50001A687B699A630E4B1A687B69DA637B695E
:10FF60007A68DA64074B1B680133064A1360B96884
:10FF7000F868FFF781FF0346FB74FB7C18461837CF
:10FF8000BD4680BD84AD002000AB002014090020D8
:10FF900018090020F0B5EBB014AF0023C7F84431C6
:10FFA0000023C7F8403107F5A07207F5A273114688
:10FFB0001846FFF7C2FB034683F00103DBB2002BB8
:10FFC00003D09E48FCF7E2FC34E1D7F844311846F0
:10FFD000FFF74EFBC7F85001D7F84461D7F840311E
:10FFE000DB69FB63D7F840219268D7F84011C968F4
:10FFF000D7F840010069D7F84041646907F140052E
:020000040801F1
:10000000502305930494039002910192FB6B00939B
:1000100033468B4A4FF48071284614F0D9FAC7F85A
:100020004C01D7F84C31002B04DD07F14003184692
:10003000FCF7ACFC8348FCF7A9FC0023C7F854315B
:10004000EDE0D7F8542113469B0013441B011A46D8
:10005000D7F850311344C7F84831D7F84831DB6836
:10006000FB63D7F848311A68BA63D7F84831596842
:100070007963D7F8483198683863D7F84831D3EDB9
:10008000047ADFED710AB0EE670AFFF767FDF862E8
:10009000D7F84831D3ED057ADFED6B0AB0EE670A89
:1000A000FFF75CFDB862D7F84831D3ED067ADFED93
:1000B000660AB0EE670AFFF751FD7862D7F848315B
:1000C000D3ED077ADFED600AB0EE670AFFF746FD71
:1000D0003862D7F84831D3ED087ADFED5B0AB0EE2D
:1000E000670AFFF73BFDF861D7F84831D3ED097A8D
:1000F000DFED550AB0EE670AFFF730FDB861D7F8BB
:100100004831D3ED0A7ADFED500AB0EE670AFFF707
:1001100025FD7861D7F84831D3ED0B7ADFED4A0A37
:10012000B0EE670AFFF71AFD3861D7F84831D3ED12
:100130000C7ADFED450AB0EE670AFFF70FFDF860B5
:10014000D7F84831D3ED0D7ADFED3F0AB0EE670AFC
:10015000FFF704FDB860D7F848319D6B7D60D7F894
:100160004831DE6BD7F84831D3ED107ADFED360A2F
:10017000B0EE670AFFF7F2FC0546D7F84831D3ED39
:10018000117ADFED310AB0EE670AFFF7E7FC0446AB
:10019000D7F84831D3ED127ADFED2B0AB0EE670ABB
:1001A000FFF7DCFC0246D7F84831DB6C07F1400072
:1001B0001293119210940F950E967D680D95BD685F
:1001C0000C95FD680B953D690A957D690995BD699A
:1001D0000895FD6907953D6A06957D6A0595BD6A96
:1001E0000495FD6A03953C6B0294796B0191BA6B9F
:1001F0000092FB6B154A4FF4807114F0E9F9C7F8CF
:100200004C01D7F84C31002B04DD07F140031846B0
:10021000FCF7BCFBD7F854310133C7F85431D7F899
:1002200040319B68D7F854219A42FFF40AAF08483E
:10023000FCF7ACFB07F5AE77BD46F0BD1C99020894
:10024000289902088499020800007A44589A020802
:10025000AC9A020880B584B004AF544B0093F023ED
:100260004FF48C720021002000F092FF00230293D3
:10027000182301930023009347F6FF734C4A06218D
:10028000082000F099FD48F230430093242340F207
:1002900017122421002000F02AFC002302931023CF
:1002A0000193002300934FF6FF73424A2E2108204A
:1002B00000F082FD0023029310230193002300939A
:1002C0004FF6FF733C4A2E21F02000F075FD00230D
:1002D000029310230193002300934FF6FF73374AD4
:1002E0004821082000F068FD0023029310230193A9
:1002F000002300934FF6FF73314A4821F02000F0AD
:100300005BFD0023029310230193002300934FF61B
:10031000FF732C4A6221082000F04EFD0023029357
:1003200010230193002300934FF6FF73264A6221A6
:10033000F02000F041FD00230293102301930023DD
:1003400000934FF6FF73214A7C21082000F034FD12
:100350000023029310230193002300934FF6FF73B1
:100360001B4A9621082000F027FD1A4800F096FA53
:100370000023029310230193002300934FF6FF7391
:10038000154AB021082000F017FD00230293102326
:100390000193002300934FF6FF73104ACA210820EF
:1003A00000F00AFD00BFBD4680BD00BFD8D00208E6
:1003B000B89A0208C09A0208C89A0208CC9A0208A1
:1003C000D09A0208D49A0208DC9A0208E09A02083D
:1003D000E49A0208EC9A0208F49A0208F89A0208D1
:1003E00080B586B004AFFBF72BFE87ED010A284BE2
:1003F000D3ED007A97ED017A77EE677AB5EE007A61
:1004000027EE877A224BD3ED007A77EE277A204BBE
:10041000C3ED007A1E4BD3ED007AF5EEC07AF1EE13
:1004200010FA04D51A4B4FF000021A600CE0184B7A
:10043000D3ED007A9FED177AF4EEC77AF1EE10FA59
:1004400002DD134B144A1A60114B93ED007A104BE6
:10045000D3ED007AF3EE066AF4EEE67AF1EE10FAE6
:1004600002D54FF4784301E04FF4FC63102202926E
:1004700000220192009302230322B0EE470A2E21AC
:10048000A02000F0CDFD00BF0837BD4680BD00BFF5
:10049000B44D01200000C6420000C64280B586B0BF
:1004A00004AF194BD3ED007A9FED187A67EE877A87
:1004B000C7ED017AD7ED017A9FED157AF4EEC77A90
:1004C000F1EE10FA02D5134B7B600AE0D7ED017A0A
:1004D0009FED117AF4EEC77AF1EE10FA01DD0F4BC1
:1004E0007B6010230293002301934FF6E073009387
:1004F0000123032297ED010A4821A02000F0A8FC67
:1005000000BF0837BD4680BD30030020E12E6542A4
:1005100000C079C400C079C400C0794400C07944E7
:1005200080B586B004AF164B1B687B60D7ED017AAF
:100530009FED147AF4EEC77AF1EE10FA02D5124B61
:100540007B600AE0D7ED017A9FED107AF4EEC77A6E
:10055000F1EE10FA01DD0E4B7B60102302930023B5
:1005600001934FF6FF7300930223022297ED010AD5
:100570006221A02000F06CFC00BF0837BD4680BDA2
:100580003C0300200000C6C20000C6C20000C642F4
:100590000000C64280B584B004AFF0F7ADF9034661
:1005A000002B0DD00023029310230193002300930E
:1005B0004FF4FC630A4A7C21A82000F0FDFB0CE00C
:1005C0000023029310230193002300934FF47843F8
:1005D000044A7C21A82000F0EFFB00BFBD4680BD8F
:1005E000009B0208049B020880B483B000AF03465E
:1005F000FB71FB79052B10D0052B16DC042B0AD0E0
:10060000042B12DC032B0AD0032B0EDC012B0AD0A7
:10061000022B06D009E0084B08E0084B06E0084B27
:1006200004E0084B02E0084B00E0084B18460C378A
:10063000BD4680BC704700BF089B02080C9B0208A7
:10064000149B02081C9B0208249B02082C9B020896
:1006500080B586B004AFFBF73BFD03461846FFF7B5
:10066000C3FF7860002302931023019300230093BB
:100670004FF6FF730A4AB021A82000F09DFB00232B
:10068000029310230193002300934FF6E0737A68DE
:10069000B021A82000F090FB00BF0837BD4680BD08
:1006A000349B020880B586B004AF1A4B7B604FF6CE
:1006B000FF737B80FBF74EFD0346012B02D0022B1C
:1006C00006D00AE0144B7B604FF478437B8004E053
:1006D000124B7B601F237B8000BF002302931023FB
:1006E0000193002300934FF6FF730D4ACA21A820FF
:1006F00000F062FB7B88002202921022019200220D
:1007000000927A68CA21A82000F056FB00BF083783
:10071000BD4680BD049B02083C9B0208409B02082A
:10072000349B020880B500AF00F082FDFFF792FD18
:10073000FBF786FCF0EE407A104BC3ED007A104BCD
:1007400001221A7002F044F90346643B0D4A13601B
:1007500002F03EF903460C4A136002F039F90346F1
:10076000143B0A4A13600A4BFF221A70094BFF22FE
:100770001A70094B01221A7000BF80BDB44D0120D0
:10078000B04D0120A44D0120A84D0120AC4D012009
:10079000B84D0120B94D0120A04D012080B582B097
:1007A00000AF374B1B7883F00103DBB2002B61D124
:1007B00002F00EF97860334B1B687A68D31A632B0A
:1007C00004D9304A7B681360FFF70AFE2E4B1B6882
:1007D0007A68D31A132B1ED92B4A7B681360FBF758
:1007E00077FC0346FB70FBF7B5FC0346BB70274B59
:1007F0001B78FA789A4204D0244AFB781370FFF7EA
:1008000027FF234B1B78BA789A4204D0204ABB7842
:100810001370FFF747FF1F4B1B687A68D31AB3F5B5
:10082000FA7F29D31B4A7B6813601B4B1B78032B71
:100830000CD0032B0DDC012B02D0022B03D008E0DF
:10084000FFF72CFE08E0FFF76BFE05E0FFF7A2FEC6
:1008500002E0FFF723FE00BF0F4B1B780133DAB233
:100860000D4B1A700C4B1B78032B06D90A4B012237
:100870001A7002E000BF00E000BF0837BD4680BD2F
:10088000A04D0120A44D0120AC4D0120B84D012008
:10089000B94D0120A84D0120B04D012080B586B092
:1008A00004AF78607B68002B01D1104B7B60002384
:1008B000029310230193002300934FF6FF730C4A19
:1008C0009621A82000F078FA0023029310230193C8
:1008D000002300934FF4FC637A689621A82000F06F
:1008E0006BFA00BF0837BD4680BD00BF049B0208FD
:1008F000349B020880B500AF0C4B1B7883F00103DA
:10090000DBB2002B10D1FBF7E3FB03461A46084B82
:100910001A70FBF71FFC03461A46064B1A70FFF7C6
:1009200097FEFFF7BFFE00E000BF80BDA04D012095
:10093000B84D0120B94D012080B582B000AF03460B
:10094000FB7100224FF40041094806F0EDF9F91D52
:100950004FF6FF73012207480BF050F901224FF4C4
:100960000041034806F0E0F900BF0837BD4680BDEE
:10097000001002584406002080B582B000AF034644
:10098000FB71FB791846FFF7D7FF00BF0837BD465C
:1009900080BD80B582B000AF0346FB80FB881B0A98
:1009A0009BB2DBB21846FFF7C7FFFB88DBB21846E5
:1009B000FFF7C2FF00BF0837BD4680BD80B582B0DB
:1009C00000AF0346FB7100224FF48061084806F037
:1009D000ABF9FB791846FFF7AFFF01224FF48061B6
:1009E000034806F0A1F900BF0837BD4680BD00BF2F
:1009F000000C025890B583B000AF0446084611467B
:100A00001A462346FB800346BB800B467B80134679
:100A10003B802A20FFF7D2FFFB8814339BB2184695
:100A2000FFF7B7FF7B8814339BB21846FFF7B1FF7F
:100A30002B20FFF7C3FFBB881846FFF7AAFF3B88B0
:100A40001846FFF7A6FF2C20FFF7B8FF00BF0C37B2
:100A5000BD4690BD90B585B000AF0446084611462E
:100A60001A462346FB800346BB800B467B80134619
:100A70003B807B88013B9AB23B88013B9BB2B988A3
:100A8000F888FFF7B7FFBB88FB8110E0FB88BB81CC
:100A900006E03B8C1846FFF77CFFBB890133BB8126
:100AA000BA897B889A42F4D3FB890133FB81FA89A6
:100AB0003B889A42EAD300BF00BF1437BD4690BDC1
:100AC00080B582B000AF0346FB800B46BB80134667
:100AD0007B80BB88FA88B988F888FFF78BFF7B8812
:100AE0001846FFF756FF00BF0837BD4680BD90B5DA
:100AF0008DB000AF0446084611461A462346FB80D7
:100B00000346BB800B467B8013463B800023BB62C1
:100B100000237B627A88FB88D31A3B623A88BB88C1
:100B2000D31AFB61FB88FB60BB88BB603B6A002B70
:100B300002DD01237B610BE03B6A002B02D1002325
:100B40007B6105E04FF0FF337B613B6A5B423B62B8
:100B5000FB69002B02DD01233B610BE0FB69002BED
:100B600002D100233B6105E04FF0FF333B61FB699D
:100B70005B42FB613A6AFB699A4202DD3B6ABB61F8
:100B800001E0FB69BB610023FB852BE0FB689BB2A6
:100B9000BA6891B2B7F840201846FFF791FFBA6AD9
:100BA0003B6A1344BB627A6AFB6913447B62BA6A8C
:100BB000BB699A4207DDBA6ABB69D31ABB62FA689D
:100BC0007B691344FB607A6ABB699A4207DD7A6AE3
:100BD000BB69D31A7B62BA683B691344BB60FB8D67
:100BE0000133FB85FB8DBA699A42CFDA00BF00BFA3
:100BF0003437BD4690BD000090B587B000AF0446C5
:100C0000084611461A462346FB800346BB800B4626
:100C1000FB7013463B8000237B75FB883B8297F873
:100C20002C305B08FB73FB7BDB08DBB21A46FB7BDB
:100C300003F00703DBB2002B14BF01230023DBB258
:100C400013449AB297F82C309BB212FB03F3BB818A
:100C5000FB78203BFB70FB7B9AB2FB8813449BB272
:100C6000013B9CB297F82C309AB2BB8813449BB2DC
:100C7000013B9BB2B988F8882246FFF7BBFE0023F0
:100C80007B8286E097F82C300C2B0BD1FA78798A8E
:100C9000454813465B0013449B0003440B441B78F8
:100CA000FB7528E097F82C30102B08D1FA787B8A56
:100CB0003E4912010A4413441B78FB751BE097F868
:100CC0002C30182B0BD1FA78798A394813465B00FF
:100CD00013441B0103440B441B78FB750BE097F88E
:100CE0002C30202B5BD1FA787B8A324992010A445E
:100CF00013441B78FB750023BB7544E097F8303034
:100D0000002B20D1FA7DBB7D42FA03F303F00103EF
:100D1000002B04D03B881846FFF73BFE03E03B8DD9
:100D20001846FFF736FE7B7D01337B757B7DFA7BB2
:100D3000B3FBF2F101FB02F29B1ADBB2002B1FD1D5
:100D400000237B7522E0FA7DBB7D42FA03F303F0BA
:100D50000103002B05D03A88B988FB881846FFF7B5
:100D6000AFFEFB880133FB80FA883B8AD21AFB7BFB
:100D70009A4205D13B8AFB80BB880133BB8005E0EA
:100D8000BB7D0133BB75BB7D072BB7D97B8A013394
:100D90007B827A8ABB899A42FFF474AF00E000BF7D
:100DA0001C37BD4690BD00BFE49C020858A1020854
:100DB00048A7020818B9020890B589B004AFBA6014
:100DC0001A460346FB810B46BB811346FB801AE0A3
:100DD000BB681A78FC88B989F88997F8283002939B
:100DE00097F8243001933B8C00932346FFF704FFD0
:100DF00097F824305B08DBB21A46FB891344FB8169
:100E0000BB680133BB60BB681B78002BE0D100BF1F
:100E100000BF1437BD4690BD80B485B000AF034617
:100E20000A46FB711346BB710123FB6004E0FA79AB
:100E3000FB6802FB03F3FB60BB795A1EBA71002BFF
:100E4000F5D1FB6818461437BD4680BC70470000DA
:100E500090B58BB004AF0446084687ED020A1146F0
:100E60001A462346FB810346BB810B46FB711346A2
:100E7000BB7197F830305B083B75BB7919460A2087
:100E8000FFF7CAFF07EE900AB8EE677AD7ED027A4D
:100E900067EE277AFDEEE77A17EE903AFB82D7ED00
:100EA000027AF5EEC07AF1EE10FA1AD53A8DB989C8
:100EB000F8890023029397F830300193BB8D00939B
:100EC00013462D22FFF798FEFB8A5B429BB2FB8202
:100ED0003B7D9AB2FB891344FB81FB790133FB71A3
:100EE00015E03A8DB989F8890023029397F83030DC
:100EF0000193BB8D009313462022FFF77DFE3B7DBF
:100F00009AB2FB891344FB81FB790133FB71FB79B6
:100F10009AB23B7D9BB212FB03F39AB2FB89134456
:100F20009AB2BB799BB213449BB201339CB297F83F
:100F300030309AB2BB8913449BB201339AB2B9895B
:100F4000F889BB8D009313462246FFF783FD0023EB
:100F50007B7559E07A7DF979BB79CB1A9A421ED11B
:100F6000FA79BB79D31A9AB23B7D9BB212FB03F399
:100F70009AB2FB89134498B23A8DB989002302933F
:100F800097F830300193BB8D009313462E22FFF764
:100F900033FE7B7D01337B75FB790133FB71B7F940
:100FA0001640FA797B7DD31ADBB2013BDBB21946DE
:100FB0000A20FFF731FF0346B4FBF3F1174BA3FB05
:100FC0000123DA0813469B0013445B00CA1AD3B20C
:100FD0003033FB747B7D9AB23B7D9BB212FB03F3F3
:100FE0009AB2FB89134498B23C8DFA7CB9890023EC
:100FF000029397F830300193BB8D00932346FFF79F
:10100000FBFD7B7D01337B757A7DFB799A42A1D311
:1010100000BF00BF1C37BD4690BD00BFCDCCCCCCBF
:1010200090B58BB004AF0446084687ED020A11461E
:101030001A462346FB810346BB810B46FB711346D0
:10104000BB7197F830305B08BB75BB7919460A2035
:10105000FFF7E2FE07EE900AB8EE677AD7ED027A64
:1010600067EE277AFDEEE77A17EE903ABB82BB7DFA
:101070009AB2FB891344FB81FB790133FB71FB7945
:101080009AB2BB7D9BB212FB03F39AB2FB89134465
:101090009AB2BB799BB213449BB201339CB297F8CE
:1010A00030309AB2BB8913449BB201339AB2B989EA
:1010B000F889BB8D009313462246FFF7CBFC002333
:1010C000FB7559E0FA7DF979BB79CB1A9A421ED1AA
:1010D000FA79BB79D31A9AB2BB7D9BB212FB03F3A8
:1010E0009AB2FB89134498B23A8DB98900230293CE
:1010F00097F830300193BB8D009313462E22FFF7F3
:101100007BFDFB7D0133FB75FB790133FB71B7F987
:101110001440FA79FB7DD31ADBB2013BDBB21946EE
:101120000A20FFF779FE0346B4FBF3F1174BA3FB4C
:101130000123DA0813469B0013445B00CA1AD3B29A
:101140003033FB74FB7D9AB2BB7D9BB212FB03F381
:101150009AB2FB89134498B23C8DFA7CB98900237A
:10116000029397F830300193BB8D00932346FFF72D
:1011700043FDFB7D0133FB75FA7DFB799A42A1D3D8
:1011800000BF00BF1C37BD4690BD00BFCDCCCCCC4E
:1011900090B585B000AF0446084611461A4623466E
:1011A000FB800346BB800B467B8013463B800023BD
:1011B000BB60FA887B8813449BB2013B9CB2BA881F
:1011C0003B8813449BB2013B9BB2B988F888224606
:1011D000FFF710FC0023FB8120E00023BB8116E019
:1011E000BB685B003A6A13441B781846FFF7C4FBE0
:1011F000BB685B0001333A6A13441B781846FFF75B
:10120000BBFBBB680133BB60BB890133BB81BA89BF
:101210003B889A42E4D3FB890133FB81FA897B88BE
:101220009A42DAD300BF00BF1437BD4690BD00001C
:1012300080B500AF00224FF40061654805F074FDF1
:10124000642001F0CFFB01224FF40061604805F0FB
:101250006BFD642001F0C6FB01224FF480615C4805
:1012600005F062FD642001F0BDFB1120FFF7A6FB35
:10127000782001F0B7FB3620FFF7A0FB7020FFF7C6
:101280007BFB3A20FFF79AFB0520FFF775FBB220A6
:10129000FFF794FB0C20FFF76FFB0C20FFF76CFBB4
:1012A0000020FFF769FB3320FFF766FB3320FFF7D1
:1012B00063FBB720FFF782FB3520FFF75DFBBB2008
:1012C000FFF77CFB3220FFF757FBC220FFF776FBCE
:1012D0000120FFF751FBC320FFF770FB1520FFF73C
:1012E0004BFBC420FFF76AFB2020FFF745FBC6201D
:1012F000FFF764FB0F20FFF73FFBD020FFF75EFBFB
:10130000A420FFF739FBA120FFF736FBE020FFF711
:1013100055FBD020FFF730FB0820FFF72DFB0E20F8
:10132000FFF72AFB0920FFF727FB0920FFF724FB23
:101330000520FFF721FB3120FFF71EFB3320FFF7CD
:101340001BFB4820FFF718FB1720FFF715FB1420A5
:10135000FFF712FB1520FFF70FFB3120FFF70CFB07
:101360003420FFF709FBE120FFF728FBD020FFF72F
:1013700003FB0820FFF700FB0E20FFF7FDFA092012
:10138000FFF7FAFA0920FFF7F7FA1520FFF7F4FA4A
:101390003120FFF7F1FA3320FFF7EEFA4820FFF78C
:1013A000EBFA1720FFF7E8FA1420FFF7E5FA15200B
:1013B000FFF7E2FA3120FFF7DFFA3420FFF7DCFA1B
:1013C0002120FFF7FBFA2920FFF7F8FA00BF80BDC4
:1013D0000004025880B500AF0122134913480FF0F2
:1013E00037FF0346002B01D0F7F7B2FE10490F4834
:1013F0000FF05EFF0346002B01D0F7F7A9FE0D4961
:101400000A4811F009FE0346002B01D0F7F7A0FEB1
:1014100006480FF083FF0346002B01D0F7F798FE34
:1014200005F0D4FC00BF80BD14000020BC4D01209D
:10143000B00000200000002080B500AF0022054968
:10144000054811F002FE0549034811F01FFE002374
:10145000184680BD98580120BC4D012098500120AD
:1014600080B400AF00231846BD4680BC704780B4EE
:1014700083B000AF03463960FB711346BB80FB7934
:10148000232B1ED0232B1EDC222B1ED0222B1ADC5A
:10149000212B1CD0212B16DC202B1AD0202B12DC68
:1014A000042B18D0042B0EDC032B16D0032B0ADCE4
:1014B000022B14D0022B06DC002B12D0012B12D0F1
:1014C00001E000BF10E000BF0EE000BF0CE000BF75
:1014D0000AE000BF08E000BF06E000BF04E000BF74
:1014E00002E000BF00E000BF002318460C37BD46F5
:1014F00080BC704780B584B000AF786039607B688D
:10150000002B28D03B68002B25D03B681B68002BA4
:1015100021D00023FB6017E0154B1B680133DBB2C1
:10152000BB60144B1B68BA689A4213D07A68FB6898
:101530001A440F4B1B6811780F4AD1540C4ABB68F0
:101540001360FB680133FB603B681B68FA689A42D2
:10155000E2D300E000BF7968084811F097FD074822
:1015600011F0F0FD002318461037BD4680BD00BFC6
:10157000986001209C600120A0600120BC4D0120EA
:1015800080B584B000AF78600B467B800023FB738E
:10159000124BD3F8BC32BB60BB68002B05D07B6814
:1015A000002B02D07B88002B01D1032312E0BB6803
:1015B000D3F81432002B01D001230BE07B881A46AC
:1015C0007968064811F041FD044811F07BFD03469F
:1015D000FB73FB7B18461037BD4680BDBC4D012018
:1015E00080B485B000AF786039600023FB607B6811
:1015F000002B02D03B68002B11D100231AE0104BC6
:101600001A68FB68591CF96079680B440D498A5CBB
:101610001A700B4B1B680133DBB2094A1360FA687E
:101620003B689A4205D2064B1A68074B1B689A42E0
:10163000E5D1FB6818461437BD4680BC704700BF33
:101640009C600120A06001209860012080B487B0D8
:1016500000AFF860B9601346FB710023FB7597F982
:10166000173018461C37BD4680BC704780B483B025
:1016700000AF03463960FB713B6812221A80034BAE
:1016800018460C37BD4680BC704700BF30000020B4
:1016900080B483B000AF03463960FB713B6804221D
:1016A0001A80034B18460C37BD4680BC704700BFFC
:1016B0004400002080B582B000AF03463960FB7162
:1016C000FB79002B05D13A680749084810F0D4FF90
:1016D00004E03A680449054810F0CEFF024B184672
:1016E0000837BD4680BD00BFA0610120489B0208AD
:1016F00080B582B000AF03463960FB713A68044997
:10170000044810F0B9FF024B18460837BD4680BDAB
:10171000A0610120589B020880B582B000AF03464B
:101720003960FB713B681A221A8000F043F8024BC3
:1017300018460837BD4680BD4800002080B582B0FD
:1017400000AF03463960FB71FB79002B05D13A6885
:101750000749084810F090FF04E03A68044905483A
:1017600010F08AFF024B18460837BD4680BD00BF07
:10177000A0610120609B020880B582B000AF0346E3
:101780003960FB71FB79002B05D13A68074908489D
:1017900010F072FF04E03A680449054810F06CFF4D
:1017A000024B18460837BD4680BD00BFA06101202E
:1017B000709B020880B584B000AF0F4B1B68FB60C4
:1017C0000E4B1B68BB600E4B1B687B60FA687B6826
:1017D0001344FB60FB68002B09D008220949F86814
:1017E00000F014F804220849B86800F00FF800BFB0
:1017F0001037BD4680BD00BF00E8F11F04E8F11FAF
:1018000008E8F11F4A0000205A00002080B487B089
:1018100000AFF860B9601346FB710023FB7500232D
:10182000FB7527E0FB681B0F092B0BD8FB681B0F10
:10183000DAB2FB7D5B001946BB680B443032D2B292
:101840001A700AE0FB681B0FDAB2FB7D5B001946D9
:10185000BB680B443732D2B21A70FB681B01FB60C5
:10186000FB7D5B000133BA68134400221A70FB7DD4
:101870000133FB75FA7DFB799A42D3D300BF00BFD9
:101880001C37BD4680BC704780B5B2B000AF7860F1
:1018900007F11003B8220021184612F056FF7B68AA
:1018A0001B681A4A93422CD14FF480224FF0000358
:1018B000C7E904234FF44013C7F8943007F110032D
:1018C000184607F0B1FC0346002B01D0F7F740FCA7
:1018D00005F07CFA0E4BD3F8D8300D4A43F0007374
:1018E000C2F8D8300A4BD3F8D83003F00073FB604D
:1018F000FB68002200214D2003F0BDF94D2003F0CC
:10190000D4F900BFC837BD4680BD00BF0000044009
:101910000044025880B582B000AF78607B68D3F88D
:1019200008257B6803F2C443194610460FF042FDB8
:1019300000BF0837BD4680BD80B582B000AF78607B
:101940000B46FB707B68D3F80805FA787968134674
:10195000DB0013449B000B4403F522731A68FB78E9
:1019600019460FF07CFD00BF0837BD4680BD80B52D
:1019700082B000AF78600B46FB707B68D3F8080537
:10198000FA7879681346DB0013449B000B44483314
:101990001A68FB7819460FF015FE00BF0837BD46E0
:1019A00080BD80B582B000AF78607B68D3F8083521
:1019B00018460FF04CFF00BF0837BD4680BD80B50C
:1019C00084B000AF78600123FB737B681B69002B38
:1019D00002D10023FB7308E07B681B69022B02D154
:1019E0000123FB7301E0F7F7B3FB7B68D3F80835FD
:1019F000FA7B114618460FF0E9FE7B68D3F80835EC
:101A000018460FF091FE00BF1037BD4680BD0000A4
:101A100080B582B000AF78607B68D3F8083518468F
:101A20000FF0E3FE7B681B6803F560631B687A6850
:101A3000126802F5606243F0010313607B681B6A61
:101A4000002B05D0044B1B69034A43F006031361C6
:101A500000BF0837BD4680BD00ED00E080B582B014
:101A600000AF78607B68D3F8083518460FF0D8FED1
:101A700000BF0837BD4680BD80B582B000AF78603A
:101A80000B46FB707B68D3F80835FA781146184688
:101A90000FF02FFF00BF0837BD4680BD80B582B074
:101AA00000AF78600B46FB707B68D3F80835FA7896
:101AB000114618460FF0EBFE00BF0837BD4680BD4B
:101AC00080B582B000AF78607B68D3F808351846DF
:101AD0000FF041FF00BF0837BD4680BD80B582B022
:101AE00000AF78607B68D3F8083518460FF03DFFEB
:101AF00000BF0837BD4680BD80B582B000AF7860BA
:101B00007B681B78012B40D1224A7B68C2F80835DC
:101B10007B68204AC3F8C8221E4B1F4A1A601D4B1F
:101B200009225A601B4B02221A611A4B0022DA600A
:101B3000184B02229A61174B0022DA61154B0022E2
:101B40001A62144B00225A62124B0022DA62114BC5
:101B500000221A630F4B00225A630E4805F044F925
:101B60000346002B01D0F7F7F3FA4FF40071094850
:101B700006F0E0FB80220021064806F095FB4FF4BA
:101B8000BA720121034806F08FFB0023184608377C
:101B9000BD4680BDA06301200000044080B584B034
:101BA00000AF78600023FB730023BB737B68D3F81E
:101BB000C832BB60BB68002B05D0B86805F039FFA0
:101BC000C82000F00FFF7B68D3F8C832184605F034
:101BD0002FFA0346FB73FB7B184600F03EF90346E1
:101BE000BB73BB7B18461037BD4680BD80B584B043
:101BF00000AF7860084611461A460346FB700B4654
:101C0000BB7013463B800023FB730023BB737B68D0
:101C1000D3F8C802BB783A88F97805F05FFF03462D
:101C2000FB73FB7B184600F018F90346BB73BB7BC4
:101C300018461037BD4680BD80B584B000AF7860CF
:101C40000B46FB700023FB730023BB737B68D3F848
:101C5000C832FA781146184605F0A8FF0346FB7310
:101C6000FB7B184600F0F9F80346BB73BB7B1846B4
:101C70001037BD4680BD80B584B000AF78600B469C
:101C8000FB700023FB730023BB737B68D3F8C8325F
:101C9000FA781146184606F061F80346FB73FB7BA1
:101CA000184600F0DAF80346BB73BB7B18461037C2
:101CB000BD4680BD80B584B000AF78600B46FB7038
:101CC0000023FB730023BB737B68D3F8C832FA7818
:101CD0001146184606F0A6F80346FB73FB7B184630
:101CE00000F0BBF80346BB73BB7B18461037BD46FC
:101CF00080BD80B485B000AF78600B46FB707B6818
:101D0000D3F8C832FB6097F90330002B0BDAFB786D
:101D100003F07F02F9681346DB0013449B000B4479
:101D20003E331B780BE0FB7803F07F02F968134623
:101D3000DB0013449B000B4403F27E231B78184600
:101D40001437BD4680BC704780B584B000AF786062
:101D50000B46FB700023FB730023BB737B68D3F837
:101D6000C832FA781146184605F093FE0346FB7315
:101D7000FB7B184600F071F80346BB73BB7B18462B
:101D80001037BD4680BD80B586B000AFF8607A6080
:101D90003B600B46FB720023FB750023BB75FB68A1
:101DA000D3F8C802F97A3B687A6805F09CFF0346CD
:101DB000FB75FB7D184600F050F80346BB75BB7DF4
:101DC00018461837BD4680BD80B586B000AFF860B4
:101DD0007A603B600B46FB720023FB750023BB75EA
:101DE000FB68D3F8C802F97A3B687A6805F028FFE7
:101DF0000346FB75FB7D184600F02FF80346BB75C4
:101E0000BB7D18461837BD4680BD80B582B000AF97
:101E100078600B46FB707B68D3F8C832FA781146BD
:101E2000184605F049FF034618460837BD4680BDF1
:101E300080B483B000AF7860024B18460C37BD46C3
:101E400080BC7047AC68012080B483B000AF78607C
:101E500000BF0C37BD4680BC704780B485B000AF72
:101E60000346FB710023FB73FB79032B13D0032B79
:101E700014DC022B0CD0022B10DC002B02D0012B27
:101E800003D00BE00023FB730BE00323FB7308E09C
:101E90000123FB7305E00323FB7302E00323FB73C1
:101EA00000BFFB7B18461437BD4680BC704780B529
:101EB00082B000AF0023FB7100F0A1FA00F0A5FA98
:101EC00000F012F803461A46FB791343FB7100F049
:101ED000C3F803461A46FB791343FB71FB79184696
:101EE0000837BD4680BD000080B582B000AF00233A
:101EF000BB710023FB7100F0E7FA802000F014FBB7
:101F0000552000F011FB552000F00EFB0346BB717D
:101F100000F0E6FA962000F093FA00F0D5FA80205F
:101F200000F002FB552000F0FFFA552000F0FCFA0B
:101F30000346BB7100F0D4FA962000F081FA00F05D
:101F4000C3FAB6217E2000F009FA00F0C9FA502049
:101F500000F061FA00F0B8FA802000F0E5FA5520B0
:101F600000F0E2FA552000F0DFFA0346BB7100F002
:101F7000B7FA962000F064FA00F0A6FA802000F08C
:101F8000D3FA552000F0D0FA552000F0CDFA0346E0
:101F9000BB7100F0A5FA962000F052FABB791E2B17
:101FA00001D0FF2352E00023FB714BE000F08CFADC
:101FB000FA79284913465B0013440B441878FA79E0
:101FC000244913465B0013440B4401331B78194624
:101FD00000F0C4F900F084FA962000F031FA00F025
:101FE00073FAFA791B4913465B0013440B441B78C0
:101FF00063F07F03DBB2184600F096FA552000F03C
:1020000093FA552000F090FA0346BB7100F068FA8D
:10201000962000F015FAFA790E4913465B00134436
:102020000B4401331B78BA799A4208D0FA790949EE
:1020300013465B0013440B4402331B7806E0FB7924
:102040000133FB71FB79052BB0D900231846083703
:10205000BD4680BD6C00002080B582B000AF00237B
:10206000FB710023BB7100F047FABB1D194600202D
:1020700000F088F900F04CFA962000F0E1F900F049
:102080003BFABB1D1946002000F07CF900F040FA35
:10209000962000F0D5F900F02FFAB621142000F0B8
:1020A0005DF900F035FA502000F0B5F900F024FA9F
:1020B000BB1D1946002000F065F900F029FA9620B2
:1020C00000F0BEF900F018FABB1D1946002000F020
:1020D00059F900F01DFA962000F0B2F9BB790F2BE8
:1020E00001D0FF2349E00023FB7142E000F004FA35
:1020F000FA79244913465B0013440B441878FA79A3
:10210000204913465B0013440B4401331B781946E6
:1021100000F024F900F0FCF9962000F091F900F0AD
:10212000EBF9FA79174913465B0013440B441B780B
:10213000BA1D1146184600F025F900F0E9F996207D
:1021400000F07EF9FA790F4913465B0013440B4403
:1021500001331A78BB799A4208D0FA7909491346B3
:102160005B0013440B4402331B7806E0FB79013318
:10217000FB71FB79052BB9D9002318460837BD46FA
:1021800080BD00BF8000002080B588B000AFF8603F
:10219000B9607A6007F1140300221A605A6000F0F7
:1021A00093F9922000F0C0F907F1140306221946B2
:1021B000122000F0FFF800F093F97B7D1BB21B02A8
:1021C0001AB23B7D1BB21343FB83B7F91E3007EEF7
:1021D000903AB8EEE77A5F4BD3ED007A67EE277A54
:1021E000BB68C3ED007AFB7D1BB21B021AB2BB7D3C
:1021F0001BB21343FB83B7F91E3007EE903AB8EEDB
:10220000E77A544BD3ED007ABB68043367EE277A44
:10221000C3ED007A7B7E1BB21B021AB23B7E1BB25F
:102220001343FB83B7F91E3007EE903AB8EEE77A16
:10223000484BD3ED007ABB68083367EE277AC3EDCD
:10224000007A00F059F907F114030822194600201A
:1022500000F0B0F800F05CF93B7D0F2B43D1FB7D23
:102260001BB21B021AB2BB7D1BB21343FB83B7F92F
:102270001E3007EE903AB8EEE77A374BD3ED007A8E
:1022800067EE277AFB68C3ED007A7B7E1BB21B02E8
:102290001AB23B7E1BB21343FB83B7F91E3007EE25
:1022A000903AB8EEE77A2C4BD3ED007AFB68043312
:1022B00067EE277AC3ED007AFB7E1BB21B021AB2CF
:1022C000BB7E1BB21343FB83B7F91E3007EE903A77
:1022D000B8EEE77A204BD3ED007AFB68083367EE5F
:1022E000277AC3ED007A00F0EFF8A22000F01CF985
:1022F00007F1140302221946222000F05BF800F0D7
:10230000EFF83B7D1BB2DB001AB27B7D5B09DBB2D1
:102310001BB21343FB83B7F91E30B3F5806F04DBA8
:10232000FB8BA3F500639BB2FB83B7F91E3007EE6E
:10233000903AF8EEE77AB4EE007A67EE877AB3EE79
:10234000077A77EE877A7B68C3ED007A00BF203783
:10235000BD4680BD640000206800002080B582B0CA
:1023600000AF03460A46FB711346BB71FB79184662
:1023700000F0DAF8BB79184600F0D6F800BF08374D
:10238000BD4680BD80B582B000AF03463960FB71A9
:10239000FB7963F07F03DBB2184600F0C5F85520E7
:1023A00000F0C2F803461A463B681A7000BF0837AF
:1023B000BD4680BD80B582B000AF03463960FB7179
:1023C0001346BB71FB7963F07F03DBB2184600F064
:1023D000ABF80CE0552000F0A7F803461A463B681E
:1023E0001A703B6801333B60BB79013BBB71BB7921
:1023F000002BEFD100BF00BF0837BD4680BD80B4C1
:1024000000AF00BFBD4680BC704780B400AF00BFC6
:10241000BD4680BC704780B582B000AF0346FB80EC
:1024200003E04FF47A7000F00BF8FB885A1EFA8034
:10243000002BF6D100BF00BF0837BD4680BD0000AD
:1024400080B489B000AF0346FB8000237B6100238A
:10245000FB6100233B610023BB610023FB60194B40
:102460005B68FB60FA8813461B019B1A5B017B616A
:10247000144B9B68FB61134B9B683B613A69FB699A
:102480009A42F8D03A69FB699A4206D2FA693B69E6
:10249000D31ABA691344BB6107E0FA683B69D21AE0
:1024A000FB691344BA691344BB613B69FB61BA69B8
:1024B0007B699A4200D2DEE700BF00BF2437BD46E9
:1024C00080BC704710E000E080B500AF0022012121
:1024D000024804F029FC00BF80BD00BF000802587C
:1024E00080B500AF01220121024804F01DFC00BFAD
:1024F00080BD00BF0008025880B500AF002208214F
:10250000024804F011FC00BF80BD00BF0008025863
:1025100080B500AF01220821024804F005FC00BF8D
:1025200080BD00BF0008025880B586B002AF0346E8
:10253000FB7107F10F02F91D4FF47A730093012329
:10254000034809F057FDFB7B18461037BD4680BD98
:10255000CC06002080B487B000AFF86087ED020A97
:10256000C7ED010A0B46FB70FB78012202FA03F368
:10257000013B7B61FB78002B05D0FB78102B02D848
:102580007B69002B02D1D7ED027A1DE0FA687B69E6
:102590009A4201D97B69FB60FB6807EE903AB8EE7E
:1025A000677AD7ED016AD7ED027A76EEE77A67EEC1
:1025B000276A7B6907EE903AF8EE677A86EEA77A8B
:1025C000D7ED027A77EE277AB0EE670A1C37BD4660
:1025D00080BC704780B582B000AF78600B46FB705E
:1025E0007B68002B02D14FF0FF3309E00722FF2167
:1025F000786812F0AAF87B680733FA781A70082313
:1026000018460837BD4680BD80B582B000AF7860FF
:10261000FB217868FFF7DEFF034618460837BD4602
:1026200080BD80B582B000AF7860FC217868FFF78C
:10263000D1FF034618460837BD4680BD80B582B03D
:1026400000AF7860FD217868FFF7C4FF03461846A5
:102650000837BD4680BD80B586B000AFF860B96070
:102660007A60FB68002B05D0BB68002B02D07B682A
:10267000002B02D14FF0FF337FE0BB6801331B78A2
:102680001BB21B021AB2BB6802331B781BB2134386
:102690001BB2FB82BB6803331B781BB21B011AB24F
:1026A000BB6804331B781B09DBB21BB213431BB29C
:1026B000BB82BB6804331B781BB21B021BB203F442
:1026C00070631AB2BB6805331B781BB213431BB28D
:1026D0007B82BB681B7803F00F03DAB27B681A7049
:1026E000BB681B781B09DAB27B685A70FA8AFB68F0
:1026F000D3ED007AFB6893ED017A1021F0EE470AE2
:10270000B0EE670A1046FFF725FFF0EE407A7B68CF
:10271000C3ED017ABA8AFB68D3ED027AFB6893EDC8
:10272000037A0C21F0EE470AB0EE670A1046FFF775
:1027300011FFF0EE407A7B68C3ED027A7A8AFB687B
:10274000D3ED047AFB6893ED057A0C21F0EE470A8D
:10275000B0EE670A1046FFF7FDFEF0EE407A7B68A8
:10276000C3ED037ABB6806331A787B681A74BB68BA
:1027700007331A787B685A74002318461837BD4609
:1027800080BD80B485B000AF87ED010A38607B68FA
:10279000FB60FA683B681A6000BF1437BD4680BC16
:1027A000704780B582B000AF87ED010A38603B68A2
:1027B000002B02D14FF0FF330AE0082200213868D5
:1027C00011F0C3FF386897ED010AFFF7DAFF08231D
:1027D00018460837BD4680BD80B400AF324BD3F8F1
:1027E0008830314A43F47003C2F888302F4B1B689D
:1027F00003F00F03062B07D82C4B1B6823F00F03A5
:102800002A4A43F007031360294B1B68284A43F008
:1028100001031360264B00221A61254B1A682449D4
:10282000244B13400B60214B1B6803F00803002B63
:1028300007D01E4B1B6823F00F031C4A43F007030D
:1028400013601B4B00229A61194B0022DA61184B6E
:1028500000221A62164B184A9A62154B174ADA621E
:10286000134B174A1A63124B00225A63104B144A37
:102870009A630F4B0022DA630D4B114A1A640C4B1A
:1028800000225A640A4B1B68094A23F48023136010
:10289000074B00221A660B4B43F2D2021A6000BFAC
:1028A000BD4680BC704700BF00ED00E00020005234
:1028B000004402587FEDF6EA000202020000FF0128
:1028C000800201010040005280B582B000AF0320B9
:1028D00002F0C6F906F0FEFA0246154B9B691B0A88
:1028E00003F00F031349CB5C03F01F0322FA03F339
:1028F0007B600F4B9B6903F00F030E4AD35C03F020
:102900001F037A6822FA03F30B4A13600B4A7B68B1
:1029100013600F2000F014F80346002B01D00123B0
:1029200002E0FAF751FE002318460837BD4680BD85
:1029300000440258D8DD04089800002094000020CC
:1029400080B582B000AF7860154B1B78002B01D1A9
:10295000012321E0134B1A68114B1B7819464FF4E1
:102960007A73B3FBF1F3B2FBF3F3184602F0ABF961
:102970000346002B01D001230EE07B680F2B0AD801
:10298000002279684FF0FF3002F075F9064A7B6843
:102990001360002300E0012318460837BD4680BDC0
:1029A000A0000020940000209C00002080B400AF14
:1029B000054B1B781A46054B1B681344034A1360EA
:1029C00000BFBD4680BC7047A0000020CC6A01203B
:1029D00080B400AF024B1B681846BD4680BC7047F0
:1029E000CC6A012080B584B000AF7860FFF7F0FFBB
:1029F000B8607B68FB60FB68B3F1FF3F05D00A4B12
:102A00001B781A46FB681344FB6000BFFFF7E0FF2A
:102A10000246BB68D31AFA689A42F7D800BF00BFD3
:102A20001037BD4680BD00BFA000002080B483B039
:102A300000AF786039607B689B6823F47C123B6848
:102A40001A437B689A6000BF0C37BD4680BC704754
:102A500080B483B000AF786039607B689B6823F0F6
:102A6000E0723B681A437B689A6000BF0C37BD4632
:102A700080BC704780B483B000AF78607B689B688F
:102A800003F0E07318460C37BD4680BC7047000069
:102A900080B487B000AFF860B9607A603B60FB68D3
:102AA00060331A46BB689B0013447B61FB68104A85
:102AB00093420BD17B691B687B6803F0F8423B684B
:102AC000134343F000427B691A600BE07B691B688B
:102AD00003F000427B6803F0F8413B680B431A4364
:102AE0007B691A6000BF1C37BD4680BC704700BFC1
:102AF0000060025880B485B000AF786039607B68B0
:102B000060331A463B689B001344FB60FB681B68FC
:102B100003F0F84318461437BD4680BC704780B4B4
:102B200085B000AFF860B9607A60FB681B6923F478
:102B3000F042BB6803F01F03796801FA03F31A43FC
:102B4000FB681A6100BF1437BD4680BC70470000A7
:102B500080B487B000AFF860B9607A60FB680B4A58
:102B600093420ED0FB6860331A46BB689B00134447
:102B70007B617B691B6823F000427B681A437B6999
:102B80001A6000BF1C37BD4680BC70470060025809
:102B900080B487B000AFF860B9607A60FB680B4A18
:102BA00093420ED1FB6860331A46BB689B00134406
:102BB0007B617B691B6823F000727B681A437B6929
:102BC0001A6000BF1C37BD4680BC704700600258C9
:102BD00080B487B000AFF860B9607A60FB680B4AD8
:102BE00093420ED1FB6860331A46BB689B001344C6
:102BF0007B617B691B6823F080727B681A437B6969
:102C00001A6000BF1C37BD4680BC70470060025888
:102C100080B487B000AFF860B9607A60FB68603359
:102C20001A46BB689B0013447B61FB680C4A9342C5
:102C300008D17B691B6823F000427B681A437B69DB
:102C40001A6007E07B691B6823F000427B681A4327
:102C50007B691A6000BF1C37BD4680BC704700BF4F
:102C60000060025880B483B000AF78607B68DB6896
:102C700003F44063002B01D1012300E00023184638
:102C80000C37BD4680BC704780B487B000AFF86099
:102C9000B9607A60FB6830331A46BB681B0A9B0038
:102CA00003F00C0313447B617B691A68BB6803F073
:102CB0001F031F2101FA03F3DB431A407B689B0EBD
:102CC00003F01F01BB6803F01F0301FA03F31A436B
:102CD0007B691A6000BF1C37BD4680BC704780B45A
:102CE00087B000AFF860B9607A60FB6814331A46A9
:102CF000BB685B0E9B0003F0040313447B617B699C
:102D00001A68BB681B0D03F01F03072101FA03F3C8
:102D1000DB431A40BB681B0D03F01F03796801FAFF
:102D200003F31A437B691A6000BF1C37BD4680BCA1
:102D30007047000080B485B000AFF860B9607A6079
:102D4000FB68194A934215D1FB68D3F8B020BB68E1
:102D5000C3F31303DB431A407B6803F018031349E2
:102D6000D940BB680B40C3F313031A43FB68C3F895
:102D7000B02014E0FB68D3F8C020BB68C3F3130392
:102D8000DB431A407B6803F018030849D940BB684D
:102D90000B40C3F313031A43FB68C3F8C02000BF02
:102DA0001437BD4680BC704700600258FFFF0F001B
:102DB00080B483B000AF78607B689B6803F01F032A
:102DC00018460C37BD4680BC704780B483B000AF56
:102DD00078607B689B6803F4404318460C37BD4617
:102DE00080BC704780B483B000AF78607B689A681D
:102DF000044B13407A68936000BF0C37BD4680BC1B
:102E0000704700BFC0FFFF5F80B483B000AF786041
:102E10007B689B6803F00053B3F1005F01D101238D
:102E200000E0002318460C37BD4680BC7047000008
:102E300080B483B000AF78607B689A68054B13401C
:102E400043F080527B689A6000BF0C37BD4680BC5F
:102E5000704700BFC0FFFF6F80B483B000AF7860E1
:102E60007B689B6803F08053B3F1805F01D101233D
:102E700000E0002318460C37BD4680BC70470000B8
:102E800080B483B000AF78607B689A68054B1340CC
:102E900043F001027B689A6000BF0C37BD4680BCDE
:102EA000704700BFC0FFFF7F80B483B000AF786081
:102EB0007B689A68054B134043F002027B689A6076
:102EC00000BF0C37BD4680BC704700BFC0FFFF7F0E
:102ED00080B483B000AF78607B689B6803F0010327
:102EE000012B01D1012300E0002318460C37BD4619
:102EF00080BC704780B483B000AF78607B689B680B
:102F000003F00203022B01D1012300E00023184645
:102F10000C37BD4680BC704780B483B000AF78608A
:102F20007B689A68054B134043F004027B689A6003
:102F300000BF0C37BD4680BC704700BFC0FFFF7F9D
:102F400080B483B000AF78607B689A68054B13400B
:102F500043F010027B689A6000BF0C37BD4680BC0E
:102F6000704700BFC0FFFF7F80B483B000AF7860C0
:102F70007B689B6803F00403042B01D1012300E06C
:102F8000002318460C37BD4680BC704780B483B020
:102F900000AF78607B689A68054B134043F02002CD
:102FA0007B689A6000BF0C37BD4680BC704700BF8D
:102FB000C0FFFF7F80B483B000AF78607B689B6800
:102FC00003F00803082B01D1012300E00023184679
:102FD0000C37BD4680BC704790B589B000AF7860B3
:102FE0000023FB770023BB607B68002B01D101230A
:102FF000EEE17B681B69002B7B681B6E002B09D1FF
:103000007868FAF7DFF97B6800225A667B6800224D
:1030100083F85C207B681B681846FFF7F5FE0346C3
:10302000002B04D07B681B681846FFF7DBFE7B682B
:103030001B681846FFF710FF0346002B14D17B686E
:103040001B681846FFF7F4FE8E4B1B689B098E4ADF
:10305000A2FB03239B090133BB6002E0BB68013B79
:10306000BB60BB68002BF9D17B681B681846FFF773
:10307000F3FE0346002B0DD17B681B6E43F010025C
:103080007B681A667B685B6E43F001027B685A6658
:103090000123FB777B681B681846FFF765FF7861A3
:1030A0007B681B6E03F01003002B40F088817B6966
:1030B000002B40F084817B681B6E23F4817343F006
:1030C00002027B681A667B681B681846FFF700FFE0
:1030D0000346002B36D17B681B686C4A934204D0B0
:1030E0007B681B686A4A93420ED16848FFF7F0FE7E
:1030F00004466748FFF7ECFE03462343002B0CBF52
:1031000001230023DBB208E06248FFF7E1FE03463B
:10311000002B0CBF01230023DBB2002B12D07B68F5
:103120001B685A4A934204D07B681B68584A9342F2
:1031300001D1594A00E0594A7B685B68194610463C
:10314000FFF774FC7B681B68524A934229D17B6865
:103150005B7E5A037B68DB6B1A437B68DB681A4330
:103160007B689B68082B13D07B689B680C2B0DD069
:103170007B689B681C2B07D07B689B68182B01D150
:10318000182306E0002304E0102302E0082300E0F7
:1031900000231A437B6893F820301B041343BB6160
:1031A0000EE07B685B7E5A037B68DB6B1A437B68AF
:1031B0009B681A437B6893F820301B041343BB6160
:1031C0007B6893F82030012B06D17B685B6A013B5A
:1031D0005B04BA691343BB617B689B6A002B09D00F
:1031E0007B689B6A03F478727B68DB6A1343BA6975
:1031F0001343BB617B681B68264A934215D17B68E9
:103200001B68DA68264B13407A681268B9690B4369
:10321000D3607B681B681B6923F040617B685A6B35
:103220007B681B680A431A6109E07B681B68DA68DF
:103230001C4B13407A681268B9690B43D3607B68F2
:103240001B681846FFF790FE38617B681B681846BC
:10325000FFF7B0FEF8603B69002B40F08E80FB6802
:10326000002B40F08A807B681B680A4A93421BD17E
:103270007B681B7E9A037B6893F838305B001343AE
:10328000BB6118E094000020632D3E050020024041
:1032900000210240006002580023024000630258EF
:1032A0000740F0FF03C0F0FF7B681B7E9A037B683A
:1032B0001B6B1343BB617B681B68DA68464B13408A
:1032C0007A681268B9690B43D3607B6893F844301D
:1032D000012B37D17B689B6A002B7B681B683F4AB8
:1032E000934216D17B681B681A693D4B13407A687C
:1032F000916C7A68D26C11437A68126D11437A68C6
:10330000526D0A431A437B681B6842F001021A613E
:1033100020E07B681B681A69324B13407A68926C14
:10332000013A11047A68D26C11437A68126D114324
:103330007A68526D0A431A437B681B6842F00102A7
:103340001A6107E07B681B681A697B681B6822F0BA
:1033500001021A617B681B681B6923F070417B685E
:103360001A6C7B681B680A431A617B681B681B4ADE
:10337000934202D0786801F00DF97B681B69012B3C
:103380000CD17B681B681B6B23F00F017B68DB692A
:103390005A1E7B681B680A431A6307E07B681B6838
:1033A0001A6B7B681B6822F00F021A637B681B6E26
:1033B00023F0030343F001027B681A6607E07B6891
:1033C0001B6E43F010027B681A660123FB77FB7FBC
:1033D00018462437BD4690BDFCBFFFFF0060025871
:1033E0001FF800FC1EF800FC80B586B000AF7860C6
:1033F0007B681B685C4A934204D07B681B685B4A0D
:10340000934201D15A4B00E05A4B1846FFF7D0FCCB
:10341000F8607B681B681846FFF7A6FD0346002B83
:1034200040F09B807B6893F85C30012B01D1022334
:1034300096E07B68012283F85C20786800F0C0FF8A
:103440000346FB75FB7D002B40F082807B681A6E83
:10345000494B134043F480727B681A667B681B6893
:10346000424A934202D07B681B6800E03E4B7A6878
:103470001268934202D0FB68002B05D17B681B6E5B
:1034800023F480127B681A667B681B6E03F48053FA
:10349000B3F5805F06D17B685B6E23F006027B6824
:1034A0005A6602E07B6800225A667B681B681C2211
:1034B0001A607B68002283F85C207B681B682B4ABB
:1034C000934202D07B681B6800E0274B7A68126841
:1034D000934208D0FB68002B05D0FB68052B02D077
:1034E000FB68092B14D17B681B68DB6803F0007351
:1034F000002B07D07B681B6E23F4405343F48052AB
:103500007B681A667B681B681846FFF705FD26E096
:103510007B681B6E43F480127B681A667B681B68AD
:10352000124A934203D07B681B683B6101E00E4B5B
:103530003B613B69DB6803F00073002B0FD07B68B5
:103540001B6E23F4405343F480527B681A6606E0F6
:103550007B68002283F85C2001E00223FB75FB7D81
:1035600018461837BD4680BD0020024000210240A9
:103570000023024000630258FEF0FFFF80B584B0D4
:1035800000AF78607B6893F85C30012B01D1022397
:1035900021E07B68012283F85C200321786800F039
:1035A00053FE0346FB73FB7B002B0FD1786800F0C2
:1035B00091FF0346FB73FB7B002B07D17B681A6EE0
:1035C000074B134043F001027B681A667B680022B8
:1035D00083F85C20FB7B18461037BD4680BD00BFDA
:1035E000FEEEFFFF80B588B000AF786039607B6881
:1035F0001B68724A934204D07B681B68704A9342EE
:1036000001D1704B00E0704B1846FFF7D1FB3861D9
:103610007B685B69082B02D10823FB6137E03B69BB
:10362000002B05D03B69052B02D03B69092B11D13A
:103630007B681B68DB6803F00103002B07D07B6805
:103640001B6E43F020027B681A660123B2E004235C
:10365000FB611CE07B681B68584A934204D07B687E
:103660001B68574A934201D1564B00E0564B18460F
:10367000FFF7ABFB0346002B07D07B681B6E43F0C4
:1036800020027B681A66012394E00423FB61FFF7A4
:103690009FF9F86021E03B68B3F1FF3F1DD0FFF7D1
:1036A00097F90246FB68D31A3A689A4202D33B68FC
:1036B000002B12D17B681B681A68FB691340002B32
:1036C0000BD17B681B6E43F004027B681A667B6833
:1036D000002283F85C2003236CE07B681B681A6877
:1036E000FB691340002BD6D07B681B6E43F400723D
:1036F0007B681A667B681B681846FFF7B3FA0346B7
:10370000002B1CD07B685B7E002B18D17B681B686C
:103710001B6803F00803082B11D17B681B6E23F490
:1037200080727B681A667B681B6E03F48053002BE3
:1037300005D17B681B6E43F001027B681A667B68CB
:103740001B681F4A934202D07B681B6800E01B4B3A
:103750007A681268934208D03B69002B05D03B6918
:10376000052B02D03B69092B04D17B681B68DB6801
:10377000BB610DE07B681B68114A934203D07B68F4
:103780001B687B6101E00D4B7B617B69DB68BB6182
:10379000FB69082B04D17B681B6808221A6008E0CB
:1037A000BB6903F48043002B03D17B681B680C22A8
:1037B0001A60002318462037BD4680BD0020024015
:1037C00000210240002302400063025880B483B00D
:1037D00000AF78607B681B681B6C18460C37BD46D1
:1037E00080BC704790B5B9B000AF786039600023F5
:1037F00087F8DF300023BB607B6893F84430012BEF
:103800003B68DB68AB4A93427B6893F85C30012BE2
:1038100002D1022300F000BD7B68012283F85C2006
:103820007B681B681846FFF79FFB0346002B40F0A0
:10383000E4847B681B68A04A934233D03B681B68D2
:10384000C3F31303002B08D13B681B689B0E03F0E6
:103850001F03012202FA03F31DE03B681B68C7F84F
:10386000C030D7F8C03093FAA3F3C7F8C430D7F804
:10387000C430C7F8BC30D7F8BC30002B01D12023AE
:1038800004E0D7F8BC30B3FA83F3DBB203F01F03D4
:10389000012202FA03F37A681268D1697A68126821
:1038A0000B43D3617B6818683B6859683B681B68A9
:1038B0001A46FFF7E9F97B681B681846FFF754FBC7
:1038C000C7F8D4007B681B681846FFF773FBC7F87E
:1038D000D000D7F8D430002B40F07482D7F8D03025
:1038E000002B40F06F827B6818683B6819683B6862
:1038F0009B681A46FFF7F3F97B681B686E4A934290
:103900000DD13B685A697B681B68DB68DB0803F0F4
:1039100003035B0002FA03F3C7F8D83036E0674BC5
:103920001B6803F07043B3F1805F0DD13B685A69A7
:103930007B681B68DB689B0803F007035B0002FAE7
:1039400003F3C7F8D83021E07B681B68DB6803F01D
:103950001003002B0DD13B685A697B681B68DB683C
:103960009B0803F007035B0002FA03F3C7F8D830A3
:103970000CE03B685A697B681B68DB689B0803F0B6
:1039800004035B0002FA03F3C7F8D8303B681B69F5
:10399000042B48D07B6818683B6819693B681A6833
:1039A000D7F8D830FFF774F87B681B68424A934217
:1039B00019D17B6818683B6819693B68DB691A464E
:1039C000FFF706F97B6818683B6819693B6893F84C
:1039D0002030012B02D14FF0007300E000231A4683
:1039E000FFF7D6F8EEE17B6818683B6819693B6819
:1039F00093F82130012B02D14FF0004300E0002367
:103A00001A46FFF7A5F87B6818683B6819693B6898
:103A10001B7E012B02D14FF4006300E000231A4605
:103A2000FFF77DF8CEE17B681B68234A934240F0A4
:103A300081817B681B6800211846FFF75BF803460D
:103A4000C3F31303002B0AD17B681B6800211846BF
:103A5000FFF750F803469B0E03F01F021EE07B6841
:103A60001B6800211846FFF745F80346C7F8B83031
:103A7000D7F8B83093FAA3F3C7F8B430D7F8B43016
:103A8000C7F8C830D7F8C830002B01D1202304E094
:103A9000D7F8C830B3FA83F3DBB21A463B681B6829
:103AA000C3F31303002B0BD13B681B689B0E03F081
:103AB0001F031EE00000FF47006002580010005C7A
:103AC0003B681B68C7F8AC30D7F8AC3093FAA3F367
:103AD000C7F8A830D7F8A830C7F8B030D7F8B0305A
:103AE000002B01D1202304E0D7F8B030B3FA83F3E0
:103AF000DBB29A4206D17B681B680022002118467F
:103B0000FFF786F87B681B6801211846FEF7F2FF75
:103B10000346C3F31303002B0AD17B681B68012102
:103B20001846FEF7E7FF03469B0E03F01F021EE058
:103B30007B681B6801211846FEF7DCFF0346C7F8C7
:103B4000A030D7F8A03093FAA3F3C7F89C30D7F889
:103B50009C30C7F8A430D7F8A430002B01D1202323
:103B600004E0D7F8A430B3FA83F3DBB21A463B681B
:103B70001B68C3F31303002B05D13B681B689B0E26
:103B800003F01F0318E03B681B68C7F89430D7F8B0
:103B9000943093FAA3F3C7F89030D7F89030C7F871
:103BA0009830D7F89830002B01D1202304E0D7F8C3
:103BB0009830B3FA83F3DBB29A4206D17B681B6874
:103BC000002201211846FFF723F87B681B680221B9
:103BD0001846FEF78FFF0346C3F31303002B0AD1E9
:103BE0007B681B6802211846FEF784FF03469B0E84
:103BF00003F01F021EE07B681B6802211846FEF7D7
:103C000079FF0346C7F88830D7F8883093FAA3F3D2
:103C1000C7F88430D7F88430C7F88C30D7F88C30A8
:103C2000002B01D1202304E0D7F88C30B3FA83F3C2
:103C3000DBB21A463B681B68C3F31303002B05D1A4
:103C40003B681B689B0E03F01F0314E03B681B6876
:103C5000FB67FB6F93FAA3F3BB67BB6FC7F88030BA
:103C6000D7F88030002B01D1202304E0D7F8803032
:103C7000B3FA83F3DBB29A4206D17B681B68002259
:103C800002211846FEF7C4FF7B681B680321184613
:103C9000FEF730FF0346C3F31303002B0AD17B6802
:103CA0001B6803211846FEF725FF03469B0E03F011
:103CB0001F0217E07B681B6803211846FEF71AFFF6
:103CC00003463B673B6F93FAA3F3FB66FB6E7B6790
:103CD0007B6F002B01D1202303E07B6FB3FA83F3CA
:103CE000DBB21A463B681B68C3F31303002B05D1F4
:103CF0003B681B689B0E03F01F0311E03B681B68C9
:103D00007B667B6E93FAA3F33B663B6EBB66BB6E32
:103D1000002B01D1202303E0BB6EB3FA83F3DBB2A7
:103D20009A424FD17B681B68002203211846FEF798
:103D30006FFF47E07B681B681B6E03F0F8423B682F
:103D40001B689B069A4207D17B681B681A6E7B68CA
:103D50001B6822F000421A667B681B685B6E03F0EA
:103D6000F8423B681B689B069A4207D17B681B6838
:103D70005A6E7B681B6822F000425A667B681B689B
:103D80009B6E03F0F8423B681B689B069A4207D182
:103D90007B681B689A6E7B681B6822F000429A66FB
:103DA0007B681B68DB6E03F0F8423B681B689B0670
:103DB0009A4207D17B681B68DA6E7B681B6822F029
:103DC0000042DA667B681B681846FFF781F80346F5
:103DD000002B40F01B827B6818683B6819683B68C1
:103DE000DB681A46FEF7A6FF3B68DB68A24A9342EF
:103DF00040F030817B6818683B681B68C3F313038D
:103E0000002B0BD13B681B689B0E013303F01F0393
:103E1000092B94BF01230023DBB219E03B681B6828
:103E2000BB65BB6D93FAA3F37B657B6DFB65FB6D97
:103E3000002B01D1202303E0FB6DB3FA83F3DBB247
:103E4000013303F01F03092B94BF01230023DBB2CE
:103E5000002B79D03B681B68C3F31303002B07D1F9
:103E60003B681B689B0E01339B0603F0F84215E08C
:103E70003B681B68FB64FB6C93FAA3F3BB64BB6CED
:103E80003B653B6D002B01D1202303E03B6DB3FA72
:103E900083F3DBB201339B0603F0F8423B681B68F7
:103EA000C3F31303002B09D13B681B689B0E01333E
:103EB00003F01F03012101FA03F317E03B681B68BD
:103EC0003B643B6C93FAA3F3FB63FB6B7B647B6CFF
:103ED000002B01D1202303E07B6CB3FA83F3DBB228
:103EE000013303F01F03012101FA03F342EA030146
:103EF0003B681B68C3F31303002B0AD13B681B68A4
:103F00009B0E013303F01F0213465B0013441B0595
:103F100018E03B681B687B637B6B93FAA3F33B63FE
:103F20003B6BBB63BB6B002B01D1202303E0BB6B5E
:103F3000B3FA83F3DBB2013303F01F0213465B00D5
:103F400013441B050B4380E03B681B68C3F313035A
:103F5000002B07D13B681B689B0E01339B0603F0C7
:103F6000F84215E03B681B68BB62BB6A93FAA3F397
:103F70007B627B6AFB62FB6A002B01D1202303E09A
:103F8000FB6AB3FA83F3DBB201339B0603F0F8421A
:103F90003B681B68C3F31303002B09D13B681B6804
:103FA0009B0E013303F01F03012101FA03F317E015
:103FB0003B681B68FB61FB6993FAA3F3BB61BB69B8
:103FC0003B623B6A002B01D1202303E03B6AB3FA3A
:103FD00083F3DBB2013303F01F03012101FA03F382
:103FE00042EA03013B681B68C3F31303002B0ED1A5
:103FF0003B681B689B0E013303F01F03A3F10A0209
:1040000013465B0013441B0543F000731CE03B6840
:104010001B683B613B6993FAA3F3FB60FB687B6120
:104020007B69002B01D1202303E07B69B3FA83F382
:10403000DBB2013303F01F03A3F10A0213465B0056
:1040400013441B0543F000730B433A68926819460A
:10405000FEF745FE3B681B68002B80F2D7807B682B
:104060001B68064A934204D07B681B68044A93424B
:104070000AD1044B09E000BF0000FF4700200240C6
:104080000021024000230240654B1846FEF7F2FC77
:10409000C7F8CC007B681B68624A934204D07B68F7
:1040A0001B68614A93420ED15E48FEF711FF044639
:1040B0005D48FEF70DFF03462343002B0CBF012391
:1040C0000023DBB208E05948FEF702FF0346002B4D
:1040D0000CBF01230023DBB2002B00F084803B687F
:1040E0001B68534A934232D1D7F8CC3003F4000313
:1040F000002B2CD17B681B684C4A934240F0868091
:104100007B681B68474A934204D07B681B68464A19
:10411000934201D1474A00E0414AD7F8CC3043F4FA
:10412000000319461046FEF793FC434B1B689B099E
:10413000424AA2FB03239B0901335B00BB6002E000
:10414000BB68013BBB60BB68002BF9D15EE03B68FC
:104150001B683B4A934220D1D7F8CC3003F08073E0
:10416000002B1AD17B681B68304A93424ED17B6882
:104170001B682C4A934204D07B681B682A4A9342EE
:1041800001D12C4A00E0264AD7F8CC3043F08073A6
:1041900019461046FEF75CFC38E03B681B68294A6C
:1041A000934233D1D7F8CC3003F48003002B2DD1C8
:1041B0007B681B681D4A934228D17B681B68194A9B
:1041C000934204D07B681B68174A934201D1194A75
:1041D00000E0134AD7F8CC3043F480031946104668
:1041E000FEF736FC12E07B681B6E43F020027B6812
:1041F0001A66012387F8DF3008E07B681B6E43F006
:1042000020027B681A66012387F8DF307B68002272
:1042100083F85C2097F8DF301846E437BD4690BD40
:104220000063025800200240002102400060025852
:10423000000052C70023024094000020632D3E0579
:10424000000021C3000084CB80B588B000AF786047
:1042500039600023FB613B68BB617B681B681846C3
:10426000FEF782FE38617B681B681846FEF7A2FEE7
:10427000F8603B69002B03D1FB68002B00F09880AD
:104280007B681B68DB6803F00073002B2AD07B6817
:104290005B7E012B26D17B681B7E012B22D1012363
:1042A000BB6114E0FB69454A93420DD97B681B6EE4
:1042B00043F010027B681A667B685B6E43F0010274
:1042C0007B685A66012374E0FB690133FB617B68FC
:1042D0001B681B6803F04003402BE3D17B681B681D
:1042E00040221A60BB69022B14D07B681B681846F9
:1042F000FEF73AFE0346002B0CD07B681B6818467D
:10430000FEF7F8FD0346002B04D17B681B681846B6
:10431000FEF716FEBB69012B14D07B681B6818469C
:10432000FEF748FE0346002B0CD07B681B6818463E
:10433000FEF7E0FD0346002B04D17B681B6818469E
:10434000FEF724FEBB69022B05D0BB69032B05D108
:104350000C237B6105E008237B6102E004237B6181
:1043600000BFFEF735FBB8601BE0FEF731FB0246ED
:10437000BB68D31A052B14D97B681B689A687B69C4
:104380001340002B0DD07B681B6E43F010027B683E
:104390001A667B685B6E43F001027B685A660123F4
:1043A00007E07B681B689A687B691340002BDCD1AF
:1043B000002318462037BD4680BD00BFFFDB0C0040
:1043C00080B584B000AF78607B681B681846FEF744
:1043D0007FFD0346002B6ED17B681B689A68384BC3
:1043E0001340002B0DD07B681B6E43F010027B68DE
:1043F0001A667B685B6E43F001027B685A66012394
:104400005AE07B681B681846FEF73AFDFEF7E0FAB3
:10441000F8607B681B682B4A934204D07B681B685A
:10442000294A934201D1294B00E0294B1846FEF757
:10443000BFFCB8607B681B68234A934202D07B684C
:104440001B6800E01F4B7A68126893422CD0BB684F
:10445000002B30D128E07B681B681846FEF738FD3A
:104460000346002B04D17B681B681846FEF708FD45
:10447000FEF7AEFA0246FB68D31A022B14D97B680A
:104480001B681B6803F00103012B0DD07B681B6EBA
:1044900043F010027B681A667B685B6E43F0010292
:1044A0007B685A66012307E07B681B681B6803F082
:1044B0000103012BCFD1002318461037BD4680BD24
:1044C0003F00008000200240002102400023024003
:1044D0000063025880B584B000AF78607B681B68C9
:1044E0001846FEF707FDF8607B681B681846FEF764
:1044F000EFFC0346002B47D0FB68002B44D17B68C0
:104500001B689B6803F00D03012B0CD17B681B68B3
:104510001846FEF7C9FC7B681B6803221A60FEF789
:1045200057FAB86029E07B681B6E43F010027B6885
:104530001A667B685B6E43F001027B685A66012352
:1045400023E0FEF745FA0246BB68D31A022B14D9C2
:104550007B681B689B6803F00103002B0DD07B6810
:104560001B6E43F010027B681A667B685B6E43F03B
:1045700001027B685A66012307E07B681B689B6821
:1045800003F00103002BDCD1002318461037BD4691
:1045900080BD000080B584B000AF78607B681B6888
:1045A0006C4A934204D07B681B686B4A934209D1E2
:1045B0006A4B9B6803F44033002B14BF0123002394
:1045C000DBB208E0664B9B6803F44033002B14BF5A
:1045D00001230023DBB2002B1CD004F0C9FDF860DE
:1045E0007B685B68B3F5403F10D0B3F5403F73D8AC
:1045F000B3F5803F02D0B3F5003F6DD17B685B68B7
:104600001B0CFA68B2FBF3F3FB6068E0FB689B08E5
:10461000FB6064E04FF400204FF0000105F07CFFE8
:10462000F8607B685B68B3F5301F51D0B3F5301F7D
:1046300054D8B3F5201F47D0B3F5201F4ED8B3F59B
:10464000101F3DD0B3F5101F48D8B3F5001F33D06D
:10465000B3F5001F42D8B3F5E01F29D0B3F5E01F32
:104660003CD8B3F5C01F1AD0B3F5C01F36D8B3F588
:10467000A01F14D0B3F5A01F30D8B3F5801F0ED003
:10468000B3F5801F2AD8B3F5402F08D0B3F5402FDB
:1046900024D8B3F5802F02D0B3F5002F1ED17B684C
:1046A0005B689B0C5B00FA68B2FBF3F3FB6016E0FF
:1046B000FB681B09FB6012E0FB685B09FB600EE016
:1046C000FB689B09FB600AE0FB68DB09FB6006E016
:1046D000FB681B0AFB6002E000BF00E000BFFB6854
:1046E0005B08FB60FB681F4A934208D87B681B6825
:1046F0009A687B681B6822F440729A6025E0FB6828
:10470000194A93420AD87B681B689B6823F440725D
:104710007B681B6842F480729A6016E0FB68134A5B
:1047200093420AD87B681B689B6823F440727B68BD
:104730001B6842F400729A6007E07B681B689A6805
:104740007B681B6842F440729A6000BF1037BD4618
:1047500080BD00BF00200240002102400023024033
:1047600000630258105E5F0020BCBE0040787D01EF
:1047700080B483B000AF78607B689B6803F001036E
:10478000012B01D1012300E0002318460C37BD4660
:1047900080BC704780B485B000AFF860B9607A60C3
:1047A000FB689A68094B1340BA6802F480317A6852
:1047B00002F080420A43134343F00042FB689A60D0
:1047C00000BF1437BD4680BC704700BFC0FFFE3F2E
:1047D00080B483B000AF78607B689B6803F00043CF
:1047E000B3F1004F01D1012300E0002318460C373C
:1047F000BD4680BC704780B483B000AF78607B68F2
:104800009B6803F00403042B01D1012300E0002383
:1048100018460C37BD4680BC7047000080B586B096
:1048200000AFF860B9607A6000233B61FB6893F8E1
:104830005C30012B01D102234CE0FB68012283F89C
:104840005C20F868FFF746FE0346FB75FB7D002BF6
:1048500035D1FB681A6E214B134043F00202FB680E
:104860001A66FB681B687A68B9681846FFF792FFFA
:1048700014E03B6901333B613B69194A93420DD314
:10488000FB681B6E23F0120343F01002FB681A66EC
:10489000FB68002283F85C2001231BE0FB681B6897
:1048A0001846FFF795FF0346002BE2D1FB681B6E0D
:1048B00023F0030343F00102FB681A6605E0FB687E
:1048C0001B6E43F01002FB681A66FB68002283F837
:1048D0005C20FB7D18461837BD4680BDFDEEFFFF0E
:1048E00000F8C32590B5A3B000AF7860396000230D
:1048F00087F887307B6893F85C30012B01D1022365
:10490000CBE07B68012283F85C200023FB66002358
:104910003B677B681B68634A934202D1624BFB6032
:1049200001E00023FB60FB68002B0BD17B681B6E52
:1049300043F020027B681A667B68002283F85C20C3
:104940000123AAE0FB681846FFF755FFF8677B686C
:104950001B681846FFF74FFF0346002B40F08C8082
:10496000FB6F002B40F088807B681B684D4A9342A8
:1049700004D07B681B684C4A934203D14B4BC7F869
:10498000803002E04A4BC7F880303B681B68002B40
:104990003DD0D7F880309B6823F440423B685B6889
:1049A0001A43D7F880309A607B681B683D4A93426F
:1049B00004D07B681B683C4A93420ED13948FFF70C
:1049C000D7FE04463848FFF7D3FE03462343002BA7
:1049D0000CBF01230023DBB208E03648FFF7C8FE16
:1049E0000346002B0CBF01230023DBB2002B4DD06C
:1049F000D7F880309A68304B13403A6811683A68AB
:104A000092680A431A43D7F880309A603EE0D7F89C
:104A100080309B6823F44042D7F880309A607B68EE
:104A20001B68204A934204D07B681B681E4A93424D
:104A30000ED11C48FFF79CFE04461B48FFF798FE6A
:104A400003462343002B0CBF01230023DBB208E005
:104A50001848FFF78DFE0346002B0CBF01230023EF
:104A6000DBB2002B12D0D7F880309A68124B13407B
:104A7000D7F88020936009E07B681B6E43F020022A
:104A80007B681A66012387F8873000E000BF7B68E7
:104A9000002283F85C2097F8873018468C37BD4693
:104AA00090BD00BF002002400021024000230240D0
:104AB0000063025800600258E0F0FFFF80B485B048
:104AC00000AF78607B6803F00703FB600B4BDB688B
:104AD000BB60BA684FF6FF031340BB60FB681A0265
:104AE000BB681A43064B1343BB60044ABB68D360E0
:104AF00000BF1437BD4680BC704700BF00ED00E02A
:104B00000000FA0580B400AF044BDB681B0A03F019
:104B100007031846BD4680BC704700BF00ED00E0AB
:104B200080B483B000AF0346FB80B7F90630002B9A
:104B30000BDBFB8803F01F020649B7F906305B095F
:104B4000012000FA02F241F8232000BF0C37BD46D5
:104B500080BC704700E100E080B483B000AF034642
:104B60003960FB80B7F90630002B0ADB3B68DAB20C
:104B70000C49B7F906301201D2B20B4483F8002376
:104B80000AE03B68DAB20849FB8803F00F03043BF4
:104B90001201D2B20B441A7600BF0C37BD4680BC5E
:104BA000704700BF00E100E000ED00E080B489B094
:104BB00000AFF860B9607A60FB6803F007037B61BF
:104BC0007B69033B042B04D87B69C3F10703FB61BA
:104BD00001E00423FB617B690433062B03D97B6965
:104BE000033BBB6101E00023BB614FF0FF32FB6977
:104BF00002FA03F3DA43BB681A40BB699A404FF0EC
:104C0000FF31BB6901FA03F3D9437B680B401343BF
:104C100018462437BD4680BC7047000080B582B07E
:104C200000AF78607B68013BB3F1807F01D3012343
:104C30000FE00A4A7B68013B53600F214FF0FF30C1
:104C4000FFF78AFF054B00229A60044B07221A6087
:104C5000002318460837BD4680BD00BF10E000E0C5
:104C600080B582B000AF78607868FFF727FF00BF9B
:104C70000837BD4680BD80B586B000AF0346B96039
:104C80007A60FB81FFF73EFF78617A68B9687869DE
:104C9000FFF78CFF0246B7F90E3011461846FFF7B2
:104CA0005BFF00BF1837BD4680BD80B582B000AF46
:104CB0000346FB80B7F906301846FFF731FF00BF07
:104CC0000837BD4680BD80B582B000AF7860786897
:104CD000FFF7A4FF034618460837BD4680BD000015
:104CE00080B586B000AF7860FDF772FE38617B68F2
:104CF000002B01D10123DCE27B6893F83530DBB275
:104D0000022B08D07B6880225A657B68002283F8DA
:104D100034200123CDE27B681B68764A93424AD057
:104D20007B681B68744A934245D07B681B68734A52
:104D3000934240D07B681B68714A93423BD07B68AA
:104D40001B68704A934236D07B681B686E4A934258
:104D500031D07B681B686D4A93422CD07B681B68FE
:104D60006B4A934227D07B681B686A4A934222D0E1
:104D70007B681B68684A93421DD07B681B68674A42
:104D8000934218D07B681B68654A934213D07B68B6
:104D90001B68644A93420ED07B681B68624A934248
:104DA00009D07B681B68614A934204D07B681B680A
:104DB0005F4A934201D1012300E00023002B13D06E
:104DC0007B681B681A687B681B6822F01E021A60E9
:104DD0007B681B685A697B681B6822F080025A61F5
:104DE0007B681B687B610AE07B681B681A687B68CC
:104DF0001B6822F00E021A607B681B687B617B686F
:104E00001B683C4A934272D07B681B683A4A9342C3
:104E10006DD07B681B68394A934268D07B681B68F9
:104E2000374A934263D07B681B68364A93425ED010
:104E30007B681B68344A934259D07B681B68334AAD
:104E4000934254D07B681B68314A93424FD07B68B1
:104E50001B68304A93424AD07B681B682E4A9342B3
:104E600045D07B681B682D4A934240D07B681B6805
:104E70002B4A93423BD07B681B682A4A934236D028
:104E80007B681B68284A934231D07B681B68274A9D
:104E900093422CD07B681B68254A934227D07B68BD
:104EA0001B68244A934222D07B681B68224A9342A3
:104EB0001DD07B681B68214A934218D07B681B6811
:104EC0001F4A934213D07B681B681E4A93420ED040
:104ED0007B681B681C4A934209D07B681B681B4A8D
:104EE000934204D07B681B68194A934232D1012354
:104EF00031E000BF100002402800024040000240A4
:104F0000580002407000024088000240A0000240A9
:104F1000B80002401004024028040240400402404D
:104F2000580402407004024088040240A004024079
:104F3000B8040240085402581C5402583054025815
:104F400044540258585402586C5402588054025821
:104F5000945402580023002B07D07B681B6E1A68FC
:104F60007B681B6E22F480721A607B681B686D4A36
:104F700093424AD07B681B686B4A934245D07B685A
:104F80001B686A4A934240D07B681B68684A934218
:104F90003BD07B681B68674A934236D07B681B68AE
:104FA000654A934231D07B681B68644A93422CD097
:104FB0007B681B68624A934227D07B681B68614A02
:104FC000934222D07B681B685F4A93421DD07B6866
:104FD0001B685E4A934218D07B681B685C4A934208
:104FE00013D07B681B685B4A93420ED07B681B68BA
:104FF000594A934209D07B681B68584A934204D0AF
:105000007B681B68564A934208D17B681B681A6804
:105010007B681B6822F001021A6007E07B681B684E
:105020001A687B681B6822F001021A6013E0FDF722
:10503000CFFC02463B69D31A052B0CD97B68202292
:105040005A657B68032283F835207B68002283F849
:10505000342001232DE17B691B6803F00103002B41
:10506000E5D17B681B682F4A93424AD07B681B6856
:105070002D4A934245D07B681B682C4A934240D00E
:105080007B681B682A4A93423BD07B681B68294A8D
:10509000934236D07B681B68274A934231D07B68A5
:1050A0001B68264A93422CD07B681B68244A934293
:1050B00027D07B681B68234A934222D07B681B68F9
:1050C000214A93421DD07B681B68204A934218D026
:1050D0007B681B681E4A934213D07B681B681D4A7D
:1050E00093420ED07B681B681B4A934209D07B68B1
:1050F0001B681A4A934204D07B681B68184A934283
:1051000001D1012300E00023002B2BD07B689B6D95
:10511000BB607B68DB6D03F01F033F229A40BB68D6
:105120009A602AE01000024028000240400002403D
:10513000580002407000024088000240A000024077
:10514000B80002401004024028040240400402401B
:10515000580402407004024088040240A004024047
:10516000B80402407B689B6DFB607B68DB6D03F0DD
:105170001F0301229A40FB685A607B681B684F4AF4
:10518000934272D07B681B684D4A93426DD07B6816
:105190001B684C4A934268D07B681B684A4A93421A
:1051A00063D07B681B68494A93425ED07B681B686A
:1051B000474A934259D07B681B68464A934254D071
:1051C0007B681B68444A93424FD07B681B68434A04
:1051D00093424AD07B681B68414A934245D07B6822
:1051E0001B68404A934240D07B681B683E4A93420A
:1051F0003BD07B681B683D4A934236D07B681B6876
:105200003B4A934231D07B681B683A4A93422CD088
:105210007B681B68384A934227D07B681B68374AF3
:10522000934222D07B681B68354A93421DD07B682D
:105230001B68344A934218D07B681B68324A9342F9
:1052400013D07B681B68314A93420ED07B681B6881
:105250002F4A934209D07B681B682E4A934204D0A0
:105260007B681B682C4A934201D1012300E0002394
:10527000002B15D07B685B6E7A68926E5A607B68F3
:10528000DB6E002B0CD07B68DB6E1A687B68DB6EF4
:1052900022F480721A607B681B6F7A68526F5A60C2
:1052A0007B68012283F835207B68002283F8342054
:1052B000002318461837BD4680BD00BF10000240CD
:1052C00028000240400002405800024070000240A6
:1052D00088000240A0000240B800024010040240D2
:1052E0002804024040040240580402407004024076
:1052F00088040240A0040240B80402400854025846
:105300001C540258305402584454025858540258FD
:105310006C540258805402589454025880B584B09A
:1053200000AF78607B68002B01D1012337E27B68F6
:1053300093F83530DBB2022B04D07B6880225A65AB
:1053400001232CE27B681B685C4A93424AD07B684D
:105350001B685B4A934245D07B681B68594A93425D
:1053600040D07B681B68584A93423BD07B681B68DF
:10537000564A934236D07B681B68554A934231D0D7
:105380007B681B68534A93422CD07B681B68524A47
:10539000934227D07B681B68504A934222D07B6897
:1053A0001B684F4A93421DD07B681B684D4A93424D
:1053B00018D07B681B684C4A934213D07B681B68EB
:1053C0004A4A93420ED07B681B68494A934209D0EF
:1053D0007B681B68474A934204D07B681B68464A37
:1053E000934201D1012300E00023002B00F08680CE
:1053F0007B68042283F835207B681B682F4A934220
:105400004AD07B681B682E4A934245D07B681B6854
:105410002C4A934240D07B681B682B4A93423BD076
:105420007B681B68294A934236D07B681B68284AF0
:10543000934231D07B681B68264A93422CD07B680C
:105440001B68254A934227D07B681B68234A9342F6
:1054500022D07B681B68224A93421DD07B681B6860
:10546000204A934218D07B681B681F4A934213D08E
:105470007B681B681D4A93420ED07B681B681C4AE0
:10548000934209D07B681B681A4A934204D07B6818
:105490001B68194A934208D17B681B681A687B68AD
:1054A0001B6822F001021A6078E17B681B681A68A9
:1054B0007B681B6822F001021A606FE11000024055
:1054C00028000240400002405800024070000240A4
:1054D00088000240A0000240B800024010040240D0
:1054E0002804024040040240580402407004024074
:1054F00088040240A0040240B80402407B681B6894
:105500001A687B681B6822F00E021A607B681B68B1
:105510006C4A93424AD07B681B686B4A934245D0E1
:105520007B681B68694A934240D07B681B68684A65
:1055300093423BD07B681B68664A934236D07B68B7
:105540001B68654A934231D07B681B68634A93426B
:105550002CD07B681B68624A934227D07B681B680B
:10556000604A934222D07B681B685F4A93421DD0F9
:105570007B681B685D4A934218D07B681B685C4A55
:10558000934213D07B681B685A4A93420ED07B68C3
:105590001B68594A934209D07B681B68574A93425B
:1055A00004D07B681B68564A934208D17B681B680D
:1055B0001A687B681B6822F001021A6007E07B68AA
:1055C0001B681A687B681B6822F001021A607B68FE
:1055D0001B683C4A934272D07B681B683A4A9342EC
:1055E0006DD07B681B68394A934268D07B681B6822
:1055F000374A934263D07B681B68364A93425ED039
:105600007B681B68344A934259D07B681B68334AD5
:10561000934254D07B681B68314A93424FD07B68D9
:105620001B68304A93424AD07B681B682E4A9342DB
:1056300045D07B681B682D4A934240D07B681B682D
:105640002B4A93423BD07B681B682A4A934236D050
:105650007B681B68284A934231D07B681B68274AC5
:1056600093422CD07B681B68254A934227D07B68E5
:105670001B68244A934222D07B681B68224A9342CB
:105680001DD07B681B68214A934218D07B681B6839
:105690001F4A934213D07B681B681E4A93420ED068
:1056A0007B681B681C4A934209D07B681B681B4AB5
:1056B000934204D07B681B68194A934232D101237C
:1056C00031E000BF100002402800024040000240CC
:1056D000580002407000024088000240A0000240D2
:1056E000B800024010040240280402404004024076
:1056F000580402407004024088040240A0040240A2
:10570000B8040240085402581C540258305402583D
:1057100044540258585402586C5402588054025849
:10572000945402580023002B28D07B681B6E1A6803
:105730007B681B6E22F480721A607B689B6DFB6035
:105740007B68DB6D03F01F0301229A40FB685A60FF
:105750007B685B6E7A68926E5A607B68DB6E002BAA
:105760000CD07B68DB6E1A687B68DB6E22F480727B
:105770001A607B681B6F7A68526F5A607B680122DF
:1057800083F835207B68002283F834207B681B6D0A
:10579000002B03D07B681B6D786898470023184660
:1057A0001037BD4680BD00BF80B483B000AF7860C5
:1057B0007B685B6D18460C37BD4680BC70470000A7
:1057C00080B598B000AF7860844A07F10C031146A9
:1057D0004C2218460FF0C3F87B68002B01D101233F
:1057E000C6E17B681B687E4A934206D17B681B68D2
:1057F00003F580731A467B685A607B6893F898308B
:10580000DBB2002B06D17B68002283F899207868F0
:10581000F7F76EFE7B681B689A697B681B6822F04D
:1058200010029A61FDF7D4F8F86514E0FDF7D0F89E
:105830000246FB6DD31A0A2B0DD97B68D3F89C3036
:1058400043F001027B68C3F89C207B68032283F845
:10585000982001238CE17B681B689B6903F0080397
:10586000082BE3D07B681B689A697B681B6842F051
:1058700001029A61FDF7ACF8F86514E0FDF7A8F8AD
:105880000246FB6DD31A0A2B0DD97B68D3F89C30E6
:1058900043F001027B68C3F89C207B68032283F8F5
:1058A0009820012364E17B681B689B6903F0010376
:1058B000002BE3D07B681B689A697B681B6842F009
:1058C00002029A617B681B7C012B08D17B681B68F4
:1058D0009A697B681B6822F040029A6107E07B6846
:1058E0001B689A697B681B6842F040029A617B687A
:1058F0005B7C012B08D17B681B689A697B681B68FD
:1059000042F480429A6107E07B681B689A697B6871
:105910001B6822F480429A617B689B7C012B08D132
:105920007B681B689A697B681B6822F480529A61C5
:1059300007E07B681B689A697B681B6842F48052A9
:105940009A617B681B689B6923F440717B689A6845
:105950007B681B680A439A617B681B689A697B684D
:105960001B6822F0A4029A617B681B681A697B6835
:105970001B6822F010021A617B68DB68012B08D1DA
:105980007B681B689A697B681B6842F004029A6115
:1059900030E07B68DB68002B2CD07B68DB68022B57
:1059A00020D07B681B689A697B681B6842F0800284
:1059B0009A617B681B681A697B681B6842F0100259
:1059C0001A617B68DB68032B14D17B681B689A69BA
:1059D0007B681B6842F020029A610BE0849B0208FE
:1059E00000A000407B681B689A697B681B6842F0D6
:1059F00020029A617B689B69013B5A067B68DB69E0
:105A0000013B1B021A437B681B6A013B42EA03010C
:105A10007B685B69013B1A047B681B680A43DA6197
:105A20007B689B68B3F5407F15D17B689B6A5A1EE3
:105A30007B68DB6A013B1B021A437B681B6B013BE3
:105A40001B0142EA03017B685B6A013B1A047B6825
:105A50001B680A43DA607B681B6E002B0AD07B68E8
:105A60001B68D3F8C0107B685A6E7B681B680A43BA
:105A7000C3F8C0207B68DA6D7B681B6E1344002B73
:105A800011D07B681B68D3F8C83023F007017B680E
:105A90009B6E9B0060333B4453F8542C7B681B681F
:105AA0000A43C3F8C8207B681B6C002B11D07B68AD
:105AB0001B68D3F8BC3023F007017B685B6C9B004C
:105AC00060333B4453F8542C7B681B680A43C3F88B
:105AD000BC207B689B6C002B12D07B681B68D3F8C2
:105AE000BC3023F070017B68DB6C9B0060333B446F
:105AF00053F8543C1A017B681B680A43C3F8BC2066
:105B00007B681B6D002B12D07B681B68D3F8BC3000
:105B100023F4E0617B685B6D9B0060333B4453F88A
:105B2000543C1A027B681B680A43C3F8BC207B689C
:105B30001B68114A934207D17B685B689A687B684F
:105B40005B6822F003029A607B680022C3F894200D
:105B50007B680022C3F89C207B68012283F8982090
:105B6000786800F065FB034687F85B3097F85B3098
:105B700018466037BD4680BD00A0004080B582B0A9
:105B800000AF78607B68002B01D1012316E07868B4
:105B900000F077F87B681B68DA6D7B681B6822F081
:105BA0000302DA65786800F00DF87B680022C3F81C
:105BB0009C207B68002283F8982000231846083731
:105BC000BD4680BD80B483B000AF786000BF0C37A5
:105BD000BD4680BC704780B485B000AFF860B96046
:105BE0007A603B60FB6893F89830DBB2012B10D1F0
:105BF000BB681A017B689B001A433B685B0042EA62
:105C00000301FB681B68BA690A43C3F880200023BC
:105C100008E0FB68D3F89C3043F00402FB68C3F84B
:105C20009C20012318461437BD4680BC704780B4C1
:105C300083B000AF78607B6893F89830DBB2012BBB
:105C400011D17B68022283F898207B681B689A69CF
:105C50007B681B6822F001029A617B680022C3F80E
:105C60009C20002308E07B68D3F89C3043F00402BA
:105C70007B68C3F89C20012318460C37BD4680BCC6
:105C8000704780B485B000AF78600023FB607B680C
:105C900093F89830DBB2022B5BD17B681B689A6962
:105CA0007B681B6842F001029A6113E0FB68322BAB
:105CB0000DD97B68D3F89C3043F001027B68C3F8B0
:105CC0009C207B68032283F8982001234AE0FB682C
:105CD0000133FB607B681B689B6903F00103002BA9
:105CE000E4D00023FB607B681B689A697B681B68B3
:105CF00022F010029A6113E0FB68322B0DD97B6809
:105D0000D3F89C3043F001027B68C3F89C207B6889
:105D1000032283F89820012324E0FB680133FB6011
:105D20007B681B689B6903F00803082BE4D07B6841
:105D30001B689A697B681B6842F002029A617B6863
:105D40000022C3F894207B68012283F89820002366
:105D500008E07B68D3F89C3043F008027B68C3F806
:105D60009C20012318461437BD4680BC704780B57F
:105D700086B000AFF860B9607A60FB6893F898303D
:105D8000DBB2022B41D1FB681B68D3F8C03003F0B3
:105D90007C53002B09D1FB68D3F89C3043F02002E0
:105DA000FB68C3F89C20012338E0FB681B68D3F82C
:105DB000C43003F40013002B09D0FB68D3F89C30E7
:105DC00043F40072FB68C3F89C20012326E0FB68C3
:105DD0001B68D3F8C4301B0C03F01F037B617B6985
:105DE0007A68B968F86800F0A7FBFB681B680121B6
:105DF0007A6901FA02F2C3F8D02001227B699A4045
:105E0000FB68C3F89420002308E0FB68D3F89C30BB
:105E100043F00802FB68C3F89C200123184618379A
:105E2000BD4680BD80B483B000AF78607B68D3F896
:105E3000943018460C37BD4680BC704780B483B0A0
:105E400000AF786039607B6893F89830DBB2022B42
:105E500006D17B681B683A68C3F8D420002308E0A9
:105E60007B68D3F89C3043F008027B68C3F89C2021
:105E7000012318460C37BD4680BC704780B48BB0F8
:105E800000AFF860B9607A603B600023FB61FB689B
:105E900093F89830FB76FB7E022B40F03B81BB6889
:105EA000402B45D1FB681B68D3F8A03003F4FE03F8
:105EB000002B09D1FB68D3F89C3043F02002FB682B
:105EC000C3F89C2001232EE1FB681B68D3F8A430A3
:105ED00003F07F03002B09D1FB68D3F89C3043F417
:105EE0008072FB68C3F89C2001231CE1FB681B68DF
:105EF000D3F8A43003F08073B3F1807F03D1FB6843
:105F00001B68D3F8A030FB681B68D3F8A4301B0AC9
:105F100003F03F03FA691344FB61FB685A6FFB68A7
:105F20005B6CF96901FB03F39B0013447B6261E046
:105F3000BB68412B45D1FB681B68D3F8B03003F434
:105F4000FE03002B09D1FB68D3F89C3043F02002FC
:105F5000FB68C3F89C200123E5E0FB681B68D3F8CD
:105F6000B43003F07F03002B09D1FB68D3F89C30D9
:105F700043F48072FB68C3F89C200123D3E0FB68E4
:105F80001B68D3F8B43003F08073B3F1807F03D182
:105F9000FB681B68D3F8B030FB681B68D3F8B430DB
:105FA0001B0A03F03F03FA691344FB61FB689A6F15
:105FB000FB68DB6CF96901FB03F39B0013447B6214
:105FC00018E0FB681B6DBA689A4209D3FB68D3F8E6
:105FD0009C3043F02002FB68C3F89C200123A2E020
:105FE000FB68DA6FFB685B6DB96801FB03F39B002C
:105FF00013447B627B6A1B6803F080427B685A60B3
:106000007B685B68002B07D17B6A1B689B0CC3F322
:106010000A027B681A6005E07B6A1B6823F0604215
:106020007B681A607B6A1B6803F000527B689A6089
:106030007B6A1B6803F000427B681A617B6A043349
:106040007B627B6A1B689AB27B68DA617B6A1B6839
:1060500003F470227B68DA607B6A1B6803F48012A9
:106060007B685A617B6A1B6803F400127B689A6143
:106070007B6A1B681B0E03F07F027B681A627B6AD7
:106080001B68DA0F7B685A627B6A04337B627B6A27
:106090007B6100233B620AE07A693B6A1A443968F3
:1060A0003B6A0B4412781A703B6A01333B627B688F
:1060B000DB681B0C1E4AD35C1A463B6A9342EBD347
:1060C000BB68402B05D1FB681B68FA69C3F8A820A0
:1060D0001EE0BB68412B05D1FB681B68FA69C3F859
:1060E000B82015E0BB681F2B08D8FB681B6801218E
:1060F000BA6801FA02F2C3F8982009E0BB6803F01D
:106100001F02FB681B68012101FA02F2C3F89C2000
:10611000002308E0FB68D3F89C3043F00802FB68DA
:10612000C3F89C20012318462C37BD4680BC70471D
:10613000E8DD040880B485B000AF786039607B6822
:106140001B685B6CFB60FB6803F007023B681A602E
:10615000FB681B0A03F007023B685A60FB6803F008
:1061600018023B689A60FB685B0903F001023B6818
:10617000DA60FB689B0903F001023B681A61FB6867
:10618000DB0903F001023B685A61FB68DB0A03F09C
:1061900001023B689A61FB681B0B03F001023B683C
:1061A000DA61FB685B0B03F001023B681A62FB6873
:1061B0009B0B03F001023B685A62FB681B0C03F067
:1061C0007F023B689A62002318461437BD4680BCA4
:1061D000704780B485B000AF786039603B68402B71
:1061E00007D17B681B68D3F8A43003F07F03FB6002
:1061F00006E07B681B68D3F8B43003F07F03FB60D4
:10620000FB6818461437BD4680BC704780B485B023
:1062100000AF78607B681B68D3F8C43003F03F039D
:10622000FB60FB6818461437BD4680BC7047000011
:1062300080B485B000AF78607B685B6BBB607B68C7
:106240001B68D3F88420A74B1340BA6891007A6882
:1062500012680B43C2F884307B681B68D3F8843023
:1062600023F47F017B689B6B1A047B681B680A43DD
:10627000C3F884207B689B6BBA681344BB607B685F
:106280001B68D3F88820974B1340BA6891007A684E
:1062900012680B43C2F888307B681B68D3F88830DB
:1062A00023F4FE017B68DB6B1A047B681B680A43DE
:1062B000C3F888207B68DB6B5B00BA681344BB6063
:1062C0007B681B68D3F8A020864B1340BA68910006
:1062D0007A6812680B43C2F8A0307B681B68D3F859
:1062E000A03023F4FE017B681B6C1A047B681B68DA
:1062F0000A43C3F8A0207B681B6C7A68526C02FBCF
:1063000003F3BA681344BB607B681B68D3F8B02002
:10631000744B1340BA6891007A6812680B43C2F854
:10632000B0307B681B68D3F8B03023F4FE017B6883
:106330009B6C1A047B681B680A43C3F8B0207B6817
:106340009B6C7A68D26C02FB03F3BA681344BB609F
:106350007B681B68D3F8AC20624B1340BA6891008D
:106360007A6812680B43C2F8AC307B681B6D7A68A0
:10637000526D02FB03F3BA681344BB607B681B6871
:10638000D3F8F020574B1340BA6891007A6812682E
:106390000B43C2F8F0307B681B68D3F8F03023F46D
:1063A0007C117B689B6D1A047B681B680A43C3F8E9
:1063B000F0207B689B6D5B00BA681344BB607B6810
:1063C0001B68D3F8C020474B1340BA6891007A6825
:1063D00012680B43C2F8C0307B681B68D3F8C0302A
:1063E00023F47C117B68DB6D1A047B681B680A430D
:1063F000C3F8C0207B681B68D3F8C03023F07C5101
:106400007B681B6E1A067B681B680A43C3F8C020B2
:106410007B685A6B344B13449A007B68DA667B685E
:10642000DA6E7B689B6B9B001A447B681A677B68FB
:106430001A6F7B68DB6BDB001A447B685A677B68EA
:106440005A6F7B681B6C7968496C01FB03F39B00F6
:106450001A447B689A677B689A6F7B689B6C796843
:10646000C96C01FB03F39B001A447B68DA677B6805
:10647000DA6F7B681B6D7968496D01FB03F39B0044
:106480001A447B68C3F880207B68D3F880207B683F
:106490009B6DDB001A447B68C3F884207B68D3F8CB
:1064A00084207B68DB6D7968896E01FB03F39B00B8
:1064B0001A447B68C3F888207B68D3F888207B68FF
:1064C0001B6E7968896E01FB03F39B001A447B689D
:1064D000C3F890207B68D3F89030044A934215D9D2
:1064E00006E000BF0300FFFF002B0010FCD30040BC
:1064F0007B68D3F89C3043F020027B68C3F89C2073
:106500007B68032283F89820012310E07B68DB6E10
:10651000FB6005E0FB6800221A60FB680433FB6047
:106520007B68D3F89030FA689A42F3D30023184678
:106530001437BD4680BC704780B489B000AFF860A6
:10654000B9607A603B60BB685B68002B0AD1BB68AE
:106550001A69BB689B681A43BB681B689B0413439A
:10656000FB610AE0BB681A69BB689B681A43BB6899
:106570001B68134343F08043FB61BB681B6A1A0628
:10658000BB68DB691A43BB689B691A43BB685B69DC
:106590001A43BB68DB6813433B61FB68D3F8842074
:1065A000FB689B6E396801FB03F39B001344BB61DE
:1065B000BB69FA691A60BB690433BB61BB693A699C
:1065C0001A60BB690433BB6100237B6120E07B69F7
:1065D00003337A6813441B781A067B69023379689F
:1065E0000B441B781B041A437B69013379680B4405
:1065F0001B781B02134379687A690A4412781A439C
:10660000BB691A60BB690433BB617B6904337B617E
:10661000BB68DB681B0C064AD35C1A467B69934255
:10662000D5D300BF00BF2437BD4680BC704700BF34
:10663000E8DD040880B58AB000AFF860B9607A6020
:10664000BB683B627B68FB610823FB762E4B1B7D9E
:10665000012B01D1022353E02B4B01221A75BB6899
:10666000B3F1006F15D3BB68B3F1016F11D20123F1
:106670007B61254B00229A6179694CF2503000F021
:1066800081F8034687F8273097F82730002B02D08F
:1066900031E0012334E01D4BDB681C4A43F0020368
:1066A000D360BFF36F8F00BFBFF34F8F00BFFB6995
:1066B0001A683B6A1A603B6A04333B62FB69043325
:1066C000FB61FB7E013BFB76FB7E002BEFD1BFF332
:1066D0006F8F00BFBFF34F8F00BF79694CF250300E
:1066E00000F050F8034687F82730084BDB68074A6C
:1066F00023F00203D360044B00221A7597F8273069
:1067000018462837BD4680BDD06A012000200052BF
:1067100080B400AF0C4BDB6803F00103002B0DD0FD
:10672000094B0A4A5A60084B094A5A60064BDB6813
:1067300003F00103002B01D0012300E000231846E1
:10674000BD4680BC704700BF002000522301674552
:10675000AB89EFCD80B400AF094BDB68084A43F04A
:106760000103D360064BDB6803F00103002B01D16A
:10677000012300E000231846BD4680BC704700BFDF
:106780000020005280B586B000AF786039600423E5
:106790003B6100237B61FCF71BF9F86010E07B682C
:1067A000B3F1FF3F0CD0FCF713F90246FB68D31A94
:1067B0007A689A4202D37B68002B01D103232DE033
:1067C000184B1A693B6913403A699A42E7D03B6813
:1067D000012B04D1134B1A69134B13407B617B6966
:1067E00023F00043002B0AD0104B9A697B691343B6
:1067F0000E4A93610B4A7B69536101230EE03B68AB
:10680000012B0AD1074B1B6903F48033B3F5803F9A
:1068100003D1044B4FF480325A61002318461837D5
:10682000BD4680BD002000520000EE17D06A012056
:1068300080B584B000AF786039600023FB733F4BB4
:106840001B7D012B01D1022374E03C4B01221A7500
:106850003A4B00229A617B685B6803F00103002BCE
:1068600009D001214CF25030FFF78CFF0346002B7A
:1068700001D00123FB73FB7B002B57D17B681B6886
:10688000012B1ED17B681A697B685B68194610462C
:1068900000F05AF87B685B6803F00103002B45D0D9
:1068A00001214CF25030FFF76DFF0346002B01D061
:1068B0000123FB73224BDB68214A23F00803D360DA
:1068C00034E03B684FF0FF321A607B689B68BB6026
:1068D00024E07B6859687B681B691A46B86800F039
:1068E00057F87B685B6803F00103002B0CD0012193
:1068F0004CF25030FFF746FF0346FB73104BDA684B
:106900000F49104B1340CB60FB7B002B03D03B683F
:10691000BA681A600AE0BB680133BB607B68DA685A
:106920007B689B681344BA689A42D2D3034B002217
:106930001A75FB7B18461037BD4680BDD06A012012
:1069400000200052FBF8FFFF80B483B000AF7860F6
:1069500039603B6803F00103002B11D00B4BDB685F
:106960000A4A23F03003D360084BDA6807497B6892
:106970001343CB60054BDB68044A43F08803D360C4
:1069800000BF0C37BD4680BC704700BF00200052DE
:1069900080B485B000AFF860B9607A60BB6803F07E
:1069A0000103002B10D00B4BDB680A4A23F4E6638B
:1069B000D360084BDA68FB6819027B680B4313430A
:1069C000044A43F08403D36000BF1437BD4680BC43
:1069D000704700BF0020005280B489B000AF7860DB
:1069E00039600023FB61864B7B618CE13B681A6850
:1069F0000121FB6901FA03F313403B613B69002B62
:106A000000F07E813B685B6803F00303012B05D037
:106A10003B685B6803F00303022B30D17B689B6803
:106A2000BB61FB695B00032202FA03F3DB43BA6933
:106A30001340BB613B68DA68FB695B0002FA03F351
:106A4000BA691343BB617B68BA699A607B685B680B
:106A5000BB610122FB6902FA03F3DB43BA6913400D
:106A6000BB613B685B681B0903F00102FB6902FA2A
:106A700003F3BA691343BB617B68BA695A603B6828
:106A80005B6803F00303032B17D07B68DB68BB61F3
:106A9000FB695B00032202FA03F3DB43BA6913408C
:106AA000BB613B689A68FB695B0002FA03F3BA6951
:106AB0001343BB617B68BA69DA603B685B6803F0CB
:106AC0000303022B23D1FB69DA087B68083253F8F1
:106AD0002230BB61FB6903F007039B000F2202FA1F
:106AE00003F3DB43BA691340BB613B681A69FB6976
:106AF00003F007039B0002FA03F3BA691343BB6177
:106B0000FB69DA087B680832B96943F822107B68B0
:106B10001B68BB61FB695B00032202FA03F3DB43E2
:106B2000BA691340BB613B685B6803F00302FB6911
:106B30005B0002FA03F3BA691343BB617B68BA696D
:106B40001A603B685B6803F44033002B00F0D88088
:106B50002C4BD3F8F4302B4A43F00203C2F8F43044
:106B6000284BD3F8F43003F00203FB60FB68264A9D
:106B7000FB699B08023352F82330BB61FB6903F0C9
:106B800003039B000F2202FA03F3DB43BA691340AD
:106B9000BB617B681D4A93424AD07B681C4A934282
:106BA0002BD07B681B4A934225D07B681A4A9342BC
:106BB0001FD07B68194A934219D07B68184A9342C8
:106BC00013D07B68174A93420DD07B68164A9342D4
:106BD00007D07B68154A934201D1092329E00A2393
:106BE00027E0072325E0062323E0052321E00423F3
:106BF0001FE003231DE002231BE0012319E000BF77
:106C00008000005800440258000400580000025858
:106C10000004025800080258000C025800100258E4
:106C20000014025800180258001C02580024025890
:106C30000023FA6902F0030292009340BA691343F9
:106C4000BB613849FB699B080233BA6941F82320CC
:106C50004FF0B0431B68BB613B69DB43BA6913402B
:106C6000BB613B685B6803F48013002B03D0BA69F7
:106C70003B691343BB614FF0B042BB6913604FF0F7
:106C8000B0435B68BB613B69DB43BA691340BB61DE
:106C90003B685B6803F40013002B03D0BA693B69BF
:106CA0001343BB614FF0B042BB6953607B695B68C3
:106CB000BB613B69DB43BA691340BB613B685B68FE
:106CC00003F40033002B03D0BA693B691343BB6163
:106CD0007B69BA695A607B691B68BB613B69DB43AE
:106CE000BA691340BB613B685B6803F48033002BD7
:106CF00003D0BA693B691343BB617B69BA691A6007
:106D0000FB690133FB613B681A68FB6922FA03F3F4
:106D1000002B7FF46BAE00BF00BF2437BD4680BCA4
:106D2000704700BF0004005880B483B000AF7860A3
:106D30000B467B8013467B707B78002B03D07A88D0
:106D40007B689A6103E07B881A047B689A6100BFC4
:106D50000C37BD4680BC704780B584B000AF78600A
:106D6000194BDB6803F00403042B0AD0164BDB68D5
:106D700003F007037A689A4201D001231FE0002341
:106D80001DE0114BDB6823F007020F497B681343BA
:106D9000CB60FBF71DFEF86009E0FBF719FE024629
:106DA000FB68D31AB3F57A7F01D9012307E0064BBC
:106DB0005B6803F40053B3F5005FEED1002318467F
:106DC0001037BD4680BD00BF0048025880B400AFF8
:106DD000044BDB68034A43F08073D36000BFBD46B9
:106DE00080BC704700480258F0B58FB00AAF786099
:106DF0007B68002B01D1012316E17B681B68BB6017
:106E00007B6893F8BD34DBB2002B06D17B6800228F
:106E100083F8BC247868FAF737FD7B68032283F88F
:106E2000BD24BB68DB6B03F48073002B02D17B684D
:106E30000022DA607B681B68184608F0EBFF7B686D
:106E40001B683B607E686D4606F110040FCC0FC5D1
:106E50000FCC0FC594E8030085E80300331D0ECB6B
:106E6000386808F0B7FE0346002B05D07B68022285
:106E700083F8BD240123D7E07B681B6800211846F6
:106E800008F0D8FF0023FB734AE0FA7B79681346C9
:106E9000DB0013449B000B443D3301221A70FA7B44
:106EA00079681346DB0013449B000B443C33FA7BA8
:106EB0001A70FA7BFB7B98B279681346DB001344A7
:106EC0009B000B44563302461A80FA7B79681346BE
:106ED000DB0013449B000B44403300221A70FA7B02
:106EE00079681346DB0013449B000B4444330022B3
:106EF0001A60FA7B79681346DB0013449B000B444D
:106F0000483300221A60FA7B79681346DB00134489
:106F10009B000B444C3300221A60FB7B0133FB7354
:106F2000FA7B7B685B689A42AFD30023FB7344E033
:106F3000FA7B79681346DB0013449B000B4403F291
:106F40007D2300221A70FA7B79681346DB00134414
:106F50009B000B4403F51F73FA7B1A70FA7B796868
:106F60001346DB0013449B000B4403F520730022FF
:106F70001A70FA7B79681346DB0013449B000B44BC
:106F800003F5217300221A60FA7B79681346DB004F
:106F900013449B000B4403F5227300221A60FA7B12
:106FA00079681346DB0013449B000B4403F52373FD
:106FB00000221A60FB7B0133FB73FA7B7B685B6802
:106FC0009A42B5D37B681B683B607E686D4606F1CC
:106FD00010040FCC0FC50FCC0FC594E8030085E853
:106FE0000300331D0ECB386808F070FF0346002BFA
:106FF00005D07B68022283F8BD24012314E07B685E
:10700000002283F838207B68012283F8BD247B6846
:107010005B6A012B02D1786801F09CF97B681B68E0
:10702000184609F0A7FF002318461437BD46F0BDE7
:1070300080B584B000AF78607B681B68FB607B68BC
:1070400093F8BC34012B01D1022322E07B6801229A
:1070500083F8BC24FB68DB6B03F48073002B09D13D
:107060007B689B6A012B05D1FB689B6B43F48032E4
:10707000FB689A637B681B68184608F0BBFE7B6858
:107080001B68184609F056FF7B68002283F8BC2471
:10709000002318461037BD4680BD90B58DB000AFB7
:1070A00078607B681B683B623B6AFB617B681B689E
:1070B00018460AF00DF80346002B40F0B7847B68B1
:1070C0001B68184609F076FF0346002B00F0AD84DC
:1070D000FB6903F500639B681B0AC3F30D027B6821
:1070E000C3F8FC247B681B68184609F063FF03465D
:1070F00003F00203022B07D17B681B685A697B6887
:107100001B6802F002025A617B681B68184609F08E
:1071100051FF034603F01003102B61D17B681B68FD
:107120009A697B681B6822F010029A613B6A1B6AAD
:10713000BB61BB6903F00F021346DB0013449B00E5
:1071400003F51E737A68134404337B61BB6903F44F
:10715000F013B3F5802F24D1BA6947F6F0731340CA
:10716000002B35D07B69D968BB691B099BB2C3F37F
:107170000A039BB21A46386A09F08EFD7B69DA6809
:10718000BB691B09C3F30A031A447B69DA607B6994
:107190005A69BB691B09C3F30A031A447B695A6124
:1071A00016E0BB6903F4F013B3F5402F10D17B68F0
:1071B00003F2C44308221946386A09F06DFD7B6961
:1071C0005A69BB691B09C3F30A031A447B695A61F4
:1071D0007B681B689A697B681B6842F010029A61A1
:1071E0007B681B68184609F0E5FE034603F400239C
:1071F000B3F5002F40F0A78000237B627B681B68FB
:10720000184609F0E9FEB86299E0BB6A03F0010391
:10721000002B00F08E807B681B687A6AD2B2114620
:10722000184609F00BFF38613B6903F00103002B9E
:107230000CD07B6A5A01FB69134403F530631A468C
:1072400001239360796A786800F000FF3B6903F0DE
:107250000803002B0CD07B6A5A01FB69134403F529
:1072600030631A4608239360796A786800F0D6FF85
:107270003B6903F01003002B08D07B6A5A01FB69BD
:10728000134403F530631A46102393603B6903F0FF
:107290000203002B30D03B6A5B6903F08003802B34
:1072A00009D1FB6903F500635B68FA6902F50062C6
:1072B00043F4806353607A6A1346DB0013449B00F7
:1072C00003F51E737A68134404337B617B69DB78B2
:1072D000012B08D17B690022DA707B6ADBB2194688
:1072E0007868FAF7C9FB7B6A5A01FB69134403F516
:1072F00030631A46022393603B6903F02003002B9E
:1073000008D07B6A5A01FB69134403F530631A46BF
:10731000202393603B6903F40053002B09D07B6A60
:107320005A01FB69134403F530631A464FF40053C6
:1073300093607B6A01337B62BB6A5B08BB62BB6A9A
:10734000002B7FF462AF7B681B68184609F032FEA1
:10735000034603F48023B3F5802F40F0DB807B6885
:107360001B68184609F051FEB86200237B62CDE02D
:10737000BB6A03F00103002B00F0C2807B681B682E
:107380007A6AD2B21146184609F075FE38613B6937
:1073900003F00103002B57D07B6A03F00F03012297
:1073A00002FA03F3FB60FB6903F500635A6BFB68A9
:1073B000DB43F96901F5006113404B637B6A5A01B5
:1073C000FB69134403F510631A46012393607B683D
:1073D000DB68012B32D179687A6A1346DB001344EB
:1073E0009B000B444833196878687A6A1346DB00BF
:1073F00013449B00034444331B68194478687A6A39
:107400001346DB0013449B000344483319607B6A36
:10741000002B13D179687A6A1346DB0013449B0072
:107420000B444C331B68002B08D17B6818687B68C1
:1074300003F2C4431A46012109F07CFE7B6ADBB2E9
:1074400019467868FAF793FA3B6903F00803002BB2
:1074500008D07B6A5A01FB69134403F510631A468E
:10746000082393603B6903F01003002B08D07B6A6C
:107470005A01FB69134403F510631A461023936005
:107480003B6903F04003002B08D07B6A5A01FB697B
:10749000134403F510631A46402393603B6903F0DD
:1074A0000203002B23D0796A386A08F06DFE7A6AED
:1074B0001346DB0013449B0038337A6813440433CB
:1074C0007B617B69DB78012B08D17B690022DA7054
:1074D0007B6ADBB219467868FAF7E0FA7B6A5A01F0
:1074E000FB69134403F510631A46022393603B695A
:1074F00003F08003002B03D0796A786800F019FD4F
:107500007B6A01337B62BB6A5B08BB62BB6A002B90
:107510007FF42EAF7B681B68184609F04BFD0346CD
:1075200003F00043B3F1004F22D1FB6903F5006380
:107530005B68FA6902F5006223F0010353607B681F
:1075400093F8F434012B08D17B68002283F8F424EB
:107550000021786800F022FF02E07868FAF77EFAEE
:107560007B681B685A697B681B6802F000425A619D
:107570007B681B68184609F01DFD034603F4006391
:10758000B3F5006F12D1FB6903F500639B6803F04C
:107590000103012B02D17868FAF73AFA7B681B687D
:1075A0005A697B681B6802F400625A617B681B6839
:1075B000184609F0FFFC034603F00063B3F1006FC7
:1075C00021D17B681B685A697B681B6802F00062E6
:1075D0005A617B6893F8F434002B11D17B68012247
:1075E00083F8F4247B681B685B6D9B0803F00F0233
:1075F0007B68C3F8F8240121786800F0CFFE02E030
:107600007868FAF705FA7B681B68184609F0D2FC1F
:10761000034603F48053B3F5805F40F0B780FB6905
:1076200003F500635B68FA6902F5006223F0010369
:1076300053607B681B681021184608F0A5FD0023E5
:10764000FB6246E0FB6A5A01FB69134403F51063D1
:107650001A464FF67F339360FB6A5A01FB69134465
:1076600003F510631B68FA6A5101FA690A4402F5CE
:10767000106223F400131360FB6A5A01FB69134480
:1076800003F530631A464FF67F339360FB6A5A0165
:10769000FB69134403F530631B68FA6A5101FA6908
:1076A0000A4402F5306223F400131360FB6A5A01A6
:1076B000FB69134403F530631B68FA6A5101FA69E8
:1076C0000A4402F5306243F000631360FB6A013341
:1076D000FB627B685B68FA6A9A42B3D3FB6903F585
:1076E0000063DB69FA6902F5006243F00113D361BC
:1076F0007B681B6B002B16D0FB6903F50063D3F886
:107700008430FA6902F5006243F00B03C2F884305A
:10771000FB6903F500635B6CFA6902F5006243F0F4
:107720000B03536415E0FB6903F500635A69FB69B9
:1077300003F50063194642F22B0313434B61FB69C7
:1077400003F500631B69FA6902F5006243F00B035D
:107750001361FB6903F500631B68FA6902F50062B7
:1077600023F4FE6313607B6818687B68DB68D9B21A
:107770007B6803F2C4431A4609F0DCFC7B681B6893
:107780005A697B681B6802F480525A617B681B68E7
:10779000184609F00FFC034603F40053B3F5005FED
:1077A00024D17B681B68184609F0A0FC7B681B6825
:1077B000184608F065FD03461A467B681A617B6827
:1077C0001C6801F0D5FC01467B681B69DBB21A46D8
:1077D000204608F06DFA7868FAF7F1F87B681B68C4
:1077E0005A697B681B6802F400525A617B681B6807
:1077F000184609F0DFFB034603F00803082B0AD103
:107800007868FAF7CEF87B681B685A697B681B6852
:1078100002F008025A617B681B68184609F0CAFB2F
:10782000034603F08003802B22D13B6A9B6923F03F
:1078300080023B6A9A6101237B6214E079687A6A6C
:107840001346DB0013449B000B4403F27F231B7899
:10785000012B05D17B6ADBB21946786800F038FB52
:107860007B6A01337B627B685B687A6A9A42E5D304
:107870007B681B68184609F09DFB034603F48013E0
:10788000B3F5801F3BD101237B622BE07B6A5A0159
:10789000FB69134403F510631B68BB6179687A6A5E
:1078A0001346DB0013449B000B4440331B78012B31
:1078B00015D1BB69002B12DA79687A6A1346DB00AE
:1078C00013449B000B443F3301221A707B6ADBB2E6
:1078D00063F07F03DBB21946786800F0F9FA7B6A3F
:1078E00001337B627B685B687A6A9A42CED37B689D
:1078F0001B685A697B681B6802F480125A617B68B6
:107900001B68184609F056FB034603F40013B3F551
:10791000001F55D101237B6245E07B6A5A01FB6958
:10792000134403F530631B68BB6179687A6A1346B8
:10793000DB0013449B000B4403F520731B78012BE1
:107940002ED1BB69002B2BDABB6903F480327B6834
:10795000D3F8FC3403F001039A4221D179687A6AA2
:107960001346DB0013449B000B4403F27F230122E8
:107970001A703B6A9B6943F080023B6A9A613B6ADA
:107980005B6903F08003002B0AD1FB6903F50063F8
:107990005B68FA6902F5006243F40073536007E024
:1079A0007B6A01337B627B685B687A6A9A42B4D3F4
:1079B0007B681B685A697B681B6802F400125A6175
:1079C0007B681B68184609F0F5FA034603F080430C
:1079D000B3F1804F0AD17868FAF772F87B681B68B8
:1079E0005A697B681B6802F080425A617B681B6899
:1079F000184609F0DFFA034603F00403042B15D1FF
:107A00007B681B685B68BB61BB6903F00403002BE8
:107A100002D07868FAF762F87B681B6859687B685F
:107A20001B68BA690A435A6000E000BF3437BD469C
:107A300090BD80B584B000AF78607B681B68FB6048
:107A40007B6893F8BC34012B01D102231DE07B68D5
:107A5000012283F8BC247B681B68184609F08AFA67
:107A6000FB68DB6B03F48073002B09D17B689B6A96
:107A7000012B05D1FB689B6B23F48032FB689A6372
:107A80007B68002283F8BC24002318461037BD46CB
:107A900080BD80B582B000AF78600B46FB707B681C
:107AA00093F8BC34012B01D1022313E07B6801223F
:107AB00083F8BC247B68FA7883F838207B681B68DD
:107AC000FA781146184609F010FA7B68002283F80C
:107AD000BC24002318460837BD4680BD80B584B05D
:107AE00000AF7860084611461A460346FB700B4605
:107AF0003B801346BB700023FB7297F90330002BC9
:107B00000FDAFB7803F00F021346DB0013449B00EF
:107B100038337A6813440433FB60FB6801225A70DF
:107B20000FE0FB7803F00F021346DB0013449B00C9
:107B300003F51E737A6813440433FB60FB6800226C
:107B40005A70FB7803F00F03DAB2FB681A703A88B8
:107B5000FB689A60FB68BA781A71FB685B78002B47
:107B600004D0FB681B781A46FB685A83BB78022B4B
:107B700002D1FB6800225A717B6893F8BC34012B58
:107B800001D102230EE07B68012283F8BC247B68CC
:107B90001B68F968184608F097FB7B68002283F899
:107BA000BC24FB7A18461037BD4680BD80B584B032
:107BB00000AF78600B46FB7097F90330002B0FDAAB
:107BC000FB7803F00F021346DB0013449B003833AD
:107BD0007A6813440433FB60FB6801225A700FE09B
:107BE000FB7803F00F021346DB0013449B0003F500
:107BF0001E737A6813440433FB60FB6800225A70DA
:107C0000FB7803F00F03DAB2FB681A707B6893F815
:107C1000BC34012B01D102230EE07B68012283F8E2
:107C2000BC247B681B68F968184608F0D3FB7B68A6
:107C3000002283F8BC24002318461037BD4680BDBF
:107C400080B586B000AFF8607A603B600B46FB728F
:107C5000FB7A03F00F021346DB0013449B0003F58D
:107C60001E73FA68134404337B617B697A68DA60B7
:107C70007B693A681A617B6900225A617B6900223C
:107C80005A70FB7A03F00F03DAB27B691A70FB6853
:107C9000DB68012B02D17A687B69DA61FB681868BE
:107CA000FB68DB68DBB21A46796908F06FFC0023D9
:107CB00018461837BD4680BD80B483B000AF7860E9
:107CC0000B46FB70FB7803F00F0279681346DB006C
:107CD00013449B000B4403F524731B6818460C37B0
:107CE000BD4680BC704780B586B000AFF8607A6052
:107CF0003B600B46FB72FB7A03F00F021346DB007E
:107D000013449B003833FA68134404337B617B6966
:107D10007A68DA607B693A681A617B6900225A6185
:107D20007B6901225A70FB7A03F00F03DAB27B6998
:107D30001A70FB68DB68012B02D17A687B69DA6113
:107D4000FB681868FB68DB68DBB21A46796908F0E3
:107D50001DFC002318461837BD4680BD80B584B091
:107D600000AF78600B46FB70FB7803F00F027B6876
:107D70005B689A4201D9012350E097F90330002B48
:107D80000FDAFB7803F00F021346DB0013449B006D
:107D900038337A6813440433FB60FB6801225A705D
:107DA0000DE0FA781346DB0013449B0003F51E73C5
:107DB0007A6813440433FB60FB6800225A70FB6846
:107DC00001229A70FB7803F00F03DAB2FB681A7095
:107DD0007B6893F8BC34012B01D102231EE07B6841
:107DE000012283F8BC247B681B68F968184608F0F8
:107DF000AAFFFB7803F00F03002B0AD17B681868F9
:107E00007B68DB68D9B27B6803F2C4431A4609F089
:107E100091F97B68002283F8BC24002318461037B0
:107E2000BD4680BD80B584B000AF78600B46FB7066
:107E3000FB7803F00F027B685B689A4201D901234B
:107E400042E097F90330002B0FDAFB7803F00F02C2
:107E50001346DB0013449B0038337A681344043321
:107E6000FB60FB6801225A700FE0FB7803F00F0201
:107E70001346DB0013449B0003F51E737A6813441A
:107E80000433FB60FB6800225A70FB6800229A7082
:107E9000FB7803F00F03DAB2FB681A707B6893F883
:107EA000BC34012B01D102230EE07B68012283F850
:107EB000BC247B681B68F968184608F0B1FF7B6832
:107EC000002283F8BC24002318461037BD4680BD2D
:107ED00080B584B000AF78600B46FB7097F9033033
:107EE000002B0CDAFB7803F00F021346DB0013447F
:107EF0009B0038337A6813440433FB600CE0FB7852
:107F000003F00F021346DB0013449B0003F51E73BE
:107F10007A6813440433FB607B681B68F968184671
:107F200008F0D4FD0346FB72FB7A18461037BD46B5
:107F300080BD80B58AB002AF786039607B681B680D
:107F40007B617B693B613A681346DB0013449B000D
:107F500038337A6813440433FB60FB685A69FB6862
:107F60001B699A4201D901236CE0FB681A69FB681E
:107F70005B69D31AFB61FB689B68FA699A4202D974
:107F8000FB689B68FB61FB6903339B08BB612BE0CB
:107F9000FB681A69FB685B69D31AFB61FB689B6825
:107FA000FA699A4202D9FB689B68FB61FB6903335B
:107FB0009B08BB61FB68D9683B68DAB2FB6998B281
:107FC0007B68DB68DBB200930346786908F027FE24
:107FD000FB68DA68FB691A44FB68DA60FB685A6977
:107FE000FB691A44FB685A613B685A013B691344B8
:107FF00003F510639B699BB2BA699A4209D8FB6882
:108000005A69FB681B699A4203D2FB681B69002B03
:10801000BED1FB681A69FB685B699A4211D83B685C
:1080200003F00F03012202FA03F3BB603B6903F57F
:1080300000635A6BBB68DB43396901F5006113408B
:108040004B63002318462037BD4680BD80B588B0FD
:1080500000AF786039607B681B68FB61FB69BB61BE
:10806000FB693C3304331B687B613B685A01BB6985
:10807000134403F530639B683B617B68DB68012B2D
:108080007BD13B6903F00803002B15D07B69614A63
:10809000934240F2B9803B6903F40043002B00F0A7
:1080A000B3803B685A01BB69134403F530631A4639
:1080B0004FF400439360A7E03B6903F02003002BDB
:1080C00009D03B685A01BB69134403F530631A4673
:1080D0002023936098E03B6903F02803002B40F0D5
:1080E00093807B694B4A93420FD93B6903F4004369
:1080F000002B0AD03B685A01BB69134403F5306377
:108100001A464FF4004393607EE03A681346DB0062
:1081100013449B0003F51E737A6813440433FB6019
:10812000FB681A6A3B685901BB690B4403F530636D
:108130001B69C3F31203D21AFB685A613B68002B18
:1081400014D1FB681B69002B09D17B6818687B6818
:1081500003F2C4431A46012108F0ECFF06E0FB6875
:10816000DA68FB685B691A44FB68DA603B68DBB27B
:1081700019467868F9F7E0FB46E07B69264A9342A6
:1081800024D13B6903F40043002B0AD03B685A0119
:10819000BB69134403F530631A464FF40043936000
:1081A00032E03B6903F02003002B08D03B685A0102
:1081B000BB69134403F530631A46202393603B6880
:1081C000DBB219467868F9F7B7FB1DE03B68002B76
:1081D00014D179683A681346DB0013449B000B44C2
:1081E00003F523731B68002B08D17B6818687B6834
:1081F00003F2C4431A46002108F09CFF3B68DBB23F
:1082000019467868F9F798FB002318462037BD46D1
:1082100080BD00BF0A30544F0A31544F80B586B03C
:1082200000AF786039607B681B687B617B693B616C
:108230007B693C3304331B68FB603B685A013B6934
:10824000134403F530639B68BB60FB68154A934297
:108250000ED9BB6803F40043002B09D03B685A01D8
:108260003B69134403F530631A464FF400439360AF
:108270007868F9F74FFBFB680A4A93420CD97B6890
:10828000DB68012B08D17B6818687B6803F2C44364
:108290001A46012108F04EFF002318461837BD4644
:1082A00080BD00BF0A30544F80B485B000AF786005
:1082B0000B46FB7013463B807B681B685B6ABB60A8
:1082C000FB78002B07D13B8819047B681B68BA68D0
:1082D0000A439A6228E07B681B689B6A1B0CBA6899
:1082E0001344BB600023FB730DE07B681A68FB7BC3
:1082F00040339B0013445B681B0CBA681344BB609B
:10830000FB7B0133FB73FA7BFB78013B9A42ECD396
:108310003B8818047B681968FB78013BBA68024304
:1083200040339B000B445A60002318461437BD4667
:1083300080BC704780B483B000AF78600B467B8010
:108340007B681B687A885A62002318460C37BD4642
:1083500080BC704780B485B000AF78607B681B68D4
:10836000FB607B680122C3F800257B68002283F84C
:10837000F424FB689B6943F00062FB689A61FB6828
:108380005A6D054B1343FA6853650023184614379A
:10839000BD4680BC704700BF0300001080B483B0AE
:1083A00000AF78600B46FB7000BF0C37BD4680BC49
:1083B0007047000080B58CB000AF78607B68002B00
:1083C00001D10123C8E37B681B6803F00103002B84
:1083D00000F08780884B1B6903F03803FB62864BF3
:1083E0009B6ABB62FB6A102B07D0FB6A182B10D16B
:1083F000BB6A03F00303022B0BD17F4B1B6803F412
:108400000033002B6CD07B685B68002B68D10123A4
:10841000A2E37B685B68B3F5803F06D1764B1B68AF
:10842000754A43F4803313602EE07B685B68002B51
:108430000CD1714B1B68704A23F4803313606E4B70
:108440001B686D4A23F4802313601DE07B685B6822
:10845000B3F5A02F0CD1684B1B68674A43F4802307
:108460001360654B1B68644A43F4803313600BE070
:10847000614B1B68604A23F4803313605E4B1B68BA
:108480005D4A23F4802313607B685B68002B13D064
:10849000FAF79EFA786208E0FAF79AFA02467B6ADF
:1084A000D31A642B01D9032356E3534B1B6803F4FF
:1084B0000033002BF0D014E0FAF78AFA786208E073
:1084C000FAF786FA02467B6AD31A642B01D9032392
:1084D00042E3494B1B6803F40033002BF0D100E06A
:1084E00000BF7B681B6803F00203002B00F08C8048
:1084F000414B1B6903F038033B623F4B9B6AFB61B6
:108500003B6A002B07D03B6A182B37D1FB6903F07D
:108510000303002B32D1384B1B6803F00403002BFC
:1085200005D07B68DB68002B01D1012314E3324BBB
:108530001B6823F019027B68DB682F4913430B602B
:10854000FAF746FA786208E0FAF742FA02467B6ADE
:10855000D31A022B01D90323FEE2274B1B6803F039
:108560000403002BF0D0244B5B6823F0FE427B68B1
:108570001B691B06204913434B6045E07B68DB68A1
:10858000002B26D01C4B1B6823F019027B68DB688C
:10859000194913430B60FAF71BFA786208E0FAF7FF
:1085A00017FA02467B6AD31A022B01D90323D3E2BE
:1085B000114B1B6803F00403002BF0D00E4B5B68DB
:1085C00023F0FE427B681B691B060B4913434B607B
:1085D0001AE0094B1B68084A23F001031360FAF7FD
:1085E000F7F978620AE0FAF7F3F902467B6AD31AE0
:1085F000022B03D90323AFE200440258964B1B68B9
:1086000003F00403002BEED17B681B6803F010031A
:10861000002B6AD0904B1B6903F03803BB618E4B73
:108620009B6A7B61BB69082B07D0BB69182B1BD1E8
:108630007B6903F00303012B16D1874B1B6803F4FE
:108640008073002B05D07B68DB69802B01D0012370
:1086500082E2814BDB6823F07C527B681B6A1B063D
:108660007D491343CB6040E07B68DB69002B23D05E
:10867000794B1B68784A43F080031360FAF7A8F936
:10868000786208E0FAF7A4F902467B6AD31A022B53
:1086900001D9032360E2704B1B6803F48073002B45
:1086A000F0D06D4BDB6823F07C527B681B6A1B06A5
:1086B00069491343CB6018E0674B1B68664A23F097
:1086C00080031360FAF784F9786208E0FAF780F91A
:1086D00002467B6AD31A022B01D903233CE25E4B8C
:1086E0001B6803F48073002BF0D17B681B6803F0D8
:1086F0000803002B36D07B685B69002B19D0564BE2
:108700005B6F554A43F001035367FAF761F97862EA
:1087100008E0FAF75DF902467B6AD31A022B01D909
:10872000032319E24C4B5B6F03F00203002BF0D0E4
:1087300018E0494B5B6F484A23F001035367FAF78F
:1087400047F9786208E0FAF743F902467B6AD31AE0
:10875000022B01D90323FFE13F4B5B6F03F00203C0
:10876000002BF0D17B681B6803F02003002B36D070
:108770007B689B69002B19D0374B1B68364A43F442
:1087800080531360FAF724F9786208E0FAF720F9C9
:1087900002467B6AD31A022B01D90323DCE12E4B5C
:1087A0001B6803F40053002BF0D018E02A4B1B6821
:1087B000294A23F480531360FAF70AF9786208E033
:1087C000FAF706F902467B6AD31A022B01D9032372
:1087D000C2E1214B1B6803F40053002BF0D17B68EE
:1087E0001B6803F00403002B00F086801B4B1B6802
:1087F0001A4A43F480731360FAF7EAF8786208E0E3
:10880000FAF7E6F802467B6AD31A642B01D90323F0
:10881000A2E1124B1B6803F48073002BF0D07B683D
:108820009B68012B06D10C4B1B6F0B4A43F00103D5
:10883000136732E07B689B68002B11D1064B1B6FDE
:10884000054A23F001031367034B1B6F024A23F011
:108850000403136721E000BF004402580048025897
:108860007B689B68052B0CD1834B1B6F824A43F0BE
:1088700004031367804B1B6F7F4A43F001031367A8
:108880000BE07D4B1B6F7C4A23F0010313677A4B8F
:108890001B6F794A23F0040313677B689B68002BE6
:1088A00015D0FAF795F878620AE0FAF791F80246DF
:1088B0007B6AD31A41F28832934201D903234BE1F8
:1088C0006D4B1B6F03F00203002BEED014E0FAF7A0
:1088D0007FF878620AE0FAF77BF802467B6AD31ADF
:1088E00041F28832934201D9032335E1624B1B6F79
:1088F00003F00203002BEED17B685B6A002B00F0D3
:108900002A815D4B1B6903F03803182B00F0BA80F5
:108910007B685B6A022B40F09580574B1B68564A78
:1089200023F080731360FAF753F8786208E0FAF7DF
:108930004FF802467B6AD31A022B01D903230BE1BD
:108940004D4B1B6803F00073002BF0D14A4B9A6A21
:108950004A4B13407A68916A7A68D26A12010A43D4
:10896000454913438B627B681B6B013BC3F30802D1
:108970007B685B6B013B5B029BB21A437B689B6B22
:10898000013B1B0403F4FE031A437B68DB6B013BD2
:108990001B0603F0FE43384913430B63364BDB6A77
:1089A000354A23F00103D362334B5A6B344B1340E7
:1089B0007A68926CD200304913434B632E4BDB6ACA
:1089C00023F00C027B681B6C2B491343CB622A4BB0
:1089D000DB6A23F002027B685B6C27491343CB629E
:1089E000254BDB6A244A43F48033D362224BDB6A93
:1089F000214A43F40033D3621F4BDB6A1E4A43F41F
:108A00008023D3621C4BDB6A1B4A43F00103D36211
:108A1000194B1B68184A43F080731360F9F7D8FFAD
:108A2000786208E0F9F7D4FF02467B6AD31A022B7A
:108A300001D9032390E0104B1B6803F00073002B57
:108A4000F0D088E00C4B1B680B4A23F08073136056
:108A5000F9F7BEFF786208E0F9F7BAFF02467B6AD1
:108A6000D31A022B01D9032376E0034B1B6803F0D2
:108A70000073002BF0D16EE0004402580CFCFFFFA5
:108A80000700FFFF364B9B6A3B61354B1B6BFB605E
:108A90007B685B6A012B31D03B6903F003027B6882
:108AA0009B6A9A422AD13B691B0903F03F027B680B
:108AB000DB6A9A4222D1FB68C3F308027B681B6B16
:108AC000013B9A421AD1FB685B0A03F07F027B6884
:108AD0005B6B013B9A4211D1FB681B0C03F07F02D8
:108AE0007B689B6B013B9A4208D1FB681B0E03F02D
:108AF0007F027B68DB6B013B9A4201D001232BE0B4
:108B0000174B5B6BDB08C3F30C033B617B689B6C0F
:108B10003A699A421FD0124BDB6A114A23F00103D3
:108B2000D362F9F755FF786200BFF9F751FF0246AB
:108B30007B6A9342F9D00A4B5A6B0A4B13407A680E
:108B4000926CD200064913434B63054BDB6A044A1F
:108B500043F00103D362002318463037BD4680BD81
:108B6000004402580700FFFF80B586B000AF786070
:108B700039607B68002B01D101239CE18A4B1B6883
:108B800003F00F033A689A4210D9874B1B6823F011
:108B90000F0285493B6813430B60834B1B6803F04E
:108BA0000F033A689A4201D0012384E17B681B6875
:108BB00003F00403002B10D07B681A697B4B9B6980
:108BC00003F070039A4208D9784B9B6923F0700236
:108BD0007B681B69754913438B617B681B6803F0D5
:108BE0000803002B10D07B685A69704BDB6903F0D7
:108BF00070039A4208D96D4BDB6923F070027B68E1
:108C00005B696A491343CB617B681B6803F01003FF
:108C1000002B10D07B689A69644BDB6903F4E06336
:108C20009A4208D9614BDB6923F4E0627B689B6957
:108C30005E491343CB617B681B6803F02003002B64
:108C400010D07B68DA69594B1B6A03F070039A42B3
:108C500008D9564B1B6A23F070027B68DB695349C5
:108C600013430B627B681B6803F00203002B10D0D8
:108C70007B68DA684D4B9B6903F00F039A4208D971
:108C80004A4B9B6923F00F027B68DB68474913431B
:108C90008B617B681B6803F00103002B55D0434BAD
:108CA0009B6923F470627B689B68404913438B6126
:108CB0007B685B68022B07D13C4B1B6803F40033D5
:108CC000002B21D10123F6E07B685B68032B07D1E1
:108CD000364B1B6803F00073002B15D10123EAE02B
:108CE0007B685B68012B07D1304B1B6803F48073F2
:108CF000002B09D10123DEE02C4B1B6803F0040399
:108D0000002B01D10123D6E0284B1B6923F0070279
:108D10007B685B68254913430B61F9F759FE78615D
:108D20000AE0F9F755FE02467B69D31A41F2883210
:108D3000934201D90323BEE01C4B1B6903F03802A8
:108D40007B685B68DB009A42EBD17B681B6803F0B1
:108D50000203002B10D07B68DA68144B9B6903F088
:108D60000F039A4208D2114B9B6923F00F027B68D4
:108D7000DB680E4913438B610B4B1B6803F00F0339
:108D80003A689A4214D2084B1B6823F00F02064936
:108D90003B6813430B60044B1B6803F00F033A68F6
:108DA0009A4205D0012386E0002000520044025878
:108DB0007B681B6803F00403002B10D07B681A69E2
:108DC0003F4B9B6903F070039A4208D23C4B9B696E
:108DD00023F070027B681B69394913438B617B6800
:108DE0001B6803F00803002B10D07B685A69344BD2
:108DF000DB6903F070039A4208D2314BDB6923F040
:108E000070027B685B692E491343CB617B681B68EA
:108E100003F01003002B10D07B689A69284BDB69A4
:108E200003F4E0639A4208D2254BDB6923F4E06245
:108E30007B689B6922491343CB617B681B6803F005
:108E40002003002B10D07B68DA691D4B1B6A03F0EE
:108E500070039A4208D21A4B1B6A23F070027B6897
:108E6000DB69174913430B6200F034F80246144BD8
:108E70009B691B0A03F00F031249CB5C03F01F032D
:108E800022FA03F33B610E4B9B6903F00F030D4A7B
:108E9000D35C03F01F033A6922FA03F30A4A136012
:108EA0000A4A3B6913600A4B1B681846F9F748FDEC
:108EB0000346FB73FB7B18461837BD4680BD00BFD9
:108EC00000440258D8DD04089800002094000020D7
:108ED0009C00002080B489B000AF9D4B1B6903F05B
:108EE0003803182B25D0182B00F22981102B1DD008
:108EF000102B00F22481002B02D0082B13D01EE18E
:108F0000934B1B6803F02003002B09D0904B1B6888
:108F1000DB0803F003038F4A22FA03F3BB6111E17C
:108F20008C4BBB610EE18C4BBB610BE18B4BBB618E
:108F300008E1874B9B6A03F003037B61844B9B6AC8
:108F40001B0903F03F033B61814BDB6A03F0010324
:108F5000FB607F4B5B6BDB08C3F30C03FA6802FB1F
:108F600003F307EE903AF8EE677AC7ED027A3B69B1
:108F7000002B00F0E1807B69022B00F083807B698D
:108F8000022B00F2A1807B69002B03D07B69012BAF
:108F900056D099E06E4B1B6803F02003002B2DD0B8
:108FA0006B4B1B68DB0803F003036A4A22FA03F3E6
:108FB0007B607B6807EE903AF8EE676A3B6907EEE4
:108FC000903AF8EE677A86EEA77A614B1B6BC3F393
:108FD000080307EE903AF8EE676A97ED026ADFED54
:108FE000605AC6EE257A76EEA77AF7EE006A77EE3B
:108FF000A67A67EE277AC7ED077A87E03B6907EE26
:10900000903AF8EE677ADFED576A86EEA77A504B12
:109010001B6BC3F3080307EE903AF8EE676A97ED0F
:10902000026ADFED4F5AC6EE257A76EEA77AF7EEA2
:10903000006A77EEA67A67EE277AC7ED077A65E0D1
:109040003B6907EE903AF8EE677ADFED476A86EE05
:10905000A77A3F4B1B6BC3F3080307EE903AF8EE79
:10906000676A97ED026ADFED3E5AC6EE257A76EE24
:10907000A77AF7EE006A77EEA67A67EE277AC7ED51
:10908000077A43E03B6907EE903AF8EE677ADFED46
:10909000376A86EEA77A2E4B1B6BC3F3080307EEE5
:1090A000903AF8EE676A97ED026ADFED2D5AC6EE48
:1090B000257A76EEA77AF7EE006A77EEA67A67EE63
:1090C000277AC7ED077A21E03B6907EE903AF8EE80
:1090D000677ADFED256A86EEA77A1D4B1B6BC3F31B
:1090E000080307EE903AF8EE676A97ED026ADFED43
:1090F0001C5AC6EE257A76EEA77AF7EE006A77EE6E
:10910000A67A67EE277AC7ED077A00BF104B1B6B74
:109110005B0A03F07F0301333B603B6807EE903A44
:10912000B8EE677AD7ED076AC6EE877AFCEEE77A83
:1091300017EE903ABB6105E00023BB6102E0064BED
:10914000BB6100BFBB6918462437BD4680BC704771
:10915000004402580090D00300093D0000366E0123
:10916000000000460024744C0024744A001BB74BD6
:1091700080B582B000AFFFF7ADFE0246104B9B6991
:109180001B0A03F00F030F49CB5C03F01F0322FA05
:1091900003F37B600A4B9B6903F00F03094AD35C1E
:1091A00003F01F037A6822FA03F3074A1360074AA1
:1091B0007B681360044B1B6818460837BD4680BDAA
:1091C00000440258D8DD04089800002094000020D4
:1091D00080B500AFFFF7CCFF0246064BDB691B09E9
:1091E00003F007030449CB5C03F01F0322FA03F3E7
:1091F000184680BD00440258D8DD040880B500AF91
:10920000FFF7B6FF0246064BDB691B0A03F00703B4
:109210000449CB5C03F01F0322FA03F3184680BD18
:1092200000440258D8DD04082DE9B04FC6B000AFA5
:10923000C7F80401002387F81731002387F8163197
:10924000D7F80431D3E9002302F00064002554EA82
:10925000050349D0D7F804315B6EB3F5401F2FD01A
:10926000B3F5401F28D8B3F5001F1AD0B3F5001F7F
:1092700022D8002B03D0B3F5801F07D01CE0AD4BE4
:10928000DB6AAC4A43F40033D3621AE0D7F8043106
:1092900008330221184602F029FA034687F81731ED
:1092A0000FE0D7F8043128330221184602F0D0FA33
:1092B000034687F8173104E0012387F8173100E0EF
:1092C00000BF97F81731002B0AD19A4B1B6D23F47E
:1092D0004011D7F804315B6E964A0B43136503E0E7
:1092E00097F8173187F81631D7F80431D3E90023FE
:1092F00002F480784FF0000958EA09034AD0D7F801
:1093000004319B6D042B2FD0042B29D8032B2DD097
:10931000032B25D8022B18D0022B21D8002B02D0EA
:10932000012B07D01CE0834BDB6A824A43F40033F5
:10933000D3621CE0D7F8043108330021184602F04C
:10934000D5F9034687F8173111E0D7F804312833EF
:109350000021184602F07CFA034687F8173106E030
:10936000012387F8173102E000BF00E000BF97F843
:109370001731002B0AD16F4B1B6D23F00701D7F873
:1093800004319B6D6B4A0B43136503E097F817316B
:1093900087F81631D7F80431D3E9002302F4806A44
:1093A0004FF0000B5AEA0B035BD0D7F80431D3F827
:1093B000A430B3F5200F3BD0B3F5200F34D8B3F56C
:1093C000000F37D0B3F5000F2ED8B3F5C00F33D050
:1093D000B3F5C00F28D8B3F5800F1AD0B3F5800FBE
:1093E00022D8002B03D0B3F5001F07D01CE0514B4F
:1093F000DB6A504A43F40033D3621EE0D7F80431ED
:1094000008330021184602F071F9034687F8173136
:1094100013E0D7F8043128330021184602F018FA77
:10942000034687F8173108E0012387F8173104E075
:1094300000BF02E000BF00E000BF97F81731002B2B
:109440000BD13C4B9B6D23F46001D7F80431D3F86A
:10945000A430384A0B43936503E097F8173187F837
:109460001631D7F80431D3E9002302F40063C7F8BA
:10947000F8300023C7F8FC30D7E93E120B461343FF
:109480005ED0D7F80431D3F8A830B3F1A06F3BD049
:10949000B3F1A06F34D8B3F1806F37D0B3F1806FE0
:1094A0002ED8B3F1407F33D0B3F1407F28D8B3F149
:1094B000007F1AD0B3F1007F22D8002B03D0B3F184
:1094C000807F07D01CE01B4BDB6A1A4A43F4003351
:1094D000D3621EE0D7F8043108330021184602F0A9
:1094E00005F9034687F8173113E0D7F8043128331C
:1094F0000021184602F0ACF9034687F8173108E05E
:10950000012387F8173104E000BF02E000BF00E04C
:1095100000BF97F81731002B0ED1064B9B6D23F03F
:10952000E061D7F80431D3F8A830024A0B439365C1
:1095300006E000BF0044025897F8173187F816314B
:10954000D7F80431D3E9002302F00073C7F8F030F4
:109550000023C7F8F430D7E93C120B4613433AD046
:10956000D7F80431DB6C302B1FD0302B19D8202BCF
:109570000CD0202B15D8002B19D0102B11D1AA4BB1
:10958000DB6AA94A43F40033D36211E0D7F804310F
:1095900008330221184602F0A9F8034687F817316C
:1095A00006E0012387F8173102E000BF00E000BFAA
:1095B00097F81731002B0AD19B4BDB6C23F030015D
:1095C000D7F80431DB6C984A0B43D36403E097F877
:1095D000173187F81631D7F80431D3E9002302F4A4
:1095E0008053C7F8E8300023C7F8EC30D7E93A12C7
:1095F0000B46134351D0D7F80431DB6DB3F5804FE0
:1096000035D0B3F5804F2ED8B3F5405F31D0B3F5E8
:10961000405F28D8B3F5005F1AD0B3F5005F22D8B9
:10962000002B03D0B3F5805F07D01CE07E4BDB6AD4
:109630007D4A43F40033D3621CE0D7F80431083389
:109640000021184602F052F8034687F8173111E05E
:10965000D7F8043128330021184602F0F9F8034600
:1096600087F8173106E0012387F8173102E000BFC1
:1096700000E000BF97F81731002B0AD16A4B1B6D31
:1096800023F4E041D7F80431DB6D674A0B431365DF
:1096900003E097F8173187F81631D7F80431D3E98A
:1096A000002302F40053C7F8E0300023C7F8E43089
:1096B000D7E938120B46134353D0D7F804311B6E49
:1096C000B3F5A02F33D0B3F5A02F2CD8B3F5802F4E
:1096D0002FD0B3F5802F26D8B3F5403F2BD0B3F56C
:1096E000403F20D8B3F5003F12D0B3F5003F1AD861
:1096F000002B22D0B3F5803F15D1D7F804310833C1
:109700000121184601F0F2FF034687F8173115E0F2
:10971000D7F8043128330121184602F099F803469E
:1097200087F817310AE0012387F8173106E000BFF8
:1097300004E000BF02E000BF00E000BF97F817316F
:10974000002B0AD1384B1B6D23F4E021D7F80431EC
:109750001B6E354A0B43136503E097F8173187F802
:109760001631D7F80431D3E9002302F48043C7F857
:10977000D8300023C7F8DC30D7E936120B46134344
:1097800058D0D7F80431D3F8AC30B3F1A04F33D070
:10979000B3F1A04F2CD8B3F1804F2FD0B3F1804F4D
:1097A00026D8B3F1405F2BD0B3F1405F20D8B3F19E
:1097B000005F12D0B3F1005F1AD8002B22D0B3F1B2
:1097C000805F15D1D7F8043108330121184601F024
:1097D0008DFF034687F8173115E0D7F80431283399
:1097E0000121184602F034F8034687F817310AE0E1
:1097F000012387F8173106E000BF04E000BF02E054
:1098000000BF00E000BF97F81731002B0ED1064BC8
:109810009B6D23F0E041D7F80431D3F8AC30024A15
:109820000B43936506E000BF0044025897F81731D8
:1098300087F81631D7F80431D3E9002302F4004346
:10984000C7F8D0300023C7F8D430D7E934120B461C
:10985000134337D0D7F80431DB6EB3F1005F0ED07D
:10986000B3F1005F16D8002B18D0B3F1805F11D18F
:10987000B24BDB6AB14A43F40033D3620FE0D7F84E
:10988000043108330121184601F030FF034687F800
:10989000173104E0012387F8173100E000BF97F883
:1098A0001731002B0AD1A54B1B6D23F04051D7F87F
:1098B0000431DB6EA14A0B43136503E097F81731BF
:1098C00087F81631D7F80431D3E9002302F080730A
:1098D000C7F8C8300023C7F8CC30D7E932120B469E
:1098E00013433AD0D7F804319B6C032B1FD0032BC2
:1098F00019D8022B0CD0022B15D8002B19D0012B14
:1099000011D18E4BDB6A8D4A43F40033D36211E0F0
:10991000D7F8043108330221184601F0E7FE034668
:1099200087F8173106E0012387F8173102E000BFFE
:1099300000E000BF97F81731002B0AD17F4BDB6C9A
:1099400023F00301D7F804319B6C7C4A0B43D364AA
:1099500003E097F8173187F81631D7F80431D3E9C7
:10996000002302F48003C7F8C0300023C7F8C430D6
:10997000D7E930120B46134300F09980704B1B68F7
:109980006F4A43F480731360F9F722F8C7F81001A7
:109990000BE0F9F71DF80246D7F81031D31A642B03
:1099A00003D9032387F8173105E0654B1B6803F4DF
:1099B0008073002BEDD097F81731002B73D15F4BDC
:1099C0001A6FD7F80431D3F8B030534003F4407322
:1099D000002B15D0594B1B6F23F44073C7F80C3183
:1099E000564B1B6F554A43F480331367534B1B6F21
:1099F000524A23F480331367504AD7F80C31136767
:109A0000D7F80431D3F8B030B3F5807F18D1F8F728
:109A1000DFFFC7F810010DE0F8F7DAFF0246D7F8CC
:109A20001031D21A41F288339A4203D9032387F8BE
:109A3000173105E0414B1B6F03F00203002BEBD005
:109A400097F81731002B29D1D7F80431D3F8B0306B
:109A500003F44073B3F5407F0ED1384B1B6923F4F8
:109A60007C51D7F80431D3F8B0301A09354B134084
:109A7000324A0B43136105E0304B1B692F4A23F434
:109A80007C5313612D4B196FD7F80431D3F8B030E4
:109A9000C3F30B03294A0B43136708E097F8173108
:109AA00087F8163103E097F8173187F81631D7F8A1
:109AB0000431D3E9002302F00103C7F8B8300023D2
:109AC000C7F8BC30D7E92E120B46134350D0D7F855
:109AD00004319B6F282B2BD0282B25D8202B29D065
:109AE000202B21D8182B27D0182B1DD8102B10D0A5
:109AF000102B19D8002B27D0082B15D1D7F80431FB
:109B000008330121184601F0F1FD034687F81731AB
:109B10001BE0D7F8043128330121184601F098FEE4
:109B2000034687F8173110E0012387F817310CE05E
:109B300000BF0AE000BF08E000BF06E00044025892
:109B400000480258CFFFFF0000BF97F81731002BE5
:109B50000AD1B44B5B6D23F03801D7F804319B6F09
:109B6000B04A0B43536503E097F8173187F8163175
:109B7000D7F80431D3E9002302F00203C7F8B0306C
:109B80000023C7F8B430D7E92C120B4613434AD050
:109B9000D7F804315B6F052B2BD0052B25D8042B70
:109BA00029D0042B21D8032B27D0032B1DD8022B1F
:109BB00010D0022B19D8002B21D0012B15D1D7F8AA
:109BC000043108330121184601F090FD034687F85F
:109BD000173115E0D7F8043128330121184601F078
:109BE00037FE034687F817310AE0012387F817315B
:109BF00006E000BF04E000BF02E000BF00E000BFDD
:109C000097F81731002B0AD1864B5B6D23F00701C3
:109C1000D7F804315B6F834A0B43536503E097F831
:109C2000173187F81631D7F80431D3E9002302F051
:109C30000403C7F8A8300023C7F8AC30D7E92A12CC
:109C40000B4613434CD0D7F80431D3F89030052B92
:109C50002BD0052B25D8042B29D0042B21D8032B5E
:109C600027D0032B1DD8022B10D0022B19D8002B84
:109C700021D0012B15D1D7F8043108330121184622
:109C800001F034FD034687F8173115E0D7F80431A9
:109C900028330121184601F0DBFD034687F8173110
:109CA0000AE0012387F8173106E000BF04E000BF97
:109CB00002E000BF00E000BF97F81731002B0BD186
:109CC000584B9B6D23F00701D7F80431D3F890303F
:109CD000544A0B43936503E097F8173187F8163120
:109CE000D7F80431D3E9002302F02003C7F8A030ED
:109CF0000023C7F8A430D7E928120B46134355D0E8
:109D0000D7F80431D3F88C30B3F1A04F33D0B3F18E
:109D1000A04F2CD8B3F1804F2FD0B3F1804F26D86D
:109D2000B3F1405F2BD0B3F1405F20D8B3F1005FB7
:109D300012D0B3F1005F1AD8002B22D0B3F1805FAC
:109D400015D1D7F8043108330021184601F0CEFCB4
:109D5000034687F8173115E0D7F80431283302217C
:109D6000184601F075FD034687F817310AE0012314
:109D700087F8173106E000BF04E000BF02E000BF33
:109D800000E000BF97F81731002B0BD1254B5B6D1E
:109D900023F0E041D7F80431D3F88C30214A0B434B
:109DA000536503E097F8173187F81631D7F8043177
:109DB000D3E9002302F04003C7F898300023C7F826
:109DC0009C30D7E926120B46134357D0D7F80431FD
:109DD000D3F89830B3F5A05F35D0B3F5A05F2ED897
:109DE000B3F5805F31D0B3F5805F28D8B3F5406F0D
:109DF0002DD0B3F5406F22D8B3F5006F14D0B3F572
:109E0000006F1CD8002B24D0B3F5806F17D1D7F882
:109E1000043108330021184601F068FC034687F836
:109E2000173117E000440258D7F8043128330221D3
:109E3000184601F00DFD034687F817310AE00123AB
:109E400087F8173106E000BF04E000BF02E000BF62
:109E500000E000BF97F81731002B0BD1C04B9B6D72
:109E600023F4E051D7F80431D3F89830BC4A0B43BF
:109E7000936503E097F8173187F81631D7F8043166
:109E8000D3E9002302F08003C7F890300023C7F81D
:109E90009430D7E924120B46134355D0D7F8043138
:109EA000D3F89C30B3F5204F33D0B3F5204F2CD8E6
:109EB000B3F5004F2FD0B3F5004F26D8B3F5C04F00
:109EC0002BD0B3F5C04F20D8B3F5804F12D0B3F5E7
:109ED000804F1AD8002B22D0B3F5005F15D1D7F8E8
:109EE000043108330021184601F000FC034687F8CE
:109EF000173115E0D7F8043128330221184601F054
:109F0000A7FC034687F817310AE0012387F81731C9
:109F100006E000BF04E000BF02E000BF00E000BFB9
:109F200097F81731002B0BD18D4B9B6D23F46041BB
:109F3000D7F80431D3F89C30894A0B43936503E08A
:109F400097F8173187F81631D7F80431D3E9002391
:109F500002F00803C7F888300023C7F88C30D7E92F
:109F600022120B4613431ED0D7F80431D3F88030A9
:109F7000B3F5805F0CD1D7F804312833022118469D
:109F800001F066FC0346002B02D0012387F816314E
:109F9000734B5B6D23F44051D7F80431D3F8803014
:109FA0006F4A0B435365D7F80431D3E9002302F01D
:109FB0001003C7F880300023C7F88430D7E9201297
:109FC0000B4613431ED0D7F80431D3F89430B3F5C1
:109FD000807F0CD1D7F8043128330221184601F0D4
:109FE00037FC0346002B02D0012387F816315C4B67
:109FF0009B6D23F44071D7F80431D3F89430584A5C
:10A000000B439365D7F80431D3E9002302F400230E
:10A01000BB670023FB67D7E91E120B4613433ED0F4
:10A02000D7F80431D3F8A030B3F5003F22D0B3F510
:10A03000003F1BD8002B03D0B3F5803F0BD015E0B9
:10A04000D7F8043108330021184601F04FFB0346CE
:10A0500087F817310FE0D7F804312833022118466A
:10A0600001F0F6FB034687F8173104E0012387F877
:10A07000173100E000BF97F81731002B0BD1384B98
:10A080009B6D23F44031D7F80431D3F8A030344A23
:10A090000B43936503E097F8173187F81631D7F82B
:10A0A0000431D3E9002302F480233B6700237B675C
:10A0B000D7E91C120B4613433BD0D7F80431D3F831
:10A0C0008430B3F5401F1FD0B3F5401F18D8B3F547
:10A0D000801F03D0B3F5001F07D011E0204BDB6ACF
:10A0E0001F4A43F40033D3620FE0D7F8043128331A
:10A0F0000121184601F0ACFB034687F8173104E054
:10A10000012387F8173100E000BF97F81731002BC3
:10A110000BD1134B5B6D23F44011D7F80431D3F806
:10A1200084300F4A0B43536503E097F8173187F8E3
:10A130001631D7F80431D3E9002302F48033BB662B
:10A140000023FB66D7E91A120B46134333D0D7F826
:10A1500004311B6D002B05D0B3F5803F09D013E00F
:10A1600000440258424BDB6A414A43F40033D36255
:10A170000EE0D7F8043108330221184601F0B6FA90
:10A18000034687F8173103E0012387F8173100BF32
:10A1900097F81731002B0AD1354BDB6C23F4803153
:10A1A000D7F804311B6D324A0B43D36403E097F8B0
:10A1B000173187F81631D7F80431D3E9002302F0BC
:10A1C00000533B6600237B66D7E918120B46134306
:10A1D0000CD0D7F8043128330221184601F038FB9F
:10A1E0000346002B02D0012387F81631D7F804313B
:10A1F000D3E9002302F40033BB650023FB65D7E9F4
:10A2000016120B46134339D0D7F80431DB6FB3F580
:10A21000407F18D0B3F5407F11D8B3F5007F14D03C
:10A22000B3F5007F0BD8002B11D0B3F5807F06D19A
:10A230000F4BDB6A0E4A43F40033D36208E001237C
:10A2400087F8173104E000BF02E000BF00E000BF64
:10A2500097F81731002B0DD1054B5B6D23F440713E
:10A26000D7F80431DB6F024A0B43536506E000BFA9
:10A270000044025897F8173187F81631D7F804319F
:10A28000D3E9002302F480133B6500237B65D7E903
:10A2900014120B46134309D09E4B1B6D23F0004153
:10A2A000D7F804311B6F9B4A0B431365D7F8043171
:10A2B000D3E9002302F40013BB640023FB64D7E955
:10A2C00012120B46134309D0924B1B6D23F0807181
:10A2D000D7F804319B6E8F4A0B431365D7F80431CE
:10A2E000D3E9002302F080433B6400237B64D7E979
:10A2F00010120B4613430ED0864B1B69854A23F47C
:10A3000000431361834B1969D7F80431D3F8B43093
:10A31000804A0B431361D7F80431D3E9002302F0DC
:10A320000043BB630023FB63D7E90E120B461343C4
:10A3300009D0784BDB6C23F04051D7F804315B6DCA
:10A34000744A0B43D364D7F80431D3E9002302F4F1
:10A3500000033B6300237B63D7E90C120B461343D6
:10A360000AD06C4B5B6D23F44001D7F80431D3F86D
:10A370008830684A0B435365D7F80431D3E900238A
:10A380000021B96203F00103FB62D7E90A120B4610
:10A39000134311D0D7F8043108330021184601F0D7
:10A3A000A5F9034687F8173197F81731002B03D02A
:10A3B00097F8173187F81631D7F80431D3E900231D
:10A3C0000021396203F002037B62D7E908120B46D1
:10A3D000134311D0D7F8043108330121184601F096
:10A3E00085F9034687F8173197F81731002B03D00A
:10A3F00097F8173187F81631D7F80431D3E90023DD
:10A400000021B96103F00403FB61D7E906120B4692
:10A41000134311D0D7F8043108330221184601F054
:10A4200065F9034687F8173197F81731002B03D0E9
:10A4300097F8173187F81631D7F80431D3E900239C
:10A440000021396103F008037B61D7E904120B4650
:10A45000134311D0D7F8043128330021184601F0F6
:10A46000F7F9034687F8173197F81731002B03D017
:10A4700097F8173187F81631D7F80431D3E900235C
:10A480000021B96003F01003FB60D7E902120B460C
:10A49000134311D0D7F8043128330121184601F0B5
:10A4A000D7F9034687F8173197F81731002B03D0F7
:10A4B00097F8173187F81631D7F80431D3E900231C
:10A4C0000021396003F020037B60D7E900120B46BE
:10A4D000134311D0D7F8043128330221184601F074
:10A4E000B7F9034687F8173197F81731002B03D0D7
:10A4F00097F8173187F8163197F81631002B01D1EC
:10A50000002300E00123184607F58C77BD46BDE81F
:10A51000B08F00BF0044025880B590B000AFC7E9CB
:10A520000001D7E90023A2F580710B4340F0A08021
:10A53000A14B1B6D03F007033B633B6B042B55D012
:10A540003B6B042B00F290803B6B032B00F0888068
:10A550003B6B032B00F288803B6B022B32D03B6BB2
:10A56000022B00F281803B6B002B03D03B6B012B55
:10A5700014D079E0904B1B6803F00073B3F1007FB7
:10A5800008D107F12403184600F05EFFBB6AFB63A5
:10A5900000F093BC0023FB6300F08FBC864B1B686C
:10A5A00003F00063B3F1006F08D107F118031846F8
:10A5B00000F0A6FCBB69FB6300F07FBC0023FB63DB
:10A5C00000F07BBC7C4B1B6803F00053B3F1005FD1
:10A5D00008D107F10C03184600F0E4FDFB68FB63AB
:10A5E00000F06BBC0023FB6300F067BC724BDB6CBC
:10A5F00003F040537B63704B1B6803F00403042B90
:10A600000CD17B6B002B09D16B4B1B68DB0803F073
:10A6100003036A4A22FA03F3FB631FE0664B1B68DD
:10A6200003F48073B3F5807F06D17B6BB3F1805F59
:10A6300002D1634BFB6311E05F4B1B6803F40033F3
:10A64000B3F5003F06D17B6BB3F1005F02D15D4BE8
:10A65000FB6303E00023FB6300F02FBC00F02DBC84
:10A66000594BFB6300F029BC0023FB6300F025BCC1
:10A67000D7E90023A2F580610B4340F0A7804E4B41
:10A680009B6D03F460033B633B6BB3F5000F54D049
:10A690003B6BB3F5000F00F28B803B6BB3F5C00F43
:10A6A00000F083803B6BB3F5C00F00F281803B6B01
:10A6B000B3F5800F2FD03B6BB3F5800F78D83B6B91
:10A6C000002B04D03B6BB3F5001F12D070E03A4B67
:10A6D0001B6803F00073B3F1007F07D107F1240377
:10A6E000184600F0B1FEBB6AFB63E6E30023FB63A0
:10A6F000E3E3314B1B6803F00063B3F1006F07D154
:10A7000007F11803184600F0FBFBBB69FB63D4E3B9
:10A710000023FB63D1E3284B1B6803F00053B3F124
:10A72000005F07D107F10C03184600F03BFDFB6802
:10A73000FB63C2E30023FB63BFE31F4BDB6C03F04F
:10A7400040537B631C4B1B6803F00403042B0CD1A8
:10A750007B6B002B09D1184B1B68DB0803F003034C
:10A76000164A22FA03F3FB631EE0134B1B6803F443
:10A770008073B3F5807F06D17B6BB3F1805F02D12C
:10A780000F4BFB6310E00C4B1B6803F40033B3F575
:10A79000003F06D17B6BB3F1005F02D1094BFB6335
:10A7A00002E00023FB6388E387E3074BFB6384E35A
:10A7B0000023FB6381E300BF004402580090D003F4
:10A7C00000093D0000366E010080BB00D7E9002380
:10A7D000A2F500610B4340F09C809E4B9B6D03F003
:10A7E000E0633B633B6BB3F1806F54D03B6BB3F1E1
:10A7F000806F00F28B803B6BB3F1407F00F0838071
:10A800003B6BB3F1407F00F281803B6BB3F1007F83
:10A810002FD03B6BB3F1007F78D83B6B002B04D07B
:10A820003B6BB3F1807F12D070E08A4B1B6803F062
:10A830000073B3F1007F07D107F12403184600F03D
:10A8400003FEBB6AFB6338E30023FB6335E3814B04
:10A850001B6803F00063B3F1006F07D107F1180321
:10A86000184600F04DFBBB69FB6326E30023FB6346
:10A8700023E3784B1B6803F00053B3F1005F07D16B
:10A8800007F10C03184600F08DFCFB68FB6314E332
:10A890000023FB6311E36F4BDB6C03F040537B63DE
:10A8A0006C4B1B6803F00403042B0CD17B6B002B57
:10A8B00009D1684B1B68DB0803F00303664A22FAE0
:10A8C00003F3FB631EE0634B1B6803F48073B3F573
:10A8D000807F06D17B6BB3F1805F02D15F4BFB635E
:10A8E00010E05C4B1B6803F40033B3F5003F06D166
:10A8F0007B6BB3F1005F02D1594BFB6302E0002395
:10A90000FB63DAE2D9E2574BFB63D6E20023FB6339
:10A91000D3E2D7E90023A2F580510B4340F0A78092
:10A920004C4B1B6D03F4E043BB63BB6BB3F5804F33
:10A9300055D0BB6BB3F5804F00F29680BB6BB3F57F
:10A94000405F00F08480BB6BB3F5405F00F28C8009
:10A95000BB6BB3F5005F30D0BB6BB3F5005F00F2AB
:10A960008380BB6B002B04D0BB6BB3F5805F12D030
:10A970007AE0384B1B6803F00073B3F1007F07D116
:10A9800007F12403184600F05FFDBB6AFB6394E205
:10A990000023FB6391E22F4B1B6803F00063B3F1CC
:10A9A000006F07D107F11803184600F0A9FABB6938
:10A9B000FB6382E20023FB637FE2264B1B6803F00C
:10A9C0000053B3F1005F07D107F10C03184600F004
:10A9D000E9FBFB68FB6370E20023FB636DE21D4B48
:10A9E000DB6C03F040537B631A4B1B6803F00403DA
:10A9F000042B0CD17B6B002B09D1164B1B68DB0899
:10AA000003F00303144A22FA03F3FB631EE0114B25
:10AA10001B6803F48073B3F5807F06D17B6BB3F1C1
:10AA2000805F02D10D4BFB6310E00A4B1B6803F4FF
:10AA30000033B3F5003F06D17B6BB3F1005F02D169
:10AA4000074BFB6302E00023FB6336E235E2054B74
:10AA5000FB6332E2004402580090D00300093D003D
:10AA600000366E010080BB000023FB6325E2D7E9BE
:10AA70000023A2F500510B4340F085809C4B1B6DD9
:10AA800003F4E023BB63BB6BB3F5A02F6BD0BB6BB0
:10AA9000B3F5A02F74D8BB6BB3F5802F56D0BB6B2A
:10AAA000B3F5802F6CD8BB6BB3F5403F3BD0BB6B8D
:10AAB000B3F5403F64D8BB6BB3F5003F21D0BB6B0F
:10AAC000B3F5003F5CD8BB6B002B04D0BB6BB3F578
:10AAD000803F04D054E0FEF77BFBF863EDE1844B4C
:10AAE0001B6803F00063B3F1006F07D107F118038F
:10AAF000184600F005FAFB69FB63DEE10023FB6307
:10AB0000DBE17B4B1B6803F00053B3F1005F07D11F
:10AB100007F10C03184600F045FB3B69FB63CCE1F1
:10AB20000023FB63C9E1724B1B6803F00403042B91
:10AB300009D16F4B1B68DB0803F003036D4A22FA4F
:10AB400003F3FB63B9E10023FB63B6E1684B1B68C9
:10AB500003F48073B3F5807F02D1674BFB63ACE1F4
:10AB60000023FB63A9E1624B1B6803F40033B3F5D8
:10AB7000003F02D1614BFB639FE10023FB639CE13B
:10AB80000023FB6399E1D7E90023A2F500210B43E1
:10AB900073D1574B9B6D03F44033BB63BB6BB3F571
:10ABA000003F2FD0BB6BB3F5003F63D8BB6B002BCE
:10ABB00004D0BB6BB3F5803F12D05BE04C4B1B68FD
:10ABC00003F00063B3F1006F07D107F118031846D3
:10ABD00000F096F9BB69FB636FE10023FB636CE156
:10ABE000434B1B6803F00053B3F1005F07D107F13B
:10ABF0000C03184600F0D6FA7B69FB635DE1002385
:10AC0000FB635AE13A4BDB6C03F040537B63384BF8
:10AC10001B6803F00403042B0CD17B6B002B09D1C0
:10AC2000334B1B68DB0803F00303324A22FA03F3B9
:10AC3000FB631EE02E4B1B6803F48073B3F5807F2B
:10AC400006D17B6BB3F1805F02D12B4BFB6310E02D
:10AC5000274B1B6803F40033B3F5003F06D17B6B31
:10AC6000B3F1005F02D1254BFB6302E00023FB63DD
:10AC700023E122E10023FB631FE1D7E90023A2F5D2
:10AC800080310B433CD11A4BDB6C03F48033BB6344
:10AC9000BB6B002B04D0BB6BB3F5803F12D023E01D
:10ACA000134B1B6803F00073B3F1007F07D107F16A
:10ACB0002403184600F0C8FBBB6AFB63FDE00023D9
:10ACC000FB63FAE00A4B1B6803F00063B3F1006F0B
:10ACD00007D107F11803184600F012F93B6AFB632D
:10ACE000EBE00023FB63E8E00023FB63E5E000BF4B
:10ACF000004402580090D00300093D0000366E0168
:10AD0000D7E90023A2F580410B4340F085806D4BCD
:10AD10009B6D03F0E043BB63BB6BB3F1A04F6BD003
:10AD2000BB6BB3F1A04F74D8BB6BB3F1804F56D05F
:10AD3000BB6BB3F1804F6CD8BB6BB3F1405F3BD0C2
:10AD4000BB6BB3F1405F64D8BB6BB3F1005F21D044
:10AD5000BB6BB3F1005F5CD8BB6B002B04D0BB6B4B
:10AD6000B3F1805F04D054E000F0B4F8F863A4E0DD
:10AD7000544B1B6803F00063B3F1006F07D107F178
:10AD80001803184600F0BCF8FB69FB6395E000234C
:10AD9000FB6392E04B4B1B6803F00053B3F1005F81
:10ADA00007D107F10C03184600F0FCF93B69FB637F
:10ADB00083E00023FB6380E0424B1B6803F0040345
:10ADC000042B09D13F4B1B68DB0803F003033E4A09
:10ADD00022FA03F3FB6370E00023FB636DE0394B61
:10ADE0001B6803F48073B3F5807F02D1374BFB639C
:10ADF00063E00023FB6360E0324B1B6803F4003325
:10AE0000B3F5003F02D1324BFB6356E00023FB63F6
:10AE100053E00023FB6350E0D7E90023A2F5004193
:10AE20000B4348D1274B1B6D03F04053BB63BB6BF7
:10AE3000B3F1005F2AD0BB6BB3F1005F38D8BB6BB6
:10AE4000002B04D0BB6BB3F1805F0DD030E01D4B05
:10AE50001B6803F40033B3F5003F02D11C4BFB63C6
:10AE60002BE00023FB6328E0164B1B6803F0007304
:10AE7000B3F1007F07D107F12403184600F0E4FA8C
:10AE8000BB6AFB6319E00023FB6316E00D4B1B68F4
:10AE900003F00063B3F1006F07D107F11803184600
:10AEA00000F02EF8FB69FB6307E00023FB6304E07E
:10AEB0000023FB6301E00023FB63FB6B1846403774
:10AEC000BD4680BD004402580090D00300093D00FB
:10AED00000366E0180B500AFFEF74AF90246064B18
:10AEE0001B6A1B0903F007030449CB5C03F01F0333
:10AEF00022FA03F3184680BD00440258D8DD040846
:10AF000080B489B000AF7860A04B9B6A03F0030364
:10AF1000BB619E4B9B6A1B0B03F03F037B619B4B0A
:10AF2000DB6A1B0903F001033B61984BDB6BDB0819
:10AF3000C3F30C033A6902FB03F307EE903AF8EE11
:10AF4000677AC7ED037A7B69002B00F01181BB693A
:10AF5000022B00F08380BB69022B00F2A180BB6949
:10AF6000002B03D0BB69012B56D099E0874B1B689F
:10AF700003F02003002B2DD0844B1B68DB0803F06B
:10AF80000303834A22FA03F3BB60BB6807EE903ADF
:10AF9000F8EE676A7B6907EE903AF8EE677A86EE1C
:10AFA000A77A7A4B9B6BC3F3080307EE903AF8EE4F
:10AFB000676A97ED036ADFED775AC6EE257A76EE7B
:10AFC000A77AF7EE006A77EEA67A67EE277AC7EDE2
:10AFD000077A87E07B6907EE903AF8EE677ADFED53
:10AFE0006E6A86EEA77A694B9B6BC3F3080307EE84
:10AFF000903AF8EE676A97ED036ADFED665AC6EE9F
:10B00000257A76EEA77AF7EE006A77EEA67A67EEF3
:10B01000277AC7ED077A65E07B6907EE903AF8EE8C
:10B02000677ADFED5E6A86EEA77A584B9B6BC3F3B7
:10B03000080307EE903AF8EE676A97ED036ADFEDD2
:10B04000555AC6EE257A76EEA77AF7EE006A77EEC5
:10B05000A67A67EE277AC7ED077A43E07B6907EEA9
:10B06000903AF8EE677ADFED4E6A86EEA77A474BA4
:10B070009B6BC3F3080307EE903AF8EE676A97ED0F
:10B08000036ADFED445AC6EE257A76EEA77AF7EE2C
:10B09000006A77EEA67A67EE277AC7ED077A21E095
:10B0A0007B6907EE903AF8EE677ADFED3C6A86EE50
:10B0B000A77A364B9B6BC3F3080307EE903AF8EE82
:10B0C000676A97ED036ADFED335AC6EE257A76EEAE
:10B0D000A77AF7EE006A77EEA67A67EE277AC7EDD1
:10B0E000077A00BF294B9B6B5B0A03F07F0307EED7
:10B0F000903AF8EE677AB7EE007A37EE877AD7EDB6
:10B10000076AC6EE877AFCEEE77A17EE902A7B682C
:10B110001A601E4B9B6B1B0C03F07F0307EE903AEB
:10B12000F8EE677AB7EE007A37EE877AD7ED076ADE
:10B13000C6EE877AFCEEE77A17EE902A7B685A60B3
:10B14000124B9B6B1B0E03F07F0307EE903AF8EE59
:10B15000677AB7EE007A37EE877AD7ED076AC6EEE0
:10B16000877AFCEEE77A17EE902A7B689A6008E00F
:10B170007B6800221A607B6800225A607B6800228C
:10B180009A6000BF2437BD4680BC70470044025817
:10B190000090D003000000460024744C0024744A40
:10B1A000001BB74B80B489B000AF7860A04B9B6A9E
:10B1B00003F00303BB619E4B9B6A1B0D03F03F032F
:10B1C0007B619B4BDB6A1B0A03F001033B61984BDD
:10B1D0005B6CDB08C3F30C033A6902FB03F307EE75
:10B1E000903AF8EE677AC7ED037A7B69002B00F09E
:10B1F0001181BB69022B00F08380BB69022B00F236
:10B20000A180BB69002B03D0BB69012B56D099E00C
:10B21000874B1B6803F02003002B2DD0844B1B6849
:10B22000DB0803F00303834A22FA03F3BB60BB6825
:10B2300007EE903AF8EE676A7B6907EE903AF8EE0F
:10B24000677A86EEA77A7A4B1B6CC3F3080307EE86
:10B25000903AF8EE676A97ED036ADFED775AC6EE2B
:10B26000257A76EEA77AF7EE006A77EEA67A67EE91
:10B27000277AC7ED077A87E07B6907EE903AF8EE08
:10B28000677ADFED6E6A86EEA77A694B1B6CC3F3B3
:10B29000080307EE903AF8EE676A97ED036ADFED70
:10B2A000665AC6EE257A76EEA77AF7EE006A77EE52
:10B2B000A67A67EE277AC7ED077A65E07B6907EE25
:10B2C000903AF8EE677ADFED5E6A86EEA77A584B21
:10B2D0001B6CC3F3080307EE903AF8EE676A97ED2C
:10B2E000036ADFED555AC6EE257A76EEA77AF7EEB9
:10B2F000006A77EEA67A67EE277AC7ED077A43E011
:10B300007B6907EE903AF8EE677ADFED4E6A86EEDB
:10B31000A77A474B1B6CC3F3080307EE903AF8EE8D
:10B32000676A97ED036ADFED445AC6EE257A76EE3A
:10B33000A77AF7EE006A77EEA67A67EE277AC7ED6E
:10B34000077A21E07B6907EE903AF8EE677ADFED45
:10B350003C6A86EEA77A364B1B6CC3F3080307EEF4
:10B36000903AF8EE676A97ED036ADFED335AC6EE5E
:10B37000257A76EEA77AF7EE006A77EEA67A67EE80
:10B38000277AC7ED077A00BF294B1B6C5B0A03F0D5
:10B390007F0307EE903AF8EE677AB7EE007A37EE61
:10B3A000877AD7ED076AC6EE877AFCEEE77A17EE62
:10B3B000902A7B681A601E4B1B6C1B0C03F07F03EA
:10B3C00007EE903AF8EE677AB7EE007A37EE877AB2
:10B3D000D7ED076AC6EE877AFCEEE77A17EE902A79
:10B3E0007B685A60124B1B6C1B0E03F07F0307EE49
:10B3F000903AF8EE677AB7EE007A37EE877AD7EDB3
:10B40000076AC6EE877AFCEEE77A17EE902A7B6829
:10B410009A6008E07B6800221A607B6800225A600C
:10B420007B6800229A6000BF2437BD4680BC70470D
:10B43000004402580090D003000000460024744CE1
:10B440000024744A001BB74B80B489B000AF786009
:10B45000A04B9B6A03F00303BB619E4B9B6A1B09D5
:10B4600003F03F037B619B4BDB6A03F001033B610D
:10B47000984B5B6BDB08C3F30C033A6902FB03F3E5
:10B4800007EE903AF8EE677AC7ED037A7B69002BF6
:10B4900000F01181BB69022B00F08380BB69022B95
:10B4A00000F2A180BB69002B03D0BB69012B56D0F1
:10B4B00099E0884B1B6803F02003002B2DD0854BAF
:10B4C0001B68DB0803F00303834A22FA03F3BB6023
:10B4D000BB6807EE903AF8EE676A7B6907EE903A30
:10B4E000F8EE677A86EEA77A7A4B1B6BC3F30803F4
:10B4F00007EE903AF8EE676A97ED036ADFED775A48
:10B50000C6EE257A76EEA77AF7EE006A77EEA67A8F
:10B5100067EE277AC7ED077A87E07B6907EE903AF6
:10B52000F8EE677ADFED6E6A86EEA77A694B1B6BE1
:10B53000C3F3080307EE903AF8EE676A97ED036AE3
:10B54000DFED665AC6EE257A76EEA77AF7EE006A48
:10B5500077EEA67A67EE277AC7ED077A65E07B6912
:10B5600007EE903AF8EE677ADFED5E6A86EEA77A2C
:10B57000584B1B6BC3F3080307EE903AF8EE676A6B
:10B5800097ED036ADFED555AC6EE257A76EEA77A77
:10B59000F7EE006A77EEA67A67EE277AC7ED077AAC
:10B5A00043E07B6907EE903AF8EE677ADFED4E6A8A
:10B5B00086EEA77A474B1B6BC3F3080307EE903A5E
:10B5C000F8EE676A97ED036ADFED445AC6EE257A16
:10B5D00076EEA77AF7EE006A77EEA67A67EE277A1C
:10B5E000C7ED077A21E07B6907EE903AF8EE677ABB
:10B5F000DFED3B6A86EEA77A364B1B6BC3F308037D
:10B6000007EE903AF8EE676A97ED036ADFED335A7A
:10B61000C6EE257A76EEA77AF7EE006A77EEA67A7E
:10B6200067EE277AC7ED077A00BF2A4B1B6B5B0AD0
:10B6300003F07F0307EE903AF8EE677AB7EE007AF0
:10B6400037EE877AD7ED076AC6EE877AFCEEE77A9F
:10B6500017EE902A7B681A601E4B1B6B1B0C03F0C5
:10B660007F0307EE903AF8EE677AB7EE007A37EE8E
:10B67000877AD7ED076AC6EE877AFCEEE77A17EE8F
:10B68000902A7B685A60134B1B6B1B0E03F07F03E1
:10B6900007EE903AF8EE677AB7EE007A37EE877ADF
:10B6A000D7ED076AC6EE877AFCEEE77A17EE902AA6
:10B6B0007B689A6008E07B6800221A607B68002241
:10B6C0005A607B6800229A6000BF2437BD4680BC68
:10B6D000704700BF004402580090D00300000046AD
:10B6E0000024744C0024744A001BB74B80B584B00E
:10B6F00000AF786039600023FB73534B9B6A03F003
:10B700000303032B01D1012399E04F4B1B684E4AE1
:10B7100023F080631360F7F75BF9B86008E0F7F790
:10B7200057F90246BB68D31A022B01D9032386E0DE
:10B73000454B1B6803F00063002BF0D1424B9B6A22
:10B7400023F47C327B681B681B033F4913438B62E5
:10B750007B685B68013BC3F308027B689B68013B25
:10B760005B029BB21A437B68DB68013B1B0403F45A
:10B77000FE031A437B681B69013B1B0603F0FE4373
:10B78000314913438B63304BDB6A23F0C0027B6883
:10B790005B692D491343CB622B4BDB6A23F02002FC
:10B7A0007B689B6928491343CB62274BDB6A264A97
:10B7B00023F01003D362244BDA6B244B13407A68D6
:10B7C000D269D20020491343CB631F4BDB6A1E4A68
:10B7D00043F01003D3623B68002B06D11A4BDB6A9F
:10B7E000194A43F40023D3620FE03B68012B06D1D2
:10B7F000154BDB6A144A43F48013D36205E0124B05
:10B80000DB6A114A43F40013D3620F4B1B680E4AE4
:10B8100043F080631360F7F7DBF8B86008E0F7F7F0
:10B82000D7F80246BB68D31A022B01D9032306E0DE
:10B83000054B1B6803F00063002BF0D0FB7B184620
:10B840001037BD4680BD00BF004402580700FFFF0F
:10B8500080B584B000AF786039600023FB73534B30
:10B860009B6A03F00303032B01D1012399E04F4BA3
:10B870001B684E4A23F080531360F7F7A9F8B860AD
:10B8800008E0F7F7A5F80246BB68D31A022B01D9E6
:10B89000032386E0454B1B6803F00053002BF0D1D7
:10B8A000424B9B6A23F07C727B681B681B053F49F7
:10B8B00013438B627B685B68013BC3F308027B68C0
:10B8C0009B68013B5B029BB21A437B68DB68013BD0
:10B8D0001B0403F4FE031A437B681B69013B1B0630
:10B8E00003F0FE43314913430B64304BDB6A23F40E
:10B8F00040627B685B692D491343CB622B4BDB6A4B
:10B9000023F400727B689B6928491343CB62274B61
:10B91000DB6A264A23F48073D362244B5A6C244B8F
:10B9200013407A68D269D200204913434B641F4BFD
:10B93000DB6A1E4A43F48073D3623B68002B06D156
:10B940001A4BDB6A194A43F48003D3620FE03B6869
:10B95000012B06D1154BDB6A144A43F40003D36272
:10B9600005E0124BDB6A114A43F08073D3620F4B40
:10B970001B680E4A43F080531360F7F729F8B8604C
:10B9800008E0F7F725F80246BB68D31A022B01D965
:10B99000032306E0054B1B6803F00053002BF0D097
:10B9A000FB7B18461037BD4680BD00BF00440258DF
:10B9B0000700FFFF80B584B000AF78607B68002B84
:10B9C00001D101230FE17B6800229A627B681B682A
:10B9D000874A93420FD07B681B68864A93420AD0FD
:10B9E0007B681B68844A934205D07B68DB680F2B19
:10B9F00001D90123F7E0786800F0E6FDF8607B6884
:10BA00001B687B4A93420CD07B681B68794A93423F
:10BA100007D07B681B68784A934202D0FB68082BEA
:10BA200011D87B681B68724A934209D07B681B68F7
:10BA3000704A934204D07B681B686F4A934204D1DA
:10BA4000FB68102B01D90123CDE07B6893F881308E
:10BA5000DBB2002B06D17B68002283F88020786857
:10BA6000F1F79EFB7B68022283F881207B681B68CC
:10BA70001A687B681B6822F001021A607B681B68E9
:10BA80009B6803F4F813BB607B689B69B3F1806F1C
:10BA900019D17B685B68B3F5800F03D17B689B6B22
:10BAA000002B08D07B685B68002B0CD17B689B6BFC
:10BAB000B3F1805F07D17B681B681A687B681B68DD
:10BAC00042F480521A607B685B6803F48003002BA9
:10BAD0000FD07B68DB68062B0BD97B681B681B6863
:10BAE00023F480717B681A6D7B681B680A431A60B7
:10BAF00007E07B681B681A687B681B6822F4807209
:10BB00001A607B68DA697B689B6A1A43BB681A43D0
:10BB10007B68DB6B42EA03017B68DA687B681B6841
:10BB20000A439A607B685A6B7B685B6A1A437B683E
:10BB30009B6B1A437B689B691A437B681B691A439A
:10BB40007B685B691A437B681B6A1A437B685B6886
:10BB50001A437B68DB6C1A437B689B681A437B68DB
:10BB60009B6C42EA03017B689A6D7B681B680A4301
:10BB7000DA607B685B68002B13D17B681B689B686D
:10BB800023F4C0527B681B6842F400629A607B68B1
:10BB90001B689B6823F4C0627B681B6842F4806268
:10BBA0009A607B681B681A6D7B681B6822F0010233
:10BBB0001A657B685B6803F48003002B0AD07B68FE
:10BBC0001B68DB6823F000417B685A6D7B681B684B
:10BBD0000A43DA607B680022C3F884207B68012274
:10BBE00083F88120002318461037BD4680BD00BF72
:10BBF0000030014000380040003C004080B58AB071
:10BC000002AFF860B9603B601346FB80FB681B68BD
:10BC10002033FB610023FB76FB6893F88030012B17
:10BC200001D10223E1E1FB68012283F88020F6F7CD
:10BC3000CFFE7861FB6893F88130DBB2012B07D02F
:10BC40000223FB76FB68002283F88020FB7ECCE198
:10BC5000BB68002B02D0FB88002B07D10123FB76A9
:10BC6000FB68002283F88020FB7EBEE1FB68032294
:10BC700083F88120FB680022C3F88420FB68BA683F
:10BC8000DA65FB68FA88A3F86020FB68FA88A3F8F5
:10BC90006220FB6800225A66FB680022A3F8682035
:10BCA000FB680022A3F86A20FB6800225A67FB6841
:10BCB00000221A67FB689B68B3F5C02F08D1FB68A8
:10BCC0001B681A68FB681B6842F400621A6009E08E
:10BCD000FB681B68DB6823F4C022FB681B6842F426
:10BCE0000032DA60FB681B685A68964B1340F9888B
:10BCF000FA6812680B435360FB681B681A68FB689C
:10BD00001B6842F001021A60FB685B68B3F5800FA4
:10BD100007D1FB681B681A68FB681B6842F4007255
:10BD20001A60FB68DB680F2B47D93FE0FB681B6894
:10BD30005B6903F00203022B14D1FB68DA6DFB6828
:10BD40001B6812681A62FB68DB6D1A1DFB68DA65F6
:10BD5000FB68B3F862309BB2013B9AB2FB68A3F870
:10BD6000622023E0F6F734FE02467B69D31A3A6874
:10BD70009A4203D83B68B3F1FF3F02D13B68002BE6
:10BD800014D1F86800F052FBFB68002283F8802091
:10BD9000FB68D3F8843043F48072FB68C3F88420D6
:10BDA000FB68012283F8812003231EE1FB68B3F8BE
:10BDB00062309BB2002BB9D1F1E0FB68DB68072B46
:10BDC00040F2E6805DE0FB681B685B6903F00203FC
:10BDD000022B32D1FB68B3F862309BB2012B18D929
:10BDE000FB68DB6B002B14D0FB68DA6DFB681B680B
:10BDF00012681A62FB68DB6D1A1DFB68DA65FB6866
:10BE0000B3F862309BB2023B9AB2FB68A3F862209F
:10BE100037E0FB68DB6D1A88FB691A80FB68DB6D15
:10BE20009A1CFB68DA65FB68B3F862309BB2013B91
:10BE30009AB2FB68A3F8622023E0F6F7C9FD024638
:10BE40007B69D31A3A689A4203D83B68B3F1FF3F43
:10BE500002D13B68002B14D1F86800F0E7FAFB68C8
:10BE6000002283F88020FB68D3F8843043F480728A
:10BE7000FB68C3F88420FB68012283F88120032338
:10BE8000B3E0FB68B3F862309BB2002B9BD186E035
:10BE9000FB681B685B6903F00203022B54D1FB684B
:10BEA000B3F862309BB2032B18D9FB68DB6B402BD5
:10BEB00014D9FB68DA6DFB681B6812681A62FB68AC
:10BEC000DB6D1A1DFB68DA65FB68B3F862309BB264
:10BED000043B9AB2FB68A3F8622059E0FB68B3F810
:10BEE00062309BB2012B17D9FB68DB6B002B13D0A0
:10BEF000FB68DB6D1A88FB691A80FB68DB6D9A1C96
:10BF0000FB68DA65FB68B3F862309BB2023B9AB219
:10BF1000FB68A3F862203BE0FB68DA6DFB681B68F6
:10BF2000203312781A70FB68DB6D5A1CFB68DA65E7
:10BF3000FB68B3F862309BB2013B9AB2FB68A3F88E
:10BF4000622025E00000FFFFF6F742FD02467B6914
:10BF5000D31A3A689A4203D83B68B3F1FF3F02D143
:10BF60003B68002B14D1F86800F060FAFB680022EF
:10BF700083F88020FB68D3F8843043F48072FB6838
:10BF8000C3F88420FB68012283F8812003232CE07E
:10BF9000FB68B3F862309BB2002B7FF479AF7B690A
:10BFA00000933B6800220821F86800F0DFFA03469E
:10BFB000002B07D0FB68D3F8843043F02002FB68E5
:10BFC000C3F88420F86800F031FAFB68002283F897
:10BFD0008020FB68012283F88120FB68D3F884303D
:10BFE000002B01D0012300E0FB7E18462037BD4620
:10BFF00080BD00BF80B58CB002AFF860B9607A60D8
:10C000007B80002387F82330FB681B682033FB61AB
:10C01000FB681B683033BB61FB6893F88030012BF1
:10C0200001D10223FDE1FB68012283F88020F6F7AD
:10C03000CFFC78617B88FB847B88BB84FB6893F8AA
:10C040008130DBB2012B09D0022387F82330FB6853
:10C05000002283F8802097F82330E2E1BB68002BB0
:10C0600005D07B68002B02D07B88002B09D10123EF
:10C0700087F82330FB68002283F8802097F823306C
:10C08000CFE1FB68052283F88120FB680022C3F81A
:10C090008420FB687A685A66FB687A88A3F86A206D
:10C0A000FB687A88A3F86820FB68BA68DA65FB68E1
:10C0B0007A88A3F86220FB687A88A3F86020FB687E
:10C0C00000221A67FB6800225A67FB681B68DA685F
:10C0D000FB681B6822F4C022DA60FB681B685A68A0
:10C0E000824B13407988FA6812680B435360FB68EF
:10C0F0001B681A68FB681B6842F001021A60FB6843
:10C100005B68B3F5800F07D1FB681B681A68FB6892
:10C110001B6842F400721A60FB68DB680F2B70D951
:10C1200068E0FB681B685B6903F00203022B1AD10D
:10C13000FB8C002B17D0FB68DA6DFB681B6812685C
:10C140001A62FB68DB6D1A1DFB68DA65FB68B3F8E1
:10C1500062309BB2013B9AB2FB68A3F86220FB6895
:10C16000B3F86230FB84FB681B685A6948F2080325
:10C170001340002B1AD0BB8C002B17D0FB681A6819
:10C18000FB685B6E126B1A60FB685B6E1A1DFB68C6
:10C190005A66FB68B3F86A309BB2013B9AB2FB68FF
:10C1A000A3F86A20FB68B3F86A30BB84F6F710FC8A
:10C1B00002467B69D31A3A6B9A4203D83B6BB3F1C0
:10C1C000FF3F02D13B6B002B14D1F86800F02EF931
:10C1D000FB68002283F88020FB68D3F8843043F4A6
:10C1E0008072FB68C3F88420FB68012283F88120F9
:10C1F000032316E1FB8C002B93D1BB8C002B90D139
:10C20000E8E0FB68DB68072B40F2DE8066E0FB6855
:10C210001B685B6903F00203022B19D1FB8C002B16
:10C2200016D0FB68DB6D1A88FB691A80FB68DB6D32
:10C230009A1CFB68DA65FB68B3F862309BB2013B7D
:10C240009AB2FB68A3F86220FB68B3F86230FB8403
:10C25000FB681B685B6903F00103012B1AD1BB8CDF
:10C26000002B17D0FB685B6EBA69128892B21A80F5
:10C27000FB685B6E9A1CFB685A66FB68B3F86A3011
:10C280009BB2013B9AB2FB68A3F86A20FB68B3F843
:10C290006A30BB84F6F79CFB02467B69D31A3A6B83
:10C2A0009A4203D83B6BB3F1FF3F02D13B6B002BAB
:10C2B00014D1F86800F0BAF8FB68002283F88020F7
:10C2C000FB68D3F8843043F48072FB68C3F88420A1
:10C2D000FB68012283F881200323A2E0FB8C002B62
:10C2E00095D1BB8C002B92D174E000BF0000FFFF02
:10C2F000FB681B685B6903F00203022B1BD1FB8CFC
:10C30000002B18D0FB68DA6DFB681B6820331278AD
:10C310001A70FB68DB6D5A1CFB68DA65FB68B3F8C2
:10C3200062309BB2013B9AB2FB68A3F86220FB68C3
:10C33000B3F86230FB84FB681B685B6903F00103A0
:10C34000012B1DD1BB8C002B1AD0FB681B6803F19D
:10C350003002FB685B6E1278D2B21A70FB685B6EBB
:10C360005A1CFB685A66FB68B3F86A309BB2013B03
:10C370009AB2FB68A3F86A20FB68B3F86A30BB8402
:10C38000F6F726FB02467B69D31A3A6B9A4203D82A
:10C390003B6BB3F1FF3F02D13B6B002B14D1F8682C
:10C3A00000F044F8FB68002283F88020FB68D3F893
:10C3B000843043F48072FB68C3F88420FB68012258
:10C3C00083F8812003232CE0FB8C002B90D1BB8CC5
:10C3D000002B8DD17B6900933B6B00220821F8680C
:10C3E00000F0C4F80346002B07D0FB68D3F8843074
:10C3F00043F02002FB68C3F88420F86800F016F8C8
:10C40000FB68002283F88020FB68012283F88120EA
:10C41000FB68D3F88430002B01D0012301E097F8AA
:10C42000233018462837BD4680BD00BF80B485B094
:10C4300000AF78607B681B685B69FB607B681B688A
:10C440009A697B681B6842F008029A617B681B68E6
:10C450009A697B681B6842F010029A617B681B68CE
:10C460001A687B681B6822F001021A607B681B68EF
:10C4700019697B681A683C4B0B4013617B681B6829
:10C480009A687B681B6822F440429A607B6893F844
:10C490008130DBB2042B14D0FB6803F02003002BA7
:10C4A0000FD07B68D3F8843043F080027B68C3F8F8
:10C4B00084207B681B689A697B681B6842F02002B5
:10C4C0009A617B6893F88130DBB2032B14D0FB6850
:10C4D00003F04003002B0FD07B68D3F8843043F087
:10C4E00004027B68C3F884207B681B689A697B68B8
:10C4F0001B6842F040029A61FB6803F40073002B52
:10C500000FD07B68D3F8843043F001027B68C3F816
:10C5100084207B681B689A697B681B6842F4007200
:10C520009A61FB6803F48073002B0FD07B68D3F80B
:10C53000843043F008027B68C3F884207B681B6862
:10C540009A697B681B6842F480729A617B6800225A
:10C55000A3F862207B680022A3F86A2000BF14378A
:10C56000BD4680BC704700BF90FCFFFF80B584B023
:10C5700000AFF860B9603B601346FB7110E0F6F75E
:10C5800027FA0246BB69D31A3A689A4203D83B6835
:10C59000B3F1FF3F02D13B68002B01D103230FE031
:10C5A000FB681B685A69BB681340BA689A420CBFA3
:10C5B00001230023DBB21A46FB799A42DFD0002325
:10C5C00018461037BD4680BD80B485B000AF786096
:10C5D0007B68DB6B5B090133FB607B68DB680133E5
:10C5E000BB60BB680733DB08BB60BB68FA6802FB53
:10C5F00003F318461437BD4680BC704780B582B03F
:10C6000000AF78607B68002B01D1012349E07B6893
:10C6100093F83D30DBB2002B06D17B68002283F813
:10C620003C20786800F041F87B68022283F83D20C6
:10C630007B681A687B6804331946104600F062FA7A
:10C640007B68012283F848207B68012283F83E2022
:10C650007B68012283F83F207B68012283F8402019
:10C660007B68012283F841207B68012283F8422005
:10C670007B68012283F843207B68012283F84420F1
:10C680007B68012283F845207B68012283F84620DD
:10C690007B68012283F847207B68012283F83D20D4
:10C6A000002318460837BD4680BD80B483B000AF74
:10C6B000786000BF0C37BD4680BC704780B584B041
:10C6C00000AF786039603B68002B09D17B6893F834
:10C6D0003E30DBB2012B14BF01230023DBB23CE070
:10C6E0003B68042B09D17B6893F83F30DBB2012B08
:10C6F00014BF01230023DBB22FE03B68082B09D1D4
:10C700007B6893F84030DBB2012B14BF0123002378
:10C71000DBB222E03B680C2B09D17B6893F84130F7
:10C72000DBB2012B14BF01230023DBB215E03B6811
:10C73000102B09D17B6893F84230DBB2012B14BF78
:10C7400001230023DBB208E07B6893F84330DBB2BF
:10C75000012B14BF01230023DBB2002B01D00123E6
:10C76000ABE03B68002B04D17B68022283F83E20BB
:10C7700023E03B68042B04D17B68022283F83F202E
:10C780001BE03B68082B04D17B68022283F8402021
:10C7900013E03B680C2B04D17B68022283F8412014
:10C7A0000BE03B68102B04D17B68022283F8422007
:10C7B00003E07B68022283F843207B681B68012228
:10C7C0003968184600F012FD7B681B683D4A9342A9
:10C7D00013D07B681B683C4A93420ED07B681B6871
:10C7E0003A4A934209D07B681B68394A934204D085
:10C7F0007B681B68374A934201D1012300E0002384
:10C80000002B07D07B681B685A6C7B681B6842F45E
:10C8100000425A647B681B682A4A93422CD07B688A
:10C820001B68B3F1804F27D07B681B682A4A93426C
:10C8300022D07B681B68294A93421DD07B681B6805
:10C84000274A934218D07B681B681F4A934213D033
:10C850007B681B68234A93420ED07B681B681B4A87
:10C86000934209D07B681B681F4A934204D07B68BF
:10C870001B681E4A934215D17B681B689A681C4B43
:10C880001340FB60FB68062B15D0FB68B3F5803FB7
:10C8900011D07B681B681A687B681B6842F0010234
:10C8A0001A6008E07B681B681A687B681B6842F0A6
:10C8B00001021A6000E000BF002318461037BD4691
:10C8C00080BD00BF00000140000401400040014065
:10C8D00000440140004801400004004000080040BE
:10C8E000000C00400018004000E0004000E4004060
:10C8F0000700010080B586B000AFF860B9607A60CB
:10C900000023FB75FB6893F83C30012B01D1022317
:10C91000F3E0FB68012283F83C207B68142B00F0D5
:10C92000C3807B68142B00F2E0807B68102B00F042
:10C930009B807B68102B00F2D8807B680C2B72D018
:10C940007B680C2B00F2D1807B68082B4BD07B6876
:10C95000082B00F2CA807B68002B03D07B68042B75
:10C9600020D0C2E0FB681B68B968184600F06EF979
:10C97000FB681B689A69FB681B6842F008029A61B1
:10C98000FB681B689A69FB681B6822F004029A61C5
:10C99000FB681B689969BB681A69FB681B680A43D6
:10C9A0009A61A5E0FB681B68B968184600F0DEF9DB
:10C9B000FB681B689A69FB681B6842F400629A6115
:10C9C000FB681B689A69FB681B6822F480629A61A5
:10C9D000FB681B689969BB681B691A02FB681B68C6
:10C9E0000A439A6184E0FB681B68B968184600F046
:10C9F00045FAFB681B68DA69FB681B6842F00802AD
:10CA0000DA61FB681B68DA69FB681B6822F00402C4
:10CA1000DA61FB681B68D969BB681A69FB681B6827
:10CA20000A43DA6164E0FB681B68B968184600F0E5
:10CA3000ADFAFB681B68DA69FB681B6842F40062A8
:10CA4000DA61FB681B68DA69FB681B6822F48062A4
:10CA5000DA61FB681B68D969BB681B691A02FB684D
:10CA60001B680A43DA6143E0FB681B68B968184633
:10CA700000F0F4FAFB681B685A6DFB681B6842F013
:10CA800008025A65FB681B685A6DFB681B6822F038
:10CA900004025A65FB681B68596DBB681A69FB681C
:10CAA0001B680A435A6523E0FB681B68B96818468F
:10CAB00000F038FBFB681B685A6DFB681B6842F48A
:10CAC00000625A65FB681B685A6DFB681B6822F49C
:10CAD00080625A65FB681B68596DBB681B691A0246
:10CAE000FB681B680A435A6502E00123FB7500BF1F
:10CAF000FB68002283F83C20FB7D18461837BD46B2
:10CB000080BD000080B485B000AF786039607B687C
:10CB10001B68FB607B68434A934213D07B68B3F188
:10CB2000804F0FD07B68404A93420BD07B683F4ACE
:10CB3000934207D07B683E4A934203D07B683D4ACC
:10CB4000934208D1FB6823F07003FB603B685B688D
:10CB5000FA681343FB607B68324A934227D07B68B4
:10CB6000B3F1804F23D07B682F4A93421FD07B685C
:10CB70002E4A93421BD07B682D4A934217D07B6884
:10CB80002C4A934213D07B682B4A93420FD07B6888
:10CB90002A4A93420BD07B68294A934207D07B688C
:10CBA000284A934203D07B68274A934208D1FB6806
:10CBB00023F44073FB603B68DB68FA681343FB6057
:10CBC000FB6823F080023B685B691343FB607B6872
:10CBD000FA681A603B689A687B68DA623B681A6890
:10CBE0007B689A627B680F4A93420FD07B68114A38
:10CBF00093420BD07B68104A934207D07B680F4A60
:10CC0000934203D07B680E4A934203D13B681A6972
:10CC10007B681A637B6801225A6100BF1437BD46E6
:10CC200080BC704700000140000400400008004044
:10CC3000000C00400004014000400140004401405D
:10CC40000048014000E0004000E4004080B487B0AC
:10CC500000AF786039607B681B6A23F001027B6853
:10CC60001A627B681B6A7B617B685B683B617B68DF
:10CC70009B69FB60FA68374B1340FB60FB6823F04D
:10CC80000303FB603B681B68FA681343FB607B6926
:10CC900023F002037B613B689B687A6913437B61E5
:10CCA0007B682D4A93420FD07B682C4A93420BD06D
:10CCB0007B682B4A934207D07B682A4A934203D071
:10CCC0007B68294A93420CD17B6923F008037B617E
:10CCD0003B68DB687A6913437B617B6923F004035B
:10CCE0007B617B681C4A93420FD07B681B4A93424E
:10CCF0000BD07B681A4A934207D07B68194A93424B
:10CD000003D07B68184A934211D13B6923F48073A6
:10CD10003B613B6923F400733B613B685B693A69A3
:10CD200013433B613B689B693A6913433B617B68F2
:10CD30003A695A607B68FA689A613B685A687B680E
:10CD40005A637B687A691A6200BF1C37BD4680BC93
:10CD5000704700BF8FFFFEFF00000140000401404C
:10CD600000400140004401400048014080B487B0C9
:10CD700000AF786039607B681B6A23F010027B6823
:10CD80001A627B681B6A7B617B685B683B617B68BE
:10CD90009B69FB60FA68334B1340FB60FB6823F42C
:10CDA0004073FB603B681B681B02FA681343FB601F
:10CDB0007B6923F020037B613B689B681B017A69D8
:10CDC00013437B617B68284A934203D07B68274AE0
:10CDD00093420DD17B6923F080037B613B68DB6864
:10CDE0001B017A6913437B617B6923F040037B61FC
:10CDF0007B681D4A93420FD07B681C4A93420BD03C
:10CE00007B681B4A934207D07B681A4A934203D03F
:10CE10007B68194A934213D13B6923F480633B61D9
:10CE20003B6923F400633B613B685B699B003A69A3
:10CE300013433B613B689B699B003A6913433B6129
:10CE40007B683A695A607B68FA689A613B685A68FD
:10CE50007B689A637B687A691A6200BF1C37BD469B
:10CE600080BC7047FF8FFFFE0000014000040140BE
:10CE700000400140004401400048014080B487B0B8
:10CE800000AF786039607B681B6A23F480727B682E
:10CE90001A627B681B6A7B617B685B683B617B68AD
:10CEA000DB69FB60FA68334B1340FB60FB6823F0DF
:10CEB0000303FB603B681B68FA681343FB607B69F4
:10CEC00023F400737B613B689B681B027A69134300
:10CED0007B617B68284A934203D07B68274A934250
:10CEE0000DD17B6923F400637B613B68DB681B0227
:10CEF0007A6913437B617B6923F480637B617B6880
:10CF00001D4A93420FD07B681C4A93420BD07B682A
:10CF10001B4A934207D07B681A4A934203D07B682E
:10CF2000194A934213D13B6923F480533B613B6917
:10CF300023F400533B613B685B691B013A6913436F
:10CF40003B613B689B691B013A6913433B617B680A
:10CF50003A695A607B68FA68DA613B685A687B68AC
:10CF6000DA637B687A691A6200BF1C37BD4680BCF1
:10CF7000704700BF8FFFFEFF00000140000401402A
:10CF800000400140004401400048014080B487B0A7
:10CF900000AF786039607B681B6A23F480527B683D
:10CFA0001A627B681B6A3B617B685B687B617B689C
:10CFB000DB69FB60FA68234B1340FB60FB6823F4DA
:10CFC0004073FB603B681B681B02FA681343FB60FD
:10CFD0003B6923F400533B613B689B681B033A6940
:10CFE00013433B617B68184A93420FD07B68174A12
:10CFF00093420BD07B68164A934207D07B68154A50
:10D00000934203D07B68144A934209D17B6923F48D
:10D0100080437B613B685B699B017A6913437B6159
:10D020007B687A695A607B68FA68DA613B685A689B
:10D030007B681A647B683A691A6200BF1C37BD4678
:10D0400080BC7047FF8FFFFE0000014000040140DC
:10D0500000400140004401400048014080B487B0D6
:10D0600000AF786039607B681B6A23F480327B688C
:10D070001A627B681B6A3B617B685B687B617B68CB
:10D080005B6DFB60FA68214B1340FB603B681B68DB
:10D09000FA681343FB603B6923F400333B613B6850
:10D0A0009B681B043A6913433B617B68184A9342AF
:10D0B0000FD07B68174A93420BD07B68164A934285
:10D0C00007D07B68154A934203D07B68144A934289
:10D0D00009D17B6923F480337B613B685B691B0268
:10D0E0007A6913437B617B687A695A607B68FA6866
:10D0F0005A653B685A687B689A657B683A691A6228
:10D1000000BF1C37BD4680BC704700BF8FFFFEFFCD
:10D110000000014000040140004001400044014083
:10D120000048014080B487B000AF786039607B6808
:10D130001B6A23F480127B681A627B681B6A3B615E
:10D140007B685B687B617B685B6DFB60FA68214B89
:10D150001340FB603B681B681B02FA681343FB60CB
:10D160003B6923F400133B613B689B681B053A69EC
:10D1700013433B617B68184A93420FD07B68174A80
:10D1800093420BD07B68164A934207D07B68154ABE
:10D19000934203D07B68144A934209D17B6923F4FC
:10D1A00080237B613B685B699B027A6913437B61E7
:10D1B0007B687A695A607B68FA685A653B685A6886
:10D1C0007B68DA657B683A691A6200BF1C37BD4626
:10D1D00080BC7047FF8FFFFE00000140000401404B
:10D1E00000400140004401400048014080B487B045
:10D1F00000AFF860B9607A60BB6803F01F030122DA
:10D2000002FA03F37B61FB681A6A7B69DB431A400D
:10D21000FB681A62FB681A6ABB6803F01F0379682F
:10D2200001FA03F31A43FB681A6200BF1C37BD46BC
:10D2300080BC704780B485B000AF786039607B688F
:10D2400093F83C30012B01D1022377E07B68012267
:10D2500083F83C207B68022283F83D207B681B68B2
:10D260005B68FB607B681B689B68BB607B681B68B6
:10D27000354A934204D07B681B68344A934208D1F4
:10D28000FB6823F47003FB603B685B68FA68134338
:10D29000FB60FB6823F07003FB603B681B68FA6867
:10D2A0001343FB607B681B68FA685A607B681B68E5
:10D2B000254A93422CD07B681B68B3F1804F27D05E
:10D2C0007B681B68224A934222D07B681B68214AF4
:10D2D00093421DD07B681B681F4A934218D07B681D
:10D2E0001B681A4A934213D07B681B681B4A9342FF
:10D2F0000ED07B681B681A4A934209D07B681B6872
:10D30000184A934204D07B681B68174A93420CD199
:10D31000BB6823F08003BB603B689B68BA6813431B
:10D32000BB607B681B68BA689A607B68012283F8DF
:10D330003D207B68002283F83C20002318461437E8
:10D34000BD4680BC704700BF0000014000040140A2
:10D350000004004000080040000C0040001800409D
:10D360000040014000E0004000E4004080B582B091
:10D3700000AF78607B68002B01D1012342E07B681D
:10D38000D3F88830002B06D17B68002283F88420F4
:10D390007868EFF757FB7B682422C3F888207B6806
:10D3A0001B681A687B681B6822F001021A607868A3
:10D3B00000F08AFD0346012B01D1012322E07B68A6
:10D3C0009B6A002B02D0786801F052FA7B681B68D8
:10D3D0005A687B681B6822F490425A607B681B681D
:10D3E0009A687B681B6822F02A029A607B681B6837
:10D3F0001A687B681B6842F001021A60786801F0C5
:10D40000D8FA034618460837BD4680BD80B58AB0B5
:10D4100002AFF860B9603B601346FB80FB68D3F84D
:10D420008830202B7BD1BB68002B02D0FB88002BDF
:10D4300001D1012374E0FB680022C3F89020FB684F
:10D440002122C3F88820F5F7C3FA7861FB68FA88CF
:10D45000A3F85420FB68FA88A3F85620FB689B6861
:10D46000B3F5805F08D1FB681B69002B04D1002352
:10D47000FB61BB68BB6103E0BB68FB610023BB6170
:10D4800030E03B6800937B6900228021F86801F05E
:10D490003AFB0346002B05D0FB682022C3F8882006
:10D4A00003233DE0FB69002B0BD1BB691B881A46A7
:10D4B000FB681B68C2F308029A62BB690233BB6156
:10D4C00007E0FB691A78FB681B689A62FB69013305
:10D4D000FB61FB68B3F856309BB2013B9AB2FB6824
:10D4E000A3F85620FB68B3F856309BB2002BC8D186
:10D4F0003B6800937B6900224021F86801F003FB40
:10D500000346002B05D0FB682022C3F888200323A4
:10D5100006E0FB682022C3F88820002300E00223F5
:10D5200018462037BD4680BD80B58AB000AFF86090
:10D53000B9601346FB80FB68D3F88C30202B37D1C1
:10D54000BB68002B02D0FB88002B01D1012330E007
:10D55000FB680022DA66FB681B68184A93421FD0FA
:10D56000FB681B685B6803F40003002B18D0FB68A2
:10D570001B687B617B6953E8003F3B613B6943F07B
:10D5800080637B62FB681B681A467B6A3B62FA61B8
:10D59000F9693A6A41E80023BB61BB69002BE6D117
:10D5A000FB881A46B968F86801F014FB034600E0EE
:10D5B000022318462837BD4680BD00BF000C005826
:10D5C00080B59AB000AF78607B681B68BB64BB6CA9
:10D5D00053E8003F7B647B6C23F490737B667B682D
:10D5E0001B681A467B6E7B653A65396D7A6D41E83A
:10D5F0000023FB64FB6C002BE6D17B681B680833BF
:10D600007B637B6B53E8003F3B633A6B464B1340B5
:10D610003B667B681B6808333A6E3A64FB63F96BC0
:10D620003A6C41E80023BB63BB6B002BE5D17B6800
:10D63000DB6E012B18D17B681B683B623B6A53E8A9
:10D64000003FFB61FB6923F01003FB657B681B68EF
:10D650001A46FB6DFB62BA62B96AFA6A41E80023B6
:10D660007B627B6A002BE6D17B681B689B6803F0BA
:10D670004003402B3BD17B681B680833FB60FB6891
:10D6800053E8003FBB60BB6823F04003BB657B6889
:10D690001B680833BA6DBA617B617969BA6941E880
:10D6A00000233B613B69002BE5D17B68D3F88030D8
:10D6B000002B1CD07B68D3F8803000221A657B6871
:10D6C000D3F880301846F7F70BFB0346002B0ED03B
:10D6D0007B68D3F880301846F8F766F80346202BAD
:10D6E00005D17B681022C3F89020032317E07B68E4
:10D6F0000022A3F85E207B681B680F221A627B68F9
:10D700001B689A697B681B6842F008029A617B6813
:10D710002022C3F88C207B680022DA66002318469A
:10D720006837BD4680BD00BFFEFFFFEF80B5BAB0D1
:10D7300000AF78607B681B68DB69C7F8E0307B6806
:10D740001B681B68C7F8DC307B681B689B68C7F8E0
:10D75000D830D7F8E02040F60F031340C7F8D43094
:10D76000D7F8D430002B1BD1D7F8E03003F02003DA
:10D77000002B15D0D7F8DC3003F02003002B05D1A7
:10D78000D7F8D83003F08053002B09D07B685B6F4B
:10D79000002B00F077837B685B6F7868984771E3B4
:10D7A000D7F8D430002B00F02381D7F8D8208D4B48
:10D7B0001340002B06D1D7F8DC208B4B1340002BF5
:10D7C00000F01681D7F8E03003F00103002B11D0F0
:10D7D000D7F8DC3003F48073002B0BD07B681B6818
:10D7E00001221A627B68D3F8903043F001027B6813
:10D7F000C3F89020D7F8E03003F00203002B11D0DB
:10D80000D7F8D83003F00103002B0BD07B681B68DE
:10D8100002221A627B68D3F8903043F004027B68DE
:10D82000C3F89020D7F8E03003F00403002B11D0A8
:10D83000D7F8D83003F00103002B0BD07B681B68AE
:10D8400004221A627B68D3F8903043F002027B68AE
:10D85000C3F89020D7F8E03003F00803002B17D06E
:10D86000D7F8DC3003F02003002B05D1D7F8D820FF
:10D870005C4B1340002B0BD07B681B6808221A629C
:10D880007B68D3F8903043F008027B68C3F890209F
:10D89000D7F8E03003F40063002B12D0D7F8DC3067
:10D8A00003F08063002B0CD07B681B684FF4006290
:10D8B0001A627B68D3F8903043F020027B68C3F88B
:10D8C00090207B68D3F89030002B00F0DD82D7F8F1
:10D8D000E03003F02003002B13D0D7F8DC3003F046
:10D8E0002003002B05D1D7F8D83003F08053002B4C
:10D8F00007D07B685B6F002B03D07B685B6F786819
:10D9000098477B68D3F89030C7F8D0307B681B68A5
:10D910009B6803F04003402B05D0D7F8D03003F0CC
:10D920002803002B54D0786801F074FA7B681B68D8
:10D930009B6803F04003402B46D17B681B6808338B
:10D94000C7F89C30D7F89C3053E8003FC7F89830B0
:10D95000D7F8983023F04003C7F8CC307B681B68B9
:10D960000833D7F8CC20C7F8A820C7F8A430D7F8D8
:10D97000A410D7F8A82041E80023C7F8A030D7F8B2
:10D98000A030002BD9D17B68D3F88030002B17D082
:10D990007B68D3F88030154A1A657B68D3F88030ED
:10D9A0001846F7F7BBFC0346002B19D07B68D3F869
:10D9B00080301B6D7A68D2F88020104698470FE0BF
:10D9C0007868EFF7C7FB0BE07868EFF7C3FB07E079
:10D9D0007868EFF7BFFB7B680022C3F8902053E222
:10D9E00000BF51E20100001020010004E1EE010837
:10D9F0007B68DB6E012B40F0E781D7F8E03003F065
:10DA00001003002B00F0E081D7F8DC3003F01003A6
:10DA1000002B00F0D9817B681B6810221A627B689A
:10DA20001B689B6803F04003402B40F051817B68EA
:10DA3000D3F880301B68964A934268D07B68D3F84D
:10DA400080301B68934A934261D07B68D3F8803062
:10DA50001B68914A93425AD07B68D3F880301B6888
:10DA60008E4A934253D07B68D3F880301B688C4A2F
:10DA700093424CD07B68D3F880301B68894A93422C
:10DA800045D07B68D3F880301B68874A93423ED0EC
:10DA90007B68D3F880301B68844A934237D07B6818
:10DAA000D3F880301B68824A934230D07B68D3F829
:10DAB00080301B687F4A934229D07B68D3F880303E
:10DAC0001B687D4A934222D07B68D3F880301B6864
:10DAD0007A4A93421BD07B68D3F880301B68784A1F
:10DAE000934214D07B68D3F880301B68754A934208
:10DAF0000DD07B68D3F880301B68734A934206D000
:10DB00007B68D3F880301B68704A934207D17B68EA
:10DB1000D3F880301B685B68A7F8E63006E07B68C6
:10DB2000D3F880301B685B68A7F8E630B7F8E630BA
:10DB3000002B00F0AB817B68B3F85C30B7F8E620CF
:10DB40009A4280F0A3817B68B7F8E620A3F85E20B4
:10DB50007B68D3F88030DB69B3F5807F00F0878085
:10DB60007B681B68C7F88830D7F8883053E8003FD7
:10DB7000C7F88430D7F8843023F48073C7F8B830FE
:10DB80007B681B681A46D7F8B830C7F89430C7F8D6
:10DB90009020D7F89010D7F8942041E80023C7F8D8
:10DBA0008C30D7F88C30002BDAD17B681B680833B7
:10DBB0007B677B6F53E8003F3B673B6F23F00103BC
:10DBC000C7F8B4307B681B680833D7F8B420C7F8AF
:10DBD0008020FB67F96FD7F8802041E80023BB67FE
:10DBE000BB6F002BE1D17B681B6808333B663B6E43
:10DBF00053E8003FFB65FB6D23F04003C7F8B030EE
:10DC00007B681B680833D7F8B020FA66BB66B96E2C
:10DC1000FA6E41E800237B667B6E002BE3D17B68C4
:10DC20002022C3F88C207B680022DA667B681B68A0
:10DC3000FB64FB6C53E8003FBB64BB6C23F0100338
:10DC4000C7F8AC307B681B681A46D7F8AC30BB65A8
:10DC50007A65796DBA6D41E800233B653B6D002B19
:10DC6000E4D17B68D3F880301846F7F739F87B6841
:10DC700002221A677B68B3F85C207B68B3F85E30D9
:10DC80009BB2D31A9BB21946786800F012F9FDE0F6
:10DC900010000240280002404000024058000240AC
:10DCA0007000024088000240A0000240B80002401C
:10DCB000100402402804024040040240580402407C
:10DCC0007004024088040240A0040240B8040240EC
:10DCD0007B68B3F85C207B68B3F85E309BB2D31AE4
:10DCE000A7F8CA307B68B3F85E309BB2002B00F017
:10DCF000CF80B7F8CA30002B00F0CA807B681B6861
:10DD0000BB63BB6B53E8003F7B637B6B23F4907377
:10DD1000C7F8C4307B681B681A46D7F8C4307B64E8
:10DD20003A64396C7A6C41E80023FB63FB6B002B8F
:10DD3000E4D17B681B6808337B627B6A53E8003F51
:10DD40003B623A6A554B1340C7F8C0307B681B688A
:10DD50000833D7F8C0203A63FB62F96A3A6B41E8AE
:10DD60000023BB62BB6A002BE3D17B682022C3F88F
:10DD70008C207B680022DA667B6800225A677B6809
:10DD80001B683B613B6953E8003FFB60FB6823F085
:10DD90001003C7F8BC307B681B681A46D7F8BC3044
:10DDA000FB61BA61B969FA6941E800237B617B696B
:10DDB000002BE4D17B6802221A67B7F8CA301946F3
:10DDC000786800F076F863E0D7F8E03003F4801369
:10DDD000002B0ED0D7F8D83003F48003002B08D0E6
:10DDE0007B681B684FF480121A62786801F0D6FDD8
:10DDF00051E0D7F8E03003F08003002B14D0D7F8BF
:10DE0000DC3003F08003002B05D1D7F8D83003F4C1
:10DE10000003002B08D07B689B6F002B3AD07B68F7
:10DE20009B6F7868984735E0D7F8E03003F04003FF
:10DE3000002B09D0D7F8DC3003F04003002B03D0CF
:10DE4000786801F063F826E0D7F8E03003F40003C7
:10DE5000002B09D0D7F8DC3003F08043002B03D02F
:10DE6000786801F0ADFD16E0D7F8E03003F080737C
:10DE7000002B10D0D7F8DC30002B0CDA786801F0DA
:10DE800096FD08E000BF06E000BF04E000BF02E02E
:10DE900000BF00E000BFE837BD4680BDFEFFFFEFDA
:10DEA00080B483B000AF786000BF0C37BD4680BC43
:10DEB000704780B483B000AF78600B467B8000BFB2
:10DEC0000C37BD4680BC70472DE9B04F92B000AF13
:10DED0007861002387F842307B699A687B691B6907
:10DEE0001A437B695B691A437B69DB6913437B6473
:10DEF0007B691B681A688E4B13407A691268796CCB
:10DF00000B4313607B691B685B6823F440517B699A
:10DF1000DA687B691B680A435A607B699B697B648A
:10DF20007B691B68834A934204D07B691B6A7A6CC5
:10DF300013437B647B691B689A687F4B13407A6943
:10DF40001268796C0B4393607B691B68DB6A23F072
:10DF50000F017B695A6A7B691B680A43DA627B6935
:10DF60001B68764A934234D1754B5B6D03F03803DE
:10DF7000282B26D0282B28D8202B1ED0202B24D885
:10DF8000182B16D0182B20D8102B0ED0102B1CD8E5
:10DF9000002B02D0082B04D017E0012387F8433070
:10DFA0007BE2042387F8433077E2082387F8433085
:10DFB00073E2102387F843306FE2202387F8433061
:10DFC0006BE2402387F8433067E2802387F84330D1
:10DFD00063E27B691B685B4A934234D1584B5B6DAB
:10DFE00003F00703052B26D0052B28D8042B1ED0C1
:10DFF000042B24D8032B16D0032B20D8022B0ED0B1
:10E00000022B1CD8002B02D0012B04D017E00023D8
:10E0100087F8433041E2042387F843303DE2082388
:10E0200087F8433039E2102387F8433035E2202364
:10E0300087F8433031E2402387F843302DE28023D4
:10E0400087F8433029E27B691B683F4A934234D109
:10E050003B4B5B6D03F00703052B26D0052B28D81F
:10E06000042B1ED0042B24D8032B16D0032B20D82E
:10E07000022B0ED0022B1CD8002B02D0012B04D077
:10E0800017E0002387F8433007E2042387F8433082
:10E0900003E2082387F84330FFE1102387F8433079
:10E0A000FBE1202387F84330F7E1402387F8433032
:10E0B000F3E1802387F84330EFE17B691B68234A53
:10E0C000934245D11E4B5B6D03F00703052B26D011
:10E0D000052B28D8042B1ED0042B24D8032B16D0B4
:10E0E000032B20D8022B0ED0022B1CD8002B02D0E1
:10E0F000012B04D017E0002387F84330CDE104233F
:10E1000087F84330C9E1082387F84330C5E110237D
:10E1100087F84330C1E1202387F84330BDE1402335
:10E1200087F84330B9E1802387F84330B5E100BF79
:10E13000F369FFCF000C0058FFF4FF1100100140FD
:10E14000004402580044004000480040004C004099
:10E150007B691B688F4A934234D18F4B5B6D03F010
:10E160000703052B26D0052B28D8042B1ED0042B03
:10E1700024D8032B16D0032B20D8022B0ED0022B31
:10E180001CD8002B02D0012B04D017E0002387F805
:10E19000433082E1042387F843307EE1082387F887
:10E1A00043307AE1102387F8433076E1202387F863
:10E1B000433072E1402387F843306EE1802387F8D3
:10E1C00043306AE17B691B68744A934234D1724BD5
:10E1D0005B6D03F03803282B26D0282B28D8202B62
:10E1E0001ED0202B24D8182B16D0182B20D8102B5B
:10E1F0000ED0102B1CD8002B02D0082B04D017E017
:10E20000012387F8433048E1042387F8433044E191
:10E21000082387F8433040E1102387F843303CE17E
:10E22000202387F8433038E1402387F8433034E136
:10E23000802387F8433030E17B691B68584A93425A
:10E2400034D1554B5B6D03F00703052B26D0052B0E
:10E2500028D8042B1ED0042B24D8032B16D0032B34
:10E2600020D8022B0ED0022B1CD8002B02D0012B61
:10E2700004D017E0002387F843300EE1042387F829
:10E2800043300AE1082387F8433006E1102387F87A
:10E29000433002E1202387F84330FEE0402387F833
:10E2A0004330FAE0802387F84330F6E07B691B684F
:10E2B0003C4A934234D1384B5B6D03F00703052B86
:10E2C00026D0052B28D8042B1ED0042B24D8032BB2
:10E2D00016D0032B20D8022B0ED0022B1CD8002BDB
:10E2E00002D0012B04D017E0002387F84330D4E09C
:10E2F000042387F84330D0E0082387F84330CCE08C
:10E30000102387F84330C8E0202387F84330C4E067
:10E31000402387F84330C0E0802387F84330BCE0D7
:10E320007B691B68204A934240D11B4B5B6D03F015
:10E330003803282B26D0282B28D8202B1ED0202B82
:10E3400024D8182B16D0182B20D8102B0ED0102B19
:10E350001CD8002B02D0082B04D017E0012387F82B
:10E3600043309AE0042387F8433096E0082387F887
:10E37000433092E0102387F843308EE0202387F863
:10E3800043308AE0402387F8433086E0802387F8D3
:10E39000433082E000500040004402580014014025
:10E3A00000780040007C0040001801407B691B6839
:10E3B000974A934234D1974B5B6D03F03803282B77
:10E3C00026D0282B28D8202B1ED0202B24D8182B41
:10E3D00016D0182B20D8102B0ED0102B1CD8002BA9
:10E3E00002D0082B04D017E0012387F8433054E013
:10E3F000042387F8433050E0082387F843304CE08B
:10E40000102387F8433048E0202387F8433044E066
:10E41000402387F8433040E0802387F843303CE0D6
:10E420007B691B687C4A934234D17A4B9B6D03F025
:10E430000703052B26D0052B28D8042B1ED0042B30
:10E4400024D8032B16D0032B20D8022B0ED0022B5E
:10E450001CD8002B02D0012B04D017E0022387F830
:10E4600043301AE0042387F8433016E0082387F886
:10E47000433012E0102387F843300EE0202387F862
:10E4800043300AE0402387F8433006E0802387F8D2
:10E49000433002E0802387F843307B691B685E4A83
:10E4A000934240F0C18097F84330402B3CD0402B42
:10E4B0003EDC202B35D0202B3ADC102B1ED0102B2D
:10E4C00036DC082B12D0082B32DC022B02D0042BB6
:10E4D00004D02DE0FCF7FEFCF8632FE007F12403E5
:10E4E0001846FCF70DFDBB6AFB6327E007F1180334
:10E4F0001846FCF757FEFB69FB631FE0454B1B68A2
:10E5000003F02003002B09D0424B1B68DB0803F00B
:10E510000303424A22FA03F3FB630FE03F4BFB6322
:10E520000CE03F4BFB6309E04FF40043FB6305E065
:10E530000023FB63012387F8423000BFFB6B002BF5
:10E5400000F078817B695B6A364A32F813301A46EC
:10E55000FB6BB3FBF2F33B637B695A6813465B00CA
:10E5600013443A6B9A4205D37B695B681B033A6B91
:10E570009A4203D9012387F842305BE1FB6B00220A
:10E58000BB60FA607B695B6A264A32F813309BB243
:10E5900000223B607A60D7E90023D7E90201E2F765
:10E5A000BBF802460B46104619464FF000024FF0EA
:10E5B00000030B0243EA10630202796949684908C3
:10E5C00000200C46054612EB040843EB05097B6965
:10E5D0005B6800229A46934652465B46404649464F
:10E5E000E2F79AF802460B461346BB63BB6BB3F5E2
:10E5F000407F08D3BB6BB3F5801F04D27B691B68D7
:10E60000BA6BDA6016E1012387F8423012E100BFED
:10E61000001C014000440258000C00580090D00338
:10E6200000093D00F8DD04087B69DB69B3F5004FA4
:10E6300040F0888097F84330402B44D0402B46DC94
:10E64000202B3DD0202B42DC102B26D0102B3EDC83
:10E65000082B1AD0082B3ADC042B0ED0042B36DC06
:10E66000002B02D0012B04D031E0FAF7B1FDF863A2
:10E6700033E0FAF7C3FDF8632FE007F124031846EF
:10E68000FCF73EFCBB6AFB6327E007F11803184662
:10E69000FCF788FDFB69FB631FE0714B1B6803F00F
:10E6A0002003002B09D06E4B1B68DB0803F003032B
:10E6B0006C4A22FA03F3FB630FE06A4BFB630CE046
:10E6C000694BFB6309E04FF40043FB6305E0002363
:10E6D000FB63012387F8423000BFFB6B002B00F087
:10E6E000A9807B695B6A614A32F813301A46FB6B7A
:10E6F000B3FBF2F35A007B695B685B081A447B69E1
:10E700005B68B2FBF3F3BB63BB6B0F2B16D9BB6B20
:10E71000B3F5803F12D2BB6B9BB223F00F03FB8695
:10E72000BB6B5B089BB203F007039AB2FB8E1343EB
:10E73000FB867B691B68FA8EDA607BE0012387F831
:10E74000423077E097F84330402B44D0402B46DCF2
:10E75000202B3DD0202B42DC102B26D0102B3EDC72
:10E76000082B1AD0082B3ADC042B0ED0042B36DCF5
:10E77000002B02D0012B04D031E0FAF729FDF86319
:10E7800033E0FAF73BFDF8632FE007F12403184666
:10E79000FCF7B6FBBB6AFB6327E007F118031846DA
:10E7A000FCF700FDFB69FB631FE02D4B1B6803F0CA
:10E7B0002003002B09D02A4B1B68DB0803F003035E
:10E7C000284A22FA03F3FB630FE0264BFB630CE0BD
:10E7D000254BFB6309E04FF40043FB6305E0002396
:10E7E000FB63012387F8423000BFFB6B002B21D075
:10E7F0007B695B6A1D4A32F813301A46FB6BB3FB28
:10E80000F2F27B695B685B081A447B695B68B2FB68
:10E81000F3F3BB63BB6B0F2B09D9BB6BB3F5803F25
:10E8200005D2BB6B9AB27B691B68DA6002E00123F8
:10E8300087F842307B690122A3F86A207B690122B4
:10E84000A3F868207B6900225A677B6900229A67D7
:10E8500097F8423018464837BD46BDE8B08F00BF34
:10E86000004402580090D00300093D00F8DD040880
:10E8700080B483B000AF78607B689B6A03F00103CB
:10E88000002B0AD07B681B685B6823F400317B682F
:10E89000DA6A7B681B680A435A607B689B6A03F0EC
:10E8A0000203002B0AD07B681B685B6823F480316D
:10E8B0007B681A6B7B681B680A435A607B689B6A9B
:10E8C00003F00403002B0AD07B681B685B6823F409
:10E8D00080217B685A6B7B681B680A435A607B689F
:10E8E0009B6A03F00803002B0AD07B681B685B68F7
:10E8F00023F400417B689A6B7B681B680A435A606B
:10E900007B689B6A03F01003002B0AD07B681B68AE
:10E910009B6823F480517B68DA6B7B681B680A4331
:10E920009A607B689B6A03F02003002B0AD07B6807
:10E930001B689B6823F400517B681A6C7B681B681A
:10E940000A439A607B689B6A03F04003002B1AD04D
:10E950007B681B685B6823F480117B685A6C7B685A
:10E960001B680A435A607B685B6CB3F5801F0AD151
:10E970007B681B685B6823F4C0017B689A6C7B68CA
:10E980001B680A435A607B689B6A03F08003002B74
:10E990000AD07B681B685B6823F400217B68DA6C13
:10E9A0007B681B680A435A6000BF0C37BD4680BCB9
:10E9B000704780B598B002AF78607B680022C3F8DA
:10E9C0009020F4F705F878657B681B681B6803F0F6
:10E9D0000803082B2FD16FF07E4300937B6D00223C
:10E9E0004FF40011786800F08EF80346002B22D017
:10E9F0007B681B68BB63BB6B53E8003F7B637B6B2F
:10EA000023F080033B657B681B681A463B6D7B6483
:10EA10003A64396C7A6C41E80023FB63FB6B002B92
:10EA2000E6D17B682022C3F888207B68002283F827
:10EA30008420032363E07B681B681B6803F00403E6
:10EA4000042B49D16FF07E4300937B6D00224FF47D
:10EA50008001786800F057F80346002B3CD07B68B3
:10EA60001B687B627B6A53E8003F3B623B6A23F48E
:10EA70009073FB647B681B681A46FB6C3B63FA620D
:10EA8000F96A3A6B41E80023BB62BB6A002BE6D10E
:10EA90007B681B6808333B613B6953E8003FFB60C0
:10EAA000FB6823F00103BB647B681B680833BA6C06
:10EAB000FA61BB61B969FA6941E800237B617B694E
:10EAC000002BE5D17B682022C3F88C207B680022D4
:10EAD00083F88420032312E07B682022C3F8882077
:10EAE0007B682022C3F88C207B680022DA667B6872
:10EAF00000221A677B68002283F8842000231846CE
:10EB00005837BD4680BD80B584B000AFF860B960AD
:10EB10003B601346FB7149E0BB69B3F1FF3F45D051
:10EB2000F3F756FF02463B68D31ABA699A4202D3FA
:10EB3000BB69002B01D1032348E0FB681B681B68FD
:10EB400003F00403002B31D0FB681B68DB6903F082
:10EB50000803082B10D1FB681B6808221A62F868AA
:10EB600000F058F9FB680822C3F89020FB680022E7
:10EB700083F88420012329E0FB681B68DB6903F428
:10EB80000063B3F5006F11D1FB681B684FF400629E
:10EB90001A62F86800F03EF9FB682022C3F8902062
:10EBA000FB68002283F8842003230FE0FB681B68C6
:10EBB000DA69BB681340BA689A420CBF012300238C
:10EBC000DBB21A46FB799A42A6D0002318461037CA
:10EBD000BD4680BD80B4A3B000AFF860B9601346F5
:10EBE000FB80FB68BA689A65FB68FA88A3F85C202A
:10EBF000FB68FA88A3F85E20FB6800225A67FB686E
:10EC00009B68B3F5805F0ED1FB681B69002B05D1B3
:10EC1000FB6840F2FF12A3F860202DE0FB68FF22A2
:10EC2000A3F8602028E0FB689B68002B0DD1FB68EF
:10EC30001B69002B04D1FB68FF22A3F860201BE0B6
:10EC4000FB687F22A3F8602016E0FB689B68B3F1A5
:10EC5000805F0DD1FB681B69002B04D1FB687F220C
:10EC6000A3F8602008E0FB683F22A3F8602003E0DF
:10EC7000FB680022A3F86020FB680022C3F8902004
:10EC8000FB682222C3F88C20FB681B6808337B6674
:10EC90007B6E53E8003F3B663B6E43F00103C7F8D1
:10ECA0008430FB681B680833D7F884203A67FB661A
:10ECB000F96E3A6F41E80023BB66BB6E002BE3D1CF
:10ECC000FB685B6EB3F1005F4FD1FB68B3F868304F
:10ECD000FA889A4249D3FB689B68B3F5805F07D1F5
:10ECE000FB681B69002B03D1FB68464A5A6702E0A8
:10ECF000FB68454A5A67FB681B69002B1AD0FB6802
:10ED00001B683B653B6D53E8003FFB64FB6C43F4C1
:10ED10008073C7F88030FB681B681A46D7F88030CC
:10ED2000FB65BA65B96DFA6D41E800237B657B6DC3
:10ED3000002BE4D1FB681B680833FB63FB6B53E8D3
:10ED4000003FBB63BB6B43F08053FB67FB681B68F2
:10ED50000833FA6FBA647B64796CBA6C41E80023BB
:10ED60003B643B6C002BE5D146E0FB689B68B3F548
:10ED7000805F07D1FB681B69002B03D1FB68234A26
:10ED80005A6702E0FB68224A5A67FB681B69002B3E
:10ED900019D0FB681B68BB62BB6A53E8003F7B620B
:10EDA0007B6A43F490737B67FB681B681A467B6F32
:10EDB0007B633A63396B7A6B41E80023FB62FB6A41
:10EDC000002BE6D118E0FB681B687B617B6953E888
:10EDD000003F3B613B6943F02003BB67FB681B6856
:10EDE0001A46BB6F3B62FA61F9693A6A41E800234F
:10EDF000BB61BB69002BE6D1002318468C37BD46AA
:10EE000080BC704735F60108D5F201081DF10108F4
:10EE100065EF010880B495B000AF78607B681B682F
:10EE20007B637B6B53E8003F3B633B6B23F4907346
:10EE3000FB647B681B681A46FB6C3B64FA63F96BE6
:10EE40003A6C41E80023BB63BB6B002BE6D17B68C7
:10EE50001B6808333B623B6A53E8003FFB61FA6979
:10EE60001E4B1340BB647B681B680833BA6CFA62A4
:10EE7000BB62B96AFA6A41E800237B627B6A002BB5
:10EE8000E5D17B68DB6E012B18D17B681B68FB60CA
:10EE9000FB6853E8003FBB60BB6823F010037B6452
:10EEA0007B681B681A467B6CBB617A617969BA69B9
:10EEB00041E800233B613B69002BE6D17B682022BF
:10EEC000C3F88C207B680022DA667B6800225A67D0
:10EED00000BF5437BD4680BC704700BFFEFFFFEF48
:10EEE00080B584B000AF78607B689B6BFB60FB688B
:10EEF0000022A3F85E20FB680022A3F85620F868E1
:10EF0000EEF728F900BF1037BD4680BD80B588B048
:10EF100000AF78607B681B68FB60FB6853E8003FCC
:10EF2000BB60BB6823F04003FB617B681B681A462B
:10EF3000FB69BB617A617969BA6941E800233B6189
:10EF40003B69002BE6D17B682022C3F888207B68D0
:10EF500000229A677868FEF7A3FF00BF2037BD46FE
:10EF600080BD000080B59CB000AF78607B68B3F8CE
:10EF70006030A7F86E307B68D3F88C30222B40F0DD
:10EF8000BE807B681B685B6AA7F86C30B7F86C3092
:10EF9000D9B2B7F86E30DAB27B689B6D0A40D2B254
:10EFA0001A707B689B6D5A1C7B689A657B68B3F806
:10EFB0005E309BB2013B9AB27B68A3F85E207B680F
:10EFC000B3F85E309BB2002B40F0A1807B681B68D9
:10EFD000FB64FB6C53E8003FBB64BB6C23F4907391
:10EFE000BB667B681B681A46BB6EBB657A65796D2C
:10EFF000BA6D41E800233B653B6D002BE6D17B6891
:10F000001B680833BB63BB6B53E8003F7B637B6BC0
:10F0100023F001037B667B681B6808337A6E7A6491
:10F020003B64396C7A6C41E80023FB63FB6B002B7B
:10F03000E5D17B682022C3F88C207B6800225A67C8
:10F040007B6800221A677B681B68334A93421FD093
:10F050007B681B685B6803F40003002B18D07B6897
:10F060001B687B627B6A53E8003F3B623B6A23F08C
:10F0700080633B667B681B681A463B6E3B63FA62A3
:10F08000F96A3A6B41E80023BB62BB6A002BE6D108
:10F090007B68DB6E012B2ED17B680022DA667B68F1
:10F0A0001B683B613B6953E8003FFB60FB6823F052
:10F0B0001003FB657B681B681A46FB6DFB61BA6138
:10F0C000B969FA6941E800237B617B69002BE6D1CD
:10F0D0007B681B68DB6903F01003102B03D17B688E
:10F0E0001B6810221A627B68B3F85C301946786896
:10F0F000FEF7DFFE0BE07868EDF7DEFF07E07B68E8
:10F100001B689A697B681B6842F008029A6100BF1D
:10F110007037BD4680BD00BF000C005880B59CB064
:10F1200000AF78607B68B3F86030A7F86E307B681A
:10F13000D3F88C30222B40F0BE807B681B685B6A62
:10F14000A7F86C307B689B6DBB66B7F86C20B7F88E
:10F150006E3013409AB2BB6E1A807B689B6D9A1C0E
:10F160007B689A657B68B3F85E309BB2013B9AB2CC
:10F170007B68A3F85E207B68B3F85E309BB2002BFF
:10F1800040F0A1807B681B68BB64BB6C53E8003F08
:10F190007B647B6C23F490737B667B681B681A46E8
:10F1A0007B6E7B653A65396D7A6D41E80023FB64BF
:10F1B000FB6C002BE6D17B681B6808337B637B6BA1
:10F1C00053E8003F3B633B6B23F001033B667B68E6
:10F1D0001B6808333A6E3A64FB63F96B3A6C41E89A
:10F1E0000023BB63BB6B002BE5D17B682022C3F8F7
:10F1F0008C207B6800225A677B6800221A677B6834
:10F200001B68334A93421FD07B681B685B6803F41A
:10F210000003002B18D07B681B683B623B6A53E8F5
:10F22000003FFB61FB6923F08063FB657B681B6823
:10F230001A46FB6DFB62BA62B96AFA6A41E80023BA
:10F240007B627B6A002BE6D17B68DB6E012B2ED1C3
:10F250007B680022DA667B681B68FB60FB6853E80A
:10F26000003FBB60BB6823F01003BB657B681B6875
:10F270001A46BB6DBB617A617969BA6941E80023BE
:10F280003B613B69002BE6D17B681B68DB6903F0BF
:10F290001003102B03D17B681B6810221A627B6855
:10F2A000B3F85C3019467868FEF703FE0BE0786827
:10F2B000EDF702FF07E07B681B689A697B681B68B3
:10F2C00042F008029A6100BF7037BD4680BD00BFA2
:10F2D000000C005880B5ACB000AF78607B68B3F824
:10F2E0006030A7F8AA307B681B68DB69C7F8AC30D0
:10F2F0007B681B681B68C7F8A4307B681B689B6829
:10F30000C7F8A0307B68D3F88C30222B40F0808186
:10F310007B68B3F86830A7F89E3023E17B681B68F0
:10F320005B6AA7F89C30B7F89C30D9B2B7F8AA301E
:10F33000DAB27B689B6D0A40D2B21A707B689B6D13
:10F340005A1C7B689A657B68B3F85E309BB2013BC0
:10F350009AB27B68A3F85E207B681B68DB69C7F8FC
:10F36000AC30D7F8AC3003F00703002B53D0D7F8FC
:10F37000AC3003F00103002B11D0D7F8A43003F414
:10F380008073002B0BD07B681B6801221A627B689C
:10F39000D3F8903043F001027B68C3F89020D7F88F
:10F3A000AC3003F00203002B11D0D7F8A03003F0EB
:10F3B0000103002B0BD07B681B6802221A627B685A
:10F3C000D3F8903043F004027B68C3F89020D7F85C
:10F3D000AC3003F00403002B11D0D7F8A03003F0B9
:10F3E0000103002B0BD07B681B6804221A627B6828
:10F3F000D3F8903043F002027B68C3F890207B681A
:10F40000D3F89030002B06D07868EDF7A3FE7B6828
:10F410000022C3F890207B68B3F85E309BB2002BCB
:10F4200040F0A0807B681B683B673B6F53E8003F60
:10F43000FB66FB6E23F48073C7F898307B681B680B
:10F440001A46D7F89830FB67BA67B96FFA6F41E888
:10F4500000237B677B6F002BE4D17B681B6808333C
:10F46000FB65FB6D53E8003FBB65BA6D6E4B134007
:10F47000C7F894307B681B680833D7F89420BA66C5
:10F480007B66796EBA6E41E800233B663B6E002BCB
:10F49000E3D17B682022C3F88C207B6800225A6766
:10F4A0007B6800221A677B681B68604A934221D000
:10F4B0007B681B685B6803F40003002B1AD07B6831
:10F4C0001B68BB64BB6C53E8003F7B647B6C23F020
:10F4D0008063C7F890307B681B681A46D7F8903075
:10F4E0007B653A65396D7A6D41E80023FB64FB6CFE
:10F4F000002BE4D17B68DB6E012B30D17B680022CE
:10F50000DA667B681B687B637B6B53E8003F3B6379
:10F510003B6B23F01003C7F88C307B681B681A46DE
:10F52000D7F88C303B64FA63F96B3A6C41E80023FE
:10F53000BB63BB6B002BE4D17B681B68DB6903F00A
:10F540001003102B03D17B681B6810221A627B68A2
:10F55000B3F85C3019467868FEF7ABFC02E07868D7
:10F56000EDF7AAFDB7F89E30002B06D0D7F8AC30E7
:10F5700003F02003002B7FF4D1AE7B68B3F85E303C
:10F58000A7F88A30B7F88A30002B49D07B68B3F8E7
:10F590006830B7F88A209A4242D27B681B680833E9
:10F5A0003B623B6A53E8003FFB61FB6923F08053F9
:10F5B000C7F884307B681B680833D7F88420FA6268
:10F5C000BB62B96AFA6A41E800237B627B6A002B5E
:10F5D000E3D17B68164A5A677B681B68FB60FB684F
:10F5E00053E8003FBB60BB6843F02003C7F880309E
:10F5F0007B681B681A46D7F88030BB617A617969ED
:10F60000BA6941E800233B613B69002BE4D107E084
:10F610007B681B689A697B681B6842F008029A61E4
:10F6200000BFB037BD4680BDFEFFFFEF000C0058A5
:10F6300065EF010880B5AEB000AF78607B68B3F8C5
:10F640006030A7F8B2307B681B68DB69C7F8B4305C
:10F650007B681B681B68C7F8AC307B681B689B68BD
:10F66000C7F8A8307B68D3F88C30222B40F0848117
:10F670007B68B3F86830A7F8A63027E17B681B6881
:10F680005B6AA7F8A4307B689B6DC7F8A030B7F819
:10F69000A420B7F8B23013409AB2D7F8A0301A803D
:10F6A0007B689B6D9A1C7B689A657B68B3F85E30BB
:10F6B0009BB2013B9AB27B68A3F85E207B681B6813
:10F6C000DB69C7F8B430D7F8B43003F00703002B78
:10F6D00053D0D7F8B43003F00103002B11D0D7F882
:10F6E000AC3003F48073002B0BD07B681B680122C5
:10F6F0001A627B68D3F8903043F001027B68C3F84C
:10F700009020D7F8B43003F00203002B11D0D7F8C3
:10F71000A83003F00103002B0BD07B681B6802228A
:10F720001A627B68D3F8903043F004027B68C3F818
:10F730009020D7F8B43003F00403002B11D0D7F891
:10F74000A83003F00103002B0BD07B681B68042258
:10F750001A627B68D3F8903043F002027B68C3F8EA
:10F7600090207B68D3F89030002B06D07868EDF7B6
:10F77000F1FC7B680022C3F890207B68B3F85E3010
:10F780009BB2002B40F0A2807B681B687B677B6F7D
:10F7900053E8003F3B673B6F23F48073C7F89C300E
:10F7A0007B681B681A46D7F89C30C7F88030FA6728
:10F7B000F96FD7F8802041E80023BB67BB6F002BAF
:10F7C000E2D17B681B6808333B663B6E53E8003F21
:10F7D000FB65FA6D6E4B1340C7F898307B681B6869
:10F7E0000833D7F89820FA66BB66B96EFA6E41E81E
:10F7F00000237B667B6E002BE3D17B682022C3F85D
:10F800008C207B6800225A677B6800221A677B681D
:10F810001B68604A934221D07B681B685B6803F4D5
:10F820000003002B1AD07B681B68FB64FB6C53E859
:10F83000003FBB64BB6C23F08063C7F894307B68E7
:10F840001B681A46D7F89430BB657A65796DBA6D36
:10F8500041E800233B653B6D002BE4D17B68DB6E08
:10F86000012B30D17B680022DA667B681B68BB63A2
:10F87000BB6B53E8003F7B637B6B23F01003C7F83F
:10F8800090307B681B681A46D7F890307B643A64E6
:10F89000396C7A6C41E80023FB63FB6B002BE4D1ED
:10F8A0007B681B68DB6903F01003102B03D17B68B6
:10F8B0001B6810221A627B68B3F85C3019467868BE
:10F8C000FEF7F7FA02E07868EDF7F6FBB7F8A63036
:10F8D000002B06D0D7F8B43003F02003002B7FF4C0
:10F8E000CDAE7B68B3F85E30A7F88E30B7F88E30B7
:10F8F000002B49D07B68B3F86830B7F88E209A4265
:10F9000042D27B681B6808337B627B6A53E8003F06
:10F910003B623B6A23F08053C7F888307B681B68E2
:10F920000833D7F888203A63FB62F96A3A6B41E8FA
:10F930000023BB62BB6A002BE3D17B68164A5A677F
:10F940007B681B683B613B6953E8003FFB60FB68D9
:10F9500043F02003C7F884307B681B681A46D7F849
:10F960008430FB61BA61B969FA6941E800237B61BF
:10F970007B69002BE4D107E07B681B689A697B6890
:10F980001B6842F008029A6100BFB837BD4680BDCF
:10F99000FEFFFFEF000C00581DF1010880B483B09A
:10F9A00000AF786000BF0C37BD4680BC704780B4A4
:10F9B00083B000AF786000BF0C37BD4680BC704795
:10F9C00080B483B000AF786000BF0C37BD4680BC08
:10F9D000704780B485B000AF78607B6893F884305E
:10F9E000012B01D1022327E07B68012283F88420C8
:10F9F0007B682422C3F888207B681B681B68FB6037
:10FA00007B681B681A687B681B6822F001021A6019
:10FA1000FB6823F00053FB607B6800225A667B681A
:10FA20001B68FA681A607B682022C3F888207B680C
:10FA3000002283F88420002318461437BD4680BC7A
:10FA4000704780B584B000AF786039607B6893F808
:10FA50008430012B01D102232DE07B68012283F841
:10FA600084207B682422C3F888207B681B681B687D
:10FA7000FB607B681B681A687B681B6822F00102C8
:10FA80001A607B681B689B6823F060417B681B6879
:10FA90003A680A439A60786800F050F87B681B68FF
:10FAA000FA681A607B682022C3F888207B680022ED
:10FAB00083F88420002318461037BD4680BD80B5EA
:10FAC00084B000AF786039607B6893F88430012B94
:10FAD00001D102232DE07B68012283F884207B681A
:10FAE0002422C3F888207B681B681B68FB607B6846
:10FAF0001B681A687B681B6822F001021A607B6829
:10FB00001B689B6823F060617B681B683A680A4346
:10FB10009A60786800F012F87B681B68FA681A60CF
:10FB20007B682022C3F888207B68002283F8842029
:10FB3000002318461037BD4680BD000080B485B054
:10FB400000AF78607B685B6E002B08D17B68012278
:10FB5000A3F86A207B680122A3F8682031E0102313
:10FB6000FB731023BB737B681B689B685B0EDBB267
:10FB700003F007037B737B681B689B685B0FDBB23A
:10FB800003F007033B73BB7B3A7B10498A5C02FBA3
:10FB900003F33A7B0E498A5C93FBF2F39AB27B68DB
:10FBA000A3F86A20FB7B7A7B08498A5C02FB03F39B
:10FBB0007A7B07498A5C93FBF2F39AB27B68A3F8DD
:10FBC000682000BF1437BD4680BC704710DE0408B3
:10FBD00018DE040884B080B584B000AF786007F107
:10FBE0001C0080E80E003B6B012B20D17B689B6BD7
:10FBF00023F480327B689A637B68DA682A4B13406F
:10FC00007A68D3607B68DB6823F440127B68DA6033
:10FC1000FB6C012B05D17B68DB6843F480127B68A9
:10FC2000DA60786801F0E2FA0346FB731AE07B6859
:10FC3000DB6843F040027B68DA60786801F0D6FA4E
:10FC40000346FB733B6C002B06D17B689B6B43F434
:10FC500080327B689A6305E07B689B6B23F480327B
:10FC60007B689A637B6A012B16D17B68DB6D9AB245
:10FC70007B68DA657B68DA6D0C4B13437A68D36571
:10FC80007B689B6843F006027B689A607B689B6890
:10FC900043F020027B689A60FB7B18461037BD4614
:10FCA000BDE8804004B07047BFFFBDFF0000EE0319
:10FCB00080B487B000AFF860B9601346FB71FB7980
:10FCC000022B65D1BB68414A934206D9BB68404AC2
:10FCD000934202D20F237B6162E0BB683C4A9342AD
:10FCE00006D3BB683B4A934202D20E237B6157E0A6
:10FCF000BB68384A934206D3BB68374A934202D264
:10FD00000D237B614CE0BB68334A934206D3BB684A
:10FD1000324A934202D80C237B6141E0BB682F4AF0
:10FD2000934206D9BB682E4A934202D80B237B61CB
:10FD300036E0BB682A4A934206D9BB68294A9342F7
:10FD400002D80A237B612BE0BB68264A934206D97E
:10FD5000BB68254A934202D209237B6120E0BB683D
:10FD6000214A934206D3BB68204A934202D8082313
:10FD70007B6115E0BB681D4A934206D9BB681C4AEB
:10FD8000934202D207237B610AE006237B6107E0EE
:10FD9000FB79002B02D109237B6101E009237B6100
:10FDA000FB68DB6823F47052FB68DA60FB68DA6892
:10FDB0007B699B0203F470531A43FB68DA600023EB
:10FDC00018461C37BD4680BC704700BFBFACD8008A
:10FDD000C0E1E4000024F400807306019F491A0189
:10FDE000FF2C31013FA44C0100366E011FABA60170
:10FDF0000048E80180B483B000AF78607B689B68FE
:10FE000043F001027B689A60002318460C37BD4618
:10FE100080BC704780B483B000AF78607B689B681B
:10FE200023F001027B689A60002318460C37BD4618
:10FE300080BC704780B584B000AF78600B46FB7023
:10FE40000023FB607B68DB6823F0C0427B68DA60DC
:10FE5000FB78012B15D17B68DB6843F000527B688F
:10FE6000DA600120F2F7BEFDFB680133FB607868C1
:10FE700001F02EF90346012B1ED0FB68312BF0D97F
:10FE80001AE0FB78002B15D17B68DB6843F08042D9
:10FE90007B68DA600120F2F7A5FDFB680133FB60A7
:10FEA000786801F015F90346002B05D0FB68312B6B
:10FEB000F0D901E0012305E0FB68322B01D10123D9
:10FEC00000E0002318461037BD4680BD84B080B5E1
:10FED00086B000AF786007F1240080E80E000023B0
:10FEE000FB757B68FB6000233B6109E07A683B6936
:10FEF00040339B00134400225A603B6901333B614D
:10FF00003B690E2BF2D9FB6C002B1CD1FB6803F56F
:10FF100000635B68FA6802F5006243F00203536015
:10FF20007B689B6B23F400127B689A637B681B6879
:10FF300043F040027B681A607B681B6843F08002D4
:10FF40007B681A6005E07B689B6B43F400127B685A
:10FF50009A63FB6803F560631A4600231360FB682D
:10FF600003F500631946FB6803F500631A460B6846
:10FF70001360BB6B012B0CD13B6B002B04D1002118
:10FF8000786800F065F908E00121786800F060F910
:10FF900003E00321786800F05BF91021786800F035
:10FFA000F3F80346002B01D00123FB75786800F0BD
:10FFB0001FF90346002B01D00123FB75FB6803F5F5
:10FFC00000631A4600231361FB6803F500631A46B9
:10FFD00000235361FB6803F500631A460023D361D5
:10FFE00000233B6143E03B695A01FB68134403F57E
:10FFF00010631B6803F00043B3F1004F18D13B6955
:020000040802F0
:10000000002B0AD13B695A01FB68134403F51063C6
:100010001A464FF00063136013E03B695A01FB6816
:10002000134403F510631A464FF09043136008E041
:100030003B695A01FB68134403F510631A46002319
:1000400013603B695A01FB68134403F510631A46B9
:10005000002313613B695A01FB68134403F51063E5
:100060001A464FF67F3393603B6901333B617B6AED
:100070003A699A42B7D300233B6143E03B695A0196
:10008000FB68134403F530631B6803F00043B3F1CE
:10009000004F18D13B69002B0AD13B695A01FB681C
:1000A000134403F530631A464FF00063136013E006
:1000B0003B695A01FB68134403F530631A464FF05D
:1000C0009043136008E03B695A01FB68134403F551
:1000D00030631A46002313603B695A01FB681344DE
:1000E00003F530631A46002313613B695A01FB682C
:1000F000134403F530631A464FF67F3393603B6930
:1001000001333B617B6A3A699A42B7D3FB6803F5D6
:1001100000631B69FA6802F5006223F480731361BF
:100120007B6800229A617B686FF080425A61FB6AAB
:10013000002B05D17B689B6943F010027B689A61B4
:100140007B689A690E4B13437A689361FB6B002BB3
:1001500005D07B689B6943F008027B689A61FB6C61
:10016000012B05D17B689A69064B13437A6893612A
:10017000FB7D18461837BD46BDE8804004B0704787
:1001800000383C800400004080B485B000AF786047
:1001900039600023FB60FB680133FB60FB68134A96
:1001A000934201D903231BE07B681B69002BF2DA21
:1001B0000023FB603B689B0143F020027B681A61CF
:1001C000FB680133FB60FB68084A934201D90323B3
:1001D00006E07B681B6903F02003202BF0D000238E
:1001E00018461437BD4680BC704700BF400D030061
:1001F00080B485B000AF78600023FB60FB680133FA
:10020000FB60FB68114A934201D9032318E07B6825
:100210001B69002BF2DA0023FB607B6810221A6155
:10022000FB680133FB60FB68084A934201D9032352
:1002300006E07B681B6903F01003102BF0D000234D
:1002400018461437BD4680BC704700BF400D030000
:1002500080B485B000AF78600B46FB707B68FB60B4
:10026000FB6803F500631A68FB78F96801F5006123
:1002700013430B60002318461437BD4680BC7047FB
:1002800080B487B000AF78607B683B613B6903F561
:1002900000639B6803F00603FB60FB68002B02D140
:1002A0000023FB750AE0FB68022B02D0FB68062BDB
:1002B00002D10223FB7501E00F23FB75FB7D18467D
:1002C0001C37BD4680BC704780B485B000AF7860F5
:1002D00039607B68FB603B681B78BB603B685B7880
:1002E000012B39D1FB6803F50063DA693B681B78A1
:1002F00003F00F03012101FA03F39BB2F96801F542
:1003000000611343CB61BB685A01FB68134403F5DA
:1003100010631B6803F40043002B53D1BB685A01E0
:10032000FB68134403F510631A683B689B68C3F3CA
:100330000A013B681B799B041943BB689B050B436F
:100340001A43BB685901FB680B4403F51063194657
:100350001F4B13430B6035E0FB6803F50063DA695C
:100360003B681B7803F00F03012101FA03F31B0420
:10037000F96801F500611343CB61BB685A01FB6862
:10038000134403F530631B6803F40043002B19D1B9
:10039000BB685A01FB68134403F530631A683B6875
:1003A0009B68C3F30A013B681B799B040B431A4308
:1003B000BB685901FB680B4403F530631946044BD5
:1003C00013430B60002318461437BD4680BC7047AA
:1003D0000080001080B485B000AF786039607B6821
:1003E000FB603B681B78BB603B685B78012B61D18D
:1003F000BB685A01FB68134403F510631B6803F0E4
:100400000043B3F1004F1FD1BB685A01FB6813448E
:1004100003F510631B68BA685101FA680A4402F5D3
:10042000106243F000631360BB685A01FB68134419
:1004300003F510631B68BA685101FA680A4402F5B3
:10044000106243F080431360FB6803F50063DA6BCE
:100450003B681B7803F00F03012101FA03F39BB201
:10046000DB43F96801F500611340CB63FB6803F5DA
:100470000063DA693B681B7803F00F03012101FA7E
:1004800003F39BB2DB43F96801F500611340CB61D4
:10049000BB685A01FB68134403F510631A68BB6814
:1004A0005901FB680B4403F510631946354B1340A3
:1004B0000B6060E0BB685A01FB68134403F53063CE
:1004C0001B6803F00043B3F1004F1FD1BB685A0112
:1004D000FB68134403F530631B68BA685101FA687E
:1004E0000A4402F5306243F000631360BB685A01AE
:1004F000FB68134403F530631B68BA685101FA685E
:100500000A4402F5306243F080431360FB6803F550
:100510000063DA6B3B681B7803F00F03012101FADB
:1005200003F31B04DB43F96801F500611340CB635F
:10053000FB6803F50063DA693B681B7803F00F037F
:10054000012101FA03F31B04DB43F96801F50061A3
:100550001340CB61BB685A01FB68134403F5306359
:100560001A68BB685901FB680B4403F530631946F0
:10057000054B13400B60002318461437BD4680BC62
:10058000704700BF007833EC0078F3EF80B58AB095
:1005900002AFF860B9601346FB71FB68FB61BB6892
:1005A0001B78BB61BB685B78012B40F08181BB6825
:1005B0001B69002B32D1BB695A01FB69134403F557
:1005C00010631A69BB695901FB690B4403F5106399
:1005D0001946A54B13400B61BB695A01FB691344D3
:1005E00003F510631B69BA695101FA690A4402F5FF
:1005F000106243F400231361BB695A01FB69134481
:1006000003F510631A69BB695901FB690B4403F5D3
:1006100010631946954B13400B6192E0BB695A0178
:10062000FB69134403F510631A69BB695901FB693F
:100630000B4403F5106319468C4B13400B61BB69E7
:100640005A01FB69134403F510631A69BB69590128
:10065000FB690B4403F510631946834B13400B6190
:10066000BB69002B1AD1BB681A69BB689B689A42A8
:1006700003D9BB689A68BB681A61BB695A01FB69F8
:10068000134403F510631B69BA695101FA690A44FE
:1006900002F5106243F4002313611BE0BB695A01A9
:1006A000FB69134403F510631A69BB681969BB68D9
:1006B0009B680B44591EBB689B68B1FBF3F3D904DC
:1006C0006B4B0B40B9694801F969014401F51061B0
:1006D00013430B61BB695A01FB69134403F51063B3
:1006E0001A69BB681B69C3F31203B9694801F96948
:1006F000014401F5106113430B61BB681B79012BA9
:100700001FD1BB695A01FB69134403F510631B69D0
:10071000BA695101FA690A4402F5106223F0C04334
:100720001361BB695A01FB69134403F510631B692C
:10073000BA695101FA690A4402F5106243F00053A4
:100740001361FB79012B4BD1BB68DB69002B09D00E
:10075000BB695A01FB69134403F510631A46BB6871
:10076000DB695361BB681B79012B28D1FB6903F559
:1007700000639B6803F48073002B10D1BB695A019E
:10078000FB69134403F510631B68BA695101FA69E8
:100790000A4402F5106243F0005313600FE0BB6996
:1007A0005A01FB69134403F510631B68BA695101D0
:1007B000FA690A4402F5106243F080531360BB6982
:1007C0005A01FB69134403F510631B68BA695101B0
:1007D000FA690A4402F5106243F0044313606AE1C7
:1007E000BB695A01FB69134403F510631B68BA69BE
:1007F0005101FA690A4402F5106243F004431360A0
:10080000BB681B79012B15D0BB681B69002B00F05E
:100810005281FB6903F500635A6BBB681B7803F0D8
:100820000F03012101FA03F3F96901F50061134394
:100830004B6340E1FB6903F500639B6803F480733D
:10084000002B17D1BB695A01FB69134403F51063F0
:100850001B68BA695101FA690A4402F5106243F053
:100860000053136016E000BFFFFF07E00000F8FF31
:100870000000F81FBB695A01FB69134403F51063BC
:100880001B68BA695101FA690A4402F5106243F023
:1008900080531360BB68D968BB681A78BB681B6952
:1008A00098B2FB7900930346F86800F0B8F902E1CA
:1008B000BB695A01FB69134403F530631A69BB69CC
:1008C0005901FB690B4403F5306319467C4B134017
:1008D0000B61BB695A01FB69134403F530631A6964
:1008E000BB695901FB690B4403F530631946754B2D
:1008F00013400B61BB69002B2FD1BB681B69002B18
:1009000003D0BB689A68BB681A61BB689A68BB6809
:100910001A62BB695A01FB69134403F530631A6913
:10092000BB681B6AC3F31203B9694801F969014442
:1009300001F5306113430B61BB695A01FB69134434
:1009400003F530631B69BA695101FA690A4402F57B
:10095000306243F4002313615FE0BB681B69002B26
:1009600023D1BB695A01FB69134403F530631A694B
:10097000BB689B68C3F31203B9694801F969014474
:1009800001F5306113430B61BB695A01FB691344E4
:1009900003F530631B69BA695101FA690A4402F52B
:1009A000306243F40023136137E0BB681A69BB6807
:1009B0009B6813445A1EBB689B68B2FBF3F3FB822F
:1009C000BB689B68FA8A03FB02F2BB681A62BB69C8
:1009D0005A01FB69134403F530631A69FB8AD90491
:1009E000394B0B40B9694801F969014401F530619F
:1009F00013430B61BB695A01FB69134403F5306370
:100A00001A69BB681B6AC3F31203B9694801F96923
:100A1000014401F5306113430B61FB79012B0DD1CA
:100A2000BB68DB68002B09D0BB68D968BB695A0179
:100A3000FB69134403F530630A465A61BB681B79AE
:100A4000012B28D1FB6903F500639B6803F48073D5
:100A5000002B10D1BB695A01FB69134403F53063C5
:100A60001B68BA695101FA690A4402F5306243F021
:100A7000005313600FE0BB695A01FB69134403F58F
:100A800030631B68BA695101FA690A4402F53062A1
:100A900043F080531360BB695A01FB69134403F5AB
:100AA00030631B68BA695101FA690A4402F5306281
:100AB00043F004431360002318462037BD4680BD31
:100AC0000000F8FFFFFF07E00000F81F80B487B0C8
:100AD00000AF786039600023FB600023FB757B6802
:100AE0003B613B685B78012B4AD13B681B785A011C
:100AF0003B69134403F510631B6803F00043B3F133
:100B0000004F40F086803B681B785A013B691344D4
:100B100003F510631B683A68127851013A690A4478
:100B200002F5106243F0006313603B681B785A01C2
:100B30003B69134403F510631B683A68127851014E
:100B40003A690A4402F5106243F080431360FB687F
:100B50000133FB60FB6842F21072934202D9012319
:100B6000FB7556E03B681B785A013B69134403F55B
:100B700010631B6803F00043B3F1004FE7D048E077
:100B80003B681B785A013B69134403F530631B68CB
:100B900003F00043B3F1004F3BD13B681B785A018F
:100BA0003B69134403F530631B683A6812785101BE
:100BB0003A690A4402F5306243F0006313603B680F
:100BC0001B785A013B69134403F530631B683A688C
:100BD000127851013A690A4402F5306243F08043C9
:100BE0001360FB680133FB60FB6842F210729342B2
:100BF00002D90123FB750CE03B681B785A013B6965
:100C0000134403F530631B6803F00043B3F1004F56
:100C1000E7D0FB7D18461C37BD4680BC704780B4CA
:100C200089B000AFF860B96011461A460B46FB71F7
:100C30001346BB80FB687B61BB68FB6197F828307B
:100C4000002B23D1BB8803339B083B610023BB618E
:100C500018E0FB791A037B69134403F580531A46A5
:100C6000FB691B681360FB690133FB61FB6901339E
:100C7000FB61FB690133FB61FB690133FB61BB690C
:100C80000133BB61BA693B699A42E2D3002318463B
:100C90002437BD4680BC704780B48BB000AFF8608D
:100CA000B9601346FB80FB68BB61BB687B62FB8855
:100CB0009B089BB27B61FB8803F00303FB8300234B
:100CC0003B6214E0BB6903F580531A687B6A1A60C3
:100CD0007B6A01337B627B6A01337B627B6A01330F
:100CE0007B627B6A01337B623B6A01333B623A6A17
:100CF0007B699A42E6D3FB8B002B1ED000233B621C
:100D0000BB6903F580531A4607F1100312681A6095
:100D10003A693B6ADBB2DB0022FA03F3DAB27B6AA0
:100D20001A703B6A01333B627B6A01337B62FB8B47
:100D3000013BFB83FB8B002BEAD17B6A18462C37E7
:100D4000BD4680BC704780B485B000AF7860396024
:100D50007B68FB603B681B78BB603B685B78012B62
:100D60002CD1BB685A01FB68134403F510631B6860
:100D7000002B12DBBB68002B0FD0BB685A01FB684D
:100D8000134403F510631B68BA685101FA680A44FA
:100D900002F5106223F080431360BB685A01FB68C0
:100DA000134403F510631B68BA685101FA680A44DA
:100DB00002F5106243F4001313602BE0BB685A0184
:100DC000FB68134403F530631B68002B12DBBB6820
:100DD000002B0FD0BB685A01FB68134403F5306346
:100DE0001B68BA685101FA680A4402F5306223F0C0
:100DF00080431360BB685A01FB68134403F53063FA
:100E00001B68BA685101FA680A4402F5306243F47B
:100E100000131360002318461437BD4680BC70478A
:100E200080B485B000AF786039607B68FB603B6858
:100E30001B78BB603B685B78012B28D1BB685A01EB
:100E4000FB68134403F510631B68BA685101FA6824
:100E50000A4402F5106223F4001313603B681B7907
:100E6000032B03D03B681B79022B38D1BB685A0196
:100E7000FB68134403F510631B68BA685101FA68F4
:100E80000A4402F5106243F08053136027E0BB6808
:100E90005A01FB68134403F530631B68BA685101BB
:100EA000FA680A4402F5306223F4001313603B68C9
:100EB0001B79032B03D03B681B79022B0FD1BB6836
:100EC0005A01FB68134403F530631B68BA6851018B
:100ED000FA680A4402F5306243F08053136000233D
:100EE00018461437BD4680BC704780B485B000AF4B
:100EF00078600B46FB707B68FB60FB6803F5006362
:100F00001B68FA6802F5006223F4FE631360FB6855
:100F100003F500631A68FB781B0103F4FE63F968AC
:100F200001F5006113430B60002318461437BD46DA
:100F300080BC704780B485B000AF78607B68FB6090
:100F4000FB6803F560631B68FA6802F5606223F0D2
:100F500003031360FB6803F500635B68FA6802F53E
:100F6000006223F002035360002318461437BD4685
:100F700080BC704780B485B000AF78607B68FB6050
:100F8000FB6803F560631B68FA6802F5606223F092
:100F900003031360FB6803F500635B68FA6802F5FE
:100FA000006243F002035360002318461437BD4625
:100FB00080BC704780B485B000AF78607B685B69A7
:100FC000FB607B689B69FA681340FB60FB6818460E
:100FD0001437BD4680BC704780B485B000AF7860E0
:100FE0007B68FB60FB6803F500639B69BB60FB6883
:100FF00003F50063DB69BA681340BB60BB681B0C78
:1010000018461437BD4680BC704780B485B000AF29
:1010100078607B68FB60FB6803F500639B69BB60DD
:10102000FB6803F50063DB69BA681340BB60BB680B
:101030009BB218461437BD4680BC704780B485B05B
:1010400000AF78600B46FB707B68FB60FB785A0151
:10105000FB68134403F530639B68BB60FB6803F5D2
:1010600000635B69BA681340BB60BB6818461437FD
:10107000BD4680BC704780B487B000AF78600B4637
:10108000FB707B687B617B6903F500631B693B61D7
:101090007B6903F500635B6BFB60FB7803F00F0378
:1010A000FA6822FA03F3DB01DBB23A6913433B61CE
:1010B000FB785A017B69134403F510639B683A6916
:1010C0001340BB60BB6818461C37BD4680BC7047E8
:1010D00080B483B000AF78607B685B6903F0010384
:1010E00018460C37BD4680BC7047000080B485B000
:1010F00000AF78607B68FB60FB6803F510631A68DB
:10110000FB6803F510631946094B13400B60FB683D
:1011100003F500635B68FA6802F5006243F48073CC
:101120005360002318461437BD4680BC704700BF8B
:1011300000F8FFFF80B487B000AFF8600B467A601C
:10114000FB72FB687B61FB683C3304331B683B61CB
:101150003B69254A93420AD97B6903F530631B68D2
:1011600003F00043B3F1004F01D1002337E07B6966
:1011700003F530631A46002313617B6903F530637E
:101180001B697A6902F5306243F4002313617B69BD
:1011900003F530631B697A6902F5306243F0180386
:1011A00013617B6903F530631B697A6902F530626C
:1011B00043F0C0431361FB7A012B0FD17B6903F528
:1011C00030631A467B6853617B6903F530631B68A3
:1011D0007A6902F5306243F08023136000231846D9
:1011E0001C37BD4680BC70470A30544F80B485B070
:1011F00000AF78600023FB60FB680133FB60FB6895
:10120000124A934201D903231BE07B681B69002B20
:10121000F2DA0023FB607B681B6943F001027B6804
:101220001A61FB680133FB60FB68084A934201D9ED
:10123000032306E07B681B6903F00103012BF0D058
:10124000002318461437BD4680BC7047400D03008C
:1012500080B586B000AFF860B9601346FB71FB68DB
:10126000002B01D103231FE0FB680022C3F8B82242
:10127000FB680022C3F8C422FB680022C3F8D02216
:10128000BB68002B03D0FB68BA68C3F8B422FB68C4
:10129000012283F89C22FB68FA791A70F868F0F74B
:1012A0002BFC0346FB75FB7D18461837BD4680BDF9
:1012B00080B584B000AF786039600023FB813B6863
:1012C000002B01D1032325E07B683A68C3F8B822DC
:1012D0007B68D3F8D4227B68AE3253F82230DB6AC5
:1012E000002B0FD07B68D3F8D4227B68AE3253F842
:1012F0002230DB6A07F10E021046984702467B68EF
:10130000C3F8D0227B68D3F8D8325A1C7B68C3F864
:10131000D822002318461037BD4680BD80B582B064
:1013200000AF78607868F0F739FC03461846083754
:10133000BD4680BD80B483B000AF786000231846FE
:101340000C37BD4680BC704780B584B000AF786074
:101350000B46FB700023FB737B68D3F8B832002B7D
:1013600009D07B68D3F8B8321B68FA7811467868E0
:1013700098470346FB73FB7B18461037BD4680BD7C
:1013800080B584B000AF78600B46FB700023FB7320
:101390007B68D3F8B8325B68FA781146786898476A
:1013A0000346002B01D00323FB73FB7B1846103749
:1013B000BD4680BD80B584B000AF786039607B6881
:1013C00003F2AA233968184601F00BF97B68012261
:1013D000C3F894227B68B3F8B0321A467B68C3F82E
:1013E00098227B6893F8AA3203F01F03022B1AD0CD
:1013F000022B22D8002B02D0012B0AD01DE07B68E3
:1014000003F2AA231946786800F05BFB0346FB73DE
:1014100020E07B6803F2AA231946786800F0C2FB3B
:101420000346FB7316E07B6803F2AA23194678682B
:1014300000F024FC0346FB730CE07B6893F8AA32AF
:1014400023F07F03DBB219467868F0F714FC0346FB
:10145000FB7300BFFB7B18461037BD4680BD80B5CF
:1014600086B000AFF8600B467A60FB720023FB7514
:10147000FB7A002B6ED1FB6803F5AA733B61FB6816
:10148000D3F89432032B40F098803B699A683B690B
:10149000DB689A4213D93B699A683B69DB68D21AC8
:1014A0003B699A603B69DA683B699B68934228BF55
:1014B00013461A467968F86801F086F97DE0FB6802
:1014C00093F8AA3203F01F03022B14D0022B1DD86D
:1014D000002B02D0012B03D018E00023BB7518E0CD
:1014E000FB68B3F8AE32DBB21946F86800F060FA78
:1014F0000346BB750DE0FB68B3F8AE32DBB21946AC
:10150000F86800F061FA0346BB7502E00023BB7582
:1015100000BFBB7D002B19D1FB6893F89C32DBB276
:10152000032B13D1BA7DFB68AE3253F822301B690E
:10153000002B0BD0BA7DFB68C3F8D422BA7DFB68C0
:10154000AE3253F822301B69F8689847F86801F00A
:101550004CF932E0FB7A03F07F03DBB21946F868FE
:1015600000F032FA0346BB75BB7DFF2B25D0BB7D57
:10157000002B22D1FB6893F89C32DBB2032B17D1EE
:10158000BA7DFB68AE3253F822309B69002B0FD036
:10159000BA7DFB68C3F8D422BA7DFB68AE3253F83B
:1015A00022309B69FA7A1146F86898470346FB7522
:1015B000FB7D002B01D0FB7D00E00023184618378F
:1015C000BD4680BD80B586B000AFF8600B467A603E
:1015D000FB72FB7A002B6FD1FB6814333B61FB6815
:1015E000D3F89432022B5AD13B699A683B69DB6885
:1015F0009A4214D93B699A683B69DB68D21A3B6905
:101600009A603B699B681A467968F86801F0AEF801
:10161000002300220021F868F0F7D6FB3FE03B6989
:10162000DA683B699B689A421CD13B695A683B69FE
:10163000DB689A4216D33B695A68FB68D3F8983244
:101640009A420FD200220021F86801F08FF8FB685F
:101650000022C3F89822002300220021F868F0F746
:10166000B3FB1CE0FB6893F89C32DBB2032B0FD179
:10167000FB68D3F8B832DB68002B09D0FB68002286
:10168000C3F8D422FB68D3F8B832DB68F86898470F
:101690008021F868F0F7EFFAF86801F0B9F8FB6814
:1016A00093F8A032002B3AD0F868FFF743FEFB68AE
:1016B000002283F8A02232E0FB7A63F07F03DBB2E2
:1016C0001946F86800F080F90346FB75FB7DFF2B97
:1016D00025D0FB7D002B22D1FB6893F89C32DBB236
:1016E000032B1CD1FA7DFB68AE3253F822305B69C4
:1016F000002B14D0FA7DFB68C3F8D422FA7DFB6876
:10170000AE3253F822305B69FA7A1146F86898478E
:101710000346BB75BB7D002B01D0BB7D00E00023E1
:1017200018461837BD4680BD80B584B000AF7860DC
:101730000023FB737B68012283F89C227B680022D4
:10174000C3F894227B6800225A607B680022C3F8A9
:10175000A4227B68002283F8A0227B68D3F8B832E9
:10176000002B14D07B68D3F8B8325B68002B0ED006
:101770007B68D3F8B8325B687A685268D2B2114697
:10178000786898470346002B01D00323FB7340235E
:10179000002200217868F0F729FA7B680122A3F87B
:1017A00064217B684022C3F860214023002280210D
:1017B0007868F0F71BFA7B6801229A847B684022E4
:1017C0001A62FB7B18461037BD4680BD80B483B0DB
:1017D00000AF78600B46FB707B68FA781A740023C0
:1017E00018460C37BD4680BC704780B483B000AF4C
:1017F00078607B6893F89C32DBB2042B06D07B6860
:1018000093F89C32DAB27B6883F89D227B680422CD
:1018100083F89C22002318460C37BD4680BC7047D5
:1018200080B483B000AF78607B6893F89C32DBB201
:10183000042B06D17B6893F89D32DAB27B6883F87B
:101840009C22002318460C37BD4680BC704780B5EB
:1018500082B000AF78607B6893F89C32DBB2032BD8
:1018600010D17B68D3F8B832002B0BD07B68D3F84B
:10187000B832DB69002B05D07B68D3F8B832DB695E
:1018800078689847002318460837BD4680BD80B564
:1018900082B000AF78600B46FB707B68D3F8D4222F
:1018A0007B68AE3253F82230002B01D103231CE0B9
:1018B0007B6893F89C32DBB2032B15D17B68D3F89D
:1018C000D4227B68AE3253F822301B6A002B0BD037
:1018D0007B68D3F8D4227B68AE3253F822301B6A7F
:1018E000FA78114678689847002318460837BD46AD
:1018F00080BD80B582B000AF78600B46FB707B681E
:10190000D3F8D4227B68AE3253F82230002B01D1B9
:1019100003231CE07B6893F89C32DBB2032B15D1C8
:101920007B68D3F8D4227B68AE3253F822305B6AEE
:10193000002B0BD07B68D3F8D4227B68AE3253F8EF
:1019400022305B6AFA781146786898470023184677
:101950000837BD4680BD80B483B000AF78600023F7
:1019600018460C37BD4680BC704780B584B000AFC8
:1019700078600023FB737B68012283F89C227B68DC
:10198000D3F8B832002B0ED07B68D3F8B8325B683E
:101990007A685268D2B21146786898470346002B9D
:1019A00001D00323FB73FB7B18461037BD4680BD77
:1019B00080B483B000AF78600B46FB7000231846FC
:1019C0000C37BD4680BC704780B483B000AF7860F0
:1019D0000B46FB70002318460C37BD4680BC704791
:1019E00080B586B000AF78600B46FB707B687B618A
:1019F0007B68FB6000233B61FB685B889BB2FA68F5
:101A0000127893421FD9FB681B787B8113E007F1A2
:101A10000A031946786900F01BF878617B695B78E6
:101A2000052B08D17B693B613B699B78FA789A4228
:101A300008D000233B61FB685B889AB27B899A429D
:101A4000E5D800E000BF3B6918461837BD4680BDA9
:101A500080B485B000AF786039607B68FB603B681C
:101A60001B88FA68127813449AB23B681A80FB68A4
:101A70001B781A467B681344FB60FB6818461437D2
:101A8000BD4680BC704780B487B000AF78607B688B
:101A90007B617B691B787B827B6901337B617B691E
:101AA0001B783B82B7F910301B021AB2B7F912301B
:101AB00013431BB2FB81FB8918461C37BD4680BC13
:101AC000704780B584B000AF786039600023FB7345
:101AD0003B681B7803F06003402B05D0402B57D8A0
:101AE000002B0FD0202B53D17B68D3F8D4227B68F6
:101AF000AE3253F822309B683968786898470346BD
:101B0000FB734AE03B685B78092B20D0092B39DC5A
:101B1000082B23D0082B35DC062B0ED0062B31DC0E
:101B2000052B0FD0052B2DDC032B21D0032B29DC1B
:101B3000002B18D0012B20D024E03968786800F001
:101B40003CFA24E03968786800F0A8FB1FE03968A7
:101B5000786800F0E7FB0346FB7318E039687868A3
:101B600000F08AFC13E03968786800F0BBFC0EE0F6
:101B70003968786800F0EAFC09E03968786800F0B4
:101B80000EFD04E03968786800F065FD00BF04E0F0
:101B90003968786800F05FFD00BFFB7B184610379E
:101BA000BD4680BD80B584B000AF78603960002349
:101BB000FB733B681B7803F06003402B05D0402B80
:101BC00052D8002B01D0202B4ED17B6893F89C3249
:101BD000DBB2013B022B40D83B689B88DBB2012B78
:101BE00036D83B689B88DBB219467868FFF7E0FE81
:101BF0000346BB73BB7BFF2B1DD0BB7B002B1AD1D5
:101C0000BA7B7B68AE3253F822309B68002B0FD032
:101C1000BA7B7B68C3F8D422BA7B7B68AE3253F8B8
:101C200022309B683968786898470346FB7304E064
:101C30000323FB7301E00323FB733B68DB88002B6A
:101C400010D1FB7B002B0DD1786800F0CEFD09E0B0
:101C50003968786800F0FFFC04E03968786800F0C3
:101C6000FAFC00E000BF04E03968786800F0F3FC9B
:101C700000BFFB7B18461037BD4680BD80B584B0E1
:101C800000AF786039600023FB723B689B88BB72B1
:101C90003B681B7803F06003402B07D0402B00F219
:101CA0008181002B2AD0202B40F07C81BB7A194601
:101CB0007868FFF789FE03467B727B7AFF2B00F082
:101CC00076817B7A002B40F072817A7A7B68C3F848
:101CD000D4227A7A7B68AE3253F822309B68002B8C
:101CE00000F065817A7A7B68AE3253F822309B68C7
:101CF0003968786898470346FB7258E13B685B781F
:101D0000032B08D0032B00F34781002B00F09B80AE
:101D1000012B3CD040E17B6893F89C32DBB2022B74
:101D200002D0032B16D02CE0BB7A002B0DD0BB7A4F
:101D3000802B0AD0BB7A19467868EFF79CFF802188
:101D40007868EFF798FF00BF20E03968786800F006
:101D500082FC1BE03B685B88002B0ED1BB7A002B1A
:101D60000BD0BB7A802B08D03B68DB88002B04D1DA
:101D7000BB7A19467868EFF77EFF786800F035FD8A
:101D800004E03968786800F066FC00BF09E17B6810
:101D900093F89C32DBB2022B02D0032B16D04BE01F
:101DA000BB7A002B0DD0BB7A802B0AD0BB7A1946A8
:101DB0007868EFF760FF80217868EFF75CFF00BF7D
:101DC00040E03968786800F046FC3BE03B685B889F
:101DD000002B36D1BB7A03F07F03002B04D0BB7AF3
:101DE00019467868EFF766FF786800F0FEFCBB7A6A
:101DF00019467868FFF7E8FD03467B727B7AFF2B74
:101E00001FD07B7A002B1CD17A7A7B68C3F8D4224E
:101E10007A7A7B68AE3253F822309B68002B10D060
:101E20007A7A7B68AE3253F822309B6839687868DA
:101E300098470346FB7204E03968786800F00BFCB1
:101E400000E000BFADE07B6893F89C32DBB2022B70
:101E500002D0032B33D099E0BB7A002B07D0BB7A9A
:101E6000802B04D03968786800F0F5FB93E097F98F
:101E70000A30002B0CDABB7A03F07F0213469B007A
:101E800013449B0010337A6813440433FB600CE066
:101E9000BB7A03F07F0213469B0013449B0003F5BB
:101EA000A8737A6813440433FB60FB6800221A604D
:101EB000FB6802221946786800F03DFC6BE097F958
:101EC0000A30002B11DABB7A03F00F02796813464F
:101ED0009B0013449B000B4424331B88002B17D119
:101EE0003968786800F0B7FB55E0BB7A03F00F0261
:101EF000796813469B0013449B000B4403F5B273AF
:101F00001B88002B04D13968786800F0A4FB42E0FC
:101F100097F90A30002B0CDABB7A03F07F021346E4
:101F20009B0013449B0010337A6813440433FB6016
:101F30000CE0BB7A03F07F0213469B0013449B0026
:101F400003F5A8737A6813440433FB60BB7A002B53
:101F500002D0BB7A802B03D1FB6800221A600EE00E
:101F6000BB7A19467868EFF7C4FE0346002B03D00E
:101F7000FB6801221A6002E0FB6800221A60FB681D
:101F800002221946786800F0D6FB04E039687868C8
:101F900000F061FB00BF04E03968786800F05BFB8B
:101FA00000BF05E03968786800F055FB00E000BF2D
:101FB000FB7A18461037BD4680BD80B584B000AFAF
:101FC0007860396000233B810023FB600023FB72B3
:101FD0003B685B881B0A9BB2072B00F01781072B1D
:101FE00000F32E81062B00F0FB80062B00F32881E6
:101FF000032B33D0032B00F32381012B02D0022BC0
:102000000CD01DE17B68D3F8B4321B687A68127C6F
:1020100007F1080110469847F86019E17B681B7CBE
:10202000002B0DD17B68D3F8B8329B6A07F1080208
:1020300010469847F860FB68013302221A7007E1E6
:102040007B68D3F8B832DB6A07F10802104698477C
:10205000F860FB68013302221A70F9E03B685B8884
:10206000DBB2052B00F09980052B00F3B080042B28
:1020700079D0042B00F3AB80032B5AD0032B00F351
:10208000A680022B3BD0022B00F3A180002B02D0B4
:10209000012B1AD09BE07B68D3F8B4325B68002B2D
:1020A0000BD07B68D3F8B4325B687A68127C07F196
:1020B000080110469847F86091E03968786800F0A8
:1020C000CAFAFB7A0133FB7289E07B68D3F8B43239
:1020D0009B68002B0BD07B68D3F8B4329B687A687E
:1020E000127C07F1080110469847F86077E03968DC
:1020F000786800F0B0FAFB7A0133FB726FE07B681E
:10210000D3F8B432DB68002B0BD07B68D3F8B43241
:10211000DB687A68127C07F1080110469847F8607E
:102120005DE03968786800F096FAFB7A0133FB725B
:1021300055E07B68D3F8B4321B69002B0BD07B6869
:10214000D3F8B4321B697A68127C07F10801104693
:102150009847F86043E03968786800F07CFAFB7AC9
:102160000133FB723BE07B68D3F8B4325B69002B30
:102170000BD07B68D3F8B4325B697A68127C07F1C4
:10218000080110469847F86029E03968786800F03F
:1021900062FAFB7A0133FB7221E07B68D3F8B43238
:1021A0009B69002B0BD07B68D3F8B4329B697A68AB
:1021B000127C07F1080110469847F8600FE0396873
:1021C000786800F048FAFB7A0133FB7207E039685F
:1021D000786800F040FAFB7A0133FB7200BF37E009
:1021E0007B681B7C002B09D17B68D3F8B8325B6B12
:1021F00007F1080210469847F86029E039687868C6
:1022000000F029FAFB7A0133FB7221E07B681B7C2A
:10221000002B0DD17B68D3F8B8321B6B07F1080295
:1022200010469847F860FB68013307221A700FE0E8
:102230003968786800F00FFAFB7A0133FB7207E027
:102240003968786800F007FAFB7A0133FB7200BF47
:10225000FB7A002B1ED13B68DB88002B16D03B8914
:10226000002B0ED03B68DA883B89934228BF134687
:102270009BB23B813B891A46F968786800F05BFAAB
:1022800009E03968786800F0E6F904E0786800F061
:10229000ACFA00E000BF1037BD4680BD80B584B009
:1022A00000AF786039603B689B88002B31D13B6878
:1022B000DB88002B2DD13B685B887F2B29D83B68BE
:1022C0005B88DBB203F07F03FB737B6893F89C327F
:1022D000DBB2032B04D13968786800F0BCF91DE04B
:1022E0007B68FA7B83F89E22FB7B19467868EFF7C0
:1022F0002BFD786800F079FAFB7B002B04D07B681B
:10230000022283F89C2209E07B68012283F89C2248
:1023100004E03968786800F09EF900BF00BF10370C
:10232000BD4680BD80B584B000AF786039600023C1
:10233000FB733B685B88DAB24E4B1A704D4B1B78CF
:10234000012B05D93968786800F085F903238CE002
:102350007B6893F89C32DBB2022B02D0032B29D08E
:1023600075E0444B1B78002B20D0424B1B781A465B
:102370007B685A603F4B1B7819467868FEF7E4FF8C
:102380000346FB73FB7B002B08D03968786800F0AC
:1023900062F97B68022283F89C2265E0786800F08D
:1023A00024FA7B68032283F89C225DE0786800F0C1
:1023B0001CFA59E02F4B1B78002B12D17B680222AC
:1023C00083F89C222B4B1B781A467B685A60294B5A
:1023D0001B7819467868FEF7D3FF786800F005FA95
:1023E00042E0244B1B781A467B685B689A422AD0ED
:1023F0007B685B68DBB219467868FEF7C1FF1D4B4E
:102400001B781A467B685A601A4B1B781946786805
:10241000FEF79AFF0346FB73FB7B002B0FD0396856
:10242000786800F018F97B685B68DBB21946786859
:10243000FEF7A6FF7B68022283F89C2214E07868EE
:1024400000F0D3F910E0786800F0CFF90CE03968BB
:10245000786800F000F9074B1B7819467868FEF79A
:102460008FFF0323FB7300BFFB7B18461037BD466D
:1024700080BD00BFEC6A012080B582B000AF7860FB
:1024800039603B68DB88012B04D03968786800F03C
:10249000E2F823E07B6893F89C32DBB2022B02DC8B
:1024A000002B03DC15E0032B0BD012E07B6800222D
:1024B0009A607B68083301221946786800F03BF97E
:1024C0000CE07B68043301221946786800F033F988
:1024D00004E03968786800F0BEF800BF00BF083734
:1024E000BD4680BD80B582B000AF786039607B6842
:1024F00093F89C32DBB2013B022B1ED83B68DB8891
:10250000022B04D03968786800F0A5F81AE07B68DF
:102510000122DA607B68D3F8A432002B05D07B68F7
:10252000DB6843F002027B68DA607B680C330222CE
:102530001946786800F0FFF804E03968786800F020
:102540008AF800BF00BF0837BD4680BD80B582B0A5
:1025500000AF786039603B685B88012B07D17B68EE
:102560000122C3F8A422786800F03FF913E03B6829
:102570005B88022B0BD13B689B881B0A9BB2DAB2AB
:102580007B6883F8A022786800F02FF903E03968AF
:10259000786800F060F800BF0837BD4680BD80B5A0
:1025A00082B000AF786039607B6893F89C32DBB210
:1025B000013B022B0BD83B685B88012B0CD17B685D
:1025C0000022C3F8A422786800F00FF904E039680B
:1025D000786800F040F800E000BF00BF0837BD4653
:1025E00080BD80B584B000AF786039603B68FB6027
:1025F000FB681A787B681A70FB680133FB60FB6824
:102600001A787B685A70FB680133FB60F868FFF743
:102610003AFA03461A467B685A80FB680133FB602E
:10262000FB680133FB60F868FFF72DFA03461A4692
:102630007B689A80FB680133FB60FB680133FB60B9
:10264000F868FFF720FA03461A467B68DA8000BF75
:102650001037BD4680BD80B582B000AF786039606C
:1026600080217868EFF707FB00217868EFF703FB1C
:1026700000BF0837BD4680BD80B586B000AFF860AA
:10268000B9607A600023FB75FB68002B36D0FB68CD
:102690003B61386900F036F8034601339BB25B00BA
:1026A0009AB27B681A80FB7DBA6813447A68127804
:1026B0001A70FB7D0133FB75FB7DBA68134403225E
:1026C0001A70FB7D0133FB7513E0FB7DBA68134480
:1026D0003A6912781A703B6901333B61FB7D013323
:1026E000FB75FB7DBA68134400221A70FB7D013331
:1026F000FB753B691B78002BE7D100E000BF183762
:10270000BD4680BD80B485B000AF78600023FB7308
:102710007B68BB6005E0FB7B0133FB73BB68013367
:10272000BB60BB681B78002BF5D1FB7B18461437C8
:10273000BD4680BC704780B584B000AFF860B9601A
:102740007A60FB680222C3F89422FB687A689A6177
:10275000FB687A68DA617B68BA680021F868EFF78D
:1027600012FB002318461037BD4680BD80B584B0EB
:1027700000AFF860B9607A607B68BA680021F868D9
:10278000EFF701FB002318461037BD4680BD80B52A
:1027900084B000AFF860B9607A60FB680322C3F8C8
:1027A0009422FB687A68C3F85821FB687A68C3F8FA
:1027B0005C217B68BA680021F868EFF705FB00230D
:1027C00018461037BD4680BD80B584B000AFF860B4
:1027D000B9607A607B68BA680021F868EFF7F4FAAC
:1027E000002318461037BD4680BD80B582B000AFCB
:1027F00078607B680422C3F8942200230022002121
:102800007868EFF7C0FA002318460837BD4680BD48
:1028100080B582B000AF78607B680522C3F894224F
:102820000023002200217868EFF7CEFA0023184633
:102830000837BD4680BD000080B584B000AF786029
:102840000B46FB704FF40770EFF7F2FAF860FB6885
:10285000002B09D17B68D3F8D4227B68B0320021E9
:1028600043F822100223D4E04FF407720021F868E5
:1028700001F06BFF7B68D3F8D4227B68B032F96833
:1028800043F822107B68D3F8D4227B68B03253F827
:1028900022207B68C3F8BC227B681B7C002B38D1CC
:1028A0005E4B19784FF4007302227868EFF79EF9B7
:1028B0005A4B1B7803F00F02796813469B001344B0
:1028C0009B000B44243301221A80554B19784FF496
:1028D000007302227868EFF789F9514B1B7803F0F7
:1028E0000F02796813469B0013449B000B4403F5C9
:1028F000B27301221A804B4B1B7803F00F027968E8
:1029000013469B0013449B000B44263310221A806D
:1029100035E0424B1978402302227868EFF766F9D8
:102920003E4B1B7803F00F02796813469B0013445B
:102930009B000B44243301221A80394B1978402321
:1029400002227868EFF752F9354B1B7803F00F023B
:10295000796813469B0013449B000B4403F5B27344
:1029600001221A802F4B1B7803F00F02796813465F
:102970009B0013449B000B44263310221A80294BE2
:102980001978082303227868EFF730F9254B1B7874
:1029900003F00F02796813469B0013449B000B441D
:1029A000243301221A80FB680022C3F804227B68CA
:1029B000D3F8D4327A68B0339B0013445B681B6849
:1029C0009847FB680022C3F81422FB680022C3F872
:1029D0001822FB68D3F80432002B01D1022318E03F
:1029E0007B681B7C002B0AD10D4B1978FB68D3F850
:1029F00004224FF400737868EFF7E6F908E0084B1B
:102A00001978FB68D3F8042240237868EFF7DCF9E3
:102A1000002318461037BD4680BD00BF2B010020A3
:102A20002C0100202D01002080B582B000AF78601D
:102A30000B46FB703A4B1B7819467868EFF7FCF8A9
:102A4000374B1B7803F00F02796813469B00134441
:102A50009B000B44243300221A80324B1B7819460A
:102A60007868EFF7E9F82F4B1B7803F00F027968CD
:102A700013469B0013449B000B4403F5B2730022E2
:102A80001A80294B1B7819467868EFF7D5F8264B42
:102A90001B7803F00F02796813469B0013449B00D8
:102AA0000B44243300221A801F4B1B7803F00F02C3
:102AB000796813469B0013449B000B442633002285
:102AC0001A807B68D3F8D4227B68B03253F8223066
:102AD000002B1FD07B68D3F8D4327A68B0339B00C8
:102AE00013445B685B6898477B68D3F8D4227B68A3
:102AF000B03253F822301846EFF7A6F97B68D3F8C6
:102B0000D4227B68B032002143F822107B68002277
:102B1000C3F8BC22002318460837BD4680BD00BF5D
:102B20002B0100202C0100202D01002080B586B053
:102B300000AF786039607B68D3F8D4227B68B0320C
:102B400053F822303B6100237B7300237B810023F9
:102B5000FB753B69002B01D10323AFE03B681B7879
:102B600003F06003002B50D0202B40F09F803B6887
:102B7000DB88002B3AD03B681B785BB2002B1BDA5A
:102B80007B68D3F8D4327A68B0339B0013445B6817
:102B90009B683A68507839693A68D28898473B68A8
:102BA000DB88072B28BF0723FB813B69FA8919467D
:102BB0007868FFF7C0FD80E03B685A783B6983F88E
:102BC00000223B68DB883F2B03D83B68DB88DAB206
:102BD00000E040223B6983F8012239693B6993F8A0
:102BE00001321A467868FFF7D2FD66E07B68D3F8B9
:102BF000D4327A68B0339B0013445B689B683A68B0
:102C0000507800223968984757E03B685B780B2B77
:102C100034D00B2B3FDC0A2B1BD00A2B3BDC002BC8
:102C200002D0012B3ED036E07B6893F89C32DBB2B9
:102C3000032B07D107F10A03022219467868FFF730
:102C40007AFD32E039687868FFF705FD0323FB75EC
:102C50002BE07B6893F89C32DBB2032B07D107F1A2
:102C60000D03012219467868FFF765FD1DE03968FC
:102C70007868FFF7F0FC0323FB7516E07B6893F898
:102C80009C32DBB2032B0FD039687868FFF7E3FC86
:102C90000323FB7508E039687868FFF7DCFC032341
:102CA000FB7502E000BF08E000BF06E03968786805
:102CB000FFF7D1FC0323FB7500BFFB7D18461837D7
:102CC000BD4680BD80B584B000AF78600B46FB7018
:102CD0007B68D3F8C832FB607B68D3F8D4227B686A
:102CE000B03253F82230002B01D1032365E07B681A
:102CF000D3F8D4227B68B03253F82230BB60FB7823
:102D000003F00F02796813469B0013449B000B44A9
:102D100018331B68002B2FD0FB7803F00F02796863
:102D200013469B0013449B000B4418331A68FB782E
:102D300003F00F01F8680B46DB000B449B000344D3
:102D400044331B68B2FBF3F101FB03F3D31A002BEE
:102D500012D1FB7803F00F02796813469B001344ED
:102D60009B000B44183300221A60F97800230022DC
:102D70007868EFF708F81FE0BB680022C3F8142258
:102D80007B68D3F8D4327A68B0339B0013445B6815
:102D90001B69002B10D07B68D3F8D4327A68B0332B
:102DA0009B0013445B681B69BA68D2F80802BA68D2
:102DB00002F50471FA789847002318461037BD468B
:102DC00080BD80B584B000AF78600B46FB707B6837
:102DD000D3F8D4227B68B03253F82230FB607B6892
:102DE000D3F8D4227B68B03253F82230002B01D1C3
:102DF00003231AE0FB7819467868EFF706F80246D5
:102E0000FB68C3F80C227B68D3F8D4327A68B033FD
:102E10009B0013445B68DB68FA68D2F80402FA6826
:102E200002F5037211469847002318461037BD4635
:102E300080BD80B584B000AF78607B68D3F8D422C1
:102E40007B68B03253F82230FB60FB68002B01D165
:102E5000032324E07B68D3F8D4327A68B0339B0034
:102E600013445B68002B19D0FB6893F80032FF2BEA
:102E700014D07B68D3F8D4327A68B0339B00134403
:102E80005B689B68FA6892F80002F968FA6892F841
:102E900001229847FB68FF2283F80022002318468E
:102EA0001037BD4680BD000080B586B000AF7860A9
:102EB00082211848FEF794FD786101211548FEF73C
:102EC0008FFD386181211348FEF78AFDF8607B6928
:102ED000002B02D07B6910229A713B69002B06D02F
:102EE0003B69002242F040021A7100225A71FB68CD
:102EF000002B06D0FB68002242F040021A7100222B
:102F00005A717B6843221A80024B18461837BD4617
:102F100080BD00BFE800002080B586B000AF7860BB
:102F200082211848FEF75CFD786101211548FEF703
:102F300057FD386181211348FEF752FDF8607B6927
:102F4000002B02D07B6910229A713B69002B06D0BE
:102F50003B6900221A71002242F002025A71FB689A
:102F6000002B06D0FB6800221A71002242F00202F8
:102F70005A717B6843221A80024B18461837BD46A7
:102F800080BD00BFE800002080B586B000AF78604B
:102F900082211848FEF724FD786101211548FEF7CB
:102FA0001FFD386181211348FEF71AFDF8607B6927
:102FB000002B02D07B6910229A713B69002B06D04E
:102FC0003B69002242F040021A7100225A71FB68EC
:102FD000002B06D0FB68002242F040021A7100224A
:102FE0005A717B6843221A80024B18461837BD4637
:102FF00080BD00BFE800002080B483B000AF7860DF
:103000007B680A221A80034B18460C37BD4680BCE9
:10301000704700BFA400002080B483B000AF786088
:1030200039603B68002B01D1032309E07B68D3F8AA
:10303000D4327A68B0339B0013443A685A60002354
:1030400018460C37BD4680BC704780B487B000AFCF
:10305000F860B9607A60FB68D3F8D422FB68B032BC
:1030600053F822307B617B69002B01D1032308E0F8
:103070007B69BA68C3F808227B697A68C3F81022B2
:10308000002318461C37BD4680BC704780B485B00D
:1030900000AF786039607B68D3F8D4227B68B032A7
:1030A00053F82230FB60FB68002B01D1032304E0BE
:1030B000FB683A68C3F80422002318461437BD465B
:1030C00080BC704780B584B000AF78607B68D3F86F
:1030D000D4227B68B03253F82230BB600123FB73EB
:1030E000BB68002B01D1032325E0BB68D3F8143261
:1030F000002B1FD1BB680122C3F81422104B1B7890
:1031000003F00F02BB68D3F81012786813469B00D7
:1031100013449B00034418331960094B1978BB68AA
:10312000D3F80822BB68D3F810327868EEF72BFE8C
:103130000023FB73FB7B18461037BD4680BD00BFE4
:103140002B01002080B584B000AF78607B68D3F895
:10315000D4227B68B03253F82230FB607B68D3F80E
:10316000D4227B68B03253F82230002B01D10323E4
:1031700018E07B681B7C002B0AD10C4B1978FB688C
:10318000D3F804224FF400737868EEF71DFE08E0D0
:10319000064B1978FB68D3F8042240237868EEF7D1
:1031A00013FE002318461037BD4680BD2C010020B9
:1031B00000B52DED028BB0EE408A83B000F0A2FA8C
:1031C000B4EE488AF1EE10FA06D6DFED0C7AB4EED2
:1031D000E78AF1EE10FA03D403B0BDEC028B00BD18
:1031E000CDED017A01F08EFBDDED017A87EEA70AC5
:1031F0002123036003B0BDEC028B00BD0000000082
:1032000008B52DED028BF0EE408AB0EE608A00F03A
:1032100043F820B9B0EE480ABDEC028B08BDB0EE11
:10322000480A00F039F850B1F4EEC88AF1EE10FA0D
:1032300038FE888AB0EE480ABDEC028B08BDB0EEBD
:10324000688AB0EE480ABDEC028B08BD08B52DEDCA
:10325000028BF0EE408AB0EE608A00F01DF820B9D3
:10326000B0EE480ABDEC028B08BDB0EE480A00F093
:1032700013F850B1B4EEE88AF1EE10FA38FE888AFD
:10328000B0EE480ABDEC028B08BDB0EE688AB0EE25
:10329000480ABDEC028B08BD10EE103A33F0004036
:1032A0000ED0A0F50003B3F1FE4F0DD3074B421E25
:1032B0009A4207D9A0F1FF40B0FA80F04009704768
:1032C000022070470320704704207047FEFF7F00F4
:1032D00010B510EE102AC2F30A53B3F57D7FB7EE96
:1032E000C06A84B01BD226EE067BB3F5667F6CD332
:1032F00026EE072B27EE021B714B93ED1A3B93ED45
:10330000185B93ED164BA7EE035BA2EE046BB0EED9
:10331000460BA5EE010BB7EEC00B04B010BD40F29A
:103320002E418B4259D8664A92ED087B26EE077BE8
:10333000FDEEC77B92ED0A5B17EE903A03F50003B2
:103340001B16990707EE903A54BF114602F170011F
:10335000DC07B8EEE77BA7EE456B26EE067B1DD4B7
:1033600003F0030302EBC30291ED185B92ED000B37
:1033700091ED1A3B26EE000BB0EE456B91ED164B2E
:10338000A7EE036B20EE075B27EE057BA5EE040B93
:10339000A6EE070BB7EEC00B04B010BD91ED144BB9
:1033A00027EE075B91ED126B91ED0E2BA7EE046BF0
:1033B00027EE054B91ED0C0B91ED103BA7EE020BA8
:1033C000A5EE030BA6EE040BE4E712F0FF4FE3D1EA
:1033D000B7EEC77B8DED037ADEE7B3F5FF6F4CD216
:1033E000C2F38361374B8DED010A03EB810C53F877
:1033F0002110C2F31603C2F3C25043F4000383400A
:10340000DCF82000DCF810C003FB01F1A3FB00E0B6
:10341000E3FB0C0101F100539C0F03F04043C91A78
:10342000DDF74CF9019A9FED246B04EBD27241EC6D
:10343000170B900754BF224B234B27EE067BE10767
:1034400027EE076B1ED41E4901EBC20293ED185BF9
:1034500093ED1A3B92ED000B93ED164B27EE000B0C
:10346000B0EE457B20EE065BA6EE037BA5EE040BDB
:1034700026EE056BA7EE060B8CE704B0BDE8104006
:1034800000F030B993ED144B26EE065B93ED127B02
:1034900093ED0E2BA6EE047B26EE054B93ED0C0B65
:1034A00093ED103BA6EE020BA5EE030BA7EE040B6B
:1034B00070E700BFAFF30080182D4454FB21193C86
:1034C00080DE040820DE0408F0DE040800000000AE
:1034D00010EE102AC2F30A53B3F57D7FB7EEC07A1F
:1034E0001ED2B3F5667F72D327EE077B27EE071B4C
:1034F000734B93ED142B93ED125B93ED0E3BA7EE04
:10350000025B27EE012B93ED0C6B93ED104BA7EEB6
:10351000036BA1EE046BA5EE026BB7EEC60B704712
:1035200040F22E418B4255D8654A92ED086B27EE4A
:10353000066BFDEEC66B92ED0A5B16EE903A03F554
:1035400000031B16990706EE903A54BF114602F18C
:103550007001D807B8EEE66BA6EE457B27EE076B49
:103560001CD503F0030302EBC30291ED185B92ED4F
:10357000000B91ED1A3B27EE000BB0EE457B91ED71
:10358000164BA6EE037B20EE065B26EE056BA5EE42
:10359000040BA7EE060BB7EEC00B704791ED144B72
:1035A00026EE065B91ED127B91ED0E2BA6EE047BD1
:1035B00026EE054B91ED0C0B91ED103BA6EE020BA8
:1035C000A5EE030BA7EE040BB7EEC00B7047B7EEEA
:1035D000000A7047B3F5FF6F53D2C2F38361394BD2
:1035E00003EB810C53F82110C2F31603C2F3C2504F
:1035F00043F4000310B58340DCF82000DCF810C071
:1036000003FB01F1A3FB00E0E3FB0C0101F100531C
:1036100082B09C0F03F04043C91A8DED010ADDF71B
:103620004DF8019A9FED246B04EBD27241EC170B1D
:10363000900754BF224B244B27EE067BE10727EE71
:10364000076B20D51E4902F0030201EBC20293ED85
:10365000185B92ED000B93ED1A3B27EE000BB0EEDA
:10366000457B93ED164BA6EE037B20EE065B26EE24
:10367000056BA5EE040BA7EE060BB7EEC00B02B070
:1036800010BD00F02FB893ED144B26EE065B93EDC2
:10369000127B93ED0E2BA6EE047B26EE054B93EDED
:1036A0000C0B93ED103BA6EE020BA5EE030BA7EE61
:1036B000040BE2E7AFF30080182D4454FB21193CC2
:1036C00080DE040820DE0408F0DE040810B582B0B5
:1036D0008DED010A044601F015F99DED010A046023
:1036E00002B010BD70EE407AB4EE400A87EEA77AC1
:1036F000F1EE10FAB0EE470A02D62120FFF7E6BF3E
:10370000704700BFB1EEC00A704700BF70B50446F5
:103710000D46164645EC104B02F02EF97EB1C5F36E
:103720000A53C3F16B03002B09DD1B0503F17F5125
:10373000002001F5401141EC170B20EE070B70BD86
:103740002DE9F04F2DED0A8B97B088460E9200229E
:10375000059012924FF0000A4FF0000B11910A7879
:103760002B2A0C4601F101011DD00AD80D2A05D8DB
:10377000082AF3D872B10023089384E0202AEDD000
:10378000F9E72D2A11D10122611C1191089262786A
:10379000002A39D10E9BCDF84480002B40F0628581
:1037A0004BEC10AB2BE00022EEE700210891302A11
:1037B00040F0A180627802F0DF02582A5BD10293C8
:1037C000089B019312AB0093894A059813AB11A98A
:1037D00001F0B4F910F00F05064605D0062D15D1FD
:1037E00001340023119408930E9B002B40F03C857C
:1037F000089B002BD4D04BEC17ABB1EE470B17B0A6
:10380000BDEC0A8BBDE8F08F0C46D0E7129A3AB1B6
:10381000352114A802F0A5F91299059801F060FD70
:10382000013D042D06D8DFE805F014031E21140025
:10383000DDE914ABF30548BF4BF0004B2BF0004320
:103840001B0D1B05002BCFD101F05CF82223036078
:10385000CAE7DDE914A3139A23F4801302F233427A
:1038600043EA025BE6E7DFF890B1E3E76FF0004B75
:103870004FF0FF3ADEE7013411942378302BFAD071
:10388000002BB1D001230026069320460996374627
:103890000A230578A5F13002092A2ED955490122BB
:1038A00000F05BFF002839D000202A463B468146C5
:1038B0008446652A01D0452A1BD123B9069B0343C0
:1038C0003FF468AF0023DDF8448008F10102119253
:1038D00098F801202B2A00F081802D2A00F08680A4
:1038E00000210791A2F13001092940F28B80CDF827
:1038F00044800025A5E00023C5E7082FDCBF099A16
:1039000003FB025200F10100D5BF303A03FB06521F
:103910000992A2F1300601371190BAE7119B5A1CA7
:1039200011925A78002F3CD081463B46A2F13001DB
:10393000092912D94FF0010CBBE7119B5A1C1192B7
:103940005A780130302AF8D0A2F13103082B00F266
:1039500090848146119C00200346303A00F1010119
:10396000079218D089449E460A930A250EF1010C4D
:10397000ACEB0302914216DC0A9D20EAE07005449C
:103980000133082D03441DDC099A07980A2101FB25
:10399000020209920021119A501C11905278084697
:1039A000C4E73846CEE7BEF1080F04DC099A6A4343
:1039B0000992E646DAE706FB05FEBCF1100FD8BF18
:1039C0007646F6E70F2DDEBF079A0A2101FB062691
:1039D000E0E74FF000094FF0010C6FE7002207927B
:1039E00008F10202119298F802207BE70122F6E723
:1039F00054E1040860DF04080000F07F119A511CB4
:103A000011915278302AF9D0A2F1310108293FF6FC
:103A100070AFA2F1300E119A0A9211460131119144
:103A20000A78A2F13005092D37D90A9D491B0829CA
:103A300044F61F6502DC7545A8BF7546079901B1BC
:103A40006D42002B4ED1069B03437FF4CDAEBCF1FB
:103A5000000F7FF49FAE692A27D024DC492A24D0A6
:103A60004E2A7FF497AE984911A801F085FA0028F4
:103A70003FF490AE119B1B78282B2DD1934914AAAB
:103A800011A801F08EFA052826D1159BDDF850A06B
:103A900043F0FF4B4BF4E00BA6E60A2505FB0E2E88
:103AA000AEF1300EBAE76E2ADBE7894911A801F0C2
:103AB00063FA00283FF46EAE119B8649013B11A8C2
:103AC000119301F059FA10B9119B01331193DFF8EA
:103AD00014B24FF0000A87E67F4800F051FF5BEC1C
:103AE00010AB81E6DDED097AA5EB0902B8EE677B44
:103AF000002F08BF1F46102B07921A46A8BF10229E
:103B0000092B5BEC17AB13DC079900293FF46CAE73
:103B100007996ADD162952DC704B03EBC10393ED64
:103B2000007B4BEC16AB27EE067B5BEC17AB5BE642
:103B30006A4901EBC20111ED125B06EE906A0F2B90
:103B4000B8EE666BA7EE056B5BEC16ABDCDD079998
:103B50009A1A0A44002A40F3958022F00F0112F0CD
:103B60000F0250D1B1F59A7F5DDC0A115C494BEC34
:103B700017AB00260846012A79D117EE902A5BEC94
:103B800017ABA2F1547B00EBC60292ED007B4BEC2D
:103B900016AB544A27EE067B17EE901A52480A409D
:103BA00082425BEC17AB3ED8A0F58010824286BF04
:103BB000DFF838B14FF0FF3A01F1547B30E007985D
:103BC000C3F125018142C2DB444AC3F10F0302EB7A
:103BD000C30191ED007B4BEC16ABC31A02EBC302A1
:103BE00027EE067B92ED006B9DE71631AFDB3B4B7A
:103BF000A9EB050503EBC50595ED007B4BEC16AB7A
:103C000086EE077B91E7354800EBC20292ED007B20
:103C10004BEC16AB27EE067B5BEC17AB0029A1D172
:103C2000002206929AE00024254609942646059A29
:103C3000DFF8B0B0222313604FF0000A099B002B7D
:103C40003FF4D2AD1299059801F04AFB0598314630
:103C500001F046FB0598294601F042FB09990598B9
:103C600001F03EFB0598214601F03AFBBCE512F05D
:103C7000010F03D091ED006B27EE067B0136521049
:103C8000083178E7CCD05242111112F00F020DD159
:103C90001F292DDD0024254609942646059A222356
:103CA0004FF0000A4FF0000B1360C7E70B4800EB22
:103CB000C20292ED007B4BEC16AB86EE077B5BEC11
:103CC00017AB0029ACD0E3E76BDF040840E1040840
:103CD00062DF040865DF040823E00408C8E2040882
:103CE000A0E204080000F07F0000A07CFFFFEF7F4F
:103CF00011F0100218BF6A2206924BEC17ABB64ABD
:103D0000C80703D592ED006B27EE067B491002F140
:103D10000802F5D1069A5BEC17ABC2B117EE900A18
:103D2000C0F30A52C2F16B06002E10DD1F2E40F3C5
:103D30002881342ED8BFC2F14B028A46DBBF4FF038
:103D4000FF3101FA02F24FF05C7B02EA000B4BEC10
:103D500017ABB5EE407BF1EE10FA9BD0099A0092BA
:103D600005983A46214601F023FB099000283FF4CC
:103D70005AAF079A002AA9EB05039FED93BBA8BF92
:103D800000230A93002422EAE2730D932546099B3F
:103D90000598596801F066FA064600283FF447AFD7
:103DA000099B1A694BEC19AB023203F10C0192002A
:103DB0000C3000F0D4FDB0EE490B059814AA13A9FD
:103DC00001F04AFE129000283FF431AF059801211E
:103DD00001F084FB054600283FF429AF139F069AA3
:103DE000002FABBF0A9B0D9BDDF83480DDF82890D7
:103DF000ACBF07EB0309A3EB0708149BBF1A1F44D2
:103E0000764A013F9742C3F1360380F2CC80D11B42
:103E10001F3A9742A3EB01034FF00102C0F2B780B3
:103E20008A400C9200220B9209EB03079844069BF0
:103E3000B94598444B46A8BF3B464345A8BF4346B7
:103E4000002BC2BFFF1AA8EB0308A9EB03090A9BCA
:103E5000002B18DD294605981A4601F00BFC054693
:103E600000283FF4E4AE0146129A059801F04CFB9D
:103E7000034600283FF4DBAE129905980F9301F03A
:103E80002FFA0F9B1293002F00F39180079B002BBA
:103E900008DD31460D9A059801F0ECFB0646002836
:103EA0003FF4C5AEB8F1000F08DD31460598424633
:103EB00001F03CFC064600283FF4B9AEB9F1000F12
:103EC00008DD294605984A4601F030FC05460028E1
:103ED0003FF4ADAE12990598324601F0B5FC0446A8
:103EE00000283FF4A4AE0023D0F80C80C36029461C
:103EF00001F08EFC002875DA58EA0A0840F09B8031
:103F0000CBF31303D946002B40F095802BF00043F0
:103F10001B0D1B05B3F1D66F40F28D8063691BB991
:103F20002369012B40F3878021460122059801F087
:103F3000FDFB2946044601F06BFC00287BDD284B85
:103F4000069A09EA0303002A00F09480B3F1D66FC1
:103F500000F29080B3F15C7F7FF6A0AE9FED1C7BFA
:103F60004BEC16AB1E4B26EE077B17EE902A134048
:103F70005BEC17AB002B7FF465AE059A2223136030
:103F800060E64FF0FF31B14001EA0A0ADFE6C7F10F
:103F90007F4707F57F0707F57B47E23702FA07F10E
:103FA0000B910C9240E700220B920122F9E7129943
:103FB00005983A4601F0BAFB129000287FF466AFEC
:103FC00035E600BFAFF300800000C0FFFFFFDF4118
:103FD000000000000000503968E1040802FCFFFF07
:103FE0000000F07FD9465ED1CBF31303B8F1000F88
:103FF0002AD0AB4A93422BD1069B5246FBB1A94B28
:104000000BEA0303B3F1D46F4FF0FF311AD81B0D45
:10401000C3F16B0301FA03F39A4219D1A24B9945FC
:1040200002D101323FF403AE9E4B09EA030303F5CC
:10403000801B4FF0000A069B002B8FD102E64FF049
:10404000FF33E9E70B46E7E753EA0A033FF477AFAC
:104050000B9BC3B113EA090FEDD0069A504659469F
:10406000B8F1000F13D0FFF751FB39EE007B5BEC8A
:1040700017ABE0E7A3F580136FEA135B6FEA0B5B06
:104080004FF0FF3AD7E70C9B13EA0A0FE4E7FFF77C
:104090003DFB39EE400BB5EE400BF1EE10FA5BEC58
:1040A00010ABC8D1FAE52946204601F02DFDB0EE4F
:1040B000007BB4EEC70BF1EE10FA5DD8B8F1000F3B
:1040C00064D1BAF1000F4BD1CBF31303B7EE008BE1
:1040D000002B60D1B4EEC80BB6EE008BF1EE10FAF7
:1040E00001D420EE088BB1EE48AB6E4F6F4909EA60
:1040F0000700884253EC1A2B7CD1A9F1547B4BEC7E
:104100001CABB0EE4C0B0B9001F036FCA0EE0ACBD2
:104110001CEE903A664A0B981F4097425BEC1CAB32
:104120003CD919EE902A604B9A4204D119EE103A0C
:1041300001333FF47CADDFF870B14FF0FF3A1299D4
:10414000059801F0CDF80598314601F0C9F80598B9
:10415000294601F0C5F80598214601F0C1F816E698
:10416000BAF1010F03D1BBF1000F3FF497ADBFEEE1
:1041700000ABB7EE008BB8E7B6EE008B20EE088BF5
:10418000B8F1000FAFD0B0EE48ABAEE7B7EE00AB82
:10419000B0EE4A8BA9E7BFEE00ABA6E703F1547B74
:1041A000069B002BCBD12BF000431B0DB0EB035F24
:1041B000C5D151EC180B03F01FF8DCF77FFACBF3F5
:1041C000130341EC170B43EA0A0353EA080338EEE2
:1041D000478B3ED09FED2C7BB4EEC78BF1EE10FAEF
:1041E0003FF530AD9FED2A7BB4EEC78BF1EE10FAB0
:1041F000A5DD27E50699E1B1B0F1D46F19D8B4EE89
:10420000CB8BF1EE10FA11D8BCEEC88B18EE103A39
:10421000012B38BF012308EE103AB8EE488BB8F1F5
:10422000000F13D1B1EE487B53EC172B03F1D6618D
:104230000B1AB0EE490B43EC1A2B0B9001F09CFBD0
:104240000B98AAEE009B5BEC19ABA9E7B0EE487B9C
:10425000EAE79FED117BB4EEC78BF1EE10FA7FF524
:104260006EAFEFE4002308930E9A119B1360FFF7E3
:10427000BFBA652A3FF4ADAB452A3FF4AAAB4FF075
:10428000010CFFF7E0BB00BF9535A094FFFFDF3FB7
:1042900035E5AF350000E03F9535A094FFFFCF3FF7
:1042A000FFFF0F000000F07FFFFFEF7F0000E07FC7
:1042B000FFFF9F7C0000000010B5214C214B0A46F7
:1042C00001462068FFF73CFAB4EE400BF1EE10FA1D
:1042D000B0EE407B0DD717EE903A002B1A4804DA67
:1042E00000F056FBB1EE400A10BDBDE8104000F0F2
:1042F0004FBBB7EEC00BDFED156AB0EEC06AB4EE8F
:10430000666AF1EE10FA08DDB0EEC76B9FED0A5B4E
:10431000B4EE456BF1EE10FA0ADD10EE103A13F030
:10432000FF4FE1D117EE902A094B1340002BDBD051
:10433000236822221A60D7E7FFFFFFFFFFFFEF7F0E
:10434000A80200203C01002023E00408FFFF7F7F3B
:104350000000F07F2DE9F043344E86460D46284696
:1043600015F8014B375D17F00807F8D12D2C10D147
:104370002C780127851C33F0100015D1302C0DD17D
:10438000287800F0DF00582808D16C780235102317
:104390000AE02B2C04BF2C78851CECE7002BF6D10F
:1043A000302C14BF0A2308234FF0FF380026B8FB37
:1043B000F3F803FB08F96FEA09093046A4F1300C61
:1043C000BCF1090F10D86446A3421EDDB6F1FF3FD1
:1043D00007D0804516D301D1A14513DB00FB034074
:1043E000012615F8014BE9E7A4F1410CBCF1190FC6
:1043F00001D8373CE8E7A4F1610CBCF1190F04D8EF
:10440000573CE1E74FF0FF36EBE7731C06D1222360
:10441000CEF80030304632B9BDE8F08307B14042F3
:10442000002AF9D006B1691E1160F5E791E1040890
:10443000FFF790BF13460A46014602480068FFF79F
:1044400089BF00BFA8020020002310B50446C0E9C0
:104450000033C0E90433836081814366C281836194
:10446000194608225C3000F070F90D4B63620D4B69
:10447000A3620D4BE3620D4B23630D4B24629C4200
:1044800006D003F16802944202D0D0339C4205D199
:1044900004F15800BDE8104000F05EBA10BD00BF46
:1044A0008D460208B3460208EB460208114702088F
:1044B000F06A0120024A0349034800F06BB800BFCC
:1044C000300100201D690208AC02002041680C4B3D
:1044D000994210B5044601D002F020FAA168094BB8
:1044E000994202D0204602F019FAE168064B99423F
:1044F00004D02046BDE8104002F010BA10BD00BF45
:10450000F06A0120586B0120C06B012010B50A4BE6
:104510000A4A1A600A4800220421FFF795FF094859
:1045200001220921FFF790FFBDE810400648022252
:104530001221FFF789BF00BF286C0120B544020893
:10454000F06A0120586B0120C06B0120014800F087
:1045500004BA00BF316C0120014800F0FFB900BF70
:10456000316C012010B50446FFF7F0FF236A1BB140
:10457000BDE81040FFF7F0BF044B2362044B1B68FB
:10458000002BF5D1FFF7C2FFF2E700BFCD440208D0
:10459000286C01202DE9F843804689461446002600
:1045A000D4E90175013F05D52468002CF8D13046C7
:1045B000BDE8F883AB89012B07D9B5F90E3001337B
:1045C00003D029464046C84706436835EAE700005D
:1045D0000CB430B5154B0C1E1D689DB008DA8B234A
:1045E0002B604FF0FF301DB0BDE8304002B0704787
:1045F0004FF000031B9318BF0123E31A04930793A2
:104600000B4B029006900593209A21AB02A92846F5
:10461000019301F057FB431CBCBF8B232B60002C84
:10462000E1D0029B00221A70DDE700BFA802002043
:104630000802FFFF0EB470B59DB021AC00254FF409
:10464000017354F8046BADF814301B95029006907A
:10465000DBF748FE0B4B039007900B480B934FF68C
:10466000FF73ADF816303246234602A900680F9555
:104670001495019401F078FC1DB0BDE8704003B0C2
:10468000704700BFAF460208A802002010B50C46D4
:10469000B1F90E1000F012F90028ABBF636DA389C9
:1046A0001B1823F48053ACBF6365A38110BD0020A9
:1046B00070472DE9F0411F468B89DB0505460C4606
:1046C000164605D5B1F90E100223002200F0E4F8D9
:1046D000A389B4F90E1023F48053A38132463B46DC
:1046E0002846BDE8F04100F0FBB810B50C46B1F922
:1046F0000E1000F0D1F8B4F90C30421C0BBF23F4BB
:10470000805343F48053A381A38118BF606510BD1B
:10471000B1F90E1000F0B0B8884210B501EB0204F8
:1047200002D98442234607D8431EA14207D011F87C
:10473000012B03F8012FF8E70244824200D110BD9B
:1047400013F8011D02F8011DF7E7024403469342E6
:1047500000D1704703F8011BF9E710B56AB10139C0
:104760008418027811F8013F9A4204D10130A04226
:1047700001D0002AF5D1D01A10BD1046FCE7000088
:104780001B4B2DE9F0411C68656C06460F463DBB8E
:10479000502000F0A3FC606428B90246154B16486F
:1047A0005B2100F0FBF88560626CC0E90055C2E94E
:1047B0000355626CC2E90555626CC2E90A55626C28
:1047C000C2E90C55626CC2E90E55626CC2E9105523
:1047D000626CC2E91255626C15772B46656C6B6290
:1047E0002A46394630460123BDE8F04100F006B8BC
:1047F000A80200206EDF040885DF0408F0B5044637
:1048000008B9146844B1204614F8015B4F1E17F82C
:10481000016F1EB965B91560002005E0B542F6D1FB
:10482000002BF0D114600370F0BD1C460CE01DB9E4
:10483000274614F8013B4E1E16F8015FAB42F6D135
:10484000002BF2D000233B701460EDE70A7870B5BE
:104850006AB970BD9A4209D10C46054614F8013F69
:10486000002BF6D015F8016F9E42F7D00130037887
:10487000002BEFD11846ECE738B5064C002305466F
:104880000846236002F068FC431C02D1236803B190
:104890002B6038BD2C6C012038B5074C0546084606
:1048A0001146002222601A4602F07EFC431C02D10F
:1048B000236803B12B6038BD2C6C012038B5074C40
:1048C000054608461146002222601A4602F074FC92
:1048D000431C02D1236803B12B6038BD2C6C01202E
:1048E00038B5074C054608461146002222601A4694
:1048F00002F078FC431C02D1236803B12B6038BD61
:104900002C6C0120014B1868704700BFA8020020E2
:1049100070B50D4B0D4C00261D1BB6EBA50F09D134
:1049200002F02EFE0A4C0B4B00261D1BB6EBA50F0A
:1049300005D170BD54F8043B98470136EDE754F8B3
:10494000043B98470136F1E798E3040898E304082C
:1049500098E304089CE304087047704770470A44D2
:10496000914200F1FF3300D1704710B511F8014BAF
:1049700003F8014F9142F9D110BD00000000000082
:104980009FED010B704700BF000000000000F87FA2
:104990009FED010A704700BF0000C07F1FB51D4694
:1049A000094B1B680646D86852B1084C0091CDE906
:1049B0000142074933462A4601F0D8FF02F06CF85D
:1049C000044C2246F2E700BFA8020020E8DF0408FA
:1049D000F5DF040823E0040837B5002944D051F876
:1049E000043C0190002BA1F10404B8BFE41800F0CE
:1049F0002DFC1E4A0198136833B96360146003B03C
:104A0000BDE8304000F028BCA34208D925686119F0
:104A10008B4201BF19685B6849192160EDE71A46AE
:104A20005B680BB1A342FAD911685518A5420BD1A6
:104A3000246821445418A3421160E0D11C685B68CB
:104A400053600C441460DAE702D90C230360D6E704
:104A5000256861198B4204BF19685B68636004BFF5
:104A6000491921605460CAE703B030BD386C012099
:104A70000369B3EB611F2DE9F0434FEA611200F1C6
:104A8000140443DD11F01F0104EB830C04EB8205D9
:104A90000CD100F110062946614532D39B1A9B00C8
:104AA000033DAC4538BF0023234414E054F8226092
:104AB000C1F12008CE4005F1040EA146F44515D8F9
:104AC0009A1A9200043A0135AC4538BF0022A31867
:104AD000A65006B104331A1BA3424FEAA20208BF34
:104AE0000023026108BF4361BDE8F083DEF8007077
:104AF00007FA08F7374349F8047B5EF8046BCE40A9
:104B0000DCE751F8047B46F8047FC5E72346E2E77B
:104B1000A0F13003092B02D82038C0B27047A0F1B1
:104B20006103052B01D84738F7E7A0F14103052BB6
:104B300001D82738F1E70020704700002DE9F04F39
:104B400085B00F4602930B68019091469C1C20781B
:104B50003028A04604F10104F9D0A8EB0303A3F127
:104B6000020BFFF7D5FF8246002838D19F4901226A
:104B70004046FFF7F2FD0546002863D198F8010092
:104B80002646FFF7C5FF00285ED020783028A046D3
:104B900004F10104F9D0FFF7BBFFB0FA80F4640917
:104BA00035464FF0010BC24656460AF1010A3078ED
:104BB000FFF7AEFF0028F7D18C4901223046FFF7FE
:104BC000CCFD78B945B9554656460AF1010A307808
:104BD000FFF79EFF0028F7D1AD1BAD0004E00024D5
:104BE0002546E0E7002DF7D1337803F0DF03502BA3
:104BF00037D173782B2B29D02D2B2BD0711C4FF054
:104C0000000A0878FFF784FF431EDBB2182B28D870
:104C1000A0F1100211F8010FFFF77AFF431EDBB27B
:104C2000182B1AD9BAF1000F00D05242154439603E
:104C3000CCB1BBF1000F0CBF06270027384605B0EA
:104C4000BDE8F08F464655460124CDE74FF0000AF7
:104C5000B11CD6E74FF0010AFAE70A2303FB020072
:104C6000D6E73146E3E7A6EB0803013B2146072BD5
:104C70000ADC019800F0F6FA044640B95C4B0246A3
:104C8000E4215C48FFF78AFE01315B10EFE700F199
:104C9000140A002357469B46B04537D347F804BB58
:104CA000A7EB0A07BB102361584600F0CBFBD9F8ED
:104CB0000060C0EBC707B74254DDBF1B3946204632
:104CC00000F072FF804678B17B1E591103F01F027D
:104CD0005AF821104FF0010808FA02F20A4203D0F4
:104CE000434536DC4FF0020839462046FFF7C0FE48
:104CF0003D44D9F80830AB4242DA0198214600F031
:104D0000EFFA0E9A00231360A32797E716F8012DF8
:104D10002E2A12D0202B04D147F804BB4FF0000BF1
:104D20005B4630780393FFF7F3FE039B00F00F0020
:104D300098404BEA000B0433AEE7B045EAD82B4964
:104D4000039301223046FFF708FD039B0028E1D1C1
:104D5000A2E7B91E204600F027FF0028C2D04FF07E
:104D60000308C1E709DAF71B214601983A4600F02B
:104D7000DDFCED1B044600F1140A4FF00008B8E713
:104D8000D9F80430AB426FDD5D1BAE4234DCD9F89C
:104D90000C30022B22D0032B24D0012B15D1AE4294
:104DA00013D1012E0BD1029AD9F8043013600123DC
:104DB0002361CAF800300E9B62271C603EE7711E1B
:104DC000204600F0F1FE0028EDD10198214600F0C8
:104DD00087FA0E9A0023136050272FE70F9B002BB2
:104DE000F3D1E0E70F9B002BDDD1EEE760DF040895
:104DF00024E0040835E004086F1EB8F1000F30D13C
:104E000027B13946204600F0CFFE80467A110123B3
:104E10005AF8222007F01F07BB40134229462046BC
:104E200018BF48F00208761BFFF722FED9F804509D
:104E30000227B8F1000F42D0D9F80C30022B15D060
:104E4000032B17D0012B09D118F0020F06D0DAF886
:104E5000003048EA030818F0010F0ED147F01007A0
:104E60002DE04FF00108D1E70127E2E70F9BC3F1E6
:104E700001030F930F9B002BF0D0D4F810A004F186
:104E8000140303EB8A0100201A68B2F1FF3F1BD024
:104E900001321A60022F04F114033CD1D9F800202A
:104EA000013AB24209D17111012253F8213006F0C2
:104EB0001F0602FA06F61E423AD147F020070E9B63
:104EC0001C60029B1D60B9E643F8040B9942DBD8D5
:104ED000A3689A4517DB61680198013100F0C2F9B7
:104EE000804618B91A4B02468421CAE6226902326A
:104EF00004F10C0192000C30FFF731FD21460198BE
:104F000000F0EEF9444623695A1C04EB8303226146
:104F100001225A61BEE7226952450BDD012120467C
:104F2000FFF7A6FDD9F808300135AB42FFF6E5AE34
:104F30000127C2E716F01F06FAD003EB8A03C6F179
:104F4000200653F8040C00F07DFAB042E6DBEFE7F0
:104F500024E00408C2F10802920070B5C2F12006F4
:104F60004368046803FA06F52C43D340046040F814
:104F7000043F8842F4D370BD30B503680139013372
:104F800011F8014F14B90360012030BD13F8012B53
:104F9000A2F14105192D98BF2032A242F0D0002085
:104FA000F3E72DE9F04F0B6887B05E11029013F024
:104FB0001F0302EB86060193029B18BF04360025EF
:104FC000371F196846F8045C9046B9463C46AB4624
:104FD000AA464A784B1C039332B3104605910492BB
:104FE000FFF796FD002851D1049A0599202A16D87A
:104FF000DA4512DD4C4506D2072D04DC2A46494627
:105000002046FFF7A7FF444553D90023A4F1040924
:1050100044F8043CD3464C461D460399D9E7292A57
:1050200059D1029B02311960BAF1000F53D04C459F
:1050300006D2072D04DC2A4649462046FFF78AFFA0
:10504000444538D9A8F10402234653F8041B42F81A
:10505000041F9F42F9D23B1B23F003030134033E9C
:10506000B44288BF002308F10402134400211A4609
:1050700004339F421160FAD23B681BB9474528D1DF
:1050800001233B60052007B0BDE8F08F0135082DF6
:105090000AF1010A06DD4445BFD9002344F8043C67
:1050A0000125043C226800F00F0040EA0210206055
:1050B000B3E70825B1E7019B002BDDD0C3F1200346
:1050C0004FF0FF32DA4056F8043C134046F8043CF7
:1050D000D2E7043FD0E70420D5E70000024B0146A9
:1050E000186800F025B800BFA802002070B50F4C6A
:1050F0000E462168054611B901F0BEFC206031461C
:10510000284601F0B9FC431C03D14FF0FF34204680
:1051100070BDC41C24F00304A042F8D0211A284614
:1051200001F0AAFC0130F2D1EFE700BF346C01209E
:105130002DE9F843CD1C25F0030508350C2D38BFAB
:105140000C25002D064601DBA94204D90C2333604F
:105150000020BDE8F883334F00F078F83B681C4628
:105160003CBB29463046FFF7C1FF431C044656D1DD
:105170003C68A046B8F1000F40D1002C49D023680C
:105180004146304604EB030901F076FC814540D1ED
:1051900021686D1A29463046FFF7A8FF013038D044
:1051A00023682B4423603B685A685ABBC7F80080C9
:1051B0000EE02268521B1ED40B2A16D96119A34295
:1051C000256018BF5960636808BF396062514B6041
:1051D000304600F041F804F10B00231D20F00700D9
:1051E000C21A1CBF1B1AA350B3E76268A3420CBFCC
:1051F0003A605A60ECE723466468B1E74446D8F861
:105200000480B7E71A465B68A342FBD100235360D2
:10521000DEE70C233360304600F01EF898E70560A7
:10522000D6E700BF386C012082B001B901A942B1B4
:105230004BB113780B601278101E18BF012002B01A
:1052400070471046FBE76FF00100F8E70148FFF7F1
:1052500084BB00BF306C01200148FFF77FBB00BF5B
:10526000306C012070B5C46905460E4684B9102023
:10527000FFF734FF0446E86128B90246164B174889
:105280006B21FFF78BFB0023C0E901330360C36090
:10529000E36853B921220421284601F004FCEB699C
:1052A000E060DB680BB9002070BD53F8260030B118
:1052B000026843F826200023C0E90333F4E7012104
:1052C00001FA06F4621D9200284601F0ECFB00286A
:1052D000E9D0C0E90164EEE76EDF040896E0040857
:1052E00070B5C46906460D4674B91020FFF7F6FE86
:1052F0000246F06120B9094B09488F21FFF74EFBA8
:10530000C0E901440460C4603DB1F3696A68DB68C8
:1053100053F82210296043F8225070BD6EDF040854
:1053200096E004082DE9F0410D6907460C461E463B
:1053300001F1140C0020DCF8003099B202FB01618D
:105340001E0C0B0C02FB063389B2013001EB03414A
:1053500085424CF8041B4FEA1346ECDC0EB3A368FD
:10536000AB4219DC616838460131FFF77BFF8046AC
:1053700028B902460C4B0D48BA21FFF70FFB2269F2
:10538000023204F10C0192000C30FFF7E8FA2146DA
:105390003846FFF7A5FF444604EB850301355E61FF
:1053A00025612046BDE8F08124E0040896E0040869
:1053B0002DE9F843884614461F460922083306465D
:1053C00093FBF2F3002101229A4209DB3046FFF7FA
:1053D00049FF40B90246194B1948D321FFF7DEFABD
:1053E00052000131F0E7089B4361092C4FF00103A3
:1053F000036108DC08F10A050924641B2B199F428C
:1054000012DCBDE8F88308F10905A946A04419F8A3
:10541000013B0146303B0A223046FFF783FFC1457E
:10542000F5D12544083DE8E715F8013B0146303B3E
:105430000A223046FFF776FFE0E700BF24E00408C9
:1054400096E00408B0F5803F034636BF0304002011
:105450001020B3F1807F3CBF1B020830B3F1805FA6
:105460003CBF1B010430B3F1804F3CBF9B000230B6
:10547000002B04DB5B0001D5013070472020704712
:10548000036813F0070201460BD0DA0722D498070D
:1054900049BF5B089B0801200B605CBF0B600220CA
:1054A000704798B2A0B91B0C1020DAB20AB90830C4
:1054B0001B0A1A0704BF1B0904309A0704BF9B0884
:1054C0000230DA0702D45B0806D001300B60704767
:1054D0001046EAE7002070472020704710B50C46C0
:1054E0000121FFF7BFFE024628B9054B054840F2EF
:1054F0004511FFF753FA01234461036110BD00BF5A
:1055000024E0040896E004082DE9F04FD1F810805B
:10551000D2F81090C84585B00E46144604DB4B46C1
:105520000C46C14616469846A368616809EB080711
:10553000BB42B8BF0131FFF795FE30B902464B4B75
:105540004B484FF4B171FFF729FA00F1140505EB50
:10555000870B2B4600225B4522D306F1140101EB99
:10556000880304F1140C0CEB890C029304F115036D
:1055700063458CBF002301230093ACEB0403153B70
:105580009B080193029B03918B420CD8002F03DDF3
:105590005BF8043D002B67D0076105B0BDE8F08FD4
:1055A00043F8042BD7E7B1F800A0BAF1000F28D0D8
:1055B00004F11408A9464FF0000E58F8042BD9F84E
:1055C000003096B29BB20AFB0633D9F80060120C89
:1055D000360C73440AFB026606EB13469BB243EAA1
:1055E0000643C44549F8043B4FEA164EE5D8009AF5
:1055F000019B002A4FEA830308BF00232B44C3F812
:1056000004E0039BB3F802E00431BEF1000F29D09F
:105610002B6804F114069846A9464FF0000A328818
:105620000EFB02A202EB18429BB243EA024349F886
:10563000043B56F8043BD9F800804FEA134A1FFA9E
:1056400088F30EFB0A3303EB1243B4454FEA134AC7
:10565000E5D8009E019A002E4FEA820208BF002280
:105660002A44536004358DE7013F8FE724E00408A6
:1056700096E004082DE9F843174612F0030280462D
:105680000D4607D0264C013A002354F82220FFF79C
:1056900049FE0546BF103FD0D8F81C4094B91020F1
:1056A000FFF71CFD0446C8F81C0030B902461D4B2C
:1056B0001D4840F2B311FFF771F90023C0E901332F
:1056C0000360C360A66846B940F271214046FFF707
:1056D00005FF0023A060064603602C464FF000093A
:1056E00007F001037F1053B1294632464046FFF7C9
:1056F0000BFF214605464046FFF7F2FD67B13068D3
:1057000038B9324631464046FFF7FEFE3060C0F8F9
:10571000009006462C46E3E72846BDE8F88300BF24
:1057200094E204086EDF040896E004082DE9F84FBF
:105730000C4649682669A36806EB6216074691463F
:105740004FEA621A06F1010843450BDB3846FFF7C2
:1057500089FD054648B902462B4B2C484FF4EF71A2
:10576000FFF71CF901315B00EEE700F114010023A3
:105770000A461846534539DB20692AEAEA7A01EBE2
:105780008A0104F1140319F01F098C4603EB800011
:1057900030D0C9F1200A4FF0000E1A68E34602FA31
:1057A00009F242EA0E02CBF8002053F8042B98428B
:1057B0000CF1040C22FA0AFEEFD8031B153B23F070
:1057C000030304F11502904238BF00231944C1F8C5
:1057D00004E0BEF1000F00D1B0463846C5F8108095
:1057E0002146FFF77DFD2846BDE8F88F42F8040BFF
:1057F0000133BFE753F8041BCCF8001098420CF1BA
:10580000040CF7D8E8E700BF24E0040896E0040899
:1058100003690A699B1A30B50ED11430143100EBBC
:10582000820401EB820154F8045D51F8042D954285
:1058300004D006D24FF0FF33184630BDA042F2D359
:10584000FAE70123F8E700002DE9F74F8A460646FC
:10585000114650461446FFF7DBFF051E12D12946BC
:105860003046FFF7FFFC024628B9414B40F2372192
:105870004048FFF793F80123C0E90435104603B010
:10588000BDE8F08FBCBF5346A2463046DAF804109C
:10589000BABF1C4601250025FFF7E4FC024618B9F3
:1058A000334B40F24521E3E7DAF810702669C56012
:1058B0000AF1140904F1140E00F114050AF11003A1
:1058C00009EB87080EEB86060193AB464FF0000C00
:1058D000019B5EF8040B53F804AF01931FFA8AF1A1
:1058E00083B2CB1A000C6344C0EB1A4000EB234098
:1058F0009BB243EA004376454BF8043B4FEA204C09
:10590000E6D8331B153B153423F00303A64238BFFA
:105910000023E8184B441C1D04302646A5EB09055E
:1059200046450ED308F10301091B21F003010133A1
:10593000984538BF0021014451F8043DABB11761CF
:105940009CE706EB050E56F8041BE2464FEA1149A8
:105950001CFA81FC514409EB2C4989B241EA094106
:105960004FEA294CCEF80010DAE7013FE4E700BF28
:1059700024E0040896E0040882B08DED000B019A43
:105980000F4B1340A3F15073002B08DC5B42B3F1C3
:10599000A07F4FEA235204DA4FF400231341002280
:1059A00008E0A2F114031E2BDABF4FF00042DA40E8
:1059B000012200231946104641EC100B02B070473B
:1059C0000000F07FF8B5056900F1140606EB8505C7
:1059D0002F1F55F8044C2046FFF734FDC0F120037B
:1059E0000A280B6016DCC0F10B0C24FA0CF1BE4245
:1059F00041F07F5334BF55F8081C0021153004FADC
:105A000000F021FA0CF143F4401301430A4643EC41
:105A1000102BF8BDBE423ABF55F8081CA5F1080787
:105A200000210B3812D0C0F1200521FA05F3844083
:105A30001C43B74244F07F538CBF57F8044C0024FA
:105A40008140EC4043F440132143DFE744F07F53AF
:105A500043F44013DAE700002DE9F7430F46012134
:105A600059EC108B1646FFF7FDFB054630B9024690
:105A7000234B244840F20F31FEF790FFC9F30A543C
:105A8000C9F313030CB143F480130193B8F100037D
:105A900023D068460093FFF7F3FC0099D8B1019A30
:105AA000C0F1200302FA03F30B43C2406B61019281
:105AB000019BAB61002B0CBF012202222A61A4B121
:105AC000A4F2334404443C60C0F135003060284601
:105AD00003B0BDE8F0836961EAE701A8FFF7D0FCF5
:105AE000019B6B6120300122E8E705EB8203A0F205
:105AF000324038601869FFF7A5FCC0EB4210E5E7BB
:105B000024E0040896E00408F7B50E466946074607
:105B1000FFF758FF01A9304655EC104BB0EE407B23
:105B2000FFF750FF33693A69D21ADDE900369B1B53
:105B300003EB4213002BCCBF17EE902A10EE902AF5
:105B400051EC100BD6BFC3EB033302EB035502EB52
:105B5000035145EC174B41EC160B87EE060B03B0D7
:105B6000F0BD013970B549111469013102F1140316
:105B700000EB810103EB8404051FA3420CD3A31A9D
:105B8000113B23F003031132944238BF0023184421
:105B90000023884205D370BD53F8046B45F8046FA9
:105BA000EBE740F8043BF4E700F1140200694B1105
:105BB000984210B511DB0ADD11F01F0107D052F831
:105BC000234024FA01F000FA01F18C420BD102EBE0
:105BD0008303934203D8002010BD0346F7E753F830
:105BE000041D0029F5D00120F6E749B1FF2A85BF41
:105BF0008A2303600A704FF0FF3098BF012070477E
:105C0000084670472DE9F0478E681F46BE4282461F
:105C10000C469046334653D8B1F90C0010F4906FFF
:105C20002BD065692368096905EB4505A3EB0109DC
:105C300005EBD5757B1C6D104B44AB422A4684BFE7
:105C40001D462A46430527D511465046FFF770FAF0
:105C5000064658B321694A46FEF781FEA38923F41C
:105C6000906343F08003A381266165614E44A5EBF8
:105C700009052660A5603E463B461F4620683A4619
:105C80004146FEF749FDA3689B1BA36023683B4484
:105C900023600020BDE8F087504600F018FF06465C
:105CA0000028E1D121695046FEF796FE0C23CAF880
:105CB0000030A38943F04003A3814FF0FF30E9E7B0
:105CC0003E46DBE72DE9F0471F468B891B069CB05B
:105CD00006460D46144610D50B6973B94021FFF7EF
:105CE00027FA2860286130B90C2333604FF0FF3069
:105CF0001CB0BDE8F08740236B610023099320238B
:105D00008DF8293003973023654F8DF82A304FF0F6
:105D1000010823461A7899461AB1252A03F101038E
:105D2000F8D1B9EB040A0BD0534622462946304637
:105D3000FFF768FF013000F0A380099A52440992EE
:105D400099F80030002B00F09B8000224FF0FF33C9
:105D5000CDE9053209F10109049207928DF853202B
:105D60001A924C46052214F8011B4D48DAF7C8FA7E
:105D7000049AD0B9D00644BF20238DF853301107C0
:105D800044BF2B238DF8533099F800302A2B13D0C1
:105D900007994B4600204FF00A0C1A78303A092A2E
:105DA0001C464AD9A8B1079113E0C01B08FA00F0BD
:105DB00010430490A146D4E7039B191D1B6803916F
:105DC000002BBBBF5B4242F0020207930793B8BFB0
:105DD000049223782E2B0AD163782A2B32D1039B8D
:105DE0001A1D1B68039243EAE37302340593DFF83C
:105DF000C090217803224846DAF782FA38B1049B32
:105E0000A0EB09004022824013430134049321781F
:105E100024488DF828100622DAF772FA002835D0C7
:105E2000214818BB039B073323F007030833039370
:105E3000099B0344013409936BE701330CFB0121F7
:105E40000120AAE700230593611C18464FF00A0CB5
:105E50000A78303A092A0C4603D9002BC7D005909E
:105E6000C5E701310CFB00200123F1E703AB0093F0
:105E70002A460E4B04A93046AFF30080421CD7D10E
:105E8000AB895B063FF532AF099831E703AB00936E
:105E90002A46064B04A9304600F050FAEEE700BF50
:105EA000F0E00408FAE0040800000000055C0208C5
:105EB000F6E0040838B54B1C144603D14FF0FF350B
:105EC000284638BD938923F020039381636B526881
:105ED000CDB28BB1A36B934208DD23685A1E2260BA
:105EE00003F8015C636801336360E9E7214600F071
:105EF00088FD0028F1D0E1E72169236851B199427A
:105F000008D213F8011CA94204D1013B01322360DD
:105F10006260D5E7C4E90F3204F1440363630323ED
:105F2000A363234603F8465F23600123DCE710B533
:105F30000C46496B69B104F14403994201D0FEF764
:105F40004BFD236C63600020606313B1E36B23603F
:105F500010BD2369236000236360A38943F02003FD
:105F6000A3814FF0FF30F3E72DE9F04F0D46ADF57B
:105F7000237D0021CDE9441101A94691A449A091B6
:105F8000DFF898B2A349A19180466F46009392F83A
:105F90000090B9F1000F00F056811BF8093013F0A2
:105FA000080302F101061AD06B68002B10DD2B6884
:105FB0001A781BF80220120701D43246E7E7459A07
:105FC000013245926A680133013A6A602B60EBE75F
:105FD000A19B2946404698470028E8D0EDE7B9F153
:105FE000250F40F082804193439353782A2B02BFC0
:105FF0001023961C41930A22B2461AF8011BA1F104
:106000003003092B1CD984480322DAF779F938B117
:10601000814B419AC01A0123834013434193564652
:1060200016F8013B782B06D8572B10D8252B5CD0BF
:1060300056D8002B74D0032347930A23429387E05A
:10604000439B02FB0311303943915646D4E7A3F139
:106050005802202AEFD801A151F822F02F6102083E
:1060600037600208376002088B6102083760020857
:10607000376002083760020837600208376002089C
:106080003760020837600208A161020887610208D0
:10609000E7600208E7600208E7600208376002086C
:1060A0004161020837600208376002083760020861
:1060B00037600208B16102084961020827610208DD
:1060C0003760020837600208AD61020837600208D5
:1060D0008761020837600208376002082F610208F2
:1060E000453B022BA7D8052331E06B68002B0DDD63
:1060F0002B681A784A4540F0A68001336A682B6005
:10610000459B013A01336A60459356E7A19B2946B6
:10611000404698470028EBD04498002840F08B80F8
:106120004FF0FF308BE0419A42F020024192419AB9
:1061300042F40072419210226E2B429206D801E086
:1061400000234293032302E008234293042347934E
:106150006B68002B3ADD419B590605D42B681A78F1
:106160001BF80220120738D4479B022B47DC3B4622
:106170002A4641A9404600F00BFA012863D00228C4
:106180007FF41BAFC8E70A22D6E7314601A800F02A
:10619000FFFB419B43F04003419306460123D6E7B2
:1061A000419B43F0400341930023D0E70223CEE715
:1061B0004198C3063FF501AF3B68459A191D396008
:1061C0001B68C4074CBF1A801A60F6E6A19B2946DB
:1061D000404698470028BED09EE7459A0132459236
:1061E0006A68013A002A6A6002DD01332B60B5E774
:1061F000A19B2946404698470028AFD08CE7042B46
:106200000EDC3B462A4641A9404600F01BFAB4E7A3
:10621000B55E02082F5F0208F6E0040891E1040869
:106220000A4B002B3FF4C9AE3B462A4641A94046E3
:10623000AFF30080A1E7AB895B063FF571AF0DF5C9
:10624000237DBDE8F08F4498F9E700BF000000000F
:106250002DE9F047914698468A680B69089E93425B
:10626000B8BF1346C9F8003091F8432007460C46E2
:1062700012B10133C9F800302368990642BFD9F83A
:1062800000300233C9F80030256815F0060507D143
:1062900004F1190AE368D9F800209B1AAB4229DC03
:1062A00094F843302268003B18BF012392062ED495
:1062B00004F1430241463846B047013021D02368FB
:1062C000A168226903F00603042B01BFE568D9F831
:1062D0000030ED1A25EAE57518BF00258B1A2B440E
:1062E0009142C8BF1D464FF000091A344D451AD1DE
:1062F000002008E00123524641463846B0470130AD
:1063000003D14FF0FF30BDE8F0870135C2E7E11857
:106310005A1C302081F84300224494F8451082F83A
:1063200043100233C4E70123224641463846B047B2
:106330000130E6D009F10109D8E700002DE9F0436A
:1063400098460B7E85B0782B174606460C9A0C466D
:1063500009D8622B01F1430108D8002B00F0DC8042
:10636000582B00F0BD8004F1420539E0A3F1630031
:106370001528F8D801A555F820F000BFD56302080C
:10638000E96302086763020867630208676302083B
:1063900067630208E963020867630208676302082B
:1063A0006763020867630208F9640208156402085B
:1063B000A764020867630208676302082165020890
:1063C00067630208156402086763020867630208CE
:1063D000AF6402081368191D1B68116004F14205BF
:1063E00084F842300123A8E013682568181D106066
:1063F000280601D51B6803E06A06FBD5B3F9003017
:10640000002B03DA2D225B4284F84320DFF878C1A9
:106410000A2213E02568106815F0800F50F8043B3D
:1064200002D16D0648BF9BB21060227EDFF858C1D2
:106430006F2A5DD10822002084F843006568A560BA
:10644000002D05DB20681D4320F00400206051D0A2
:106450000D46B3FBF2F002FB103E9A421CF80EE030
:1064600005F801ED0346F4D9082A0BD12368DA07B1
:1064700008D5236962689A42DEBF302305F8013CE3
:1064800005F1FF35491B2161CDF800803B4603AA89
:1064900021463046FFF7DCFE013053D14FF0FF308C
:1064A00005B0BDE8F083236843F020032360DFF8E4
:1064B000DCC0782384F845302068156810F0800F20
:1064C00055F8043B03D110F0400F18BF9BB2156084
:1064D000C50744BF40F02000206023B11022AAE786
:1064E000DFF8A4C0E6E7226822F020022260F5E788
:1064F0000A22A0E70D46B7E71368D4F800C0606928
:106500001D1D15601CF0800F1B6801D0186003E092
:106510001CF0400FFAD01880002323610D46B3E72A
:106520001368191D11601D68626800212846D9F79B
:10653000E7FE08B1401B606063682361002384F8B4
:106540004330A1E723692A4639463046C047013027
:10655000A4D023689B0714D4E068039B9842B8BF7B
:1065600018469DE7012304F1190239463046C04719
:10657000013093D00135E36803995B1AAB42F1DC3B
:10658000EAE70025F7E700BF01E1040812E104088B
:106590002DE9F84315468A6880460C4632B98A6967
:1065A000002A14BF4FF0FF3201228A602268DFF810
:1065B0009090D1065FBF1A68111D196016680027F8
:1065C000A06988B1012807D12B681A7863699B5CA0
:1065D00053B9002F32D023E0022821D12B681B7839
:1065E00019F803301B071BD42368DA065EBF2B683B
:1065F0001B7806F8013B6B68013B6B602B6801332D
:106600002B60A368013B0137A3604BB16B68002B83
:10661000D6DCD4F880312946404698470028CFD0B0
:10662000236813F0100305D1E2680132E260A26929
:1066300002B1337023693B4423610020BDE8F88335
:1066400091E104082DE9F04F9946704B0C468246C3
:10665000164693E8070087B003AB83E807006C4B4E
:10666000A1696C4A032908BF1A46A36801925A1E01
:10667000B2F5AE7F84BF6FF4AE7503EB0508274615
:1066800084BF40F25D13A36057F81C3B43F4506392
:1066900098BF4FF0000823603D464FF0000B316873
:1066A00003AB097853F82B000222D9F729FE20B357
:1066B000BBF1010F54D162682AB92268082142F463
:1066C000007261602260226822F4A0622260A268E7
:1066D000511EA1608AB13268511C3160127805F8F0
:1066E000012B7268013A002A726006DCD4F880211E
:1066F00031465046904700287DD10BF1010BBBF18C
:10670000030FCCD1616809B90A216160424B60690D
:10671000591A00F03DF94FF0000BA368002B3BD055
:10672000316862690878125C002A35D03028226806
:1067300024D1100522D50BF1010BB8F1000F03D0C5
:10674000013308F1FF38A3607368013B002B7360CD
:106750001BDD336801333360A368013BA360DCE7D2
:10676000BBF1020FB3D1226802F4C061B1F5007F22
:10677000C8D11021616042F48072A7E722F4106250
:1067800022600B7805F8013BDEE7D4F88031314612
:10679000504698470028DFD02368DB050BD5BD4263
:1067A00007D915F8011CD4F87C3132465046984779
:1067B000013DBD4227D0226812F0100212D12A708A
:1067C0006368019E39465046B047D9F800302168C9
:1067D0001A1DC9F800208E061B680FD51860E368E3
:1067E0000133E3602369ED1B5D442B4423610020EA
:1067F00007B0BDE8F08F4FF0000BCDE7CA074CBFE4
:1068000018801860EBE70120F2E700BFD09B020878
:10681000216C02083144020833E10408B1F90C206C
:106820002DE9F041160705460C4651D44B68002B64
:1068300002DC0B6C002B49DDE66A002E46D00023FB
:1068400012F480522F682B6031D0626DA3895907F2
:1068500005D56368D21A636B0BB1236CD21A00237F
:10686000E66A216A2846B047421CB4F90C3006D1CA
:1068700029681D2945D8284ACA40D60741D5002293
:106880006260D9042269226004D5421C01D12B68C0
:1068900003B96065616B2F60C1B104F14403994293
:1068A00002D02846FEF798F8002363630EE0216AC1
:1068B00001232846B0470246501CC7D12B68002B45
:1068C000C4D01D2B01D0162B1AD12F6000201DE043
:1068D0000F69002FFAD093070E6808BF4B690F604D
:1068E00018BF0023A6EB07088B60B8F1000FEDDDA1
:1068F000216AA66A43463A462846B047002807DC84
:10690000A38943F04003A3814FF0FF30BDE8F0813D
:106910000744A8EB0008E8E70100402038B50B6900
:1069200005460C4613B91D46284638BD18B1036A02
:106930000BB9FDF717FEB4F90C30002BF3D0626EE3
:10694000D00704D4990502D4A06DFEF706F82846B6
:106950002146FFF763FF636EDA070546E4D4A38997
:106960009B05E1D4A06DFDF7F9FFDDE70EB403B59B
:10697000014603AB054853F8042B0068019300F06F
:1069800079F902B05DF804EB03B07047A80200206B
:1069900070B50B785E2B0BBF4B784C1C8C1C002207
:1069A00008BF0122411E00F1FF0501F8012FA94295
:1069B000FBD113B9621E104670BD82F00101C154B3
:1069C0002246144614F8015B2D2D05D05D2D16D0FE
:1069D000002DF0D02B46F2E756785D2EFAD0B34268
:1069E000F8DC02321C460134A6420155FBDCF41AE5
:1069F000013CB342A8BF002401332344E1E722460F
:106A0000D9E72DE9F0410C46496B04F14403994262
:106A10001DD14FF48061FEF78BFB18B94FF0FF30AA
:106A2000BDE8F0814FF48063A36394F8463060635F
:106A300080F8FF3394F8453080F8FE3394F8443002
:106A400080F8FD3300F2FD3020600020E8E7A66BFF
:106A500077003A4600F03BF805460028DED000EB10
:106A60000608014632464046FDF779FFC4E90D5756
:106A7000C4F80080E9E7000038B5064C002305465D
:106A80000846236000F0A0FB431C02D1236803B139
:106A90002B6038BD2C6C012008B5062000F0B8FA38
:106AA000012000F0A7FB70B5A1FB026535B93146A6
:106AB000FEF73EFB044628B9204670BD0C23036058
:106AC0000024F9E732462946FDF73FFEF4E72DE9B9
:106AD000F041074615460C4621B9BDE8F041114684
:106AE000FEF726BB2AB9FDF777FF2C462046BDE806
:106AF000F08100F0A9FA8542064602D8B5EB500FA6
:106B0000F4D829463846FEF713FB804608B94446B8
:106B1000ECE7B5422A46214628BF3246FDF71FFF63
:106B200021463846FDF758FFF1E70000242B2DE9F8
:106B3000F047884601D8012B06D1FDF7E3FE162366
:106B400003600020BDE8F087344E0D46294615F855
:106B5000014B375D17F00807F8D12D2C10D12C7898
:106B600001278D1C33F0100115D1302C0DD129785F
:106B700001F0DF01582908D16C78023510230AE0B2
:106B80002B2C04BF2C788D1CECE7002BF6D1302C7D
:106B900014BF0A23082307F1004E0EF1FF3E002127
:106BA000BEFBF3F90E4603FB19EAA4F1300CBCF16D
:106BB000090F10D86446A3421EDDB1F1FF3F07D094
:106BC000B14516D301D1A24513DB06FB03460121D3
:106BD00015F8014BE9E7A4F1410CBCF1190F01D8FC
:106BE000373CE8E7A4F1610CBCF1190F04D8573C1D
:106BF000E1E74FF0FF31EBE74B1C05D122230360A7
:106C0000764632B930469DE707B17642002AF9D080
:106C100009B105F1FF38C2F80080F3E791E10408FB
:106C2000FFF784BF9368013B002B10B4936007DA31
:106C30009469A34201DB0A2902D110BC00F02EB9ED
:106C40001368581C10601970084610BC7047F8B5DE
:106C500006460F461446D518AC4201D1002007E085
:106C600014F8011B3A463046FFF7DCFF431CF3D112
:106C7000F8BD00002DE9F04706469CB00D461446CD
:106C80001F4618B1036A0BB9FDF76CFC6B6ED90790
:106C900005D4AB899A0502D4A86DFDF75EFEAB89D9
:106CA0001B0701D52B699BB92946304600F034F902
:106CB00070B16B6EDE0704D54FF0FF301CB0BDE83D
:106CC000F087AB899C05F7D4A86DFDF747FEF3E785
:106CD0000023099320238DF82930039730236A4F2E
:106CE0008DF82A304FF0010823461A7899461AB1D8
:106CF000252A03F10103F8D1B9EB040A0BD053465E
:106D0000224629463046FFF7A2FF013000F0A3805B
:106D1000099A5244099299F80030002B00F09B80A8
:106D200000224FF0FF33CDE9053209F10109049249
:106D300007928DF853201A924C46052214F8011B35
:106D40005148D9F7DDFA049AD0B9D00644BF2023C0
:106D50008DF85330110744BF2B238DF8533099F829
:106D600000302A2B13D007994B4600204FF00A0C15
:106D70001A78303A092A1C464AD9A8B1079113E07B
:106D8000C01B08FA00F010430490A146D4E7039B0F
:106D9000191D1B680391002BBBBF5B4242F002022E
:106DA00007930793B8BF049223782E2B0AD16378F8
:106DB0002A2B32D1039B1A1D1B68039243EAE3730B
:106DC00002340593DFF8D090217803224846D9F7A2
:106DD00097FA38B1049BA0EB09004022824013438C
:106DE00001340493217829488DF828100622D9F718
:106DF00087FA00283ED0264818BB039B073323F0B0
:106E0000070308330393099B0344013409936BE799
:106E100001330CFB01210120AAE700230593611C2B
:106E200018464FF00A0C0A78303A092A0C4603D962
:106E3000002BC7D00590C5E701310CFB00200123D2
:106E4000F1E703AB00932A46124B04A93046AFF397
:106E50000080431CD7D16B6ED90705D4AB899A0546
:106E600002D4A86DFDF77AFDAB895B063FF524AF30
:106E7000099823E703AB00932A46064B04A9304642
:106E8000FFF75CFAE5E700BFF0E00408FAE0040869
:106E9000000000004F6C0208F6E00408F8B5054653
:106EA0000F46144618B1036A0BB9FDF75BFBA369E3
:106EB000A360A3891A0701D5236943B9214628464F
:106EC00000F02AF818B14FF0FF363046F8BD2369BC
:106ED0002068C01A6369834205DC21462846FFF713
:106EE0001DFD0028EFD1A368013BA36023685A1C55
:106EF00022601F70636901308342FEB204D0A3890F
:106F0000DB07E2D50A2EE0D121462846FFF706FD31
:106F10000028DAD0D7E7000038B5284B05461868B6
:106F20000C4618B1036A0BB9FDF71CFBB4F90C3021
:106F3000190720D4DA0607D409222A6043F0400357
:106F4000A3814FF0FF3031E0580711D5616B41B19B
:106F500004F14403994202D02846FDF73DFD002389
:106F600063630022A38962602269226023F0240304
:106F700043F00803A38123694BB9A38903F4207369
:106F8000B3F5007F03D02146284600F089F8B4F914
:106F90000C3013F001020AD00022A2606269524252
:106FA000A261226942B913F08000C7D138BD9907A8
:106FB00058BF6269A260F4E70020F7E7A80200204A
:106FC0001F2938B505460C4604D9162303604FF037
:106FD000FF3038BDC26B12B152F821304BB9284690
:106FE00000F030F8224601462846BDE8384000F05F
:106FF00017B8012B0AD0591C03D1162303600120B6
:10700000E7E7002142F82410204698470020E0E7F7
:10701000024B01461868FFF7D3BF00BFA80200204B
:1070200038B5074C0023054608461146236000F09A
:10703000B3F8431C02D1236803B12B6038BD00BFF5
:107040002C6C012000F098B851F8043C181F002B5C
:10705000BCBF0B58C018704770B50E46B1F90E1082
:10706000002996B014461D460ADAB28912F0800251
:1070700013D14FF4806100202A60216016B070BDEA
:107080006A4600F047F80028EFDB019A02F47042EC
:10709000A2F500535A425A41EBE700224021EAE7A9
:1070A0008B8973B59E0705460C4607D504F1470347
:1070B000236023610123636102B070BD01AB6A46A6
:1070C000FFF7CAFF009E28463146FEF731F8B4F9B3
:1070D0000C3038B99A05EFD423F0030343F00203D0
:1070E000A381E3E743F08003A381019B2060C4E90F
:1070F0000406002BE0D0B4F90E10284600F01CF86E
:107100000028D9D0A38923F0030343F00103A3810E
:10711000D2E7000038B5074C002305460846114663
:10712000236000F021F8431C02D1236803B12B60D7
:1071300038BD00BF2C6C012038B5064C0023054635
:107140000846236000F020F8431C02D1236803B1F5
:107150002B6038BD2C6C0120024B58221A604FF076
:10716000FF3070472C6C0120024B58221A604FF000
:10717000FF3070472C6C0120024B58221A604FF0F0
:10718000FF3070472C6C0120024B58221A600020FF
:10719000704700BF2C6C0120024B58221A604FF040
:1071A000FF3070472C6C0120024B58221A604FF0C0
:1071B000FF3070472C6C0120024B58221A604FF0B0
:1071C000FF3070472C6C0120044A05491368002BDE
:1071D00008BF0B4618441060184670473C6C0120ED
:1071E000406C0120024B58221A604FF0FF3070476C
:1071F0002C6C0120FEE700BF41EC170BB5EEC07B05
:10720000F1EE10FA01D400F00BB808B581F000419E
:1072100000F006F8404261EB410108BD00000000AB
:107220009FED0B7B41EC160B9FED0B5B26EE077B76
:10723000BCEEC77BB8EE474BA4EE456BFCEEC67BBD
:1072400017EE101A17EE900A704700BFAFF30080D8
:10725000000000000000F03D000000000000F041D0
:107260002DE9F04782B00646DDF828E00846B4462E
:107270000D46002B4ED18A4214466DD9B2FA82F2E5
:1072800042B1C2F12003954026FA03F394401D4316
:1072900006FA02FC260CA7B2B5FBF6F14FEA1C4336
:1072A00006FB115543EA054301FB07F0984209D953
:1072B000E31801F1FF3580F00381984240F200812C
:1072C000023923441B1A1FFA8CFCB3FBF6F006FBB1
:1072D00010334CEA034C00FB07F363450AD914EB67
:1072E0000C0C00F1FF3580F0ED80634540F2EA8040
:1072F000A444023840EA0140ACEB030C0021BEF18B
:10730000000F04D02CFA02F30022CEE9003202B0C2
:10731000BDE8F0878B4209D9BEF1000F01D0CEE95C
:1073200000610021084602B0BDE8F087B3FA83F19E
:10733000174600294DD1834202D3B24200F20F8199
:10734000B6EB070C60EB030301201D46BEF1000FF6
:10735000DDD0CEE900C5DAE7002A00F098801A46B1
:10736000B4FA84F3002B40F0AF800B1B270CA6B2BD
:107370000121B3FBF7F54FEA1C4007FB153340EA48
:10738000034306FB05F8984507D9E31805F1FF30DC
:1073900002D2984500F2E8800546A3EB08031FFAE5
:1073A0008CFCB3FBF7F007FB10334CEA034C06FBF5
:1073B00000F3634508D914EB0C0C00F1FF3602D240
:1073C000634500F2CE803046ACEB030C40EA05404A
:1073D00095E7C1F120058B4022FA05FC4CEA030C2D
:1073E00000FA01F426FA05F3E84002FA01F943EA4B
:1073F00004084FEA1C4206FA01FAB0FBF2F71FFA42
:107400008CF602FB17004FEA184444EA004407FBDD
:1074100006F0A0420AD91CEB040407F1FF3380F008
:107420009C80A04240F29980023F6444241A1FFAD3
:1074300088F3B4FBF2F002FB104443EA044300FB80
:1074400006F69E4209D91CEB030300F1FF3480F0DD
:1074500082809E427FD90238634440EA0740A0FB05
:1074600009749B1BA3423E46A04664D361D0BEF183
:10747000000F0AD0BAEB060263EB080303FA05F526
:10748000CA401543CB40CEE9005300213FE77308C3
:1074900043EAC1734A08190C41EA02414FEAC67C2B
:1074A0009BB2B2FBF4F02646A04627461F2243EAD1
:1074B0000143B1FBF4F1A3EB080341EA004158E7B3
:1074C0002946FFE6284615E71A46C3F120019C40ED
:1074D00026FA01F320FA01F190400343270C06FA43
:1074E00002FCB1FBF7F0A6B207FB1015190C41EA3C
:1074F000054100FB06F58D423BD9611801D28D4252
:1075000020D8491B0138B1FBF7F5019505FB06F8BA
:10751000019D9BB207FB151143EA0143434526D267
:10752000E31805F1FF31C6D24345C4D2A91E234456
:10753000C1E7BA459BD2B7EB090664EB0C040138EE
:10754000A04694E7651B29440238B1FBF7F5019585
:1075500005FB06F8DCE720467FE71F4666E708469E
:10756000F4E6A44402382FE7023D234415E70199CD
:10757000A1E7491BB1FBF7F5019505FB06F8C7E745
:10758000F8B500BFF8BC08BC9E467047F8B500BF10
:08759000F8BC08BC9E467047E0
:1075980048372C41524D2C52455345545F52455162
:1075A8005545535445442C4649454C443D52454461
:1075B8000D0A000048372C41524D2C524553455472
:1075C8005F5245515545535445442C4649454C4412
:1075D8003D424C55450D0A0041524D2C53594E43DE
:1075E8002C52455345542C4649454C442C5245444D
:1075F8000D0A000041524D2C53594E432C5245530D
:1076080045542C4649454C442C424C55450D0A00DE
:1076180052554E0048372C53544152542C54415320
:107628004B325F544553542C4649454C445F5345AF
:107638004C45435445440D0A0000000048372C537C
:10764800544152542C5441534B335F544553542C9A
:107658004649454C445F53454C45435445440D0AFF
:107668000000000048372C53544152542C574149CC
:10767800545F4B45595F52454C454153450D0A00EF
:10768800574149540000000048372C535441525484
:107698002C574149545F4649454C442C6A6F7973CD
:1076A8007469636B3D52494748545F5245445F4F84
:1076B800525F444F574E5F424C55450D0A0000003B
:1076C80048372C53544152542C574149545F555311
:1076D80045525F4B45592C6A6F793D25752C72616F
:1076E800773D256C750D0A0048372C535441525488
:1076F8002C555345525F4B45592C6669656C643D62
:107708005245440D0A00000048372C535441525446
:107718002C555345525F4B45592C6669656C643D41
:10772800424C55450D0A000048372C5354415254D9
:107738002C555345525F4B45592C6669656C643D21
:10774800554E4B4E4F574E0D0A0000004641554CC2
:107758005400000048372C4641554C542C53415690
:1077680045442C574149545F53544152545F544F38
:107778005F52455345540D0A0000000048372C4617
:1077880041554C542C555345525F4B45595F524512
:1077980053544152540D0A00257300002C00000078
:1077A800524B000054455354000000005441534BC1
:1077B8003300000053544152540000005345510017
:1077C8004649454C440000005241444955535F4DD9
:1077D8004D000000414E474C455F444547000000BE
:1077E80052454400424C5545000000005441534B5B
:1077F800320000004C3100004C32000053544F500E
:10780800000000004E4558540000000053544550F5
:107818000000000048372C4C4F472C5441534B3242
:107828005F52585F42595445532C53415645440DB5
:107838000A00000048372C4C4F472C5441534B3218
:107848005F52585F42595445532C534156455F4641
:1078580041494C0D0A000000524B2C544553542CFE
:107868005441534B322C0000524B2C544553542C4A
:107878005441534B332C000048372C544553542C57
:107888005441534B332C425553590D0A0000000004
:1078980048372C544553542C5441534B332C4143B3
:1078A8004B2C5345512C256C752C4649454C442C82
:1078B80025730D0A0000000048372C544553542CFA
:1078C8005441534B332C41434B5F41434345505440
:1078D80045440D0A0000000048372C544553542CE9
:1078E8005441534B322C425553590D0A00000000A5
:1078F80048372C4C4F472C5441534B325F52585FFA
:1079080053544152542C53415645440D0A0000002B
:1079180048372C4C4F472C5441534B325F52585FD9
:1079280053544152542C534156455F4641494C0DDE
:107938000A00000048372C544553542C5441534BEB
:10794800322C41434B2C5345512C256C752C464900
:10795800454C442C25730D0A0000000048372C5470
:107968004553542C5441534B322C41434B5F4143B4
:107978004345505445440D0A0000000048372C5434
:107988004553542C5441534B322C41434B2C5345B3
:10799800512C256C752C4649454C442C25732C5389
:1079A8005445502C256C750D0A00000048372C549E
:1079B8004553542C5441534B322C4552522C52456A
:1079C80041534F4E2C50415253450D0A00000000C0
:1079D80048372C544553542C5441534B322C455260
:1079E800522C524541534F4E2C50415253452C4C2A
:1079F800454E2C256C750D0A0000000048372C54A4
:107A08004553542C5441534B322C4552522C524519
:107A180041534F4E2C4C494E455F544F4F5F4C4F8E
:107A28004E470D0A0000000048372C544553542C8B
:107A38005441534B322C25732C5345512C256C75CE
:107A48002C4649454C442C25730D0A0048372C54C4
:107A58004553542C5441534B322C4552522C5345C8
:107A6800512C256C752C524541534F4E2C25732CA7
:107A78004649454C442C25730D0A000048372C54C0
:107A88004553542C5441534B332C25732C53455197
:107A98002C256C752C4649454C442C25730D0A0041
:107AA80048372C544553542C5441534B332C4143A1
:107AB8004B2C5345512C256C752C4649454C442C70
:107AC80025732C434F4D4D414E442C25730D0A0010
:107AD80048372C544553542C5441534B332C45525E
:107AE800522C5345512C256C752C524541534F4E01
:107AF8002C25732C4649454C442C25730D0A00004F
:107B0800504155534500000048372C544553542CD8
:107B18005441534B332C434F4E54524F4C2C5041ED
:107B28005553455F41434345505445440D0A0000B1
:107B3800524553554D45000048372C544553542C55
:107B48005441534B332C434F4E54524F4C2C5245B7
:107B580053554D455F41434345505445440D0A0034
:107B680048372C544553542C5441534B332C434FD2
:107B78004E54524F4C2C53544F505F414343455041
:107B88005445440D0A000000534C4F5700000000B4
:107B980048372C544553542C5441534B332C434FA2
:107BA8004E54524F4C2C534C4F575F414343455012
:107BB8005445440D0A0000004E4F524D414C000000
:107BC80048372C544553542C5441534B332C434F72
:107BD8004E54524F4C2C4E4F524D414C5F414343F3
:107BE80045505445440D0A00504152534500000089
:107BF8004C494E455F544F4F5F4C4F4E4700000075
:107C080053544F505045440050415553454400008B
:107C180048372C544553542C5441534B332C504122
:107C28005553455F484F4C440D0A00005245535583
:107C38004D45440048372C544553542C5441534B1C
:107C4800332C524553554D455F41434345505445A8
:107C5800440D0A004C4F43414C5F534552564F2C3C
:107C6800000000004C4F43414C5F534552564F00B3
:107C780053455400494E44455800000048372C4CA1
:107C88004F43414C5F534552564F2C4552522C524C
:107C98004541534F4E2C50415253450D0A000000A8
:107CA80048372C4C4F43414C5F534552564F2C4557
:107CB80052522C524541534F4E2C534552564F5F0A
:107CC800494E4445580D0A0048372C4C4F43414C07
:107CD8005F534552564F2C4552522C524541534FF3
:107CE8004E2C414E474C455F52414E47450D0A00C8
:107CF80048372C4C4F43414C5F534552564F2C410B
:107D0800434B2C494E4445582C256C752C414E4705
:107D18004C455F4445472C252E31660D0A0000006E
:107D2800524B2C41524D2C444953435F43415443D9
:107D3800482C505245505F484947485F41434B00E3
:107D480048372C41524D2C444953435F43415443D7
:107D5800482C505245505F484947485F434F4E466C
:107D680049524D45440D0A00524B2C41524D2C525C
:107D7800455345542C444F4E4500000048372C418C
:107D8800524D2C524B5F52455345545F444F4E451C
:107D98000D0A0000524B2C41524D2C52455345546C
:107DA8002C41434B0000000048372C41524D2C52C7
:107DB8004B5F52455345545F41434B0D0A00000049
:107DC800524B2C41524D2C52454144590000000061
:107DD80048372C41524D2C524B5F52454144590D66
:107DE8000A00000048372C41524D2C444953435F48
:107DF80043415443482C505245505F484947485FD7
:107E08004153594E435F53544152540D0A000000E8
:107E180041524D2C444953435F43415443482C50ED
:107E28005245505F484947482C4649454C442C2503
:107E3800732C4944312C25642C4944322C25642C5C
:107E48004944362C25640D0A0000000041524D2C8F
:107E580053594E432C4649454C442C5245440D0A2F
:107E68000000000041524D2C53594E432C464945C1
:107E78004C442C424C55450D0A00000048372C55FF
:107E880053422C52582C00000D0A000048372C454C
:107E980052522C5052455441534B5F41524D5F4C06
:107EA800494E455F544F4F5F4C4F4E470D0A0000F7
:107EB80048372C41524D2C424F4F545F574149543B
:107EC8005F524B0D0A00000048372C41524D2C429E
:107ED8004F4F545F524B5F52454144590D0A0000C1
:107EE80048372C4552522C424F4F545F41524D5FF8
:107EF8004C494E455F544F4F5F4C4F4E470D0A005B
:107F080048372C41524D2C424F4F545F524B5F52D1
:107F1800454144595F54494D454F55540D0A000099
:107F2800444953435F4341544348000041524D2C58
:107F380025732C53544152542C5345512C256C75A0
:107F48002C4649454C442C25730D0A0041524D2CB2
:107F580025732C5354415455532C5345512C256C9F
:107F6800750D0A00524B2C41524D2C25732C414360
:107F78004B2C5345512C256C75000000524B2C415D
:107F8800524D2C25732C444F4E452C5345512C25CE
:107F98006C750000524B2C41524D2C25732C4944D2
:107FA8004C452C5345512C256C750000524B2C41E7
:107FB800524D2C25732C425553592C5345512C2581
:107FC8006C750000524B2C41524D2C25732C455298
:107FD800522C5345512C256C7500000048372C4114
:107FE800524D2C25732C574149545F524B2C534505
:107FF800513D256C750D0A0048372C41524D2C25F2
:10800800732C534F46545F54494D454F55542C5388
:1080180045513D256C750D0A0000000041524D2C5C
:1080280025732C53544F502C5345512C256C750DEA
:108038000A00000048372C41524D2C25732C53540C
:108048004F505F53454E545F41465445525F534F1E
:1080580046545F54494D454F55542C5345513D2581
:108068006C750D0A0000000048372C41524D2C2534
:10807800732C53544152545F53454E540D0A00001B
:1080880048372C41524D2C25732C41434B2C5345DA
:10809800513D256C750D0A002C524541534F4E2C0D
:1080A8005245434F56455245445F000048372C41DE
:1080B800524D2C25732C444F4E452C5345513D258C
:1080C8006C750D0A0000000048372C5741524E2CA1
:1080D8005441534B312C444953435F434154434823
:1080E8005F5245434F56455245442C41524D5F48D7
:1080F8004F4D453D4F4B2C434F4E54494E55450D22
:108108000A00000048372C41524D2C25732C52454B
:108118004D4F54455F4552524F522C5345513D25C2
:108128006C750D0A0000000048372C41524D2C2573
:10813800732C524B5F425553592C5345513D256C76
:10814800750D0A0048372C41524D2C25732C524589
:1081580053544152545F41465445525F524B5F4914
:10816800444C452C5345513D256C750D0A000000C3
:1081780048372C4552522C41524D5F4C494E455F71
:10818800544F4F5F4C4F4E470D0A000048372C4163
:10819800524D2C25732C4259504153535F4E4F5F1B
:1081A800524B2C5345513D256C750D0A00000000BB
:1081B80041524D2C504C4154464F524D5F5049430B
:1081C8004B2C50524553454C4543542C5345512C48
:1081D800256C752C4649454C442C25732C434F552A
:1081E8004E542C25750D0A00524B2C41524D2C50E3
:1081F8004C4154464F524D5F5049434B2C505245C9
:1082080053454C4543545F41434B2C5345512C2512
:108218006C750000524B2C41524D2C504C41544629
:108228004F524D5F5049434B2C50524553454C4596
:1082380043545F444F4E452C5345512C256C7500D3
:1082480041524D2C504C4154464F524D5F5049437A
:108258004B2C53544152542C5345512C256C752C9E
:108268004649454C442C25732C534C4F542C256CB3
:10827800750D0A00524B2C41524D2C504C4154461E
:108288004F524D5F5049434B2C41434B2C53455162
:108298002C256C7500000000524B2C41524D2C507F
:1082A8004C4154464F524D5F5049434B2C444F4E1E
:1082B800452C5345512C256C75000000524B2C4120
:1082C800524D2C504C4154464F524D5F5049434BF0
:1082D8002C4552522C5345512C256C75000000003A
:1082E80041524D2C504C4154464F524D5F504943DA
:1082F8004B2C5354415455532C5345512C256C75D4
:108308000D0A000050524553454C454354000000A7
:10831800534C4F540000000048372C41524D2C500C
:108328004C4154464F524D5F5049434B2C25735F87
:10833800574149542C5345513D256C752C464945A8
:108348004C443D25732C534C4F543D256C750D0AF8
:108358000000000048372C41524D2C504C415446E7
:108368004F524D5F5049434B2C25735F54494D453F
:108378004F55542C5345513D256C752C534C4F5437
:108388003D256C750D0A000048372C41524D2C5084
:108398004C4154464F524D5F5049434B2C25735F17
:1083A80053454E542C5345513D256C752C46494533
:1083B8004C443D25732C534C4F543D256C750D0A88
:1083C8000000000048372C41524D2C504C41544677
:1083D8004F524D5F5049434B2C25735F41434B2C03
:1083E8005345513D256C752C534C4F543D256C75A8
:1083F8000D0A000048372C41524D2C504C41544630
:108408004F524D5F5049434B2C25735F444F4E45A7
:108418002C5345513D256C752C534C4F543D256CC0
:10842800750D0A0048372C41524D2C504C4154468A
:108438004F524D5F5049434B2C25735F4552522C88
:108448005345513D256C752C534C4F543D256C7547
:108458000D0A000048372C4552522C504C415446C6
:108468004F524D5F5049434B5F4C494E455F544F07
:108478004F5F4C4F4E470D0A0000000048372C4113
:10848800524D2C504C4154464F524D5F5049434B2E
:108498002C25735F4259504153535F4E4F5F524BE7
:1084A8002C5345513D256C752C534C4F543D256C30
:1084B800750D0A0048372C41524D2C25732C535406
:1084C8004152545F4153594E432C5345513D256CFD
:1084D800750D0A0048372C41524D2C25732C5354E6
:1084E8004152545F53454E545F4153594E430D0A10
:1084F8000000000048372C41524D2C25732C414375
:108508004B5F4153594E432C5345513D256C750DD6
:108518000A00000048372C41524D2C25732C524537
:108528004D4F54455F4552524F525F4153594E4348
:108538002C5345513D256C750D0A000048372C41D8
:10854800524D2C25732C524B5F425553595F415362
:10855800594E432C5345513D256C750D0A000000BA
:1085680048372C41524D2C25732C425950415353B6
:108578005F4E4F5F524B5F4153594E432C53455109
:108588003D256C750D0A000048372C41524D2C537F
:10859800544F505F574954484F55545F41435449CD
:1085A80056455F53455155454E43450D0A00000059
:1085B80048372C41524D2C25732C53544F505F573C
:1085C8004149542C5345513D256C750D0A00000056
:1085D80048372C41524D2C25732C53544F505F5320
:1085E800454E540D0A00000048372C41524D2C25A9
:1085F800732C444F4E455F53544F502C5345513DB7
:10860800256C750D0A00000048372C41524D2C2569
:10861800732C52454D4F54455F4552524F525F534C
:10862800544F502C5345513D256C750D0A000000E0
:1086380048372C41524D2C25732C53544F505F54BE
:10864800494D454F55542C5345513D256C750D0AE0
:108658000000000041524D2C4155585F5A502C5390
:1086680045542C5345512C256C752C4649454C4492
:108678002C25732C4348414E4E454C2C256C752CAB
:1086880050554C53452C256C752C54494D452C257B
:108698006C750D0A0000000041524D2C4155585F81
:1086A8005A502C5345542C5345512C256C752C4647
:1086B80049454C442C25732C534552564F5F494429
:1086C8002C25752C50554C53452C256C752C54492C
:1086D8004D452C256C750D0A00000000524B2C41AD
:1086E80055585F5A502C41434B2C5345512C256CFF
:1086F80075000000524B2C4155585F5A502C444F7E
:108708004E452C5345512C256C750000524B2C417D
:1087180055585F5A502C4552522C5345512C256CB4
:1087280075000000530000004944000048372C4100
:1087380055585F5A502C574149542C5345513D25A3
:108748006C752C5441524745543D2573256C752C46
:1087580050554C53453D256C752C54494D453D2588
:108768006C750D0A0000000048372C4155585F5AB7
:10877800502C41434B0D0A0048372C4155585F5A3D
:10878800502C444F4E450D0A0000000048372C413C
:1087980055585F5A502C52454D4F54455F455252DB
:1087A8004F520D0A0000000048372C4552522C4108
:1087B80055585F5A505F4C494E455F544F4F5F4C78
:1087C8004F4E470D0A00000048372C4155585F5A54
:1087D800502C41434B5F54494D454F55540D0A00A9
:1087E80048372C4155585F5A502C444F4E455F54DA
:1087F800494D454F55540D0A0000000048372C528A
:108808004F5554452C5452414E534C4154494F4EA8
:108818005F574954485F5455524E2C5452414E5359
:108828004C4154494F4E5F444F4E452C48454144B6
:10883800494E475F534554544C450D0A000000000B
:1088480048372C41524D2C444953435F43415443CC
:10885800482C505245505F484947485F41434B4573
:10886800445F445552494E475F4152430D0A000048
:1088780048372C41524D2C444953435F434154439C
:10888800482C505245505F484947485F5741495422
:108898005F41465445525F4152430D0A00000000B3
:1088A80048372C41524D2C444953435F434154436C
:1088B800482C505245505F484947485F41434B4513
:1088C800445F41465445525F4152430D0A0000003F
:1088D80048372C41524D2C444953435F434154433C
:1088E800482C505245505F484947485F54494D45C8
:1088F8004F55540D0A00000048372C41524D2C4466
:108908004953435F43415443482C505245505F48B4
:108918004947485F41465445525F5441534B325F83
:108928005452414E534645520D0A000048372C41D7
:10893800524D2C444953435F43415443482C5052B1
:1089480045505F484947485F5441534B325F434F56
:108958004E4649524D45440D0A00000048372C52F6
:108968004F5554452C444953435F4152432C54526C
:10897800414E534C4154494F4E5F444F4E452C484D
:10898800454144494E475F534554544C450D0A00F0
:108998005441534B315F41465445525F4152430065
:1089A8005441534B325F41465445525F5345434F00
:1089B8004E444152595F5348494654005649534919
:1089C8004F4E2C57484954455F4C494E452C5155FC
:1089D8004552592C5345512C256C752C5048415300
:1089E800452C25730D0A000048372C564953494F2A
:1089F8004E2C57484954455F4C494E452C535441D9
:108A080052542C5345513D256C752C5048415345C3
:108A18003D25732C5245465F5931303D256C642CF9
:108A28005245465F413130303D25640D0A00000053
:108A380048372C564953494F4E2C57484954455F9F
:108A48004C494E452C54494D454F55542C4641559B
:108A58004C540D0A00000000524B2C564953494F04
:108A68004E2C57484954455F4C494E452C464F5566
:108A78004E442C5345512C256C752C5931302C25DE
:108A88006C642C413130302C256C642C572C256CAF
:108A9800642C482C256C640048372C564953494FA0
:108AA8004E2C57484954455F4C494E452C54524129
:108AB800434B2C5931303D256C642C465931303D9F
:108AC800256C642C44413D252E32662C414C494787
:108AD8004E3D25750D0A000048372C564953494F1D
:108AE8004E2C57484954455F4C494E452C43524FEC
:108AF800535345442C434F4E54494E55450D0A0097
:108B080048372C564953494F4E2C57484954455FCE
:108B18004C494E452C52454A4543545F5931305FC4
:108B28004A554D500D0A0000524B2C564953494F97
:108B38004E2C57484954455F4C494E452C4E4F548E
:108B48005F464F554E442C5345512C256C750000FB
:108B580048372C564953494F4E2C57484954455F7E
:108B68004C494E452C4D4953532C434F4E54494E76
:108B780055450D0A0000000048372C4552522C5725
:108B8800484954455F4C494E455F524553504F4EF6
:108B980053455F544F4F5F4C4F4E470D0A0000003E
:108BA80048372C564953494F4E2C57484954455F2E
:108BB8004C494E452C5345415243482C4449523D5B
:108BC800524556455253452C53504545443D302E49
:108BD80030382C543D333030306D730D0A000000AE
:108BE80048372C564953494F4E2C57484954455FEE
:108BF8004C494E452C5345415243482C4449523D1B
:108C0800464F52574152442C53504545443D302E0F
:108C180030380D0A0000000048372C4D4F544F5291
:108C28002C464545444241434B5F5052494D455FB0
:108C38004259504153530D0A0000000048372C4D4B
:108C48004F544F522C464545444241434B5F494E91
:108C580053554646494349454E542C7265717569CA
:108C68007265643D330D0A0048372C41524D2C5033
:108C780052455441534B5F53594E435F4143544906
:108C880056452C4649454C443D5245440D0A000082
:108C980048372C41524D2C5052455441534B5F5349
:108CA800594E435F4143544956452C4649454C4427
:108CB8003D424C55450D0A0048372C41524D2C5722
:108CC8004149545F52455345545F4245464F5245CA
:108CD8005F524F5554450D0A0000000048372C419B
:108CE800524D2C52455345545F434F4E4649524DC1
:108CF80045445F4245464F52455F524F5554450DD6
:108D08000A00000048372C41524D2C524553455417
:108D18005F4259504153535F4E4F5F524B5F42453C
:108D2800464F52455F524F5554450D0A000000000A
:108D380048372C41524D2C5052455441534B5F53A8
:108D4800594E435F53544F505F41545F4449534316
:108D58000D0A000048372C41524D2C444953435FBB
:108D680043415443482C505245505F484947485F57
:108D7800535441525445445F4245464F52455F4122
:108D880052430D0A0000000052554E4E494E47000E
:108D980048372C544553542C5441534B322C494E8C
:108DA800495449414C5F53484946542C4C45465414
:108DB8003D3430306D6D0D0A0000000048372C54EA
:108DC8004553542C5441534B322C494E4954494134
:108DD8004C5F53484946542C52494748543D343017
:108DE800306D6D0D0A00000048372C544553542C43
:108DF8005441534B322C57484954455F4C494E45D2
:108E08002C53544152542C5245465F5931303D320F
:108E18003030302C544F4C3D3130302C4143434599
:108E28004C3D302E31300D0A00000000574849549F
:108E3800455F4C494E45000048372C544553542C47
:108E48005441534B322C57484954455F4C494E4581
:108E58002C5245464552454E43455F52454143488D
:108E680045442C464F52574152443D25756D6D0D72
:108E78000A0000004D4F544F525F524F5554450061
:108E8800444F4E450000000048372C524F5554457A
:108E98002C5441534B325F494E495449414C5F531E
:108EA800484946542C4C4546543D3430306D6D2C61
:108EB8004D4F44453D5441534B325F574849544503
:108EC8005F4C494E450D0A0048372C524F555445C2
:108ED8002C5441534B325F494E495449414C5F53DE
:108EE800484946542C52494748543D3430306D6DFA
:108EF8002C4D4F44453D5441534B325F57484954DC
:108F0800455F4C494E450D0A0000000048372C5279
:108F18004F5554452C5441534B325F57484954459B
:108F28005F4C494E452C53544152542C5245465F90
:108F38005931303D323030302C544F4C3D31303087
:108F48002C53504545443D302E31302C4143434548
:108F58004C3D302E31300D0A0000000048372C52AD
:108F68004F5554452C5441534B325F57484954454B
:108F78005F4C494E452C5245464552454E43455F48
:108F8800524541434845442C464F52574152443D6F
:108F98003135306D6D0D0A0048372C544553542C2B
:108FA8005441534B332C4F524249545F535441520E
:108FB800542C4449523D4C4546542C524144495541
:108FC800533D3430306D6D2C414E474C453D333662
:108FD800306465670D0A000048372C544553542CFB
:108FE8005441534B332C4F524249545F53544152CE
:108FF800542C4449523D52494748542C5241444903
:1090080055533D3430306D6D2C414E474C453D3302
:1090180036306465670D0A004F524249540000001B
:1090280048372C4641554C542C4E4F5F4649454CC9
:10903800445F53454C45435445440D0A0000000025
:1090480048372C524F5554452C4649454C443D52BF
:1090580045440D0A000000004649454C442C524541
:10906800440D0A0048372C524F5554452C46494563
:109078004C443D424C55450D0A0000004649454CBC
:10908800442C424C55450D0A0000000048372C522C
:10909800432C524F5554455F41424F525445445F0B
:1090A80042595F52430D0A0048372C5741524E2C03
:1090B8004641554C545F434F4E54494E55452C43F9
:1090C8004F44453D256C752C4E4558545F535441CB
:1090D80047453D310D0A000048372C544553542C60
:1090E8005441534B322C574149545F4E4558545FB5
:1090F80053544154494F4E0D0A00000048372C5430
:109108004553542C5441534B322C414C4C5F5354CF
:109118004154494F4E535F444F4E450D0A000000DD
:1091280048372C544553542C5441534B332C4F52ED
:109138004249545F434F4D504C4554450D0A000079
:1091480048372C5741524E2C5441534B312C5748D9
:109158004954455F4C494E455F4E4F545F464F5505
:109168004E442C434F4E54494E55452C46414C4C89
:109178004241434B3D25756D6D0D0A0044495343EB
:109188005F4341544348000048372C41524D2C441A
:109198004953435F43415443482C484F4D455F432F
:1091A8004F4E4649524D45445F4245464F52455FF2
:1091B8005441534B325F5452414E534645520D0A67
:1091C8000000000048372C524F5554452C54415349
:1091D8004B325F444941474F4E414C2C4649454C20
:1091E800443D5245442C4241434B574152443D3142
:1091F8003335306D6D2C4C41544552414C3D323124
:1092080032306D6D2C5455524E3D4C4546543137D5
:10921800320D0A0048372C524F5554452C544153AF
:109228004B325F444941474F4E414C2C4649454CCF
:10923800443D424C55452C4241434B574152443DD5
:10924800313335306D6D2C4C41544552414C3D32D3
:109258003132306D6D2C5455524E3D524947485469
:109268003137320D0A00000048372C524F5554450B
:109278002C5441534B325F454E5452592C47595246
:109288004F5F414C49474E2C53544152542C544142
:10929800524745543D444941474F4E414C5F46492A
:1092A8004E414C0D0A00000048372C524F5554458A
:1092B8002C5441534B325F454E5452592C47595206
:1092C8004F5F414C49474E2C444F4E452C54415218
:1092D8004745543D444941474F4E414C5F46494EEE
:1092E800414C0D0A0000000048372C524F55544598
:1092F8002C5441534B325F50524553454C454354CF
:109308002C4649454C443D5245442C434F554E54F8
:109318003D322C4245464F52455F57484954455FB8
:109328004C494E450D0A000048372C524F555445BC
:109338002C5441534B325F50524553454C4543548E
:109348002C4649454C443D424C55452C434F554EBF
:10935800543D322C4245464F52455F574849544583
:109368005F4C494E450D0A0048372C524F5554451D
:109378002C5441534B325F50524553454C4543544E
:109388005F444F4E452C41524D5F484947485F5214
:10939800454144590D0A000048372C524F55544551
:1093A8002C5441534B325F534C4F545F53544152EA
:1093B800542C534C4F543D256C750D0A0000000089
:1093C80048372C524F5554452C5441534B325F5318
:1093D800484946545F4D4D2C56414C55453D256CEA
:1093E800750D0A00434F4C554D4E5F434154434859
:1093F8000000000048372C524F5554452C54415317
:109408004B332C504F53545F4F524249545F54557D
:10941800524E2C4649454C443D5245442C444952F1
:109428003D52494748542C414E474C453D383864D5
:1094380065670D0A0000000048372C4C4F43414C2B
:109448005F534552564F2C504F53545F524F55540B
:10945800452C494E4445582C302C414E474C455FCD
:109468004445472C38302E302C484F4C445F4D53E0
:109478002C353030300D0A0048372C4C4F43414CC6
:109488005F534552564F2C504F53545F524F5554CB
:10949800452C494E4445582C302C414E474C455F8D
:1094A8004445472C3135302E302C524553544F52B9
:1094B800450D0A0048372C524F5554452C544153FA
:1094C8004B332C504F53545F524556455253455FCA
:1094D8004C4546545F53484946542C4449535441DB
:1094E8004E43453D3330306D6D0D0A0048372C4CE6
:1094F8004F43414C5F534552564F2C504F53545F86
:10950800524F5554452C494E4445582C312C414E08
:10951800474C455F4445472C39302E302C484F4C3A
:10952800445F4D532C353030300D0A0048372C4CF1
:109538004F43414C5F534552564F2C504F53545F45
:10954800524F5554452C494E4445582C312C414EC8
:10955800474C455F4445472C33302E302C524553F9
:10956800544F52450D0A000048372C524F55544568
:109578002C5441534B332C434F4D504C4554452CA0
:10958800504F53545F524556455253455F444F4ED2
:10959800452C44495354414E43453D3635306D6D55
:1095A8000D0A000048372C524F5554452C5441534E
:1095B8004B332C504F53545F524556455253452C0C
:1095C800444F4E452C44495354414E43453D36354E
:1095D800306D6D0D0A00000048372C524F55544528
:1095E8002C5441534B332C504F53545F444F4E45EA
:1095F8002C5332333D3530302D3E313030302C4C09
:109608004546543D3330306D6D2C5331323D313544
:1096180030302D3E3630300D0A00000048372C52CD
:109628004F5554452C5441534B332C504F53545F92
:10963800444F4E452C5332333D3530302D3E31307A
:1096480030300D0A0000000048372C524F55544561
:109658002C444F4E452C574149545F4E4558545F52
:1096680053544152540D0A0048372C52432C494E4A
:109678005055545F4556454E542C49474E4F524518
:10968800445F464F525F434F4E54494E55495459D3
:109698000D0A00004C49564500000000484F4C4454
:1096A8000000000048372C52432C4143544956458A
:1096B8002C736F757263653D25732C6368313D2586
:1096C800752C6368323D25752C6368333D25752CF0
:1096D8006368343D25752C6368353D25752C6368B2
:1096E800363D25752C76785F6D6D3D256C642C763E
:1096F800795F6D6D3D256C642C777A5F6D7261645E
:109708003D256C642C76616C69643D256C752C6C08
:109718006F73743D256C752C6661696C7361666541
:109728003D256C752C72616E67653D256C752C75D1
:109738006172745F6572723D256C752C63616E5F32
:1097480074783D256C750D0A0000000048372C52CE
:10975800432C4143544956452C736F757263653DDC
:1097680025732C6E6F5F6672616D652C76616C690E
:10977800643D256C752C6C6F73743D256C752C6677
:1097880061696C736166653D256C752C72616E67E5
:10979800653D256C752C756172745F6572723D2527
:1097A8006C752C63616E5F74783D256C750D0A00CD
:1097B80048372C52432C49444C452C6368353D2589
:1097C800752C6368313D25752C6368323D25752CF1
:1097D8006368343D25752C76616C69643D256C752C
:1097E8002C756172745F6572723D256C750D0A0087
:1097F80048372C52432C49444C452C6E6F5F667297
:10980800616D652C76616C69643D256C752C75619C
:1098180072745F6572723D256C750D0A0000000058
:109828005243000048372C52432C54414B454F5665
:1098380045520D0A0000000048372C52432C4D4F6A
:10984800544F525F454E41424C455F4641494C0D8D
:109858000A00000048372C52432C52454C454153CE
:10986800455F5A45524F5F4641494C0D0A0000007A
:1098780048372C52432C52454C454153455F52457D
:109888005452590D0A00000048372C52432C5245B7
:109898004C45415345442C5349474E414C5F4C4F2E
:1098A80053542C574149545F555345525F4B4559C2
:1098B8000D0A000048372C52432C52454C45415361
:1098C80045442C4348355F4C4F572C574149545F0A
:1098D800555345525F4B45590D0A000048372C52E5
:1098E800432C4D4F544F525F434F4D4D414E445FB3
:1098F8004641494C0D0A000048372C52432C4D4F25
:10990800544F525F454E41424C455F52455452595F
:109918000D0A00004C4F472C4E4F4E450D0A0000D3
:109928004C4F472C424547494E2C736C6F743D256C
:109938006C752C7365713D256C752C636F756E7431
:109948003D256C752C73746174653D256C752C66AA
:1099580061756C743D256C752C706572696F645FF8
:109968006D733D256C752C7265636F72645F6279E7
:109978007465733D256C750D0A000000696E646599
:10998800782C74696D655F6D732C73746174652CC4
:109998006661756C742C6779726F5F6D7261645F54
:1099A800732C7961775F6D7261642C73706565647F
:1099B8005F6D6D5F732C636F7272656374696F6E30
:1099C8005F6D7261645F732C64697374616E636543
:1099D8005F6D6D2C74656D705F6D432C666C5F6D8B
:1099E8007261645F732C66725F6D7261645F732C61
:1099F800726C5F6D7261645F732C72725F6D7261FD
:109A0800645F732C63616E5F74785F6572726F72E6
:109A1800732C63616E5F6275735F6F6666732C6328
:109A2800726F73735F6D6D2C63726F73735F636DA9
:109A3800645F6D6D5F732C63726F73735F737065B2
:109A480065645F6D6D5F732C6576656E740D0A00D5
:109A5800256C752C256C752C256C752C256C752C36
:109A6800256C642C256C642C256C642C256C642C6A
:109A7800256C642C256C642C256C642C256C642C5A
:109A8800256C642C256C642C256C752C256C752C28
:109A9800256C642C256C642C256C642C256C750D48
:109AA8000A0000004C4F472C454E440D0A000000A8
:109AB800444D2D4D433032005642555300000000AE
:109AC80056000000594157006465670044495354E3
:109AD800000000006D000000524B0000535441523A
:109AE8005400000057414954000000004A4F5900F3
:109AF8004649454C440000004F4B00002D2D000006
:109B080055500000444F574E000000004C45465445
:109B18000000000052494748540000005052455385
:109B2800530000004E4F4E4500000000202020202A
:109B38002020000052454400424C554500000000DA
:109B4800444D2D4D4330322D4837204344430000C7
:109B580044614D69616F0000483720434443204306
:109B68006F6E666967000000483720434443204908
:109B78006E74657266616365000000000000000095
:109B880000000000000000000000000000000000CD
:109B980001000000020000000300000004000000B3
:109BA80000000000050000000000000000000000A8
:109BB8000000000006000000000000000000000097
:109BC800000000000700000035E1040838E104083F
:109BD8003BE10408CDCC4C3DEC51383E0AD7233E3E
:109BE80089926A420000803F000080BF0000803FE9
:109BF800000080BF0000000000000000000000001E
:109C0800000000000000000000000000000000004C
:109C1800000000000000000000000000000000003C
:109C280000000000000048C10000484189926AC253
:109C380089926A42000040C10000404100000000D3
:109C48000000FA43000000000000A04001000200EC
:109C5800030004000000803F000080BF0000803F38
:109C6800000080BF000000000000000000000000AD
:109C78000000000001030004050000000000803F10
:109C88000000803F0000803F0000803F000000404F
:109C9800CDCC4C3E3333B33E6666263F0000803F52
:109CA800E803DC05D00750005000B0040807B004F2
:109CB800080700002C01000001000000CDCC4C3D3D
:109CC800EC51383E0AD7233E89926A420000803F11
:109CD800000080BF0000803F000080BF000000003F
:109CE8000000000000000000000004040404040058
:109CF8000004000014140A00000000000000000026
:109D080000000A0A1F0A0A1F0A0A000000040E15AA
:109D180005060C14150E0400000012150D152E2C46
:109D28002A1200000000040A0A3615152916000038
:109D380002020100000000000000000010080804F2
:109D480004040404080810000204040808080808A9
:109D58000404020000000004150E0E1504000000A3
:109D680000000008083E080800000000000000008D
:109D7800000000000202010000000000003F000097
:109D880000000000000000000000000000020000C9
:109D980000201010080804040202010000000E113F
:109DA80011111111110E000000000406040404042E
:109DB800040E000000000E1111080402011F00002B
:109DC80000000E11100C1010110E00000000080CFD
:109DD8000C0A091F081C000000001F01010F1110C8
:109DE800110E000000000C12010D1311110E0000DD
:109DF80000001E10080804040404000000000E11EE
:109E0800110E1111110E000000000E11111916107B
:109E18000906000000000000040000000004000023
:109E28000000000000040000000404000000100806
:109E38000402020408100000000000003F003F0078
:109E480000000000000002040810100804020000CE
:109E580000000E11110804040004000000001C2278
:109E6800292D2D1D221C0000000004040C0A0A1EC6
:109E78001233000000000F12120E1212120F00000F
:109E880000001E1101010101110E000000000F1257
:109E980012121212120F000000001F120A0E0A02FC
:109EA800121F000000001F120A0E0A02020700001B
:109EB80000001C1201013911120C000000003312BD
:109EC800121E12121233000000001F0404040404BE
:109ED800041F000000003E080808080808080907D1
:109EE800000037120A060A121237000000000702A3
:109EF80002020202223F000000003B1B1B1B15153B
:109F08001535000000003B1216161A1A1217000029
:109F180000000E1111111111110E000000000F1296
:109F2800120E02020207000000000E111111111793
:109F3800190E180000000F12120E0A121237000034
:109F480000001E1101060810110F000000001F1567
:109F580004040404040E000000003312121212124A
:109F6800120C000000003312120A0A0C040400004C
:109F78000000151515150E0A0A0A000000001B0A34
:109F88000A04040A0A1B000000001B0A0A0A040447
:109F9800040E000000001F0908040402121F00003C
:109FA8001C0404040404040404041C000002020445
:109FB80004040808081010000E0808080808080813
:109FC80008080E00040A000000000000000000005D
:109FD80000000000000000000000003F0204000034
:109FE800000000000000000000000000000C121C2F
:109FF800123C000000030202020E1212120E0000B0
:10A0080000000000001C1202120C000000181010C2
:10A01800101C1212123C000000000000000C121E5E
:10A02800021C000000182404041E0404041E00007E
:10A0380000000000003C120C021C221C000302025B
:10A04800020E121212370000000404000006040475
:10A05800040E000000080800000C0808080808079B
:10A0680000030202021A0A060A1300000007040489
:10A0780004040404041F000000000000000F15156C
:10A088001515000000000000000F12121237000022
:10A0980000000000000C1212120C0000000000006A
:10A0A800000F1212120E020700000000001C12120C
:10A0B800121C103800000000001B060202070000F6
:10A0C80000000000001E020C101E0000000000042A
:10A0D800041E0404041C000000000000001B1212EF
:10A0E800123C000000000000001B0A0A04040000E3
:10A0F800000000000015150E0A0A0000000000000C
:10A10800001B0A040A1B00000000000000331212A2
:10A118000C08040300000000001E0804041E0000D0
:10A1280018080808080C080808081800080808088B
:10A1380008080808080808080604040404080404B1
:10A1480004040600160900000000000000000000DA
:10A1580000000000000000000000000000000000F7
:10A16800000000080808080808080000181800007F
:10A1780000486C24120000000000000000000000ED
:10A188000000002424247F1212127F1212120000F1
:10A198000000081C2A2A0A0C1828282A2A1C080841
:10A1A80000000022251515152A5854545422000081
:10A1B8000000000C1212120A76252911916E000077
:10A1C8000006060403000000000000000000000074
:10A1D8000040201010080808080808101020400047
:10A1E80000020408081010101010100808040200DB
:10A1F8000000000008086B1C1C6B08080000000029
:10A2080000000000080808087F0808080800000087
:10A218000000000000000000000000000606040323
:10A228000000000000000000FE0000000000000028
:10A23800000000000000000000000000060600000A
:10A24800000080404020201010080804040202008A
:10A2580000000018244242424242424224180000B0
:10A26800000000080E08080808080808083E000052
:10A278000000003C4242422020100804427E0000B8
:10A288000000003C4242201820404042221C0000AE
:10A29800000000203028242422227E20207800007C
:10A2A8000000007E0202021A26404042221C0000E2
:10A2B800000000382402021A2642424224180000F4
:10A2C8000000007E22221010080808080808000074
:10A2D8000000003C4242422418244242423C000012
:10A2E800000000182442424264584040241C0000E8
:10A2F80000000000000018180000000018180000F6
:10A308000000000000000008000000000008080429
:10A31800000000402010080402040810204000003B
:10A328000000000000007F0000007F000000000027
:10A338000000000204081020402010080402000059
:10A348000000003C4242464020101000181800004F
:10A358000000001C225A555555552D42221C00005C
:10A368000000000808181414243C224242E70000A8
:10A378000000001F2222221E22424242221F000009
:10A388000000007C4242010101010142221C000040
:10A398000000001F2242424242424242221F000065
:10A3A8000000003F4212121E12120242423F0000F9
:10A3B8000000003F4212121E1212020202070000A1
:10A3C8000000003C2222010101712122221C000010
:10A3D800000000E7424242427E42424242E7000019
:10A3E8000000003E0808080808080808083E0000A1
:10A3F8000000007C10101010101010101010110F19
:10A408000000007722120A0E0A1212222277000098
:10A41800000000070202020202020202427F00005C
:10A4280000000077363636362A2A2A2A2A6B000098
:10A43800000000E346464A4A525252626247000010
:10A448000000001C2241414141414141221C0000C1
:10A458000000003F424242423E0202020207000060
:10A468000000001C2241414141414D53321C600013
:10A478000000003F4242423E1212222242C7000020
:10A488000000007C4242020418204042423E000084
:10A498000000007F4908080808080808081C000090
:10A4A800000000E74242424242424242423C00002F
:10A4B800000000E74242222424141418080800006F
:10A4C8000000006B494949495555362222220000AF
:10A4D800000000E7422424181818242442E700004A
:10A4E800000000772222141408080808081C00003D
:10A4F8000000007E2120101008040442423F0000A2
:10A5080000780808080808080808080808087800F3
:10A51800000002020404080808101020202040400F
:10A52800001E1010101010101010101010101E0027
:10A538000038440000000000000000000000000097
:10A54800000000000000000000000000000000FF04
:10A5580000060800000000000000000000000000E5
:10A56800000000000000003C4278444242FC000029
:10A57800000000030202021A26424242261A000084
:10A5880000000000000000384402020244380000C5
:10A5980000000060404040784442424264D80000D5
:10A5A800000000000000003C427E0202423C000025
:10A5B800000000F08808087E08080808083E000027
:10A5C800000000000000007C22221C023C42423CA9
:10A5D800000000030202023A4642424242E70000FB
:10A5E8000000000C0C00000E08080808083E0000D7
:10A5F8000000003030000038202020202020221EBB
:10A608000000000302020272120A161222770000EA
:10A618000000000E0808080808080808083E00009E
:10A62800000000000000007F9292929292B7000012
:10A63800000000000000003B4642424242E70000A2
:10A64800000000000000003C42424242423C000040
:10A65800000000000000001B26424242221E0207A2
:10A66800000000000000007844424242447840E084
:10A6780000000000000000774C040404041F0000E0
:10A68800000000000000007C42023C40423E000006
:10A69800000000000008083E08080808083000000C
:10A6A80000000000000000634242424262DC0000F9
:10A6B80000000000000000E74224241408080000FD
:10A6C80000000000000000EB494955552222000017
:10A6D800000000000000007624181818246E0000FE
:10A6E80000000000000000E74224241418080807AE
:10A6F800000000000000007E22100808447E0000D0
:10A7080000C0202020202010202020202020C00051
:10A718001010101010101010101010101010101031
:10A7280000060808080808100808080808080600AD
:10A738000C32C20000000000000000000000000011
:10A748000000000000000000000000000000000001
:10A7580000000000000000000000000000000000F1
:10A7680000000000000000000000000000000000E1
:10A778000000000000000000600060006000600051
:10A788006000600060004000200020002000000001
:10A798000000000060006000600000000000000091
:10A7A800000000006006600630039801880044003D
:10A7B8000000000000000000000000000000000091
:10A7C8000000000000000000000000000000000081
:10A7D8000000000000000000100210021002100229
:10A7E800FE07FE0708020801080108010801FE0724
:10A7F800FE07040104010401040100000000000038
:10A8080000000000000040004000F00158034C0325
:10A81800CC034C0058007000E000C001C0014003A8
:10A828004C035C034C034801F0004000400000006A
:10A8380000000000000000000E010A0191009100D4
:10A848009100510051003A00AE03A0025004500498
:10A8580048044804480484028403000000000000FF
:10A86800000000000000000038006C006C006C0064
:10A878006C006C002C0098071C011A01330133018D
:10A888006301E300C308C6093C070000000000009C
:10A89800000000000C001C0010001000080004005C
:10A8A80000000000000000000000000000000000A0
:10A8B8000000000000000000000000000000000090
:10A8C8000000000000040002000180008000400039
:10A8D8004000200020002000200020002000200050
:10A8E80040004000800080000001000200040000D9
:10A8F8000000000002000400080010001000200002
:10A90800200040004000400040004000400040005F
:10A9180020002000100010000800040002000000C1
:10A928000000000000000000000000004000C0001F
:10A938004000460C4E0FD001F0015E0F460C40005F
:10A94800400040000000000000000000000000007F
:10A9580000000000000000000000000000004000AF
:10A968004000400040004000FE0F40004000400012
:10A97800400040000000000000000000000000004F
:10A9880000000000000000000000000000000000BF
:10A9980000000000000000000000000000000000AF
:10A9A800000000000C001C0010001000080004004B
:10A9B800000000000000000000000000000000008F
:10A9C8000000000000000000FE070000000000007A
:10A9D800000000000000000000000000000000006F
:10A9E800000000000000000000000000000000005F
:10A9F800000000000000000000000000000000004F
:10AA0800000000001C001C001C00000000000000EA
:10AA1800000000000004000600020003000100011D
:10AA280080008000400040006000200020001000EE
:10AA38001000080008000C000400060002000000D6
:10AA480000000000000000000000F00098010C0366
:10AA58000C0306060606060606060606060606068B
:10AA680006060C030C039801F0000000000000002B
:10AA78000000000000000000000040007C006000B2
:10AA880060006000600060006000600060006000BE
:10AA98006000600060006000FC030000000000002F
:10AAA80000000000000000000000F800840102031C
:10AAB80006030603000300018001C00060002000B7
:10AAC8001000080204020602FE0300000000000055
:10AAD800000000000000000000007800C6008601A9
:10AAE800860180018001C000700080010001000320
:10AAF8000003060306038601F800000000000000BA
:10AB08000000000000000000000080018001C0017A
:10AB1800A001A00190018801880184018201FE0F33
:10AB28008001800180018001E00700000000000032
:10AB380000000000000000000000FC030400040006
:10AB4800040004000400F4008C0104030003000363
:10AB58000603060382018401F800000000000000DB
:10AB680000000000000000000000E00118030C03D2
:10AB78000C0004000600E60116030E06060606068B
:10AB8800060604060C021803F0000000000000008E
:10AB980000000000000000000000F8070C06040296
:10ABA80004010001000180008000400040004000D6
:10ABB80060006000600060006000000000000000AD
:10ABC80000000000000000000000F8010C03060669
:10ABD800060606060C021C03F000C8010C03060654
:10ABE8000606060606060C03F00100000000000039
:10ABF80000000000000000000000F0000C010C0341
:10AC0800060206060606060606078C0678060006ED
:10AC1800000300030C018C01780000000000000014
:10AC2800000000000000000000000000000000001C
:10AC380000000000E000E000E0000000000000006C
:10AC480000000000E000E000E0000000000000005C
:10AC580000000000000000000000000000000000EC
:10AC6800000000006000600000000000000000001C
:10AC7800000000000000600060004000200020008C
:10AC88000000000000000000000400020001800035
:10AC980040002000100008000400080010002000F8
:10ACA80040008000000100020004000000000000D5
:10ACB800000000000000000000000000000000008C
:10ACC80000000000FE07000000000000FE07000072
:10ACD800000000000000000000000000000000006C
:10ACE8000000000000000000040008001000200020
:10ACF8004000800000010002000400020001800002
:10AD080040002000100008000400000000000000BF
:10AD180000000000000000000000E0031806040C1A
:10AD2800040C0C0C0C0C0007800140004000400093
:10AD380000000000E000E000E0000000000000006B
:10AD48000000000000000000E00018030C02CC0521
:10AD580064056605A605B604B604B604B604B602CC
:10AD6800E4010C040C021803F000000000000000CD
:10AD780000000000000000000000600060005000BB
:10AD8800D00090009000880088010801F8010403B1
:10AD980004030402020202060F0F00000000000074
:10ADA80000000000000000000000FE008C030C03FF
:10ADB8000C030C030C038C01FC000C030C020C06A6
:10ADC8000C060C060C060C03FE0100000000000037
:10ADD80000000000000000000000E00318030C065B
:10ADE8000C0404040600060006000600060006001F
:10ADF80006040C040C021803F00000000000000018
:10AE0800000000000000000000007F008C010C031F
:10AE18000C030C060C060C060C060C060C060C069D
:10AE28000C060C030C038C017F00000000000000DE
:10AE380000000000000000000000FF0306030604F5
:10AE48000604060086008600FE008600860086004E
:10AE58000600060406040602FF03000000000000C6
:10AE680000000000000000000000FF0306030604C5
:10AE78000604060086008600FE008600860086001E
:10AE880006000600060006001F0000000000000083
:10AE980000000000000000000000F00018010C0293
:10AEA8000C0204020600060006000600C60F060390
:10AEB80006030C030C031803F00000000000000058
:10AEC800000000000000000000000F0F0606060644
:10AED8000606060606060606FE0706060606060611
:10AEE80006060606060606060F0F0000000000000C
:10AEF80000000000000000000000FC03600060008B
:10AF08006000600060006000600060006000600039
:10AF18006000600060006000FC03000000000000AA
:10AF280000000000000000000000F807C000C0009A
:10AF3800C000C000C000C000C000C000C000C00009
:10AF4800C000C000C000C000C000C60066003C00D1
:10AF580000000000000000000000CF038601C600CA
:10AF680046002600160036002E006E004600C60079
:10AF780086008601060106038F0700000000000016
:10AF8800000000000000000000001F00060006008E
:10AF98000600060006000600060006000600060079
:10AFA8000600060406040602FF0300000000000075
:10AFB8000000000000000000000007078603860369
:10AFC8008E038E034E034E034A035A035A033A0371
:10AFD8003203320332031203870700000000000027
:10AFE800000000000000000000008E0F0C021C0290
:10AFF8001C0234023402640264024402C402840261
:10B0080084038403040304031F02000000000000FB
:10B0180000000000000000000000F00098010C0390
:10B028000C020606060606060606060606060606B6
:10B0380006060C020C039801F00000000000000056
:10B0480000000000000000000000FF0006030606E4
:10B0580006060606060606068603FE000600060025
:10B0680006000600060006001F00000000000000A1
:10B0780000000000000000000000F00098010C0330
:10B088000C02060606060606060606060606060656
:10B0980076064C02CC039801F000800700030000FC
:10B0A80000000000000000000000FF010603060683
:10B0B8000606060606060603FE004600C6008600CB
:10B0C80086010603060306060F0E000000000000B6
:10B0D80000000000000000000000F8020C03060257
:10B0E800060206000E003C00F800E003800300079B
:10B0F8000206020606060C03F0010000000000002C
:10B1080000000000000000000000FE076204610863
:10B11800610860006000600060006000600060001E
:10B128006000600060006000F8010000000000009E
:10B13800000000000000000000001E070C020C02C6
:10B148000C020C020C020C020C020C020C020C0287
:10B158000C020C020C021801F000000000000000B4
:10B16800000000000000000000000F0706020401B4
:10B1780004010C010C018800880098009800500018
:10B188005000700030002000200000000000000087
:10B1980000000000000000000000F70E62044204F6
:10B1A8004604460464026402E402E4029C029C0130
:10B1B80098019801880188008800000000000000BC
:10B1C800000000000000000000009E070C010801BC
:10B1D80018019000B0006000200060006000D000FE
:10B1E80090008801080104038E0700000000000099
:10B1F800000000000000000000000F0F0604040219
:10B208000C0208011801B800B0007000600060006E
:10B218006000600060006000F801000000000000AD
:10B2280000000000000000000000FC070C020603FC
:10B238000201800180004000400020002000100032
:10B24800180008040C040402FE03000000000000BB
:10B2580000000000E0032000200020002000200063
:10B2680020002000200020002000200020002000D6
:10B27800200020002000200020002000E003000023
:10B28800000000000000000004000400080008009E
:10B298001000100010002000200040004000C000F6
:10B2A800800080000001000100020002000200048A
:10B2B800000000007C0040004000400040004000CA
:10B2C8004000400040004000400040004000400076
:10B2D8004000400040004000400040007C0000006A
:10B2E800000060009000080100000000000000005D
:10B2F8000000000000000000000000000000000046
:10B308000000000000000000000000000000000035
:10B318000000000000000000000000000000000025
:10B328000000000000000000000000000000000015
:10B338000000000000000000000000000000FF0FF7
:10B34800000000001800600000000000000000007D
:10B3580000000000000000000000000000000000E5
:10B3680000000000000000000000000000000000D5
:10B3780000000000000000000000000000000000C5
:10B3880000000000F0010C030C030003E0031C03A1
:10B398000E03060306038E0B7C0E0000000000005F
:10B3A800000000000000000008000E000C000C0067
:10B3B8000C000C00CC013C031C060C060C060C0609
:10B3C8000C060C060C021C03E4010000000000003F
:10B3D8000000000000000000000000000000000065
:10B3E80000000000F0008C018C01860106000600B8
:10B3F800060006020C020C01F0000000000000002C
:10B4080000000000000000000002C0030003000369
:10B418000003000378038C030C03060306030603EA
:10B428000603060304038C077801000000000000EF
:10B438000000000000000000000000000000000004
:10B4480000000000E001180308020C060C06FC07C7
:10B458000C000C0018041802E001000000000000B5
:10B4680000000000000000000000C0036006300675
:10B4780030003000FE013000300030003000300075
:10B488003000300030003000FC01000000000000F7
:10B4980000000000000000000000000000000000A4
:10B4A80000000000F007D8068C018C018C0198017F
:10B4B800F8000C00FC00CC03060306038E03F8001A
:10B4C800000000000000000008000E000C000C0046
:10B4D8000C000C00EC011C030C030C030C030C0304
:10B4E8000C030C030C030C039E0700000000000073
:10B4F8000000000000000000000060006000000084
:10B50800000040007C006000600060006000600097
:10B518006000600060006000FC03000000000000A4
:10B5280000000000000000000000C001C001000091
:10B5380000000001F001800180018001800180018C
:10B54800800180018001800180018001CC007C00A5
:10B55800000000000000000008000E000C000C00B5
:10B568000C000C008C038C008C004C006C005C0000
:10B578008C008C010C010C039E07000000000000E9
:10B58800000000000000000040007C006000600037
:10B5980060006000600060006000600060006000A3
:10B5A8006000600060006000FC0300000000000014
:10B5B8000000000000000000000000000000000083
:10B5C800000000003707EE06660666066606660691
:10B5D8006606660666066606FF0F000000000000A5
:10B5E8000000000000000000000000000000000053
:10B5F80000000000EE011C030C030C030C030C03F9
:10B608000C030C030C030C039E0700000000000051
:10B618000000000000000000000000000000000022
:10B6280000000000F00098010C0306060606060656
:10B63800060606060C030C03F000000000000000DC
:10B6480000000000000000000000000000000000F2
:10B6580000000000EE011C030C060C060C060C068C
:10B668000C060C060C031C03EC010C000C003E003D
:10B6780000000000000000000000000000000000C2
:10B688000000000078028C030C030603060306037F
:10B698000603060304038C03780300030003C007B2
:10B6A8000000000000000000000000000000000092
:10B6B800000000009F0358063806180018001800FC
:10B6C8001800180018001800FF0000000000000013
:10B6D8000000000000000000000000000000000062
:10B6E80000000000F0031C030C020C023800F000FC
:10B6F800C003040304038C03FC01000000000000E5
:10B7080000000000000000000000000020002000F1
:10B7180030003000FE0130003000300030003000D2
:10B728003000300030023002E0010000000000006C
:10B738000000000000000000000000000000000001
:10B74800000008028E030C030C030C030C030C030B
:10B758000C030C030C039C07780100000000000098
:10B7680000000000000000000000000000000000D1
:10B77800000000001E070C020801080118019000D3
:10B78800B000B00060006000200000000000000071
:10B7980000000000000000000000000000000000A1
:10B7A80000000000F70E6204460464026402EC0222
:10B7B8009C01980198019801080000000000000011
:10B7C8000000000000000000000000000000000071
:10B7D80000000000BC0718011001B0006000600004
:10B7E800E0009000080108039E0700000000000028
:10B7F8000000000000000000000000000000000041
:10B80800000000009E070801080108019000900050
:10B81800B0006000600060002000200024001C00D0
:10B828000000000000000000000000000000000010
:10B8380000000000FC018401C400440060002000F6
:10B848003000180208020C03FC0100000000000090
:10B85800000000000003800080008000800080005D
:10B8680080008000800040002000400080008000B0
:10B8780080008000800080008000800000030000BD
:10B8880040004000400040004000400040004000B0
:10B8980040004000400040004000400040004000A0
:10B8A8004000400040004000400040004000400090
:10B8B800000000000C001000100010001000100024
:10B8C80010001000100020004000200010001000A0
:10B8D8001000100010001000100010000C000000F4
:10B8E80000001C002204C2048003000000000000C5
:10B8F8000000000000000000000000000000000040
:10B90800000000000000000000000000000000002F
:10B91800000000000000000000000000000000001F
:10B92800000000000000000000000000000000000F
:10B9380000000000000000000000000000000000FF
:10B9480000000000000000000000000000000000EF
:10B9580000000000000000000000C001C001C0019C
:10B96800C001C001C001C0018000800080008000CB
:10B9780080008000800000000000000000008001BE
:10B98800C003C003800100000000000000000000A8
:10B99800000000000000E01CE01CF01E700E3807DC
:10B9A80018030801840000000000000000000000E7
:10B9B800000000000000000000000000000000007F
:10B9C800000000000000000000000000000000006F
:10B9D80000000000000000000000000020102010FF
:10B9E800201020102010FE7FFE7F1008100810087D
:10B9F8001008100810081008FE7FFE7F08040804CD
:10BA0800080408040804000000000000000000000A
:10BA1800000000000000000000010001C0076019DC
:10BA2800103118311839183938017001E001C00394
:10BA38008007000F001D003900311C311C310C310A
:10BA48000C11180DE00700010001000100000000C2
:10BA58000000000000000000000000001C10361864
:10BA68006308630C63046304630263026301361DA5
:10BA78009C37802280634063406320632063306387
:10BA880010221836081C000000000000000000000A
:10BA9800000000000000000000000000F000980115
:10BAA8008C018C018C018C018C00CC007800183E34
:10BAB8001C083608320863046304C304C3038343C1
:10BAC80006438E26781C00000000000000000000DD
:10BAD8000000000000001C003C003C00300030006A
:10BAE80010000C000600000000000000000000002C
:10BAF800000000000000000000000000000000003E
:10BB0800000000000000000000000000000000002D
:10BB18000000000000000040002000100008000C99
:10BB28000004000600030003000380018001800177
:10BB3800800180018001800180010003000300036F
:10BB480000060006000C000800100020004000005D
:10BB5800000000000000020004000800100030008F
:10BB680020006000C000C000C0008001800180018A
:10BB780080018001800180018001C000C000C000F8
:10BB8800600060003000100008000400020000009F
:10BB9800000000000000000000000000000000009D
:10BBA80000018003800300011C713C79783DC007C7
:10BBB8000001C007783D3C791C71000180038003B7
:10BBC80080010000000000000000000000000000EC
:10BBD800000000000000000000000000000000005D
:10BBE8000000000100010001000100010001000146
:10BBF800FC7F0001000100010001000100010001BB
:10BC0800000000000000000000000000000000002C
:10BC1800000000000000000000000000000000001C
:10BC2800000000000000000000000000000000000C
:10BC380000000000000000000000000000000000FC
:10BC48001C003C003C003000300010000C000600D6
:10BC580000000000000000000000000000000000DC
:10BC680000000000000000000000000000000000CC
:10BC7800FE7F00000000000000000000000000003F
:10BC880000000000000000000000000000000000AC
:10BC9800000000000000000000000000000000009C
:10BCA800000000000000000000000000000000008C
:10BCB8000000000000000000000000000000180064
:10BCC8003C003C00180000000000000000000000DC
:10BCD800000000000000004000600020003000105C
:10BCE80000180008000C0004000600020003000110
:10BCF80080018000C000400060002000300010007B
:10BD0800180008000C0004000600020000000000F3
:10BD1800000000000000000000000000C007600CE8
:10BD280030181830183018200C600C600C600C604B
:10BD38000C600C600C600C600C6018201830183017
:10BD48003018600CC0070000000000000000000070
:10BD58000000000000000000000000000001800159
:10BD6800F80180018001800180018001800180014B
:10BD780080018001800180018001800180018001B3
:10BD88008001C003F81F0000000000000000000050
:10BD9800000000000000000000000000E007101C88
:10BDA8000818043004300C300C300030001800083B
:10BDB800000400020001800040002020102008201C
:10BDC8000430FC1FFC1F0000000000000000000001
:10BDD800000000000000000000000000E003180E52
:10BDE8000C0C0C180C180C180018000C0006C003DA
:10BDF800000E00180010003000300C300C300C1011
:10BE08000C18180CE00300000000000000000000FF
:10BE1800000000000000000000000000000C000E00
:10BE2800000E000F800E800E400E600E200E100EC9
:10BE3800100E080E040E040EFE7F000E000E000EFB
:10BE4800000E000E000EC07F000000000000000081
:10BE5800000000000000000000000000F03FF03F7C
:10BE680010001000100008000800C807280C181857
:10BE7800081000300030003000300C300C3004184E
:10BE88000418080CF0030000000000000000000087
:10BE9800000000000000000000000000800FC0103B
:10BEA800203010301800180008000C008C0F6C1897
:10BEB8003C301C600C600C600C600C601860182032
:10BEC80030306018C00700000000000000000000CB
:10BED800000000000000000000000000F83FF83FEC
:10BEE8001C100C08040804040004000200020001ED
:10BEF80000010001800080008000C000C000C00078
:10BF0800C000C000C00000000000000000000000E9
:10BF1800000000000000000000000000E007300CF6
:10BF280018180C300C300C301C3038187008E0072A
:10BF3800B007180E0C1C06380630063006300630DE
:10BF48000C18180CE00300000000000000000000BE
:10BF5800000000000000000000000000E0031804DA
:10BF68000C080C1806100630063006300630063865
:10BF78000C3C1836F03100300018001800180C0C72
:10BF88000C060C03F0010000000000000000000097
:10BF98000000000000000000000000000000000099
:10BFA800000000000000000000008001C003C00382
:10BFB8008001000000000000000000000000800177
:10BFC800C003C00380010000000000000000000062
:10BFD8000000000000000000000000000000000059
:10BFE80000000000000000000000C000C0000000C9
:10BFF8000000000000000000000000000000000039
:10C008000000C000C0008000800040004000000028
:10C0180000000000000000000000002000100008E0
:10C028000004000600038001C00060003000180012
:10C038000C00180030006000C000800100030006FA
:10C0480000040008001000200000000000000000AC
:10C0580000000000000000000000000000000000D8
:10C0680000000000000000000000FE7F000000004B
:10C07800000000000000FE7F00000000000000003B
:10C0880000000000000000000000000000000000A8
:10C09800000000000000000000000400080010007C
:10C0A80020006000C000800100030006000C00189A
:10C0B80000300018000C000600038001C00060007A
:10C0C800200010000800040000000000000000002C
:10C0D80000000000000000000000C0073018083011
:10C0E80008600C601C601C601C600030001C0006AE
:10C0F80000018000800080008000000000008001B6
:10C10800C003C00380010000000000000000000020
:10C11800000000000000000000000000C0076018D8
:10C12800103018200C2F8C4D864CC64CC64C664CD3
:10C1380066446644662666266615CC1C0C400820B4
:10C1480018303018C0070000000000000000000090
:10C15800000000000000000000000001C001C00154
:10C16800C0014001600320032003200330061006AD
:10C1780010061006F80F080C080C080C0C0C041814
:10C18800041806181F7C00000000000000000000D2
:10C19800000000000000000000000000FE07181C5E
:10C1A800183818301830183018301818180CF807C4
:10C1B800181818301820186018601860186018606F
:10C1C80018301818FE0F00000000000000000000E2
:10C1D800000000000000000000000000C0276038D8
:10C1E800103018200C400C40040006000600060021
:10C1F800060006000600060006000C400C400C2055
:10C2080018303018C00700000000000000000000CF
:10C21800000000000000000000000000FE03180EEF
:10C22800181818301830183018601860186018601E
:10C2380018601860186018601860183018301810E6
:10C248001818180EFE03000000000000000000008F
:10C25800000000000000000000000000FE3F183051
:10C26800182018601840180018081808180CF80F3B
:10C27800180C18081808180018001800184018405A
:10C2880018201830FE3F00000000000000000000E9
:10C29800000000000000000000000000FE7F187091
:10C2A800184018C018801800181018101818F81F0F
:10C2B800181818101810180018001800180018007E
:10C2C800180018007E0000000000000000000000B8
:10C2D800000000000000000000000000C013701CF7
:10C2E800101018100C200C20040006000600060090
:10C2F8000600060006FC063006300C300C301830FC
:10C3080018303008C00700000000000000000000DE
:10C318000000000000000000000000003F7E0C1834
:10C328000C180C180C180C180C180C180C180C18E5
:10C33800FC1F0C180C180C180C180C180C180C18DE
:10C348000C180C183F7E00000000000000000000E0
:10C35800000000000000000000000000F81F80013D
:10C3680080018001800180018001800180018001BD
:10C3780080018001800180018001800180018001AD
:10C3880080018001F81F000000000000000000008C
:10C39800000000000000000000000000E07F000630
:10C3A8000006000600060006000600060006000655
:10C3B8000006000600060006000600060006000645
:10C3C80000060006000600060E060E038E01FC009D
:10C3D8000000000000000000000000007E7C18182B
:10C3E8001808180418061802180198019801D801AD
:10C3F800B803380318071806180E180C181C181854
:10C40800183018307EFC000000000000000000001A
:10C418000000000000000000000000007E0018007E
:10C428001800180018001800180018001800180044
:10C4380018001800180018001800180018401840B4
:10C4480018201830FE3F0000000000000000000027
:10C458000000000000000000000000001FF81C3869
:10C468001C381C381C3C343434343434343674327C
:10C478006432643264326431C431C431C431C4308A
:10C48800C43084309FFC0000000000000000000061
:10C498000000000000000000000000001F7C1C10CD
:10C4A8003C103410341074106410E410C410C4111B
:10C4B80084118413041304170416041E041C041C9A
:10C4C800041C04181F1800000000000000000000F1
:10C4D800000000000000000000000000C003300C55
:10C4E800181808100C300C300660066006600660EC
:10C4F800066006600660066006600C200C300810B6
:10C508001818300CC00300000000000000000000F4
:10C51800000000000000000000000000FE0F1818D6
:10C5280018301860186018601860186018301818EB
:10C53800F80F180018001800180018001800180044
:10C54800180018007E000000000000000000000035
:10C55800000000000000000000000000C003300CD4
:10C5680018180C100C300C20066006600660066077
:10C5780006600660066006600660E4612C331C32C3
:10C588001816300EC007004C007C00380000000070
:10C59800000000000000000000000000FE07181C5A
:10C5A800183818301830183018301818180CF807C0
:10C5B80098031803180718061806180E180C180CF4
:10C5C800181C18187E780000000000000000000009
:10C5D800000000000000000000000000E0273038E4
:10C5E80018300C200C200C000C0018007800E00318
:10C5F800800F001E0038007000600460046008604E
:10C6080018303818C80F00000000000000000000B3
:10C61800000000000000000000000000FC3F8C212A
:10C628008461824182418001800180018001800112
:10C6380080018001800180018001800180018001EA
:10C6480080018001E00700000000000000000000F9
:10C658000000000000000000000000003F7C0C10FB
:10C668000C100C100C100C100C100C100C100C10E2
:10C678000C100C100C100C100C100C100C100C10D2
:10C6880008083804E0030000000000000000000073
:10C698000000000000000000000000003EF8182024
:10C6A8001820182030103010301030106008600842
:10C6B8006008E00CC004C004C00480038003800349
:10C6C80080030001000100000000000000000000DD
:10C6D800000000000000000000000000DFF3866199
:10C6E800862186218C210C218C238C138C138C138E
:10C6F8004C1358125816580E380E380E380E300C87
:10C7080010041004100400000000000000000000E5
:10C718000000000000000000000000007E3E180835
:10C7280038083004300470026002E001C001C00122
:10C73800800180034003400720062006100C100CDF
:10C74800081808183E7C00000000000000000000E7
:10C758000000000000000000000000007E7C1C10AB
:10C76800181018083008300C700460046002C00209
:10C77800C002C00180018001800180018001800128
:10C7880080018001E00700000000000000000000B8
:10C79800000000000000000000000000F83F18182A
:10C7A8000818040C040E000600070003800380012B
:10C7B800C001C000E0006000700030003820182080
:10C7C8001C100C18FE1F00000000000000000000F4
:10C7D800000000000000C03F400040004000400052
:10C7E8004000400040004000400040004000400041
:10C7F8004000400040004000400040004000400031
:10C8080040004000400040004000C03F00000000E1
:10C8180000000000000000000000080018001800D8
:10C82800100030002000600060004000C000800060
:10C8380080018001000100030002000600060004D8
:10C84800000C00080018001800100030002000003C
:10C85800000000000000FC030002000200020002C9
:10C8680000020002000200020002000200020002B0
:10C8780000020002000200020002000200020002A0
:10C8880000020002000200020002FC030000000097
:10C898000000000000008007C006200810100000FB
:10C8A8000000000000000000000000000000000080
:10C8B8000000000000000000000000000000000070
:10C8C8000000000000000000000000000000000060
:10C8D8000000000000000000000000000000000050
:10C8E8000000000000000000000000000000000040
:10C8F8000000000000000000000000000000000030
:10C908000000000000000000000000000000FFFF21
:10C918000000000000007800C000000100000000D6
:10C9280000000000000000000000000000000000FF
:10C9380000000000000000000000000000000000EF
:10C9480000000000000000000000000000000000DF
:10C9580000000000000000000000000000000000CF
:10C9680000000000000000000000F00318060C0C96
:10C978000C0C000C800F700C1C0C0C0C060C060C1C
:10C98800064C0C4FF83800000000000000000000C2
:10C998000000000000000000000010001E00180049
:10C9A80018001800180018001800180FD818383088
:10C9B80038601860186018601860186018601820CF
:10C9C80038307818C8070000000000000000000098
:10C9D800000000000000000000000000000000004F
:10C9E80000000000000000000000C007700C1818CC
:10C9F80018180C180C000C000C000C000C20182047
:10CA080018103008C00700000000000000000000F7
:10CA1800000000000000000000000010001E0018C8
:10CA280000180018001800180018E01B301C18180F
:10CA380018180C180C180C180C180C180C180818C6
:10CA4800181C307AE0090000000000000000000017
:10CA580000000000000000000000000000000000CE
:10CA680000000000000000000000C007300C18188B
:10CA780008100C300C30FC3F0C000C000C00182087
:10CA880018107018C0070000000000000000000027
:10CA9800000000000000000000000000003E80C30D
:10CAA80080C0C0C0C000C000C000FC1FC000C000E3
:10CAB800C000C000C000C000C000C000C000C0006E
:10CAC800C000C000F80F00000000000000000000D7
:10CAD800000000000000000000000000000000004E
:10CAE80000000000000000000000C077306C101843
:10CAF8001818181818181018300CF0071800180013
:10CB0800F00FF03F08700C600C600C603838E00FD4
:10CB18000000000000000000000010001E001800C7
:10CB280018001800180018001800980FD818383086
:10CB380018301830183018301830183018301830AD
:10CB4800183018307EFC00000000000000000000D3
:10CB580000000000000000000000000080038003C7
:10CB680080030000000000000001F801800180013E
:10CB780080018001800180018001800180018001A5
:10CB880080018001F81F0000000000000000000084
:10CB9800000000000000000000000000003800381D
:10CBA80000380000000000000010801F0018001866
:10CBB80000180018001800180018001800180018AD
:10CBC80000180018001800180018180C1806F003B0
:10CBD8000000000000000000000010001E00180007
:10CBE80018001800180018001800183E180C18062D
:10CBF800180318019801D801380318071806180CEB
:10CC0800181C18187E7C00000000000000000000BE
:10CC1800000000000000000000000001F801800191
:10CC280080018001800180018001800180018001F4
:10CC380080018001800180018001800180018001E4
:10CC480080018001F81F00000000000000000000C3
:10CC580000000000000000000000000000000000CC
:10CC680000000000000000000800EE1C9C338C311E
:10CC78008C318C318C318C318C318C318C318C31C4
:10CC88008C318C31DE7B00000000000000000000C9
:10CC9800000000000000000000000000000000008C
:10CCA800000000000000000010001E0FD8183830E7
:10CCB800183018301830183018301830183018302C
:10CCC800183018307EFC0000000000000000000052
:10CCD800000000000000000000000000000000004C
:10CCE80000000000000000000000C007701C1030A9
:10CCF80018300C600C600C600C600C600C60183014
:10CD080018303018C00700000000000000000000C4
:10CD1800000000000000000000000000000000000B
:10CD2800000000000000000010009E0F5818383066
:10CD3800182018601860186018601860186018309B
:10CD480038307818980718001800180018007E0066
:10CD580000000000000000000000000000000000CB
:10CD680000000000000000000000C023303C18381C
:10CD780018300C300C300C300C300C300C300830C3
:10CD88001838303CE033003000300030003000FC10
:10CD9800000000000000000000000000000000008B
:10CDA800000000000000000060007E3C60666061DA
:10CDB800E000E0006000600060006000600060006B
:10CDC80060006000FE070000000000000000000096
:10CDD800000000000000000000000000000000004B
:10CDE80000000000000000000000E0273038183084
:10CDF800182018007000E003800F001C0430043075
:10CE08000C301C18EC0F00000000000000000000AF
:10CE1800000000000000000000000000000000000A
:10CE2800800080008000C000E000FC1FC000C0003F
:10CE3800C000C000C000C000C000C000C000C020CA
:10CE4800C0208011000F000000000000000000005A
:10CE580000000000000000000000000000000000CA
:10CE6800000000000000000010201E3C18301830A0
:10CE7800183018301830183018301830183018306A
:10CE8800183830F4E0130000000000000000000033
:10CE9800000000000000000000000000000000008A
:10CEA800000000000000000000007E3C1818180870
:10CEB800380830043004700260026002E001C001EA
:10CEC800C001C00080000000000000000000000059
:10CED800000000000000000000000000000000004A
:10CEE80000000000000000000000DFF78E630C2344
:10CEF8008C238C239813981358165816700E700E9E
:10CF0800700E200420040000000000000000000053
:10CF18000000000000000000000000000000000009
:10CF280000000000000000000000FC3E70087004D3
:10CF3800E004C002C0018003800340076006200CA3
:10CF4800100C18183E7E00000000000000000000D1
:10CF580000000000000000000000000000000000C9
:10CF6800000000000000000000007E7C181818086F
:10CF780030083008300460046004C002C002C002F7
:10CF88008001800180018000800080004C003C000E
:10CF98000000000000000000000000000000000089
:10CFA80000000000000000000000FC1F0C0C040E34
:10CFB8000406000380038001C000E00070203020D8
:10CFC80038301C18FC1F00000000000000000000A2
:10CFD8000000000000000030000800040004000405
:10CFE800000400040004000400040004000400021B
:10CFF800800100020004000400040004000400048E
:10D0080000040004000400040004000800300000CC
:10D018000001000100010001000100010001000100
:10D0280000010001000100010001000100010001F0
:10D0380000010001000100010001000100010001E0
:10D0480000010001000100010001000100010001D0
:10D058000000000000000C0010002000200020004C
:10D068002000200020002000200020002000400098
:10D078008001400020002000200020002000200027
:10D088002000200020002000200010000C000000DC
:10D0980000003800C400864002610022001C000025
:10D0A8000000000000000000000000000000000078
:10D0B8000000000000000000000000000000000068
:10D0C8000000000000000000000000000000000058
:10D0D8004ACE530E5B4E6B6F73AF73CF7BF08410E9
:10D0E80084308C518C518C718C518C518C51843181
:10D0F80084307C1073F06BD063AF5BAF5BAF63AF12
:10D1080063CF73F073F07C10843084318C518C5170
:10D118008C518C518C518C718C718C718C718C717F
:10D128008C718C718C718C718C718C718C718C710F
:10D138008C718C718C718C718C718C718C718C71FF
:10D148008C718C718C718C718C718C718C718C510F
:10D158008C518C51843184107BF073CF73AF738FF3
:10D16800738F73AF73AF7BCF7BF07C1084108430E8
:10D1780084318C518C518C518C518C518C518C71C7
:10D188008C718C718C718C718C718C718C718C71AF
:10D198008C718C718C718C718C718C718C718C719F
:10D1A8008C718C718C718C718C718C718C718C718F
:10D1B8008C718C718C718C718C718C718C718C717F
:10D1C8008C718C718C518C518C51843184107BF012
:10D1D8007BCF73AF73AF73AF73AF73CF7BF07BF05D
:10D1E80084108430843084518C518C518C518C51F2
:10D1F8008C518C718C718C718C718C718C718C715F
:10D208008C718C718C718C718C718C718C718C712E
:10D218008C718C718C718C518C518C518C518C51BE
:10D228008C508C508C508C518C518C518C718C71D1
:10D238008C718C518C518C51843184107BF073AF7C
:10D248006B6F634E5B0E5AED52AD4A6C424C3A0B13
:10D2580039EB31CB31CB31CB31EB3A0B3A2B424B5B
:10D26800426B4A8C52CD62EE6B2F7B6F839083B0FA
:10D278008BB18BD18BD08BD083D083D083D083D00C
:10D2880083D083B083B083908B908B7083708350EE
:10D298007B2F730E62CD528C4A4B422A3A2B3A2C82
:10D2A800424D426E4AAF52D05B1063306B706B9048
:10D2B80073B173B17BF17BF18411841084108410F5
:10D2C80084107C1084108410843084518C518C51CB
:10D2D8008C518C518C518C518C518C518C518C515E
:10D2E8008450843084308430843084308430843076
:10D2F800843084308430842F842F840F840F840FEB
:10D308004ACE530E5B2E6B6F73AF73CF7BF08410D6
:10D3180084308C518C518C718C718C518C518C5106
:10D32800843084107BF073F06BD063D063CF63CF0D
:10D338006BCF73CF73F07C108410843084308431C9
:10D348008C518C518C518C518C518C518C718C71AD
:10D358008C718C718C718C718C718C718C718C71DD
:10D368008C718C718C718C718C718C718C718C71CD
:10D378008C718C718C718C718C718C718C718C71BD
:10D388008C518C518C51843084107BF073CF73AFE7
:10D3980073AF73AF73AF73CF7BD07BF07C10841007
:10D3A8008430843084318C518C518C518C518C5107
:10D3B8008C518C518C718C718C718C718C718C71BD
:10D3C8008C718C718C718C718C718C718C718C716D
:10D3D8008C718C718C718C718C718C718C718C715D
:10D3E8008C718C718C718C718C718C718C718C714D
:10D3F8008C718C718C718C518C518C51843084104F
:10D408007BF07BCF73CF73AF73CF7BCF7BD07BF0B9
:10D418007BF0841084108430843184518C518C5179
:10D428008C518C518C518C518C718C718C718C718C
:10D438008C718C718C718C718C718C718C718C71FC
:10D448008C718C718C518C518C518C518C518C51AC
:10D458008C518C508C508C518C518C718C718C717E
:10D468008C718C718C518C51845184307BF073D0C9
:10D478006B8F634E632E5AEE52AD4A8C424C3A0B78
:10D4880039EB31CB31CB31CB31EB3A0B3A2B424B29
:10D498004A8C4AAC5ACD630E734F7B9083B083D1CC
:10D4A8008BD18BD18BF18BD083D083D083B083AFDA
:10D4B80083AF83B0839083908B908B7083708350FD
:10D4C8007B2F730E62CD528C4A4B3A2A3A0A3A0B9A
:10D4D8003A2C424D4A8E4AAF52EF5B1063306B5084
:10D4E8006B7073907BD07BF07BF084108410840F7A
:10D4F80083EF7BEF84108410843084518C518C51DD
:10D508008C518C518C518C518C518C518C51843153
:10D5180084308430843084108410841084308430C3
:10D5280084308430842F842F840F840F840F840FD9
:10D538004ACD52EE5B2E636F738F73AF7BF084100E
:10D5480084308C518C518C718C718C518C518C51D4
:10D558008451843084107C1073F073F06BD06BD0DE
:10D568006BCF73CF73CF7BF07BF07BF0841084108C
:10D578008430843184518C518C518C518C518C5114
:10D588008C518C718C718C718C718C718C718C71CB
:10D598008C718C718C718C718C718C718C718C719B
:10D5A8008C718C718C718C718C718C718C718C718B
:10D5B8008C718C518C518431843084107BF07BF0D9
:10D5C8007BD07BCF73CF7BCF7BD07BD07BF07BF0C6
:10D5D8007C10841084308430843184518C518C5177
:10D5E8008C518C518C518C518C718C718C718C71CB
:10D5F8008C718C718C718C718C718C718C718C713B
:10D608008C718C718C718C718C718C718C718C712A
:10D618008C718C718C718C718C718C718C718C711A
:10D628008C718C718C718C718C518C5184318430DB
:10D6380084107BF07BF07BF07BD07BD07BD07BF0C1
:10D648007BF07BF07C10841084108430843184312A
:10D658008C518C518C518C518C518C518C718C719A
:10D668008C718C718C718C718C718C718C718C71CA
:10D678008C718C718C518C518C518C518C518C517A
:10D688008C518C518C518C518C718C718C718C712A
:10D698008C718C718C718C518C51843184107BF01D
:10D6A80073AF6B6F634E5B0E52CD4A8D424C3A0B93
:10D6B80039EB31CB31CB31EB31EB3A0B3A2B424BD7
:10D6C8004A8C52AC5AED6B2E736F7BB083D08BF1C2
:10D6D8008BF18BF18BF18BF083D083AF83AF838F8A
:10D6E800838F838F839083908B908B9083708370CC
:10D6F8007B4F730E62CD528C4A4B3A0A31EA31EABB
:10D7080031EB3A2C424D426E4AAE52CF5AEF63107B
:10D718006B306B70739073B07BD07BF07BEF7BEFDB
:10D728007BEF7BEF840F8410843084518C518C51B3
:10D738008C518C518C518C5184518431843184307A
:10D74800843084107C0F7C0F7BEF7C0F7C0F840F60
:10D75800840F840F840F840F840F840F7C0F7C0F39
:10D768004ACD52EE5B2E634E6B8F73AF7BCF841026
:10D7780084308C518C518C518C518C518C518C51E2
:10D788008C518451843184307C107C107BF073F090
:10D7980073CF73CF73CF73CF7BCF7BD07BF07BF00E
:10D7A800841084108430843084318C518C518C5195
:10D7B8008C518C518C518C718C718C718C718C71D9
:10D7C8008C718C718C718C718C718C718C718C7169
:10D7D8008C718C718C718C718C718C718C718C7159
:10D7E8008C718C518C518C518C51843184308410C3
:10D7F8007C107BF07BF07BF07BD07BD07BD07BD028
:10D808007BF07BF07BF0841084108430843084318A
:10D818008C518C518C518C518C518C518C518C71F8
:10D828008C718C718C718C718C718C718C718C7108
:10D838008C718C718C718C718C718C718C718C71F8
:10D848008C718C718C718C718C718C718C718C71E8
:10D858008C718C718C718C718C518C518C51845160
:10D8680084318430841084107BF07BF07BF07BF073
:10D878007BF07BF07BF07BF07BF07C1084108430B5
:10D88800843084318C518C518C518C518C518C51F9
:10D898008C718C718C718C718C718C718C718C7198
:10D8A8008C718C718C518C518C518C518C518C5148
:10D8B8008C518C518C518C718C718C718C718C71D8
:10D8C8008C718C718C718C518C51843184307C10AA
:10D8D8007BD073AF6B6F632E5AED4A8D424C3A0B77
:10D8E80039EB31EB31CB31EB31EB3A0B422B426C5C
:10D8F8004A8C5ACD630E6B4F7B9083D083F18C1189
:10D908008C118C118C1183F083D083AF7B6E7B6E6E
:10D918007B4E836F836F83908B908B908390837003
:10D928007B4F730E62CD526C422A39E931C929C93D
:10D9380031CA31EB3A0B3A2C424D4A6D528E5ACFCE
:10D9480062EF6B306B50739073B073D07BCF7BCF2B
:10D958007BCE7BEF83EF8410843084318C518C51E3
:10D968008C518C51843184318431843184308410D9
:10D978007C107BEF7BEF7BEE7BEE7BEF7BEF7C0F0E
:10D988007C0F7C0F7C0F7C0F7C0F7C0F7C0F7C0F37
:10D998004AAD4ACD5B0E634E6B6E73AF7BCF7BF0A7
:10D9A800841084308C518C518C518C518C518C51F9
:10D9B8008C518C5184518431843084307C107BF0BC
:10D9C8007BCF7BCF7BCF7BCF7BCF7BCF7BD07BD0FD
:10D9D8007BF07BF07BF08410841084308431845198
:10D9E8008C518C518C518C518C518C718C718C71E7
:10D9F8008C718C718C718C718C718C718C718C7137
:10DA08008C718C718C718C718C718C718C718C7126
:10DA18008C718C718C518C518C518C518451843106
:10DA28008430843084107C107BF07BF07BF07BD0DA
:10DA38007BD07BD07BF07BF07BF07C108410843033
:10DA48008430843184518C518C518C518C518C513F
:10DA58008C518C718C718C718C718C718C718C71F6
:10DA68008C718C718C718C718C718C718C718C71C6
:10DA78008C718C718C718C718C718C718C718C71B6
:10DA88008C718C718C718C718C718C518C518C5106
:10DA98008C518C51843184308430841084107BF014
:10DAA8007BF07BF07BF07BF07BF07BF07BF07C10F5
:10DAB800841084308430843184518C518C518C5141
:10DAC8008C518C518C518C718C718C718C718C71C6
:10DAD8008C718C718C518C518C518C518C518C5116
:10DAE8008C518C518C518C718C718C718C718C71A6
:10DAF8008C718C718C718C718C518C518431841027
:10DB08007BF073D06B8F634E5AEE52AD424C3A2B7A
:10DB180039EB31EB31EB31EB39EB3A0B422B4A6CF9
:10DB280052AD5AED6B2E736F7BB083F08C118C1154
:10DB38008C318C318C1183F083D0838F7B6E7B4E3C
:10DB48007B4E7B6E838F83B08BB08BB0839083705A
:10DB58007B4F6B0E5AAD4A4B3A0A31C929A829A8FE
:10DB680029A929A931CA31EB3A0B422C4A4D528EC8
:10DB78005AAE62EF6B2F6B50739073AF73AF73AF86
:10DB88007BCE7BCF7BEF8410843084318431845109
:10DB980084318431843184318431841084107BF061
:10DBA8007BEF73CF73CE73CE73CE73CE7BEE7BEFEA
:10DBB8007C0F7C0F7C0F7C0F7C0F7C0F7C0F7C0F05
:10DBC800428D4AAD52ED5B2D634E6B6E73AF7BCFCA
:10DBD8007BF0841084108430843084308430843026
:10DBE80084308430843084308430841084107BEF17
:10DBF8007BCF7BCF7BCF7BCF7BCF7BD07BD07BD0CA
:10DC08007BD07BD07BD07BF07BF07C108410843081
:10DC1800843084318C518C518C518C518C518C5165
:10DC28008C718C718C718C718C718C718C718C7104
:10DC38008C718C718C718C718C718C718C718C71F4
:10DC48008C718C718C718C518C518C518C518C5184
:10DC58008C51843184318430841084107C107BF0A2
:10DC68007BF07BF07BF07BF07BF07BF07BF07C1033
:10DC7800841084108430843084318C518C518C51C0
:10DC88008C518C518C518C718C718C718C718C7104
:10DC98008C718C718C518C518C518C518C718C7114
:10DCA8008C718C718C718C718C718C718C718C7184
:10DCB8008C718C718C718C718C718C718C518C51B4
:10DCC8008C518C518C518C51843184318430843006
:10DCD80084107C107BF07BF07BF07BF07BF07BF09A
:10DCE8007BF07C1084108410843084318C518C51EA
:10DCF8008C518C518C518C518C518C718C718C71D4
:10DD08008C718C718C518C518C518C518C518C51E3
:10DD18008C518C518C518C718C718C718C718C7173
:10DD28008C718C718C718C718C518C5184518430B4
:10DD380084107BF073AF6B6F5B0E52CD4A6C422C34
:10DD48003A0B31EB31EB31EB39EB3A0B424C4A6C85
:10DD580052AD62EE6B2F7B7083B083F08C118C1107
:10DD68008C318C318C1183F083D0838F7B4E7B2E4A
:10DD78007B2E7B6E838F83B083D083D083B07B6F01
:10DD8800732F62CD528C422B39E929A8298829881A
:10DD9800298829A829A931C931EA3A0B422C524DC0
:10DDA8005A8D62CE62EF6B2F6B4F6B6F738F73AFB1
:10DDB80073AF7BCF7BEF841084108431843184313E
:10DDC8008431843184318431841184107BF07BCF99
:10DDD80073CF73AE73AE73AE73AE73CE7BEE7BEF61
:10DDE8007C0F7C0F7C0F7C0F7C0F7C0F7C0F7C0FD3
:10DDF800426C4A8C52CC5AED630D6B4D6B6E738E30
:10DE08007BAF7BCF7BCF7BEF83EF83EF83EF83EF1A
:10DE180083EF83EF83EF83EF83EF83EF7BCF7BAEDB
:10DE28007BAE7BCF7BCF7BEF7BF07BF07BF07BF017
:10DE38007BD07BD07BD07BD07BD07BD07BF07BF042
:10DE4800841084108430843184518C518C518C51CD
:10DE58008C518C518C718C718C718C718C718C7112
:10DE68008C718C718C718C718C718C718C718C71C2
:10DE78008C718C718C718C718C718C718C518C51F2
:10DE88008C518C518C518C51843184308430841065
:10DE98007C107BF07BF07BF07BF07BF07BF07BF001
:10DEA8007BF07BF07C108410843084308431845182
:10DEB8008C518C518C518C518C518C518C518C5172
:10DEC8008C518C518C518C518C518C518C518C5162
:10DED8008C518C518C718C718C718C718C718C7192
:10DEE8008C718C718C718C718C718C718C718C7142
:10DEF8008C518C518C518C518C518C518C5184315A
:10DF080084308430841084107C107BF07BF07BF0AC
:10DF18007BF07BF07BF07C1084108430843084317B
:10DF280084518C518C518C518C518C518C518C5109
:10DF38008C718C518C518C518C518C518C518C51D1
:10DF48008C518C518C518C718C718C718C718C7141
:10DF58008C718C718C718C718C518C518C51843179
:10DF680084307C1073D06B8F632E52CD4A8D424C17
:10DF78003A0B39EB31EB39EB3A0B420B424C4A6C1A
:10DF880052AD62EE6B2F7B707BB083D083F18BF147
:10DF98008C118C118C1183F083D0838F7B4E7B2E58
:10DFA8007B4E7B6F83AF83D083F083D07BB0736F5E
:10DFB8006B0E5AAC4A4B3A0A31C929A829A829A894
:10DFC80029A829A829A831C831C939EA420B4A4CDD
:10DFD8005A6C62AD62CE6B0F6B2F6B4F6B8F738F6A
:10DFE80073AF7BCF7BF07BF0841184318431843133
:10DFF800843184318431841184107BF07BF073CFB9
:10E0080073AE6BAE6BAD6BAD73CE73CE7BEE7C0F28
:10E018007C0F842F842F842F842F842F842F842F88
:10E02800424B4A6B4A8B52AC5ACC630C632D6B4DF6
:10E038006B4D736E736E738E7B8E7BAE7BAE7B8EF9
:10E048007B8E7B8E7B8E7BAE7B8E7B8E736D736DB2
:10E05800738D7BAE7BCF83EF8410841084107C108B
:10E068007BF07BF07BD07BD07BCF7BCF7BCF7BD013
:10E078007BF07BF07C1084108430843084318C51A8
:10E088008C518C518C518C518C518C718C718C7140
:10E098008C718C718C718C718C718C718C718C7190
:10E0A8008C718C718C718C718C718C718C718C7180
:10E0B8008C518C518C518C518C518C5184518431A0
:10E0C80084308430841084107C107BF07BF07BF0EB
:10E0D8007BF07BF07BF07BF07C1084108410843024
:10E0E800843184518C518C518C518C518C518C5170
:10E0F8008C518C5184308430843084308C518C51D4
:10E108008C518C518C518C518C718C718C718C719F
:10E118008C718C718C718C718C718C718C718C710F
:10E128008C718C718C718C518C518C518C518C519F
:10E138008C51845184318430843084107C107BF07D
:10E148007BF07BF07BF07BF07C10841084108430B3
:10E158008430843184318C518C518C518C518C5148
:10E168008C518C518C518C518C518C518C518C51BF
:10E178008C518C518C518C718C718C718C718C710F
:10E188008C718C718C718C718C518C518C518C511F
:10E19800843184107BF073AF634F5AEE4AAD424C22
:10E1A8003A2B3A0B39EB39EB3A0B422C424C4A6C7E
:10E1B800528D5ACE6B0F734F7B707B9083B083D098
:10E1C80083F083F18C1183F083D0838F7B6F7B4F37
:10E1D8007B4F836F83B083D083F083D0738F6B2E94
:10E1E8005ACD4A6B3A2A31E929C829C829C829C809
:10E1F80029C831C831E831E839E93A09422A4A4B95
:10E208005A6C5AAD62CE62EE6B2F6B4F6B70739087
:10E2180073B07BD07BF07C108411841184318431FD
:10E22800843184318431841184107BF07BEF73CF87
:10E2380073AE6BAD6BAD73AD73CE7BEE7C0E842F7E
:10E24800842F842F842F842F842F8430843084302B
:10E25800424B4A4B4A4B526B528B5AAB5ACC62ECEC
:10E2680062EC630C6B0C6B0C6B2C6B2C6B2C6B2C9F
:10E278006B0C6B0C6B0C6B2C6B2C6B0C6B0C6B0C9E
:10E28800732C736D7BAE83EF84308430843084309C
:10E29800841084107BF07BF07BD07BD07BCF7BCF4E
:10E2A8007BCF7BCF7BF07BF07BF0841084108430B5
:10E2B800843184518C518C518C518C518C518C717E
:10E2C8008C718C718C718C718C718C718C718C715E
:10E2D8008C718C718C718C718C718C718C718C714E
:10E2E8008C718C718C718C518C518C518C518C51DE
:10E2F8008C518431843184308430841084107C10B3
:10E308007BF07BF07BF07BF07BF07BF07BF0841084
:10E318008410843084308430843084308430843075
:10E328008410841084108410841084108410843025
:10E3380084308C518C518C518C518C518C718C71D6
:10E348008C718C718C718C718C718C718C718C71DD
:10E358008C718C718C718C718C718C718C518C510D
:10E368008C518C518C518C51843184308430841080
:10E3780084107C107C107C107C1084108410841015
:10E388008410843084308430843184518C518C5191
:10E398008C518C518C518C518C518C518C518C518D
:10E3A8008C518C518C518C718C718C718C718C71DD
:10E3B8008C718C718C718C718C518C518C518C51ED
:10E3C800843184307BF073D06B6F5B2E52CD426CFE
:10E3D8003A2C3A0B3A0B3A0B3A0B422C422C4A4C49
:10E3E8004A6D52AD62CE6B0F732F73507B707B906A
:10E3F80083B083D083F083F083D083B0838F7B6F27
:10E408007B6F839083B083D083D07BAF6B4E62EDFC
:10E41800528C424A320931E931E83208320832294D
:10E428003A293A293A293A293A2942294A2A524B79
:10E438005A6B5AAC62CD62EE6B0F6B4F6B70739078
:10E4480073B07BD07BF17C118411843184318431A9
:10E45800843184318431843184117C107BEF73CF13
:10E4680073CE73CD73CD73CD7BEE7C0E842F842F4A
:10E47800842F845084508450845084508450845015
:10E48800422A422A4A2A4A2A524A526A5A8A5A8AA4
:10E498005A8A5A8A5AAA62AA62AB62AA62AA62AA6B
:10E4A800628A5A8A5A8A628A62AA62AA62AA62CA74
:10E4B8006B0B734D7BAE840F84308C518C518C5117
:10E4C80084318430843084107C107BF07BF07BD0E6
:10E4D8007BCF7BCF7BCF7BCF7BD07BF07BF07C105F
:10E4E80084108430843084318C518C518C518C51FF
:10E4F8008C518C518C718C718C718C718C718C716C
:10E508008C718C718C718C718C718C718C718C711B
:10E518008C718C718C718C718C718C518C518C516B
:10E528008C518C518C518C5184318431843084309D
:10E53800841084107BF07BF07BF07BF07BF07BF029
:10E548007BF07BF07BF07BF07BF07BEF7BEF7BCF8E
:10E558007BCF7BAF73AE73AE73AE73AF7BCF7BEF06
:10E568008410841084308C518C518C518C518C5176
:10E578008C718C718C718C718C718C718C718C71AB
:10E588008C718C718C718C718C718C718C718C719B
:10E598008C518C518C518C518C518C5184518431BB
:10E5A8008430843084108410841084108410841083
:10E5B8008410841084108410843084308430843132
:10E5C80084518C518C518C518C518C518C518C5163
:10E5D8008C518C518C718C718C718C718C718C718B
:10E5E8008C718C718C718C718C518C518C518C51BB
:10E5F800843184307C1073D06B8F632E52EE4A8D39
:10E60800424C3A2C3A0B3A0C3A0C422C422C424CD3
:10E61800424C4A6D528D5AAE62CE6B0F732F7B50AF
:10E628007B9083D083F083F083F083D083B0839092
:10E6380083908390839083B07BB0736F630E52ACEA
:10E64800424B3A2A3209320932293A493A6942890F
:10E65800428942894289426942694A4A4A4A526B16
:10E668005A8B62AC62CD62EE6B0E6B4F6B7073901F
:10E6780073B07BD17BF17C11841184318431843176
:10E688008431843184318431843184107C107BEF6F
:10E698007BEE73EE7BEE7C0E7C0E842F842F844FF2
:10E6A80084508C508C508C508C508C508C508C508A
:10E6B800420941E941E94A094A094A295229524984
:10E6C800524952495A495A495A495A495A29522883
:10E6D80052285228522852285A485A495A6962AA36
:10E6E8006AEB734D7BAE84108C308C518C518C51FD
:10E6F8008C518C51845184318430841084107BF087
:10E708007BF07BD07BCF7BCF73CF7BCF7BCF7BD096
:10E718007BF07BF0841084108430843184518C51D8
:10E728008C518C518C518C518C718C718C718C7179
:10E738008C718C718C718C718C718C718C718C71E9
:10E748008C718C718C718C718C718C718C718C71D9
:10E758008C518C518C518C518C518C518C518431F1
:10E768008430843084107BF07BF07BCF7BCF73CFF9
:10E7780073AF73AF73AF73AE73AE738E738E6B6E0E
:10E788006B6D6B4D6B2D6B2D6B2D6B4D6B6D738E98
:10E7980073AE7BCF83F0841084308C518C518C51B4
:10E7A8008C518C718C718C718C718C718C718C7199
:10E7B8008C718C718C718C718C718C718C718C7169
:10E7C8008C718C718C718C518C518C518C518C51F9
:10E7D8008C51845184318430843084308410841086
:10E7E8008410841084108410841084108430843041
:10E7F800843084308431843184518C518C518C51D3
:10E808008C518C518C718C718C718C718C718C7158
:10E818008C718C718C718C718C518C518C518C5188
:10E82800843184307C1073D06B8F634F52EE4AADC5
:10E83800426C422C3A2C3A0C3A0C3A2C3A0C3A2CB0
:10E848003A2C422C424C4A6D528D5AAE62EE732FCE
:10E858007B7083B083F083F18BF183F083B0839076
:10E868008390837083707B907B6F6B2E5ACD4A6C3C
:10E87800422A3209320932493A6942AA4ACA4ACA7C
:10E888004AEA52EA52CA4ACA4AAA4A8A528A528B5F
:10E898005A8C62AC62CD6AEE6B2E6B4F6B707390C4
:10E8A80073B07BD17BF1841184318431843184311C
:10E8B80084318431843184318431843084107C0FF4
:10E8C8007C0F7C0E7C0E840E842F842F844F8C50FA
:10E8D8008C508C508C508C508C508C508C508C5050
:10E8E80041C841C841C849E849E84A084A085208A5
:10E8F8005208520852085208520851E751E751E7A6
:10E9080049E751E751E7520752085A485A6962AA3B
:10E918006B0C736D7BCF84108C308C518C518C5167
:10E928008C518C518C518C518C5184318430843071
:10E9380084107C107BF07BF07BD07BCF73CF73CFC0
:10E9480073CF7BD07BF07BF07C10841084308430D4
:10E9580084318C518C518C518C518C518C518C71CF
:10E968008C718C718C718C718C718C718C718C71B7
:10E978008C718C518C518C718C718C718C718C71E7
:10E988008C718C718C718C518C518C518C518C5137
:10E998008430843084107BF07BCF7BCF73AF738E51
:10E9A8006B6E6B6E6B4D6B4D632D632C630C630C40
:10E9B8005AEC5ACB5ACB5ACB5ACB5ACB62EC630C93
:10E9C8006B4D736E73AE7BCF8410843084308C5162
:10E9D8008C518C518C518C718C718C718C718C71A7
:10E9E8008C718C718C718C718C718C718C718C7137
:10E9F8008C718C718C718C718C718C518C518C5187
:10EA08008C518C518C518C518431843184308430B8
:10EA1800843084108410841084108410841084102E
:10EA280084108430843084308430843084518C5114
:10EA38008C518C518C518C718C718C718C718C7146
:10EA48008C718C718C718C518C518C518C5184319E
:10EA5800843184107BF073D06B8F634F530E4AADB3
:10EA6800426D424C422C3A2C3A0C3A0C3A0C320B7E
:10EA780031EB31EB320B3A0B422C4A6D5AAE6B0E2E
:10EA8800734F7BB083D083F18BF183F083B0839095
:10EA980083707B507B507B4F732F62EE5AAD4A4B8D
:10EAA8003A0A32093A293A6942AA4ACA52EB530B3E
:10EAB800530B530B52EB52EB52CA52AA528B528B46
:10EAC8005AAC62CD62ED6B0E6B2E6B4F6B70739010
:10EAD80073B07BD17BF184118431843184318431EA
:10EAE8008431843184318431843184318430843078
:10EAF800840F840F842F842F842F844F8C508C5044
:10EB08008C508C508C508C508C508C508C508C501D
:10EB180041C741C741C741C749C849E849E849E829
:10EB280051E851E751E749E749C749C749C749C7C4
:10EB380051C751E751E752085A285A6962AA6AEB45
:10EB4800734D7BAE83EF84308C518C518C718C71FA
:10EB58008C718C518C518C518C518C518C518451AD
:10EB680084318430841084107BF07BF07BD07BCFA1
:10EB780073CF73CF73CF7BCF7BD07BF07BF08410C8
:10EB880084108430843184518C518C518C518C5137
:10EB98008C518C718C718C718C718C718C718C71A5
:10EBA8008C718C518C518C718C718C718C718C71B5
:10EBB8008C718C718C518C518C518C518C5184304E
:10EBC800843084107BEF7BCF73AF738E6B6E6B4D8D
:10EBD800632C630C5AEC5ACB5ACB5AAB528B528AE1
:10EBE800526A526A4A6A4A494A69526A528A5AAB0E
:10EBF8005ACB630C6B4D738E73AE7BEF84108430ED
:10EC080084308C518C518C518C518C718C718C71DD
:10EC18008C718C718C718C718C718C718C718C7104
:10EC28008C718C718C718C718C718C718C718C71F4
:10EC38008C518C518C518C518C518C518C5184310C
:10EC480084308430843084108410841084108410BC
:10EC5800841084108410841084308430843084318B
:10EC68008C518C518C518C518C518C518C718C7174
:10EC78008C718C718C518C518C51845184318430BD
:10EC880084107C1073D073AF6B6F5B2E52EE4AAD5D
:10EC9800426D424C422C3A2C3A0C3A0C320B31EB76
:10ECA80029CB29CA29CA29CA31EB422C528D62EED6
:10ECB8006B4F7B9083D083F183F083D083B08370D4
:10ECC8007B507B30732F730F6AEE5AAD526C422B18
:10ECD8003A0A3A093A49428A4ACA4AEB530B530B51
:10ECE800530B530B52EB52CB52CB52AB52AB5AABEA
:10ECF8005AAC62CD6AEE6B0E6B2E6B4F6B6F7390D6
:10ED080073B07BD07BF17C118411843184318431E0
:10ED180084518C518C518451845184518430843075
:10ED28008430842F842F842F844F8C508C508C50A7
:10ED38008C508C508C508C508C508C718C718C7188
:10ED480041A741A741A749C749C749C749E749E773
:10ED580049E749C749C749C749C751C751E751E7B3
:10ED680052075A275A285A69628962CA6B0B734D2F
:10ED78007BAE83EF84108C308C518C518C718C71EC
:10ED88008C718C718C718C718C518C518C518C5113
:10ED98008C518C5184318430843084107BF07BF02A
:10EDA8007BD07BD073CF73CF73CF73CF7BD07BF007
:10EDB8007BF07C1084108430843084318C518C51E9
:10EDC8008C518C518C518C518C718C718C718C71D3
:10EDD8008C718C518C518C718C718C718C718C51A3
:10EDE8008C518C518C518C518C31843084308410EE
:10EDF8007BEF7BCF73AE738E6B4D632D630C5AEB39
:10EE08005ACB528B528A526A4A494A494A494A2934
:10EE18004A29420842084208420842084A294A49FF
:10EE2800526A52AA5ACB630C6B4D738E7BAF7BEF41
:10EE3800841084308C518C518C518C518C518C7134
:10EE48008C718C718C718C718C718C718C718C71D2
:10EE58008C718C718C718C718C718C718C718C71C2
:10EE68008C718C718C518C518C518C518C518C5172
:10EE78008C518451843184308430841084108410FF
:10EE880084107C107C107C108410841084308430B2
:10EE9800843184518C518C518C518C518C518C51B2
:10EEA8008C518C518C518C51845184318430841014
:10EEB8007BF073D073AF6B6F634F5B0E52CE4AAD6E
:10EEC800426D424C422C3A2C3A0C3A0C31EB29CB8D
:10EED80021AA21AA21AA21AA29CA31EB424C5AAD5A
:10EEE8006B2E736F83B083B083B0839083707B5035
:10EEF8007B2F730F6AEF6ACE62AE5A8D4A4C422B53
:10EF08003A0A3A2A3A4A428A4ACA4AEB52EB52EB3E
:10EF180052EB52CB52CB52AB52AB528B528B5AACB8
:10EF28005AAC62CD6AEE6B0E6B2E6B4F6B6F7390A3
:10EF380073B073B07BD07BF1841184318431843118
:10EF480084518C518C518C518C518C5184518450EA
:10EF5800843084308430843084508C508C508C5071
:10EF68008C508C508C508C508C508C718C718C7156
:10EF780041A741A749A749C749C749C749C749C779
:10EF880049C749C749C751C751E751E752075A28E6
:10EF98005A486269628962CA6AEB732C736D7BAEE8
:10EFA80083EF84108C308C518C518C718C718C71E6
:10EFB8008C718C718C718C718C718C718C518C51A1
:10EFC8008C518C518C518C51843184308430841014
:10EFD8007C107BF07BF07BD07BCF73CF73CF73CF6C
:10EFE8007BCF7BD07BF07BF07C1084108430843125
:10EFF80084318C518C518C518C518C518C718C7109
:10F008008C718C518C518C718C718C518C518C51B0
:10F018008C518C518430843084107BEF7BCF73AE5D
:10F02800738E6B6D6B2D630C5AEC5ACB528A526AF5
:10F038004A494A494A294209420841E841E841E81F
:10F0480039E839C739C739C739C739C739C841E86D
:10F0580042084A29526A52AB5AEB630C6B4D738EC5
:10F068007BCF7BEF841084308C518C518C518C5128
:10F078008C718C718C718C718C718C718C718C71A0
:10F088008C718C718C718C718C718C718C718C7190
:10F098008C718C718C718C718C718C518C518C51E0
:10F0A8008C518C518C518C51843184308430843013
:10F0B8008410841084107C107C10841084108410B8
:10F0C8008430843084318C518C518C518C518C51CA
:10F0D8008C518C518C518451843184307C107BF05C
:10F0E80073D073AF6B6F634E5B0E52CE4AAD426DF9
:10F0F800424C424C3A2C3A0C3A0C320B31EB29CBAD
:10F1080021AA218A1989218921AA29CA3A2B4A8D3B
:10F1180062EE734F7B707B9083707B507B2F730FF5
:10F1280072EF6ACE62AE5A8E526D4A4C4A2B420B2F
:10F138003A0A3A2A3A4A426A4AAA4AAB4ACB4AABFC
:10F148004AAB4AAB4A8A4A8A4A6B526B528B5A8CF0
:10F158005AAC62CD6AEE6B0E6B2E6B2E6B4F6B6FDB
:10F16800739073B073D07BF07BF084118431843159
:10F17800843184318C518C518C518C518C518C50F0
:10F1880084508450845084508C508C508C508C50B7
:10F198008C508C508C508C508C518C518C718C7143
:10F1A80041A749A749A749C749C749C749C749C73F
:10F1B80051C751C751C751E752075A275A48626980
:10F1C80062A96ACA6AEB732C736D7B8E7BCE83EF60
:10F1D80084308C308C518C518C518C718C718C7129
:10F1E8008C718C718C718C718C718C718C718C712F
:10F1F8008C718C518C518C518C518C518C51843127
:10F208008430843084107BF07BF07BF07BD073CF2C
:10F2180073CF73CF73CF7BD07BF07BF07C108410DF
:10F228008430843084318C518C518C518C518C5168
:10F238008C518C518C518C518C518C518C518C51DE
:10F248008430841084107BEF7BAF738E6B6E6B2DD4
:10F25800630C5AEC5AAB528A526A4A494A29420804
:10F26800420841E839C839C739C739C739A739A762
:10F2780039A731873187318631863186318739A779
:10F2880039C739E842084A29526A5AAB5AEB632C03
:10F298006B6D73AE7BCF83F0843084308C518C518E
:10F2A8008C518C518C718C718C718C718C718C71AE
:10F2B8008C718C718C718C718C718C718C718C715E
:10F2C8008C718C718C718C718C718C718C718C516E
:10F2D8008C518C518C518C518C518C51845184316E
:10F2E8008430843084108410841084108410841036
:10F2F800841084308430843184518C518C518C51E9
:10F308008C518C518451843184107C107BF073D0E3
:10F318006BAF6B6F632E5B0E52CE4AAD426D424CA3
:10F328003A4C3A2C3A0C3A0C3A0B31EB29EB29CAF5
:10F3380021AA19AA1989198921A929CA3A0B4A6C3B
:10F348005ACD6B0E732F7B4F7B2F730F72EF6ACEE4
:10F3580062AE5A8D5A6D524D4A4C4A2C420B420BA2
:10F368003A0A3A2A3A4A424A426A428A4A8A4A6ADD
:10F378004A6A4A6A4A6A4A4A4A4A526B526B5A8CE1
:10F388005AAC62CD62CD62EE6B0E6B0E6B2E6B4F7C
:10F398006B6F738F73B073D07BF07BF08410841124
:10F3A8008431843184318C518C518C518C518C50E6
:10F3B8008C50845084508C508C508C508C508C5075
:10F3C8008C508C508C508C508C508C518C518C7132
:10F3D80041A649A749A749C749C749C751C751C7FE
:10F3E80051E751E751E75A075A28624862896AAAE1
:10F3F8006AEA732B734C7B8D7BAE83EF8410843069
:10F408008C518C518C518C518C718C718C718C718C
:10F418008C718C718C718C718C718C718C718C71FC
:10F428008C718C718C718C518C518C518C518C518C
:10F438008C5184318430843084107C107BF07BF0D4
:10F448007BD07BCF73CF73CF73CF7BCF7BD07BF059
:10F458007BF07C1084108430843184318C518C5141
:10F468008C518C518C518C518C518C31843084103E
:10F478007BF07BCF73AE738E6B4D632C62EC5ACBF3
:10F48800528A526A4A494229420841E839C839C76A
:10F4980039A739A731873187318631863166316698
:10F4A800316631663166316631663166316631669C
:10F4B800318639A739C741E842084A49526A5AABE6
:10F4C80062EC6B2D6B6D73AE7BCF841084308C51E6
:10F4D8008C518C518C518C718C718C718C718C719C
:10F4E8008C718C718C718C718C718C718C718C712C
:10F4F8008C718C718C718C718C718C718C718C711C
:10F508008C718C718C518C518C518C518C518C51CB
:10F518008451843184308430843084308410841061
:10F5280084108430843084308431843184518C5107
:10F538008C518431843184107BF07BD073AF6B8F16
:10F548006B6F632E5B0E52CE4AAD426D424C3A2C25
:10F558003A2C3A0C3A0C3A0B3A0B31EB29EB29CA04
:10F5680021CA21CA21AA21A921A929CA320B424BA1
:10F57800528C5ACE6AEE6AEF72EF6ACE6AAE628D2C
:10F588005A6D524C4A2C422C420B420B3A0B3A0B06
:10F598003A0B3A2A422A424A424A424A424A424A92
:10F5A800424A4A4A4A4A4A4A4A4A524B526B5A8C37
:10F5B8005A8C5AAC62CD62CD62ED62EE630E6B2E50
:10F5C8006B4F6B6F738F73AF73B07BD07BD07BF057
:10F5D8007C1084108431843184518C518C518C502E
:10F5E8008C508C508C508C508C508C508C508C5033
:10F5F8008C508C508C508C508C508C518C518C7100
:10F60800418641A649A649A749C751C751C751E7ED
:10F6180051E75A075A275A48626962896ACA6AEBE7
:10F62800732C736C7B8D7BCE83EF841084308C516C
:10F638008C518C518C518C718C718C718C718C713A
:10F648008C718C718C718C718C718C718C718C71CA
:10F658008C718C718C718C718C718C718C518C51FA
:10F668008C518C518C518C5184318430843084106D
:10F678007BF07BF07BF07BD073CF73CF73CF73CFEE
:10F688007BCF7BF07BF07C10841084308430843115
:10F698008431843184318430843084107BEF7BCF93
:10F6A80073AE6B6E6B2D630C5ACB52AB526A4A49E0
:10F6B800420941E839C839C739A7318731863166E7
:10F6C8003166296629662946294629452945294555
:10F6D800294529452945294531653166316631660F
:10F6E800316631663186318739A739C842084A49B7
:10F6F800526A5AAB62EC6B2D738E7BAF7BEF841032
:10F7080084308C518C518C518C518C718C718C71D2
:10F718008C718C718C718C718C718C718C718C71F9
:10F728008C718C718C718C718C718C718C718C71E9
:10F738008C718C718C718C718C518C518C518C5159
:10F748008C518C518C518431843084308430843095
:10F7580084308430843084308430843184318431FE
:10F768008431843184307C107BD073AF6B8F6B6FA6
:10F77800632E5B0E52CE4AAD428D424C3A2C3A2C47
:10F788003A0C3A0B3A0B3A0B3A0B320B320B2A0B68
:10F7980029EA21EA21EA21EA29EA29EA320A3A2B66
:10F7A8004A6C528D5AAD62CE62AE628D5A6D524C21
:10F7B8004A2C420B3A0B39EB39EB39EB3A0B3A0B43
:10F7C800420B422B422B422A422A422A424A424AAE
:10F7D8004A4A4A4A4A4A4A4A524B524B526B5A6C14
:10F7E8005A8C5A8C5AAC5AAC5ACD62CD62ED630E23
:10F7F8006B2E6B4E6B6F736F738F738F73AF7BD082
:10F808007BD07BF084108410843084308430845022
:10F8180084508C508C508C508C508C508C508C5008
:10F828008C508C508C508C508C508C518C518C71CD
:10F8380041664186418649A649C751C751E75207E3
:10F848005A075A285A48628962A96ACA6B0B732CEC
:10F85800734D738D7BAE7BEF841084308C518C514B
:10F868008C518C518C518C718C718C718C718C7108
:10F878008C718C718C718C718C718C718C718C7198
:10F888008C718C718C718C718C718C718C718C7188
:10F898008C518C518C518C518C518C5184318430C9
:10F8A800843084107C107BF07BF07BD073CF73CFD7
:10F8B80073CF73CF7BCF7BD07BF07BF07C10841031
:10F8C80084108410841084107BEF7BAF738E6B4D93
:10F8D800632C62EC5ACB528A4A494A29420839C8F1
:10F8E80039C739A7318731863166296629462945BE
:10F8F8002925292521252105210521052105210560
:10F9080029252925294531653166318631863166B3
:10F9180031663166316631663166318639A739C755
:10F9280042084A49528A5ACB630C6B4D738E7BCF7F
:10F93800841084308C318C518C518C518C718C7129
:10F948008C718C718C718C718C718C718C718C71C7
:10F958008C718C718C718C718C718C718C718C71B7
:10F968008C718C718C718C718C718C718C718C51C7
:10F978008C518C518C518C518C51845184518431CF
:10F9880084318431843184318431843184318431C7
:10F998008431843084107BF073D06B8F6B6F632E4F
:10F9A8005B0E52EE52CD4A8D426D3A4C3A2C3A0CCF
:10F9B8003A0B3A0B39EB3A0B3A0B3A2B322B322BE8
:10F9C800322B322A2A2A2A2A322A322A322B3A4B34
:10F9D800426C4A6C528C528D526D524C4A2C420BDE
:10F9E80039EB39EA31EA31EA31EA3A0A3A0A3A2B8A
:10F9F800422B422B422B422B422A422A4A4A4A4A4B
:10FA08004A4A4A4A524A526B526B526B526B526B79
:10FA1800526B528C528C528C52AC5AAC5ACD62ED0D
:10FA2800630E632E6B2E6B4E6B6E736F738F738FBB
:10FA380073AF7BCF7BF07BF08410841084308430EC
:10FA4800843084508C508C508C508C508C508C50FE
:10FA58008C508C508C508C508C508C518C518C719B
:10FA680039453966418649A649C651C751E7520703
:10FA78005A285A48628962CA6AEB6B2B734C736DB9
:10FA8800738E73AE7BCF7BEF8410843084318451C6
:10FA98008C518C518C518C518C518C718C718C7116
:10FAA8008C718C718C718C718C718C718C718C7166
:10FAB8008C718C718C718C718C718C718C718C7156
:10FAC8008C718C718C718C518C518C518C518C51E6
:10FAD8008C5184318430841084107BF07BF07BD08F
:10FAE8007BCF73CF73CF73CF73CF73CF7BCF7BCFE6
:10FAF8007BCF7BCF7BAF73AE738E6B4D630C5ACBD2
:10FB080052AB526A4A49420841E839C739A7318796
:10FB18003186316631662946294629252925212538
:10FB28002105210520E420E420E420E420E4210448
:10FB380029252945316639A639C641C639C639A6A7
:10FB48003986316631662946294629663166318605
:10FB580039A739C842084A49528A5ACB632C6B6D77
:10FB680073AE7BEF841084308C518C518C518C5146
:10FB78008C718C718C718C718C718C718C718C7195
:10FB88008C718C718C718C718C718C718C718C7185
:10FB98008C718C718C718C718C718C718C718C7175
:10FBA8008C718C518C518C518C518C518C518C5145
:10FBB8008C518C5184518451843184318431843105
:10FBC800843184107C107BD073AF6B6F634F5B2ED6
:10FBD8005AEE52CE4AAD4A8D426D3A4C3A2C3A0C06
:10FBE8003A0B31EB39EB3A0B3A2B3A4B3A6B3A6B0F
:10FBF8003A8B3A8B3A8B3A6B3A6B3A6B3A6B3A6B75
:10FC0800426B428C4A8C4A6C4A4B422B3A0B39EA7B
:10FC180031EA31C931E931E9320A3A0A3A2A424B22
:10FC2800424B424B424B424B4A4B4A4A4A4A4A4A47
:10FC3800526A526B526B526B526B526B526B526BD5
:10FC4800526B4A6B4A6B4A6B528C528C5AAC5ACDE7
:10FC580062ED630D632E6B2E6B2E6B4E6B4E736EC7
:10FC6800738F73AF7BAF7BCF7BF07BF084108430D6
:10FC7800843084308C508C508C508C508C508C50EC
:10FC88008C508C508C508C508C518C518C518C7168
:10FC980039453965418649A649C649C751E75207DA
:10FCA8005A485A8962CA6B0B732C736D738D738EA5
:10FCB80073AE73AF7BCF7BF07BF0841084308430DD
:10FCC80084318C518C518C518C518C518C518C714C
:10FCD8008C718C718C718C718C718C718C718C7134
:10FCE8008C718C718C718C718C718C718C718C7124
:10FCF8008C718C718C718C718C718C518C518C5174
:10FD08008C518C518C5184318430843084107C1017
:10FD18007BF07BF07BCF73AF73AF73AF738F738E52
:10FD28006B6E6B6E6B4D632D62EC5ACB528A4A49EF
:10FD38004A2941E839C839A731A731873166316680
:10FD480029662946294629452925292521052105E8
:10FD580020E418E418E418C418C418E420E42105C1
:10FD68002945318639C641E74A074A074A0741E724
:10FD780041C739A63186316629452945294529468D
:10FD88003166318639A741E84A29526A5AAB62EC92
:10FD98006B4D738E7BCF841084308C518C518C5179
:10FDA8008C518C718C718C718C718C718C718C7183
:10FDB8008C718C718C718C718C718C718C718C7153
:10FDC8008C718C718C718C718C718C718C718C7143
:10FDD8008C718C718C718C518C518C518C518C51D3
:10FDE8008C518C518C518C518C518C518C5184314B
:10FDF800843184107BF073D0738F6B6F632E5B0E2E
:10FE08005AEE52CD4AAD4A8D426D424C3A2C3A0CCC
:10FE18003A0B31EB31EB3A0B3A2B426B428B42AB4C
:10FE280042CB42CB42CB42CB42CB42CC42AC42ABA0
:10FE380042AB42AB428B426B424B3A2A320A31E91F
:10FE480031E929E9320932093A2A3A4A3A4A426BEF
:10FE5800426B426B424B4A4B4A4B4A4A4A4A526BA4
:10FE6800528B528B528B528B528B526B526B4A4B2A
:10FE78004A4B4A4B4A4B4A4B4A6B4A8B528C52ACC0
:10FE88005ACD5AED630D630D632D6B2E6B2E6B4EA1
:10FE98006B6E736E738F73AF7BCF7BCF7BEF8410EA
:10FEA8008430843084508C508C508C508C508C50C2
:10FEB8008C508C508C508C508C518C518C518C5156
:10FEC80039453965418649A649A649C749E75228AF
:10FED8005A6962AA6B0B734C7B8D7BAE7BCF7BCF51
:10FEE8007BCF7BCF7BCF7BD07BF07BF07BF084100C
:10FEF80084108430843084318C518C518C518C51D5
:10FF08008C518C518C718C718C718C718C718C7141
:10FF18008C718C718C718C718C718C718C718C71F1
:10FF28008C718C718C718C718C718C718C718C71E1
:10FF38008C518C518C518C518C518451843184302A
:10FF480084107C107BF073CF73AF6B8E6B4E632D78
:10FF5800630C5AEC5ACB52AB526A4A49420841E800
:10FF680039C739A73187318631663166296629460E
:10FF780029462946294529252925292521052105F7
:10FF880020E418E418C418C418C418E42104294546
:10FF9800318641C64A074A27524852685268524831
:10FFA8004A2841E739C73186316629452945292537
:10FFB800294529463166318739C741E84A29528A95
:10FFC8005ACB632C736E7BAF7BEF841084308C51DB
:10FFD8008C518C518C518C718C718C718C718C7191
:10FFE8008C718C718C718C718C718C718C718C7121
:08FFF8008C718C718C718C710D
:020000040803EF
:100000008C718C718C718C718C718C718C718C7108
:100010008C718C718C718C518C518C518C518C5198
:100020008C518C518C518C51843184107BF073D065
:100030006B8F634F632E5B0E52CE52AD4AAD4A8D2D
:10004000426D424C3A4C3A2C3A0B31EB31EB3A0BC5
:100050003A4B428B4ACB4AEB4B0B4B0B4B0C4B0CAA
:10006000530C530C4B0C4B0C4AEC4AEB4ACB42ABB7
:100070003A6A3A2A320932093209320932293A4AAD
:100080003A6A428A428B428B428B428B4A6B4A6B62
:100090004A6A4A6A526B528B52AB5AAB5AAB52AB5A
:1000A000528A528A4A6A4A4A4A4A424A424A424B17
:1000B0004A6B4A6B4A8B52AC52CC5AEC5AED630DE8
:1000C000630D630D632D6B2E6B4E6B6E6B6E738EBB
:1000D00073AF7BCF7BEF7C0F842F843084508C50A8
:1000E0008C508C508C508C508C508C508C508C5030
:1000F0008C518C518C518C5141654166498649A681
:1001000049C649C74A0752485A8A62EB734C7BAECC
:100110007BCF83EF841084107BF07BF07BF07BF04F
:100120007BF07BD07BF07BF07BF07C108410843004
:10013000843084318C518C518C518C518C518C5128
:100140008C718C718C718C718C718C718C718C71C7
:100150008C718C718C718C718C718C718C718C71B7
:100160008C718C718C718C718C718C718C518C51E7
:100170008C518C518C518431843084107BF073CF3E
:10018000738E6B4D630D5ACC528B4A6A4A494209B1
:1001900041E839C739A73187316631662966296652
:1001A00029462946294629462946294529452925FA
:1001B0002925292521252105210420E418E418E416
:1001C00018E421042925316639C64A075247526886
:1001D0005A885A885A885A8852684A484A0839C7F9
:1001E0003187316629452925292529252945316663
:1001F000318639A739C842094A6A5AAB630C6B4D3C
:10020000738E7BCF8410843084318C518C518C510F
:100210008C518C518C718C718C718C718C718C7136
:100220008C718C718C718C718C718C718C718C71E6
:100230008C718C718C718C718C718C718C718C71D6
:100240008C718C718C718C718C718C718C518C5106
:100250008C518C518C518C51843184307BF073D013
:100260006B8F634E632E5AEE52CE52AD4A8D4A8D3D
:10027000426D426D424C3A2C3A0B31EB31EB3A0B6A
:10028000424B428B4ACB530B532B532C534C5B4C5E
:100290005B4C5B4C5B4C532C532C530B4AEB42CBCB
:1002A000428A3A493229322932293A493A8A42AABB
:1002B00042CA4ACA4ACB4ACB4AAB4AAA4A8A4A8A63
:1002C0004A8A528A52AA52AB5ACB5ACB5ACB5ACAF2
:1002D00052AA528A4A6A4A4A424A424A424A424ACE
:1002E000424A4A6B4A8B52AB52CC52CC5AEC5AED32
:1002F0005B0D630D632D632D6B4E6B4E6B6E738EBA
:10030000738E73AF7BCF7BEF840F842F84508C5020
:100310008C508C508C508C508C508C508C508C50FD
:100320008C508C518C518C51498649A649A651C795
:1003300051E7520852285A8A62CB6B4C738E7BEF7E
:100340008410843084308430843084107C107BF0BE
:100350007BF07BF07BD07BD07BD07BF07BF07BF0A5
:10036000841084108430843184518C518C518C5190
:100370008C518C518C718C718C718C718C718C71D5
:100380008C718C718C718C718C718C718C718C7185
:100390008C718C718C718C718C718C718C718C7175
:1003A0008C518C518C518C31843084107BCF738E66
:1003B0006B4D630C52AB4A6A422941E839C731A7F9
:1003C0003186316629662946294629462946294625
:1003D00029462946294629452945294529452945AA
:1003E0002925292529252125210520E420E420E4AB
:1003F00021042925316639A74207524852685A8894
:100400005A8862A862A962A95AA95A8952494A28F7
:1004100041E739A731662945292529252925294577
:1004200029463166318739C741E84A49528A5AEB31
:10043000632D736E73AF7BEF8410843084318C51E5
:100440008C518C518C518C518C518C718C718C7164
:100450008C718C718C718C718C718C718C718C71B4
:100460008C718C718C718C718C718C718C718C71A4
:100470008C718C718C718C718C718C718C718C7194
:100480008C718C718C518C51843184307BF073D0A1
:100490006B8F634E5B0E5AEE52CD4AAD4A8D4A8D3C
:1004A000426D426D424C3A2C3A0B31EB31EA3A0A3A
:1004B000424A4AAB4AEB532B534B5B4B5B6C5B6C36
:1004C0005B8C638C5B6C5B6C5B4C534B530B4AEAF1
:1004D00042AA3A893A493A493A69428A42CA4AEAB8
:1004E0004B0B4B0B4B0B4AEA4ACA4ACA4ACA4ACA86
:1004F00052CA52CA5AEB5AEB5B0B5B0B5B0B5AEBC3
:1005000052CA52AA4A6A4A4A424A424A424A424A5B
:10051000426A4A6B4A8B4AAB52CB52CC5AEC5AECE9
:100520005B0D630D632D632D634D6B4E6B6E6B8E98
:1005300073AE73AF7BCF7C0F842F842F84508C508D
:100540008C508C508C308C308C308C308C508C504B
:100550008C508C508C508C5051C751C751E752076A
:1005600052285A495A8A62CB6B2C738E7BCF8410E7
:1005700084308C518C518C5184518431843084105E
:1005800084107BF07BF07BF07BD07BD07BCF7BD06B
:100590007BF07BF07C1084108430843084318C516B
:1005A0008C518C518C518C518C518C718C718C7103
:1005B0008C718C718C718C718C718C718C718C7153
:1005C0008C718C718C718C718C718C718C718C5163
:1005D0008C518C518431843084107BCF738E6B4D61
:1005E0005AEC52AB4A49420839C73187316629462D
:1005F000294529252925292529252945294529450B
:10060000294529452945294529452945294529457A
:1006100029452925292529252105210521042105EB
:100620002925296639A742084A4852685A885A88B3
:100630005A8862A862C962C962C962CA5AA9526963
:100640004A2941E839A7316629452925292529253F
:10065000294529463166318639A741E84A29526A37
:100660005ACB630C6B4D738E7BCF7BF08410843040
:1006700084318C518C518C518C518C518C518C719A
:100680008C718C718C718C718C718C718C718C7182
:100690008C718C718C718C718C718C718C718C7172
:1006A0008C718C718C718C718C718C718C718C7162
:1006B0008C718C718C518C51845184307BF073D04F
:1006C0006B8F634E5B0E52CE52AD4A8D4A6D426DBA
:1006D000426D424C424C3A0C39EB31EB31EA3A0A6A
:1006E0003A4A42AA4AEB532B5B4B5B6B5B6B638CC6
:1006F000638C638C638C636C5B6C5B4B530B4AEA5F
:1007000042AA42893A693A69428A4ACA4B0A532B39
:10071000532B532B532B530A530A52EA52EA52EAF1
:100720005B0A5B0B632B634B634B634B634B632B2A
:100730005AEA52CA4A8A4A6A4A6A424A424A424A79
:10074000426A4A6A4A8B4AAB52CB52EC5AEC5B0C77
:100750005B2C632D634D634D6B6D6B6E6B8E73AE57
:1007600073AE7BCF7BEF840F842F84308450845012
:1007700084308430843084308430843084308430D9
:100780008C508C508C508C505A075A085A285A4911
:100790005A69628A62CB6B2C738E7BCF8410843053
:1007A0008C518C518C518C518C518C518C51843189
:1007B0008430841084107BF07BF07BF07BD07BCF87
:1007C0007BCF7BD07BF07BF07C1084108410843056
:1007D00084318C518C518C518C518C518C518C7139
:1007E0008C718C718C718C718C718C718C718C7121
:1007F0008C718C718C718C718C718C518C518C5171
:100800008C51843084107BEF73AE6B6D632C5ACBAC
:10081000526A422939C831A7296629452925210567
:100820002105210521252925292529252945294570
:100830002945294529452945294529452945294548
:100840002945294529252925292521052105212550
:10085000294631A741E84A4852695A895A885A8834
:100860005A8862A862C962E96AEA62EA62CA5AAA56
:1008700052694A2939C731873166294529252925F1
:100880002945294631463166318639A739C842089B
:100890004A49528A5ACC632D6B6E73AE7BCF7BF084
:1008A00084108430843184518C518C518C518C5102
:1008B0008C518C718C718C718C718C718C718C7170
:1008C0008C718C718C718C718C718C718C718C7140
:1008D0008C718C718C718C718C718C718C718C7130
:1008E0008C718C718C518C51845184307BF073CF1E
:1008F0006B8F634E5B0E52CD4AAD4A6D426D424DD9
:10090000424C424C3A2C3A0B39EB31EA31EA3A0A82
:100910003A4A428A4ACA530A532B5B4B5B6B638B3E
:10092000638C638C638C5B6B5B4B532B52EA4ACAC0
:1009300042AA42893A69428942AA4AEA532A5B4B4F
:100940005B4B534B532A532A532A532A5B2A5B2A65
:10095000634B634B6B6B6B8B6B8B6B8B6B8B636BBF
:10096000632B5AEA52AA4A8A4A6A4A6A4A6A4A6A15
:100970004A6A4A6A4A8B52AB52CB5AEB5B0C5B2CED
:10098000634C634D636D6B6D6B8E6BAE73AE73CEEC
:100990007BCF7BEF7C0F840F842F84308450845076
:1009A00084308430843084308430843084308430A7
:1009B00084308C508C508C50622862486269628A04
:1009C00062AB62EB6B2C736E7BAF841084308C5106
:1009D0008C518C518C518C518C518C518C518C512F
:1009E0008C5184318430843084107C107BF07BF017
:1009F0007BD07BCF7BCF7BCF7BF07BF07BF08410F9
:100A000084108430843184518C518C518C518C51A0
:100A10008C518C718C718C718C718C718C718C710E
:100A20008C718C718C718C718C518C518C51843186
:100A3000843084107BCF738E6B4D630C5AAB4A4964
:100A4000420839C731862946292521052105210576
:100A5000210521052105292529252945294529463D
:100A6000294629462946294629462946294629460E
:100A70002946294529252925290529052905292525
:100A8000316639C74A2952695AA95AA95AA95A88B6
:100A90005A8862A862C96AE96B0A6B0A630B62CB67
:100AA0005AAA4A49420839A73166314631253125CB
:100AB000314531463146316631663186398739C72D
:100AC00041E84A29526A5AAB630C634D6B8E73AF8F
:100AD0007BCF7BF084108430843084318C518C51F6
:100AE0008C518C518C518C518C718C718C718C719E
:100AF0008C718C718C718C718C718C718C718C710E
:100B00008C718C718C718C718C718C718C718C71FD
:100B10008C718C518C518C51845184307BF073CF0B
:100B20006B8F632E5B0E52CD4A8D426C424C422C31
:100B3000422C3A2C3A0C3A0B39EB31EA320A3A2A77
:100B40003A4A428A42AA4AEA530A532A5B4B5B6BEF
:100B50005B6B5B6B5B4B5B2B530A4ACA4AAA428AAC
:100B600042693A693A6942894ACA530A5B4B5B6BEC
:100B70005B6B5B4A534A534A5B4A5B4A636A636BEB
:100B80006B8B6BAB73AB73CC73CC73CC73CC6B8B49
:100B9000634B5B0B5ACA52AA4A8A4A8A4A6A4A6A11
:100BA0004A6A4A8A4AAA52CB52EB5B0B5B2C634CD3
:100BB000636C6B8D6B8D6BAD73AE73CE73CE7BEE52
:100BC0007BEF7C0F840F842F843084508C508450B2
:100BD00084308430843084108410843084308430B5
:100BE000843084308C508C5062696A896AAA6ACBDE
:100BF0006B0C6B2C6B4D738E7BCF841084308C51BF
:100C00008C518C718C718C718C718C518C518C517C
:100C10008C518C518C5184318430843084107C1000
:100C20007BF07BF07BD07BCF7BCF7BCF7BD07BF00F
:100C30007BF07C1084108430843084318C518C5152
:100C40008C518C518C518C518C718C718C718C713C
:100C50008C718C718C518C518C518C5184308410DE
:100C60007BEF7BCF738E6B4D630B5AAA4A694208A8
:100C700039C73186294521252105210420E4210495
:100C800021052105292529252945294529462946C2
:100C900029462946294629462946294629462946DC
:100CA00031463145312531252905290529052946B2
:100CB00031A742084A49528A5AAA5AC95AA95AA877
:100CC00062A862A862C96AE96B0A6B2B6B0B630BA3
:100CD0005ACB526A4A2941C739863946394539457E
:100CE000314631463166316631663166318631874B
:100CF00039A739C842094A4A528B5AEC632D6B6EA8
:100D000073AF73CF7BF07BF08410843084308431F8
:100D10008C518C518C518C518C518C518C518C71CB
:100D20008C718C718C718C718C718C718C718C71DB
:100D30008C718C718C718C718C718C718C718C71CB
:100D40008C718C518C518C51845184307BF073CFD9
:100D50006B8F632E5AEE52AD4A6C424C422C3A0CC9
:100D60003A0C3A0C3A0C3A0B39EB320A3A0A3A2A64
:100D70003A493A69428942C94AC94B09532A532A16
:100D8000532A532A532A52EA4ACA428942693A49A3
:100D90003A493A494269428A52EA5B2A5B6B636B81
:100DA0005B6B5B6A5B4A5B4A5B6A636B638B6BABD7
:100DB00073CB73CB73EC7BEC7C0C7BEC7BEC73AC7C
:100DC0006B6B632B5AEA52CA52AA4A8A4A8A4A8AE7
:100DD0004A8A4A8A52AA52CB5B0B5B2B636C6B8CA0
:100DE0006B8C6BAD6BAD73CD73CE7BEE7C0E7C0FDD
:100DF000842F842F842F843084308C508C508450E6
:100E00008430843084308410841084308430843082
:100E1000843084508C508C506A8A6AAA6ACB6B0CDE
:100E20006B2C6B4D736E73AF7BEF841084518C51C0
:100E30008C518C718C718C718C718C718C718C71EA
:100E40008C518C518C518C518C5184518431843013
:100E5000841084107BF07BF07BD07BCF7BCF7BCF6B
:100E60007BCF7BF07BF07BF0841084108430843166
:100E700084518C518C518C518C518C518C718C7152
:100E80008C718C518C518C518C31843084107BCF7F
:100E900073AE738D6B4C630B5ACA52894A48420732
:100EA00039C6318529452125210521042104210543
:100EB0002105292529252925294529462946294667
:100EC000294629462946294629462946314631469A
:100ED0003146394639453925310531053125314607
:100EE00039A74208526A5AAA5ACA62CA62C962A992
:100EF00062A962C96AE96B0A6B2B6B2B6B2C630CC2
:100F000062EB528A4A2949C74186416641464146B9
:100F10004146396639663166316631663166316619
:100F2000318739A739C842084A49528B5ACC632DB8
:100F30006B6E738E73AF7BCF7BF07BF0841084106D
:100F40008430843184518C518C518C518C518C5112
:100F50008C518C718C718C718C718C718C718C71C9
:100F60008C718C718C718C718C718C718C718C7199
:100F70008C718C518C518C51845184307C1073D085
:100F80006B8F634E5AEE4AAD426C422C3A0C39ECF0
:100F900039EC39EB39EB31EB31EB3A0A3A2A3A4981
:100FA0003A693A893A893AA942A942C942E94AE9E1
:100FB0004AE94AE94AC942A942693A493A29320901
:100FC0003A293A4942694AAA530A5B4B638B638BBD
:100FD000638B5B6A5B6A636A638B6BAB6BAB73CB74
:100FE00073EB7BEC7C0C7C0C7C0C7C0C7BEC73CC76
:100FF0006B8B632B5AEA52CA52AA4AAA4AAA4A8A55
:101000004A8A4AAA52AA5ACB5B0B634C6B8C6BACD4
:1010100073CD73CD73CD73ED7BEE7C0E7C2E842F60
:10102000842F842F842F845084508C508C50843093
:101030008430843084308410841084308430843050
:1010400084308C508C508C506AAA6ACB6AEB6B2C23
:101050006B4D6B6E738E73AF7BF0843084518C510B
:101060008C518C718C718C718C718C718C718C71B8
:101070008C718C718C518C518C518C518C518C5148
:1010800084318430841084107BF07BF07BF07BCF44
:101090007BCF7BCF7BCF7BD07BF07BF07C10841031
:1010A0008430843084318C518C518C518C518C51D2
:1010B0008C518C518C51843084107BEF7BCF738E9C
:1010C0006B6D6B4C632B630A5AC95AA852674A2747
:1010D00041E639A63165294521252105210521054E
:1010E00021252925292529452946294629462946F4
:1010F0002946294629462946294631463146394658
:10110000394641464145412541253905312531467C
:1011100039A74229528A5ACB62EB62EB62EA62C972
:1011200062C962EA6B0A6B2B734B734C6B4C6B2C72
:10113000630C5AAB524949E849A749664966496672
:10114000496641664166396639863166316631667F
:101150003166318639A739C842084A49528B5AEC60
:10116000632D6B6E738E73AF73CF7BD07BF07BF090
:10117000841084108430843084318C518C518C5193
:101180008C518C518C518C718C718C718C718C71D7
:101190008C718C718C718C718C718C718C718C7167
:1011A0008C718C718C518C518C5184307C1073D02B
:1011B0006B8F634E5AEE4AAD424C3A0C39EB31EB31
:1011C00031CB31CB31CB31EB31EA3A0A3A4A3A6989
:1011D0003A893A893AA83A883AA83AA83AA842C934
:1011E00042C942A942A93A693A4932293209320927
:1011F00032093A49428A52CA5B2B636B6BAB63ABD1
:10120000638B638B638B638B6BAB73CB73EB73EB16
:101210007C0C7C0C7C2C842C842C840C7BEC73CC80
:101220006B6B632B5AEA52AA4AAA4AAA4AAA52AA42
:1012300052AA52AA52CB5AEB632B6B6C6BAC73CD98
:1012400073ED73ED7BED7C0E7C0E7C2E842F842F52
:10125000844F844F84508C508C508C508430843018
:10126000843084308430841084108430843084301E
:1012700084308C508C508C506ACB6AEB6B0C6B2C8E
:101280006B4D6B6E738E73AF7BF0841084318C5119
:101290008C518C718C718C718C718C718C718C7186
:1012A0008C718C718C718C718C518C518C518C51D6
:1012B0008C518C5184318430843084107C107BF0CC
:1012C0007BF07BCF7BCF73CF7BCF7BCF7BF07BF073
:1012D0007BF084108430843084318C518C518C515B
:1012E0008C518C51843084107BEF73AE738D6B4CBA
:1012F0006B4C6B2B6B2A6309630862E85AC75287F1
:101300004A46420639A63165294521252125212550
:101310002925292529452945294629462946294699
:101320002946294629463146314631463946414605
:1013300049464946514651454925410539253946D1
:1013400039A74209528A5ACB630C630B630B630BB8
:101350006B0A6B0B6B2B734C736C736D736D6B4DF6
:10136000632C5ACB524A51E851A7516659665966C7
:1013700051665166496641863986398631663166DD
:1013800031663166318639A739C842084A4952ABBD
:101390005AEC632D6B6E738E73AF73CF7BCF7BF084
:1013A0007BF07BF07C1084108430843084318C514D
:1013B0008C518C518C518C518C518C718C718C71E5
:1013C0008C718C718C718C718C718C718C718C7135
:1013D0008C718C718C518C518C51843184107BF0C8
:1013E00073AF634E5B0E4AAD424C3A0B31CB31CBFF
:1013F00031CB31CB31CB31CB31EA3A2A3A4A3A8937
:1014000042A942C93AC83AA83AA83AA83AA83AA87A
:101410003AA83A883A883A693A493229320932096F
:101420003A293A4A4A8A52EB634B6B8B6BAC6BABF3
:101430006BAB6BAB6BAB6BAB73CB73EB7C0B7C0CA9
:101440007C0C842C842C842C842C842C7BEC73AC1E
:101450006B6B5B0A52CA52AA4AAA4AAA52CA52CA19
:1014600052CA52CA5AEB5B0B634B6B8C73CC73ED55
:101470007BED7C0D7C0E7C0E842E842E844F844F5D
:10148000844F844F8C508C508C50845084308430E6
:10149000843084108410841084108430843084302C
:1014A00084308C508C508C506AEB6AEB6B0C6B2D3B
:1014B0006B4D6B6E738E73AF7BF0841084318C51E7
:1014C0008C518C718C718C718C718C718C718C7154
:1014D0008C718C718C718C718C718C718C718C5144
:1014E0008C518C518C518C518451843084308410B7
:1014F0007C107BF07BF07BD07BCF73CF73CF7BCF27
:101500007BD07BF07BF08410841084308430843076
:10151000843084107BEF7BCE738E6B6C6B4C6B2BAB
:101520006B2A6B2A6B496B486B486B27630762C653
:1015300052864A4639E631852965292521252925FE
:101540002925292529452945294629462946294667
:1015500029462946314531453946394641464946AD
:10156000514659665946594651254925412539461E
:1015700039A74208528A5AEB632C6B2C6B2C6B2CCC
:101580006B2B6B4C734C736C738D738D738E736D8F
:101590006B2D62CB5A6A5A0859A7598661666166F3
:1015A0006166596651864986418739863986316632
:1015B000316631663166318639A739C842094A4AEF
:1015C00052AB62EC6B2D6B6E73AF73CF7BCF7BCF67
:1015D0007BF07BF07BF07BF07C10841084308430D7
:1015E00084318C518C518C518C518C518C518C513B
:1015F0008C718C718C718C718C718C718C718C7103
:101600008C718C718C718C518C51845184307BF035
:1016100073AF636F5B0E4AAD424C3A0B31CB31ABCB
:1016200031AB31AB31CB31CA31EA320A3A4A3A8A6C
:1016300042C942E942E942E83AC83AC83AA83AA857
:101640003AA83AA83A893A893A693A493A4A3A4A22
:101650003A4A426A4AAB530B634C6BAC6BCC73CCCB
:101660006BCC6BCC73CC73CB73EB7C0C7C0C7C2C79
:10167000842C842C842C842C842C840C7BEC73ABE5
:10168000636B5B0A52CA4AAA4AAA52CA52EA5B0A66
:101690005B0B5B0B5B0B632B6B4C738C73CD7BED2C
:1016A0007C0D7C0E7C2E842E842E844F844F844FA0
:1016B0008C4F8C4F8C508C508C50843084308430C4
:1016C000841084108410841084108410843084303A
:1016D00084508C508C508C506AEC6B0C6B2D6B4D85
:1016E0006B4E6B6E738E73AF7BF0841084318C51B4
:1016F0008C518C718C718C718C718C718C718C7122
:101700008C718C718C718C718C718C718C718C71F1
:101710008C718C518C518C518C518C518C518431E9
:101720008430841084107BF07BF07BD07BCF73CF30
:1017300073CF73CF7BD07BF07BF07BF07C107C1081
:101740007BEF7BCF73AE6B6D6B4C632B630A6309CE
:101750006B296B4873487367736773466B2662E641
:101760005AA64A4641E631A5296529252125212584
:101770002925292529252945294529462946294656
:101780002945314531453945414649465146594635
:10179000616661666966614659465125412539464B
:1017A00039874208528A62EC6B2D6B6D6B6D736DDD
:1017B000736D736D738D738D738E73AE738E736E65
:1017C0006B2D62EB5A6A5A0859C761876966696668
:1017D00069666166598651864986418639863966C9
:1017E0003166316631663166318639A741C84209B2
:1017F0004A6A5AAB630C6B4D738E73AF7BCF7BF031
:101800007BF07BF07BF07BF07BF07BF0841084102E
:1018100084308430843184518C518C518C518C5162
:101820008C518C718C718C718C718C718C718C71F0
:101830008C718C718C718C518C518C5184317C10D9
:1018400073D06B6F5B0E4AAD424C39EB31CB31AA92
:1018500029AA29AA29AA31CA31CA320A3A4A3A8A95
:1018600042C94AE94B094309430842E83AC83AC821
:101870003AA83AA93AA942A942AA428A428B426BA3
:10188000426B428B4ACB5B0C636C6BAD73CD73CDFB
:1018900073ED73ED73EC7BEC7C0C7C2C842C842C32
:1018A000842C842C842C842C842C7C0C7BEC6BABC3
:1018B000634B5AEA52AA4AAA52CA52EA5B2A5B4BC3
:1018C0005B4B632B632B634C6B6C73AC7BED7C0DC0
:1018D0007C2E842E842E842E844F844F8C4F8C4FEC
:1018E0008C4F8C4F8C508C508450843084308410BA
:1018F000840F840F83EF840F84108410843084302D
:101900008C508C508C508C50630C630D632D634D48
:101910006B4E6B6E6B8E73AF7BEF841084318C518A
:101920008C518C718C718C718C718C718C718C71EF
:101930008C718C718C718C718C718C718C718C71BF
:101940008C718C718C718C518C518C518C518C514F
:101950008C5184318430843084107BF07BF07BD0D8
:101960007BCF73CF73CF73CF73CF73CF73CF73AF7F
:10197000738E6B6D6B2C630B5AEA5AC962C862E7AF
:101980006B2773477366736673666B4663065AC646
:101990005266422639C6318529452925212521252A
:1019A0002125292529252925292529452945312587
:1019B0003125392539254145494651465946614623
:1019C0006966696671666966614659454925414699
:1019D00041874A08528A62EC6B4D6B6D738E738D32
:1019E000738D738D738E738E738E738E738E6B6D1A
:1019F0006B2C62CB626A620861C76987696671662F
:101A00007166696669666186598649864186396666
:101A100031663166316631663166318639A741E813
:101A20004A29526A5ACB630C6B6E73AE7BCF7BF044
:101A30007BF07BF07BF07BF07BF07BF07C10841004
:101A4000841084308430843184318C518C518C5199
:101A50008C518C518C718C718C718C718C718C71DE
:101A60008C718C718C718C518C518C51843184109F
:101A700073D06B8F5B2E52CD424C3A0B31CB29AADF
:101A800029AA29AA29AA29AA31CA31EA322A3A6AF4
:101A900042AA4AE94B094B294B0942E842E83AC8B5
:101AA0003AC942C942EA4AEB4AEB4AEC4ACC4ACC30
:101AB0004ACC4ACC52EC5B2D636D6BAE73CE73EEA9
:101AC0007BEE7C0E7C0D7C0D842D842C842C842C50
:101AD000842C842C842C842C7C0C7BEC73CC6B8B22
:101AE000632A52EA52AA4ACA52EA5B2B634B636BDF
:101AF000636C636C636C6B6C6B8C73AD7BED7C0E99
:101B0000842E842E842E844F844F8C4F8C4F8C4F88
:101B10008C4F8C4F8C508450843084308430840FB0
:101B2000840F7BEF7BEF83EF84108410843084304C
:101B30008C508C508C508C71630D630D632D632E13
:101B4000634E6B6E6B8E73AF7BEF841084308C5161
:101B50008C518C518C718C718C718C718C718C71DD
:101B60008C718C718C718C718C718C718C718C718D
:101B70008C718C718C718C718C718C718C518C51BD
:101B80008C518C518C5184518430843084107C1061
:101B90007BF07BD073CF73AF73AF738F6B6E6B4D76
:101BA000632C5AEB5AAA5289526852675A865AC60F
:101BB00062E66B056B256B256B2562E55AA55265C0
:101BC000420539C5318529452125210521052105F4
:101BD00021052105292529252925292531253125D5
:101BE0003925412549255145594661466146696671
:101BF00071667166716671666966614651464946ED
:101C0000418749E8526A5ACB632C6B6D736E738EB1
:101C1000738E738E738E738E738E6B6D6B4D6B2C98
:101C200062EC62AA624961E861A7698771867166A0
:101C30007166716669666966618651864966416644
:101C4000396631663146316631663166318639A78B
:101C500041E84A29526A5ACB632D738E7BCF7BF0C1
:101C6000841084108410841084107C107C107C10EC
:101C700084108410841084308430843184518C51D9
:101C80008C518C518C518C718C718C718C718C71CC
:101C90008C718C718C718C718C518C51845184300D
:101CA0007BF06BAF634E52CD426C3A0B31CB29AA1D
:101CB00029AA29AA29AA29AA29AA31CA320A3A4A4A
:101CC000428942C94B094B09430942E942C842C90A
:101CD00042C942EA4B0B532C532D532D532E530E16
:101CE000530E530D5B0E5B4E636E6BAF73CF7BEF8A
:101CF0007C0F7C0F7C2E842E842D842D842C842CB0
:101D0000842C842C840C7C0C7BEC73CC73AB6B6BC1
:101D10005B0A52CA4AAA52CA5B0B5B4B638C6BAC20
:101D20006BAC6BAC6B8C6B8C73AC73CD7BED7C0E46
:101D3000842E842E842E844F844F8C4F8C4F8C4F56
:101D40008C4F844F844F842F84308430840F840FD1
:101D50007BEF7BEF7BEF7BEF840F841084308C5024
:101D60008C508C508C518C715B0D5B0D5B2E5B2EFF
:101D7000634E6B6E6B8E73AF7BCF7BF08430845180
:101D80008C518C518C518C518C718C718C718C71EB
:101D90008C718C718C718C718C718C718C718C715B
:101DA0008C718C718C718C718C718C718C718C714B
:101DB0008C518C518C518C518C5184518431843094
:101DC00084107BF07BF073AF738E6B6E632D5AECD7
:101DD00052AB4A694A28420741E642054A25526405
:101DE0005A845AC462C462C45AC452844A4541E502
:101DF00039A53165294521242104210420E4210449
:101E000021042105210529052925312531253925DB
:101E100041254925512559466146694669467166FD
:101E200071667166716671667166614659465146A2
:101E3000496649C752295A8A62EC632C6B4D6B4D37
:101E40006B4D6B4D6B4D6B4D6B2D632C630C62CBEF
:101E50005AAB5A49620861C769A771867166716693
:101E6000796671667166696669666166516649661A
:101E700041663966314631462946316631663186DA
:101E800039A741E84A29528A5AEB6B2D738E7BCFD2
:101E90008410843084308430843084108410841022
:101EA00084108410841084308430843084318451D0
:101EB0008C518C518C518C518C718C718C718C71BA
:101EC0008C718C718C718C718C518C518C518431D2
:101ED0007C1073B0636F52EE4A8D3A2C31EB31AA0D
:101EE00029AA298A29AA29AA29AA29CA31EA3209AA
:101EF0003A49428942C942C942C83AA83AA83AA9CD
:101F000042CA4AEB532C5B4D5B6E5B6F5B6F5B4F62
:101F10005B4F5B4F634F636F6B8F73B073F07C10DD
:101F20007C10842F842F842E842E842D842D842C49
:101F3000842C840C7C0C7BEC73CC73AB6B8B632A92
:101F40005AEA52CA4ACA52EA5B2B638C6BAC73CC16
:101F500073ED73CD73CD73AD73AD73CD73ED7C0D38
:101F60007C0E842E842E842E842F842F842F842F05
:101F7000842F842F842F842F842F842F840F83EF2A
:101F80007BEF7BCF7BCF7BEF840F843084308C5012
:101F90008C508C518C518C7152ED52ED530D5B2E47
:101FA000634E634E6B6E6B8F73AF7BF08410843027
:101FB00084518C518C518C518C518C518C718C7101
:101FC0008C718C718C718C718C718C718C718C7129
:101FD0008C718C718C718C718C718C718C718C7119
:101FE0008C718C718C518C518C518C518C518431F1
:101FF000843084107BF073AF6B6E632D5ACC526AC1
:10200000422939E839A631853185398439A441E43A
:102010004A044A44524452444A44420439C4318432
:1020200029442124210420E418E418E418E420E4DD
:1020300020E420E4210529053105312539254125F4
:102040004925592561466146694671467146716662
:102050007166716671667166716669666146594638
:10206000516649A749E85249528A5ACB5AEC62EC68
:10207000630C630C630C62EC5AEB5ACB5AAB5A8A72
:102080005A495A0961E861A769877186718679663C
:1020900079667966716671666966616659665166C8
:1020A00049663966314631462946294631663166E8
:1020B000318639A741E84A29528A62EC6B4D73AFE9
:1020C00083F08430843184318431843184308430AD
:1020D000843084308430843084308430843184315E
:1020E0008C518C518C518C518C518C718C718C71A8
:1020F0008C718C718C718C718C718C518C51843180
:10210000841073D06B8F5B2E4AAD424C320B31CBB7
:1021100029AA298A298A29AA29AA29AA31CA31E9F8
:1021200032293A493A693A883A68326832683A69F3
:1021300042AA4AEB5B2D5B6E638F63906390639062
:10214000639063906B906B906BB073D07BF07C105E
:102150007C108430842F842F840E840D840D7C0C9D
:102160007BEC7BEC7BEC73CB73AB6B8B634B5B0AD5
:1021700052CA4AAA4ACA52EB5B4B638C6BCC73EDD2
:1021800073ED73ED73ED73CD73CD73CD73ED7BEDA7
:102190007C0D7C0E7C0E840E840E840F840F840FC5
:1021A000840F840F840F840F840F840F840F7BEFC0
:1021B0007BEF7BCF7BCF7BEF840F843084308C50E0
:1021C0008C508C518C518C514ACD4ACD52ED5B0EC6
:1021D000632E634E6B6E6B8E73AF73CF7BF0841088
:1021E000843084318C518C518C518C518C518C5158
:1021F0008C718C718C718C718C718C718C718C71F7
:102200008C718C718C718C718C718C718C718C71E6
:102210008C718C718C718C718C718C518C518C5136
:10222000843084107BEF738E6B4D5AEC526A4209F6
:1022300039C73166294529242924292329433163B3
:10224000318339A339C339C439C431842964292479
:10225000210420E418E418E418E418E418E418E46D
:1022600020E420E428E429053105390549255125D4
:102270005925612569466946714671467146714620
:1022800071667166796679667166716669666146BE
:102290005966516649A749E84A295249528A528AE1
:1022A000528A52AA52AA528A528A526A52495229D0
:1022B0005A0859E861C769A771A771877987798733
:1022C00079867986798671867166696661665966EE
:1022D00049664146394631463145294529462966F0
:1022E0003166318639A741E84A495AAB630C738E8F
:1022F0007BEF841084318C518C518C518C51843102
:102300008431843184318431843184318431843125
:102310008C518C518C518C518C518C718C718C7175
:102320008C718C718C718C718C718C518C5184512D
:1023300084307BF06BAF634E52CD426C3A0B31CBA5
:1023400029AA29AA298A298A29AA29AA29A931C90F
:1023500031E93208320832282A072A07320832497E
:10236000428A4ACC5B2D636F6B906BB06BB06BB0E5
:102370006BB06BB06BB073D073D073F17C117C1108
:102380008411841084107C0F7BEE7BED7BCC73CCAE
:1023900073AB73AB73AB73AB6B8B6B6B632A5AEA28
:1023A00052AA4A8A4AAA530B634C6BAC73ED740D64
:1023B0007C0D7C0D7C0D7BED73ED73ED73CD73CDDA
:1023C00073CD7BCD7BCD7BCE7BCE7BEE7BEE7BEF6F
:1023D0007BEF7BEF840F840F840F840F7BEF7BEF09
:1023E0007BCF7BCF7BCF7BEF8410843084308C50CD
:1023F0008C508C518C518C51428D4AAD4ACD530E2C
:102400005B2E634E6B6E6B6E6B8E73AF7BCF7BF010
:10241000841084308430843184318C518C518C51BF
:102420008C518C518C518C718C718C718C718C7124
:102430008C718C718C718C718C718C718C718C71B4
:102440008C718C718C718C718C718C518C518C5104
:1024500084307BF073AF6B4D5AEC528A420939A736
:102460002966212520E420E418E320E320E321036A
:10247000292329432943296429442924210420E4C8
:1024800018E418E418C418C418C418C418C418C42C
:1024900020C420E428E430E43905490551255925B4
:1024A00061256946694671467146714671467146B5
:1024B000716671667966796671667166716669665C
:1024C00061465166516649A749C849E84A294A29DF
:1024D0004A494A494A494A494A494A2952285208D6
:1024E0005A0861E861E769C771C771C779C779A7F9
:1024F00079A779A779877987718671866966616618
:1025000059664946414631453145294529452946BF
:1025100029463166318739C74208526A5AEC6B6DD9
:102520007BCF841084308C518C518C518C518C51C8
:102530008C518C518C518C518C518C518C518C51B3
:102540008C518C518C518C518C518C718C718C7143
:102550008C718C718C718C718C718C518C518C51F3
:1025600084317C1073D0636F530E4A8D3A4C31EB3B
:1025700031CA29AA298A298A29AA29AA29A929A9DD
:1025800029C929C829C729C721A721C729C73208AE
:102590003A4A4ACB5B0D636F6BB06BB073D173D1AA
:1025A00073D173D073D073F07BF07C117C117C11EC
:1025B0007C107BF07BEF73CE73AD6B8C6B6C6B6BB5
:1025C0006B6B6B6B6B8B6B8B6B6B634A5B0A52AA8F
:1025D0004A8A4A8A4AAA530B636C6BAC73ED740D3A
:1025E0007C0D7C2D7C2D7C0D7BED73ED73CD73CD3F
:1025F00073AD73AD73AD738D738D73AE73AE73AE18
:102600007BAF7BCF7BEF7BEF7BEF7BEF7BEF7BEFDA
:102610007BCF7BCF7BEF7BEF8410843084308C507A
:102620008C508C508C508C503A6C428D4ACD530E4D
:102630005B2E634E6B6E6B6E6B8E73AF7BCF7BF0DE
:102640007BF07C10841084108430843084318C5171
:102650008C518C518C518C518C518C718C718C7132
:102660008C718C718C718C718C718C718C718C7182
:102670008C718C718C718C718C518C518C5184301B
:102680007BF073AF6B6D62EC528A420939A7296601
:10269000212520E418C418A318A318A318C318C32D
:1026A00018E320E321032103210420E418E318C3E5
:1026B00018C318C318C318C318C318C418C420C437
:1026C00020C428E430E438E4490551055925612542
:1026D0006926694671467146714671467146714672
:1026E000716679667966796679667166716669661A
:1026F000616659665166518749A749C749E84A0842
:102700004A084A284A284A284A28522852285A2839
:102710005A2862286A28720872087A087A0879E8C2
:1027200079E779C779C779C779A7718771866966AB
:10273000596651664146394531452945294529455E
:1027400029452946316639A741E84A495ACB6B4D9C
:1027500073AE8410843084318C518C518C518C51E7
:102760008C518C518C518C518C518C518C518C5181
:102770008C518C518C518C518C518C518C718C7131
:102780008C718C718C718C718C718C718C518C51A1
:102790008431841073D06B8F5B2E4ACD426C3A0B20
:1027A00031CB29AA29AA298A298A29AA29A929A9AA
:1027B00029A82188218721662166218621A729E869
:1027C0003A29428B52EC634E6B8F6BB073D173D14D
:1027D00073D173D073F073F07BF07C117C117C109B
:1027E0007BF073CF738F6B6D632C630B5B0B5AEABB
:1027F0005B0A632A634A6B6B634B632A5ACA4A8A31
:102800004A4A4A6A4AAB5AEB634C6BAD73ED740D9E
:102810007C2D7C2D7C2D7C2D7C0D7BED73CD73ADC3
:1028200073AD6B8C6B6D6B6D6B4D6B6D6B6E736E97
:10283000738E73AF7BCF7BCF7BEF7BEF7BEF7BCF59
:102840007BCF7BCF7BEF840F841084308430843047
:102850008C508C508C308C303A6C428C4ACD530E5C
:102860005B2E634E6B6E6B8E738F73AF7BCF7BF083
:102870007BF07BF07BF07BF07C1084108410843044
:10288000843184518C518C518C518C518C518C7170
:102890008C718C718C718C718C718C718C718C7150
:1028A0008C718C718C718C518C518C5184307BF07B
:1028B00073AF6B4D62EC528A420939A72966210534
:1028C00020E418C418A318A310A310A318A318A3D6
:1028D00018C318C318C318E318C318C318C318C300
:1028E00018C318C318C318C318C318C320C320C4FF
:1028F00028C430E440E4490551055925612569257E
:1029000071467146714671467146714671467166EF
:10291000716679667966798679867187718771873C
:10292000698761A761A759A751C751E74A084A08B3
:102930004A2852485249524952695A695A69626949
:1029400062696A69726972697A697A697A497A49E7
:102950007A487A287A0879E879E771C771A7698790
:102960006186596649464145314531252925292544
:10297000294529463166318741E84A495ACB6B4D92
:1029800073AE7BF0843084308C318C318C518C511F
:102990008C518C518C518C518C518C518C518C514F
:1029A0008C518C518C518C518C518C518C518C513F
:1029B0008C718C718C718C718C718C718C518C516F
:1029C000845184307BF06BAF634F52EE4A8D3A4CAA
:1029D00031EB31CA29AA29AA298A29892989298971
:1029E000218821672147194619461946218729C799
:1029F0003209426A4ACC5B2D636F6BB073D073D0DF
:102A000073D073D073D073D073F07BF07BF07BD036
:102A100073AF6B6E632D5AEC52CB52AA4A8A4A8925
:102A200052A95ACA5B0A632A632A5AEA52AA4A4A34
:102A30004A4A4A4A4A8B5AEC634C6B8D73CD73ED0C
:102A40007C0D7C2D7C2D7C2D7C0D7C0D73ED73AD70
:102A50006B8C6B6C6B4C6B4C6B2D6B2D6B4D6B4E99
:102A6000736E738E73AF7BCF7BCF7BCF7BCF7BCFF0
:102A70007BCF7BEF7BEF840F8410843084308430F5
:102A80008430843084308430FFFFFFFFFFFFFFFF7E
:102A9000FFFFFFFFFFFFFFFFFFFF859D435732D47E
:102AA00032B432B42A302A0E3AF44B7653B85BF77C
:102AB0003A714B338D18CEBCFFFFEFBFFFFFFFFF16
:102AC000957B3A7129EE29CD29EE3A703A924B3531
:102AD0004B354B144B555BD663F653955BB55BD5C5
:102AE0005BD56416641663F66457DF5EDEDCC61AD7
:102AF000F79EFFFFFFFFFFFFFFFFFFFFFFFFDEFD72
:102B0000B5DA85FA6E9D871DF7FDFFFFFFFFFFFF1A
:102B1000FFFFFFFFFFFFFFFFFFFFFFFFFFFFFFFFC5
:102B2000FFFFFFFFFFFFFFFFFFFFFFFFFFFFFFFFB5
:102B3000FFFFFFFFFFFFFFFFFFFFFFFFFFFFFFFFA5
:102B4000EF7EBE1A9D18A578D6DCFFFFFFFFFFFFC2
:102B5000FFFFFFFFFFFFFFFFFFFFFFFFFFFFFFFF85
:102B6000FFFFFFFFFFFFFFFFFFFFFFFFFFFFFFFF75
:102B7000FFFFFFFFFFFFFFFFFFFFFFFFFFFFFFFF65
:102B8000FFFFFFFFFFFFFFFFFFFFFFFFFFDFDEFC99
:102B9000B5B9A558C63BEF7EFFFFFFFFFFFFFFFF64
:102BA000FFFFFFFFFFFFFFFFFFFFFFFFFFFFFFFF35
:102BB000FFFFFFFFFFFFFFFFFFFFFFFFFFFFFFFF25
:102BC000F7DFFFFFFFDEFFDCFFFEFFFFFFFFFFFF82
:102BD000FFFFFFFFFFDFEF5EB61A9D599D399D187D
:102BE0008C7763745B335B535B7353337C55B636BE
:102BF0005BB38C77FF1FEDFEF61EFF3FFEDFF6DEB8
:102C0000FFFFFFFFFF9FFEFFFEDEFD5DFEBFEE7DCF
:102C100083B274306BD16BD39D5F8CBFA57FD6FF21
:102C2000E75FDF1FE79FF7DFFFFFF7BFF7BFCE9D2F
:102C3000E77FEFBFFFFFFFFFFFFFFFFFFFFFFFFF8C
:102C4000FFFFFFFFF7BEF7BEFFDFFFFFFFFFFFDE67
:102C5000FFFEEF9CEF7BF7BDF7BDEF7BF79CF7BD69
:102C6000F7BEFFBFFFDFFFDFFFDFFFDFFFDFFFDFBD
:102C7000FFFFFFFFFFFFFFFFFFFFFFFFFFFFFFFF64
:102C8000FFFFFFFFFFFFFFFFFFFFFFFFFFFFFFFF54
:102C9000FFFFFFFFFFFFFFFFFFFFFFFFFFFFFFFF44
:102CA000FFFFFFFFFFFFFFFFFFFFFFFFFFFFFFFF34
:102CB000FFFFFFFFFFFFFFFFFFFFFFFFFFFFFFFF24
:102CC000FFFFFFFFFFFFFFFFFFFF8DDD437732D4E4
:102CD0003AD532B42A3029EE3AD443764B975BF793
:102CE0003A9142F384F7C69CFFFFEFBFFFFFFFFF5F
:102CF0009DBC3A9229ED29CD29ED3A503A914B15D8
:102D00004B1542F44B355BB663F6539553B55BB543
:102D10005BD55C165C165C165C17D71EDEFCBE1A13
:102D2000F79EFFFFFFFFFFFFFFFFFFFFFFFFFFFF1C
:102D3000FFFFEF1DC67BADF9B599DEDCFFFFFFFF9E
:102D4000FFFFFFFFFFFFFFFFFFFFFFFFFFFFFFFF93
:102D5000FFFFFFFFFFFFFFFFFFFFFFFFFFFFFFFF83
:102D6000FFFFFFFFFFFFFFFFFFFFFFFFFFFFFFFF73
:102D7000FFFFFFFFF7BECE7BA5589D38C63BEF9EF9
:102D8000FFFFFFFFFFFFFFFFFFFFFFFFFFFFFFFF53
:102D9000FFFFFFFFFFFFFFFFFFFFFFFFFFFFFFFF43
:102DA000FFFFFFFFFFFFFFFFFFFFFFFFFFFFFFFF33
:102DB000FFFFFFFFFFFFFFFFFFFFFFFFFFFFFFFF23
:102DC000FFFFE73DBE1AA578B5D9DEFCFFFFFFFF88
:102DD000FFFFFFFFFFFFFFFFFFFFFFFFFFFFFFFF03
:102DE000FFFFFFFFFFFFFFFFFFFFFFFFFFFFFFFFF3
:102DF000F7DFFFFFF7DFFFFFFFFFFFFFFFFFFFFF33
:102E0000FFFFFFFFFFFFFFDFDF1DBE3BADBA9D39B8
:102E1000845663545B335B535B745B539D5584955D
:102E200042F2D65CFF1FFF3FFF7FFF3FFF5FF6DEF2
:102E3000D5BBEF5ED55BF67DFE5EFDBEFE3EFE7F42
:102E4000F67F8CB5324D4B0E63D77CBE9DDFA5DF80
:102E5000AD7FC59FCE5EDF5FFFDFF7BFEF39E6F8DE
:102E6000F79EFFDFFFFFFFFFFFFFFFFFFFFFFFDF1B
:102E7000FFDFFFDFEF5BF77CF79DF77DEF7CEF9CDB
:102E8000F7DDEF5ADEF9E77BF79DF79CF79DF7BD7D
:102E9000F7BEF7BEF7BFFFDFFFDFFFDFFFDFFFFF9C
:102EA000FFFFFFFFFFFFFFFFFFFFFFFFFFFFFFFF32
:102EB000FFFFFFFFFFFFFFFFFFFFFFFFFFFFFFFF22
:102EC000FFFFFFFFFFFFFFFFFFFFFFFFFFFFFFFF12
:102ED000FFFFFFFFFFFFFFFFFFFFFFFFFFFFFFFF02
:102EE000FFFFFFFFFFFFFFFFFFFFFFFFFFFFFFFFF2
:102EF000FFFFFFFFFFFFFFFFE7BF8DFD4BB832D5A0
:102F000032D532B42A3029EE3AD443564B775BF8A7
:102F10003A913AB27CB7C69CFFFFEFBFFFDFFFFFDD
:102F2000A5FC327229CD21AD29CD32503A7142F53E
:102F30004B1542F44B155BB56C16539553B553B511
:102F40005BD55BF65BF65BF65BF6CEDDE6FCBDFAC9
:102F5000EF5EFFFFFFFFFFFFFFFFFFFFFFFFFFFF32
:102F6000FFFFFFFFFFFFF79ECE7BA5589D18C63AD7
:102F7000EF7EFFFFFFFFFFFFFFFFFFFFFFFFFFFFF2
:102F8000FFFFFFFFFFFFFFFFFFFFFFFFFFFFFFFF51
:102F9000FFFFFFFFFFFFFFFFFFFFFFFFFFFFFFFF41
:102FA000FFFFFFFFFFFFFFFFFFFFE71DB5D99D17E5
:102FB000AD99D6DCFFDFFFFFFFFFFFFFFFFFFFFF45
:102FC000FFFFFFFFFFFFFFFFFFFFFFFFFFFFFFFF11
:102FD000FFFFFFFFFFFFFFFFFFFFFFFFFFFFFFFF01
:102FE000FFFFFFFFFFFFFFFFFFFFFFFFFFFFFFFFF1
:102FF000FFFFFFFFFFFFF7BFD69CAD99A578C65B2B
:10300000EF7EFFFFFFFFFFFFFFFFFFFFFFFFFFFF61
:10301000FFFFFFFFFFFFFFFFFFFFFFFFFFFFFFFFC0
:10302000FFDFFFFFF7DFFFFFFFFFFFFFFFFFFFFFF8
:10303000FFFFFFFFFFFFFFFFEF9EDEFDBE5BA579F9
:10304000843663545B535B745B945B737C3663B40C
:10305000BDBAFFBFFFFFFFFFFFFFFFDFFF3EFF9F88
:10306000CD76C46FCCF9FEFFFE1EFE7EFE5EF61E20
:10307000FE3F94D6322C428D42AF5B755BB7533620
:10308000843CB4FFC4DCCE7EDF7FD6DCEE71FF541F
:10309000FFDFFFFFFFFFFFFFF7BFEF9FEF7FEF7F38
:1030A000F79FEF7DDEF9DEFACE99DEFADF1BDF1A3D
:1030B000E75AE73AE73AEF7BF79CF7BCF79CF7BD96
:1030C000F7BEF7BEFFBFFFDFFFDFFFDFFFFFFFFF42
:1030D000FFFFFFFFFFFFFFFFFFFFFFFFFFFFFFFF00
:1030E000FFFFFFFFFFFFFFFFFFFFFFFFFFFFFFFFF0
:1030F000FFFFFFFFFFFFFFFFFFFFFFFFFFFFFFFFE0
:10310000FFFFFFFFFFFFFFFFFFFFFFFFFFFFFFFFCF
:10311000FFFFFFFFFFFFFFFFFFFFFFFFFFFFFFFFBF
:10312000FFFFFFFFFFFFFFFFDF7F7D7C4BB832D546
:1031300032D532B42A3029EE3AD3433643575BD8DE
:103140003A9132717497BE7CFFFFEFBFF7DFFFFF4C
:10315000AE3C4B13322E21CD29CD32303A7142F59F
:10316000431442F34B3553B56C16539553B553B5D1
:103170005BD55BF65BF664165BF6C6DDEF3DB5D955
:10318000E71DFFFFFFFFFFFFFFFFFFFFFFFFFFFF49
:10319000FFFFFFFFFFFFFFFFFFFFFFDFE71DB5B9E9
:1031A00094F7AD99DEFCFFFFFFFFFFFFFFFFFFFF7E
:1031B000FFFFFFFFFFFFFFFFFFFFFFFFFFFFFFFF1F
:1031C000FFFFFFFFFFFFFFFFFFFFFFFFFFFFFFFF0F
:1031D000FFFFFFFFFFFFFFFFFFFFFFFFFFFFF7BF47
:1031E000CE9BA5789D58BE3AE75EFFFFFFFFFFFF2D
:1031F000FFFFFFFFFFFFFFFFFFFFFFFFFFFFFFFFDF
:10320000FFFFFFFFFFFFFFFFFFFFFFFFFFFFFFFFCE
:10321000FFFFFFFFFFFFFFFFFFFFFFFFFFFFFFFFBE
:10322000FFFFFFFFFFFFFFFFFFFFFFFFE75DBE1A8E
:10323000A558B5D9DEFCFFFFFFFFFFFFFFFFFFFF33
:10324000FFFFFFFFFFFFFFFFFFFFFFFFFFFFFFDFAE
:10325000FFFFFFFFFFDFFFFFFFFFFFFFFFFFFFFF9E
:10326000FFFFFFFFFFFFFFFFF7BFEF5ECEBCADBA72
:103270007C1763545B5363745B746394843694D794
:10328000FEFFFEBFFFFFFFFFFFFFFFFFFFDFFF7F30
:10329000F5F5DC6CF65DFF5FFF9FFFBFF61EFD5E80
:1032A000BDBA326D428D428D428D3A4C322C428FE6
:1032B0007BB5BD1DCD1DBD7CBE7FC6BECDF4CDF69C
:1032C000D6DEF7BFFFDFFFDFF7BFF79FF79FEF7F88
:1032D000F79FD6FBB638AE17BE99D73BDF7CD75BDE
:1032E000D71ADF3BDF1AE73BEF5BF7BCF79CF7BD74
:1032F000F7BDF7BEFFDEFFDFFFFFFFFFFFFFFFFFB2
:10330000FFFFFFFFFFFFFFFFFFFFFFFFFFFFFFFFCD
:10331000FFFFFFFFFFFFFFFFFFFFFFFFFFFFFFFFBD
:10332000FFFFFFFFFFFFFFFFFFFFFFFFFFFFFFFFAD
:10333000FFFFFFFFFFFFFFFFFFFFFFFFFFFFFFFF9D
:10334000FFFFFFFFFFFFFFFFFFFFFFFFFFFFFFFF8D
:10335000FFFFFFFFFFFFFFFFEFBF85BD53F93AF50A
:103360003AD532B42A502A0E32D33B1643375BD8B3
:103370003A9232516C56B65BFFFFEFBFF7DFFFFFAB
:10338000B63B5ACD6B2E320E2A0E3230327142F4D9
:10339000431542D34B3553956C16539553B553B5DE
:1033A0005BD55C165BF65C165C378CD6A4D4BE1A73
:1033B000E73DFFFFFFFFFFFFFFFFFFFFFFFFFFFFF7
:1033C000FFFFFFFFFFFFEF3CD5D6F79EFFFFFFFF9C
:1033D000F79EC65B9D179D17C63AEF9EFFFFFFFF46
:1033E000FFFFFFFFFFFFFFFFFFFFFFFFFFFFFFFFED
:1033F000FFFFFFFFFFFFFFFFFFFFFFFFFFFFFFFFDD
:10340000FFFFFFFFFFFFFFFFFFFFFFFFFFFFFFFFCC
:10341000FFFFFFFFEF5EC65BADB9B5D9D6BCF79E27
:10342000FFFFFFFFFFFFFFFFFFFFFFFFFFFFFFFFAC
:10343000FFFFFFFFFFFFFFFFFFFFFFFFFFFFFFFF9C
:10344000FFFFFFFFFFFFFFFFFFFFFFFFFFFFFFFF8C
:10345000FFFFFFFFFFFFFFFFFFFFFFFFFFFFFFFF7C
:10346000F7DFD6BCADB9AD78CE9BF7DFFFFFFFFF2E
:10347000FFFFFFFFFFFFFFFFFFFFFFFFFFFFF7DF84
:10348000FFFFFFDFFFFFFFFFFFFFFFFFFFFFFFFF6C
:10349000FFFFFFFFFFFFFFFFFFDFF7BFE73EBE3B82
:1034A000847863545B535B5363747BD594779CD867
:1034B000FF1FF65FF6BFFF3FFFBFFFFFFFDFFEFE10
:1034C000BC579334EEDEFFFFFFFFFFFFFFFFCE7B15
:1034D0003AAE2A4D326D322C320B428C530D634E74
:1034E0007BB1A455C4F9BD1BB5FFBE7FCEDDD6DFD1
:1034F000DF1FE73FEF7FF79FF79FEF7FEF5EE71D4F
:10350000C63995759DB6AE37CED9E75BEF9CEF9C7B
:10351000EFBCEF9DEF9DEF9DEF9CF7BDF79CF7BDD6
:10352000F7BEFFDEFFDEFFFFFFFFFFFFFFFFFFFF36
:10353000FFFFFFFFFFFFFFFFFFFFFFFFFFFFFFFF9B
:10354000FFFFFFFFFFFFFFFFFFFFFFFFFFFFFFFF8B
:10355000FFFFFFFFFFFFFFFFFFFFFFFFFFFFFFFF7B
:10356000FFFFFFFFFFFFFFFFFFFFFFFFFFFFFFFF6B
:10357000FFFFFFFFFFFFFFFFFFFFFFFFFFFFFFFF5B
:10358000FFFFFFFFFFFFFFFFFFFF9E5E5C7A3B3503
:103590003AF532D432512A0F32B33B1643365BD858
:1035A0003AB232316436B65BFFFFEFBFF7DFFFFFA1
:1035B000AD76188341C752CF29EE322F327142F4D3
:1035C000431542F44B5553B56C36539553B553B52B
:1035D0005BD55BF65BF65C166BF593F28BD1BE3A6E
:1035E000D69BCDF88BF1BD97F77DE6DBCDB6C596C2
:1035F000FFFFFFDFE699AC2FDE37FFFFFFFFFFFF86
:10360000FFFFFFFFFFFFDEFDAD9994F7AD99DEFCF4
:10361000FFFFFFFFFFFFFFFFFFFFFFFFFFFFFFFFBA
:10362000FFFFFFFFFFFFFFFFFFFFFFFFFFFFFFFFAA
:10363000FFFFFFFFFFFFFFFFFFFFFFFFFFFFFFFF9A
:10364000FFFFFFFFFFFFFFFFFFFFE71DBE1AA5788B
:10365000B5F9DEFCFFFFFFFFFFFFFFFFFFFFFFFFEE
:10366000FFFFFFFFFFFFFFFFFFFFFFFFFFFFFFFF6A
:10367000FFFFFFFFFFFFFFFFFFFFFFFFFFFFFFFF5A
:10368000FFFFFFFFFFFFFFFFFFFFFFFFFFFFFFFF4A
:10369000FFFFFFFFFFFFE75DC65BC63AD6BCEF7ECC
:1036A000FFFFFFFFFFFFFFFFFFFFFFFFFFFFF7DF52
:1036B000FFFFF7DFFFFFFFFFFFFFFFFFFFFFFFFF42
:1036C000FFFFFFFFFFFFFFFFFFFFFFFFF7BFD6DD9D
:1036D000953A6BD55B7463746B7484169CB86BB548
:1036E000E6BEF63FF61EFE3EFF5FFF9FFF1EF6DEC4
:1036F000EEBDE5BCE5DCFFFFFFBFFFDFDEDC326DCA
:1037000032AD3B0F32CD53AF534F530E5B0F634F70
:103710007BB1AC95C557B495B5DDBE7FDF3FEF7F7C
:10372000EF9FE75FEF7FEF7FEF7FF79FF79FF79FB9
:10373000D6DBA5D5C6B7DF58F7BBFFDDFFFDFFFD24
:10374000FFFEFFFEFFDEF77CEF3BEF5CEF7CF7BD9B
:10375000FFDEFFFEFFFFFFFFFFFFFFFFFFFFFFFF9B
:10376000FFFFFFFFFFFFFFFFFFFFFFFFFFFFFFFF69
:10377000FFFFFFFFFFFFFFFFFFFFFFFFFFFFFFFF59
:10378000FFFFFFFFFFFFFFFFFFFFFFFFFFFFFFFF49
:10379000FFFFFFFFFFFFFFFFFFFFFFFFFFFFFFFF39
:1037A000FFFFFFFFFFFFFFFFFFFFFFFFFFFFFFFF29
:1037B000FFFFFFFFFFFFFFFFFFFFAE9E64BA435610
:1037C0003B153AF432712A2F32D43B153B365BF865
:1037D0003AB22A316C15BE5BFFFFEFBFF7DFFFFF88
:1037E000949328E5396662ED324F322F3A7142F4F4
:1037F000431543144B5553B56C3653B553D553B598
:1038000053B55BF65BF65BD59C7493D17B908412C9
:1038100072CD72AC832E8B6EA410A3EF9BAE7AECAC
:10382000832C8B2C7AA959A6B4F3FFFFFFFFFFFF6F
:10383000FFFFFFFFFFFFFFFFFFFFF79EC63A9D1749
:103840009CF7C63AF79EFFFFFFFFFFFFFFFFFFFF5A
:10385000FFFFFFFFFFFFFFFFFFFFFFFFFFFFFFFF78
:10386000FFFFFFFFFFFFFFFFFFFFFFFFFFFFFFFF68
:10387000FFFFFFFFFFFFFFFFFFFFFFFFFFFFF7BFA0
:10388000D6DCB5D9ADB9DEFCFFDFFFFFFFFFFFFFE0
:10389000FFFFFFFFEF5DF79EFFFFFFFFFFFFFFFF53
:1038A000FFFFFFFFFFFFFFFFFFFFFFFFFFFFFFFF28
:1038B000FFFFFFFFFFFFFFFFFFFFFFFFFFFFFFFF18
:1038C000FFFFFFFFFFFFFFFFFFFFF7BFDEFCC65A52
:1038D000C65BDEFDFFDFFFFFFFFFFFFFFFFFF7DF40
:1038E000FFFFF7DFFFFFFFFFFFFFFFFFFFFFFFFF10
:1038F000FFFFFFFFFFFFFFFFFFFFFFFFFFDFDF3DDA
:10390000ADDB745763956B956B958457845742D3A1
:103910008497EE5ED55DC4FBD57CEE7DFF7FFFDF37
:10392000FFDFF65EE57CF71EFFFFEDDE529019CB60
:103930004B6E4BCE6CB195D495D495B384D163AF17
:1039400073919C53C558BCD6AD39BE5FCEBEDF1F48
:10395000F7BFF7DFF79FF79FEF7FEF7FEF9FF7BF8F
:10396000F7BFDF36F7B7F7D9FFFBFFFDFFFDFFFD20
:10397000FFFDFFFEFFFEF7BDEF3BEF3CEF3BEF5BD4
:10398000F79DFFDEFFFFFFFFFFFFFFFFFFFFFFFFD2
:10399000FFFFFFFFFFFFFFFFFFFFFFFFFFFFFFFF37
:1039A000FFFFFFFFFFFFFFFFFFFFFFFFFFFFFFFF27
:1039B000FFFFFFFFFFFFFFFFFFFFFFFFFFFFFFFF17
:1039C000FFFFFFFFFFFFFFFFFFFFFFFFFFFFFFFF07
:1039D000FFFFFFFFFFFFFFFFFFFFFFFFFFFFFFFFF7
:1039E000FFFFFFFFFFFFFFFFFFFFC6FF64DA439605
:1039F0003B153AF432712A2F32D43B1543565BF80B
:103A00003AD33230420A524AC659FFFFF7BEFFFF8F
:103A10008411312649E962CC42AF322F3A914315E5
:103A20004B554B344B7553B56C3653B553D553B5D5
:103A300053B55BF65BD5945493D0626B6AAC7B0D47
:103A400093D09C10A430AC509BCE726A59C7724977
:103A500059666A2882AA82A9C575FFFFFFFFFFFF8A
:103A6000FFFFFFFFFFFFFFFFFFFFFFFFFFFFFFFF66
:103A7000DEDCA57894D7AD99DEFDFFFFFFFFFFFFE9
:103A8000FFFFFFFFFFFFFFFFFFFFFFFFFFFFFFFF46
:103A9000FFFFFFFFFFFFFFFFFFFFFFFFFFFFFFFF36
:103AA000FFFFFFFFFFFFFFFFFFFFFFFFFFFFFFFF26
:103AB000FFFFFFFFF7BFDF1DCEBCCE9BCE59B57613
:103AC0009C9383F0736E7BAF9CB3D6BAFFFFFFFF6E
:103AD000FFFFFFFFFFFFFFFFFFFFFFFFFFFFFFFFF6
:103AE000FFFFFFFFFFFFFFFFFFFFFFFFFFFFFFFFE6
:103AF000FFFFFFFFFFFFFFFFFFFFFFFFFFFFFFFFD6
:103B0000EF5ECE9BBE1ACE9BEF5EFFFFFFFFFFFF77
:103B1000FFFFF7DFFFFFFFFFFFFFFFFFFFFFFFFFDD
:103B2000FFFFFFFFFFFFFFFFFFDFFFFFF7BFE75EC6
:103B3000BE5C84F9741773F673B684786BF642F33F
:103B40003AD253535314ACFBF69FFF7FFFFFFFBFE6
:103B5000FFBFF69EE65DDD3CFFFFDDDD3A0E326D18
:103B600053B08573BE96BE96BE96D737EFF8B6565D
:103B70008432ACB6D59AD5BABD7AC67FD6FEDF1FE1
:103B8000E75FF7DFFFFFFFFFFFDFF7BFF7BFF7DFFD
:103B9000F7BFDF19EF9AF7DCFFDDFFFEFFFEFFFE48
:103BA000FFFEFFFEFFFFFFFFFFDEF79EF79DF79E84
:103BB000FFDFFFDFFFFFFFFFFFFFFFFFFFFFFFFF55
:103BC000FFFFFFFFFFFFFFFFFFFFFFFFFFFFFFFF05
:103BD000FFFFFFFFFFFFFFFFFFFFFFFFFFFFFFFFF5
:103BE000FFFFFFFFFFFFFFFFFFFFFFFFFFFFFFFFE5
:103BF000FFFFFFFFFFFFFFFFFFFFFFFFFFFFFFFFD5
:103C0000FFFFFFFFFFFFFFFFFFFFFFFFFFFFFFFFC4
:103C1000FFFFFFFFFFFFFFFFFFFFDF7F6CFB439610
:103C20003B153AF532712A2F3AD33B353B365C18B7
:103C300042F3322F398739873146ADB7FFFFFFFF97
:103C40007BD03946628B628B52CF32703AB14B5582
:103C50004B754B54539553B56C5753B553B553B53A
:103C600053B55BF694548B8F626B624B8B8FA43190
:103C70009BCFA4109BCF830C62086A298AEB7AAA97
:103C8000938DABEDAC0EDE79FFFFFFFFFFFFFFFF73
:103C9000FFFFFFFFFFFFFFFFFFFFFFFFFFFFFFFF34
:103CA000FFFFFFFFEF7EBE1A94F79D17C63BF79EFE
:103CB000FFFFFFFFFFFFFFFFFFFFFFFFFFFFFFFF14
:103CC000FFFFFFFFFFFFFFFFFFFFFFFFFFFFFFFF04
:103CD000FFFFFFFFFFFFFFFFFFFFFFFFFFFFFFFFF4
:103CE000FFFFF7BEDEBBB57683F16B2E6B2D6B2D20
:103CF000734E736E738F736E6B2E6B2D9472DEDB4F
:103D0000FFFFFFFFFFFFFFFFFFFFFFFFFFFFFFFFC3
:103D1000FFFFFFFFFFFFFFFFFFFFFFFFFFFFFFFFB3
:103D2000FFFFFFFFFFFFFFFFFFFFFFFFFFFFFFFFA3
:103D3000FFFFFFFFF7BFDEFCBE3AC65BD6DCF7BE77
:103D4000FFFFFFFFFFFFFFFFFFFFFFFFFFFFFFFF83
:103D5000FFFFFFFFFFFFF7DFF7BFEF9EE73ECEBCA1
:103D6000B61B95397C587BF773B67C5753953AD27E
:103D700032B12A70224E9518FEDFFF9FFFFFFFBF72
:103D8000FF7FEDBDEE1EB49BF69FC55C426F5350A6
:103D90006CB3B676CF17CEF7A555B636ADF68C9385
:103DA0008C74ACF7D5DBDE1CC5BACE7EDF1EDEDF41
:103DB000EF7FEF7FF7DFFFFFFFFFFFFFFFFFFFDF7B
:103DC000FFFFEF9DE77BF7DDFFFEFFFEFFFFFFFF3D
:103DD000FFFFFFFFFFFFFFFFFFDFFFDFFFFFFFFF33
:103DE000FFFFFFFFFFFFFFFFFFFFFFFFFFFFFFFFE3
:103DF000FFFFFFFFFFFFFFFFFFFFFFFFFFFFFFFFD3
:103E0000FFFFFFFFFFFFFFFFFFFFFFFFFFFFFFFFC2
:103E1000FFFFFFFFFFFFFFFFFFFFFFFFFFFFFFFFB2
:103E2000FFFFFFFFFFFFFFFFFFFFFFFFFFFFFFFFA2
:103E3000FFFFFFFFFFFFFFFFFFFFFFFFFFFFFFFF92
:103E4000FFFFFFFFFFFFFFFFFFFFF7DF74FA3B7687
:103E50003B153AF532912A2F3AF4435543566438CC
:103E60004313327141EA626B52092925A515FFFF00
:103E70008C3139466ACC6ACC6B4F32903AD14B9632
:103E800053D64B7453955395637253B553B553B58D
:103E900053747B91830D6A8B6A6B8B6E93CF8B4DC2
:103EA0008B6D82EC7AAA62088AEBABEEAC2FCD5216
:103EB000BC8FBCD1EF1CFFFFFFFFFFFFFFFFFFFF29
:103EC000FFFFFFFFFFFFFFFFFFFFFFFFFFFFFFFF02
:103ED000FFFFFFFFFFFFFFFFFFFFD6DCA5588CD6DB
:103EE000AD99DF1DFFFFFFFFFFFFFFFFFFFFFFFF9C
:103EF000FFFFFFFFFFFFFFFFFFFFFFFFFFFFFFFFD2
:103F0000FFFFFFFFFFFFFFFFFFFFFFFFF7BECE7AC0
:103F10009CD47BD06B2D6B0D736E7B8F7B8F7B8FD7
:103F20007B8F7BAF7BAF7BAF7BAF7BAF734E734E33
:103F3000A4D4EF3DFFFFFFFFFFFFFFFFFFFFFFFFE9
:103F4000FFFFFFFFFFFFFFFFFFFFFFFFFFFFFFFF81
:103F5000FFFFFFFFFFFFFFFFFFFFFFFFFFFFFFFF71
:103F6000FFFFFFFFFFFFFFFFFFFFEF5EC67BC65AAD
:103F7000CE9BEF7EFFFFFFFFFFFFFFFFFFFFFFFF77
:103F8000FFFFFFFFFFDFEF9EEF5EDEFDBE3B9559BB
:103F900084F97C98741773D673B67C5743132AB18F
:103FA0002A912A902A4F4B52EE1FFF9FFFDFED9D73
:103FB000F6DED47BF5BEB4FCA45A7BB55AF15BB1F6
:103FC0008534A5F59DB595747C537C3373B27BD154
:103FD0008C34ACD7CD9AD5DBCDBAC61BDF3FC63DFE
:103FE000E75FF7BFF7BFF7DFFFFFFFFFFFFFFFFF51
:103FF000FFFFF7DEF7BCFFDEFFFEFFFEFFDEFFFE8A
:10400000FFFEFFFFFFFFFFFFFFFFFFFFFFFFFFFFC1
:10401000FFFFFFFFFFFFFFFFFFFFFFFFFFFFFFFFB0
:10402000FFFFFFFFFFFFFFFFFFFFFFFFFFFFFFFFA0
:10403000FFFFFFFFFFFFFFFFFFFFFFFFFFFFFFFF90
:10404000FFFFFFFFFFFFFFFFFFFFFFFFFFFFFFFF80
:10405000FFFFFFFFFFFFFFFFFFFFFFFFFFFFFFFF70
:10406000FFFFFFFFFFFFFFFFFFFFFFFFFFFFFFFF60
:10407000FFFFFFFFFFFFFFFFFFFFF7FF7D3A3B352D
:104080003B353B1432912A2F32B243764397647901
:104090004B5432B24AD06AAC730D5A4A20C4A514AC
:1040A000BDB7416672EC834D7BB03AB03AF14B122A
:1040B00053B54B9553B55B736AEF533253D653B533
:1040C000422C6A8B7AED82CC9B8E934D82EB8B2CAB
:1040D0007AAB82EB8B0BA3ADB40EBCD1D593CD5292
:1040E000D5F6F79EFFFFFFFFFFFFFFFFFFFFFFFF7C
:1040F000FFFFFFFFFFFFFFFFFFFFFFFFFFFFFFFFD0
:10410000FFFFFFFFFFFFFFFFFFFFFFFFFFFFEF7E50
:10411000BE1A94F79517C65BF7BEFFFFFFFFFFFFC0
:10412000FFFFFFFFFFFFFFFFFFFFFFFFFFFFFFFF9F
:10413000FFFFFFFFFFFFFFFFDEDBA5157BD06B2D31
:104140006B2D734E7B8F7BAF7BAF7BAF7BAF7BAF3A
:104150007B8F630D5ACC62CC6B0D736E83D07BD09A
:10416000734E738EB576F7BEFFFFFFFFFFFFFFFFB5
:10417000FFFFFFFFFFFFFFFFFFFFFFFFFFFFFFFF4F
:10418000FFFFFFFFFFFFFFFFFFFFFFFFFFFFFFFF3F
:10419000FFFFFFFFFFFFFFFFFFFFFFFFFFFFFFDF4F
:1041A000DEFCCE9BD6BCE73DFFDFFFFFFFFFFFFF3E
:1041B000FFFFFFFFEF7EDEFDD6DDC67C9D797458E4
:1041C0006C176BF66BB56BB573D66BF632D22AD221
:1041D0002AB12A902A902A8FACF9FF7FEDFDD43BBB
:1041E000DCBBDC5CD57C845763337BB47394635253
:1041F0005B925B515B5163716BB173D27BF283B1A4
:104200009C55B4F8BD59C579CDBAC5BACE5BC67D4B
:10421000CE9DF7DFF7DFE75FEF7FFFFFFFFFFFFFD9
:10422000FFFFFFDEFFDDFFDEFFFEFFFEFFDEF7DE4E
:10423000FFFEFFFEFFFFFFFFFFFFFFFFFFFFFFFF90
:10424000FFFFFFFFFFFFFFFFFFFFFFFFFFFFFFFF7E
:10425000FFFFFFFFFFFFFFFFFFFFFFFFFFFFFFFF6E
:10426000FFFFFFFFFFFFFFFFFFFFFFFFFFFFFFFF5E
:10427000FFFFFFFFFFFFFFFFFFFFFFFFFFFFFFFF4E
:10428000FFFFFFFFFFFFFFFFFFFFFFFFFFFFFFFF3E
:10429000FFFFFFFFFFFFFFFFFFFFFFFFFFFFFFFF2E
:1042A000FFFFFFFFFFFFFFFFFFFFAE5D54183B5511
:1042B0003B353B14329231EC39A83A4D43346C997A
:1042C0005BD63AF263F5838F7B0D9C516ACB3166E6
:1042D0006AEC51C872EC9BF08BF042F142D06AADAF
:1042E00063724B954B746B7194544ACF4B5331CAE4
:1042F000522A62AC6ACCA38E932D936D8B2C82AB29
:10430000932CA38DABEEA38DBCD1CD73CD52DE78B3
:10431000F7BEFFFFFFFFFFFFFFFFFFFFFFFFFFFFF6
:10432000FFFFFFFFFFFFFFFFFFFFFFFFFFFFFFFF9D
:10433000FFFFFFFFFFFFFFFFFFFFFFFFFFFFFFFF8D
:10434000FFFFFFFFD6DC9D588CB6AD99DF1DFFFF48
:10435000FFFFFFFFFFFFFFFFFFFFFFFFFFFFFFFF6D
:10436000FFFFF79EC5F88C52734E6B0D6B2D6B0DD6
:104370006B0D62ED62ED5ACC528B528B524A420960
:1043800039A8292620E518C42105290541C86B2D27
:1043900083D07BAF6B2D7BAFC618FFFFFFFFFFFF06
:1043A000FFFFFFFFFFFFFFFFFFFFFFFFFFFFFFFF1D
:1043B000FFFFFFFFFFFFFFFFFFFFFFFFFFFFFFFF0D
:1043C000FFFFFFFFFFFFFFFFFFFFFFFFFFFFFFFFFD
:1043D000FFFFFFFFF79EDF1DDEDCE73DF7BFFFFFBE
:1043E000FFFFF7BFD6BDBE1BB61BADDA8CD86BF78F
:1043F0006BF663D563746B957BF65B942AD22AD2F5
:104400002AB22AD132D032B05352C59BE4FDDC9C93
:10441000E53D94973AF042D05B5273D584167BD534
:1044200073B36BB26BB273D273D27BF28BF29C1309
:10443000ACB7B4F8ACF7A4F7ACF7BD39BD59C5FAC1
:10444000BE1BCE7BDF1DDF1EDF1FF7DFFFFFFFFF81
:10445000FFFFFFDEFFFEFFFEFFFDFFFEFFFEF7DEBC
:10446000FFDEFFFEFFFFFFFFFFFFFFFFFFFFFFFF7E
:10447000FFFFFFFFFFFFFFFFFFFFFFFFFFFFFFFF4C
:10448000FFFFFFFFFFFFFFFFFFFFFFFFFFFFFFFF3C
:10449000FFFFFFFFFFFFFFFFFFFFFFFFFFFFFFFF2C
:1044A000FFFFFFFFFFFFFFFFFFFFFFFFFFFFFFFF1C
:1044B000FFFFFFFFFFFFFFFFFFFFFFFFFFFFFFFF0C
:1044C000FFFFFFFFFFFFFFFFFFFFFFFFFFFFFFFFFC
:1044D000FFFFFFFFFFFFFFFFFFFFA5FC43964375B4
:1044E0003B353B15329241EB4A0A39C83167422BC2
:1044F00053103AF264369CD48B6DACB2B4D25A49A4
:10450000314649C772CBAC719C314332428F93F232
:104510008C134B7443118BD2943439EA39C941A8B6
:104520004A0A316649C882CB5A4A730C9B8E92EB79
:10453000C4B0C4B0ABADB44FCD52BCF2DE9AFFFFF5
:10454000FFFFFFFFFFFFFFFFFFFFFFFFFFFFFFFF7B
:10455000FFFFFFFFFFFFFFFFFFFFFFFFFFFFFFFF6B
:10456000FFFFFFFFFFFFFFFFFFFFFFFFFFFFFFFF5B
:10457000FFFFFFFFFFFFFFFFEF5EB5FA8CD7951738
:10458000C65BF7BFFFFFFFFFFFFFFFFFFFFFEF5D12
:10459000B57683D06B2D6B0D62ED5A8B524A4A2A49
:1045A0004A2A41E939A829472926292629262926E0
:1045B0002926318742095A8B4A2A41E939A72926F7
:1045C00039A862CC7B8F736E6AED8C51E71CFFFFBC
:1045D000FFFFFFFFFFFFFFFFFFFFFFFFFFFFFFFFEB
:1045E000FFFFFFFFFFFFFFFFFFFFFFFFFFFFFFFFDB
:1045F000FFFFFFFFFFFFFFFFFFFFFFFFFFFFFFFFCB
:10460000F7DFFFFFFFFFFFFFFFDFEF7EE73DEF5E1E
:10461000F79EEF7EC67CADBAA59A9D397C3663B60F
:104620006BF663B5535363747BF663B55C5464B443
:104630006494649353D3539453535352AD19B55A5E
:104640007455328F3AAF42F04B3163B37C358C56A0
:104650008C56841484138C139CD49C54A435A43499
:10466000AC96A4968C5484548C55A4D7BD59C5DA05
:10467000CE3AC558C578C5B9CE1AE71DF7BEF79E24
:10468000EF7DFFDDFFFEFFDDFFFDFFFDFFFDFFDE38
:10469000FFFEFFFFFFFFFFFFFFFFFFFFFFFFFFFF2B
:1046A000FFFFFFFFFFFFFFFFFFFFFFFFFFFFFFFF1A
:1046B000FFFFFFFFFFFFFFFFFFFFFFFFFFFFFFFF0A
:1046C000FFFFFFFFFFFFFFFFFFFFFFFFFFFFFFFFFA
:1046D000FFFFFFFFFFFFFFFFFFFFFFFFFFFFFFFFEA
:1046E000FFFFFFFFFFFFFFFFFFFFFFFFFFFFFFFFDA
:1046F000FFFFFFFFFFFFFFFFFFFFFFFFFFFFFFFFCA
:10470000FFFFFFFFFFFFFFFFFFFFAE3D43B7437516
:104710003B553B153292320D41E962CD62CD41C825
:104720004187526C63D3BE7B9C319BEFBD1393AE2C
:1047300049A849C85A4AA4309C114332428E8BD1B1
:10474000943242F152CFA4736B0E3167624B5A2AF6
:1047500039A739876A2949C820C45A49BC4FCCD0E7
:10476000AC2FA450BD12CD93E6B9CE5AA579BE1A8E
:10477000E75DFFFFFFFFFFFFFFFFFFFFFFFFFFFF03
:10478000FFFFFFFFFFFFFFFFFFFFFFFFFFFFFFFF39
:10479000FFFFFFFFFFFFFFFFFFFFFFFFFFFFFFFF29
:1047A000FFFFFFFFFFFFFFFFFFFFFFFFFFDFCE9CCD
:1047B0009D388CB6A598E73DFFFFE73DAD15736FBB
:1047C00062ED62EC5AAC526B4A4A524A524A4A2A49
:1047D00041E939A83188316729672967294629269F
:1047E00041E962CBBD31D5D3C5927B8D526B5AABBB
:1047F0003167210539875A8B734E6B0D6B2DB5963A
:10480000FFFFFFFFFFFFFFFFFFFFFFFFFFFFFFFFB8
:10481000FFFFFFFFFFFFFFFFFFFFFFFFFFFFFFFFA8
:10482000FFFFFFFFFFFFFFFFFFFFFFFFFFFFFFFF98
:10483000FFFFFFFFFFFFFFFFFFFFFFFFFFFFF7BFD0
:10484000EF7EDEFDBE1BAD9AAD9A9D397C57747824
:10485000745763B553335B5373B57C7496358E16BA
:10486000751574B59DF86C967D36647443703B0F76
:104870002A4E3A8F42AF42CF4310537263D37C54D7
:104880008C75943594559BF4BDD6AC74B536BDF794
:1048900094547BF273F27C347C548CB59CD7BDD994
:1048A000C61AC579CDDACDFAD67BD6DCD69BDEDB4F
:1048B000E71CFFDDFFDDFFDDFFFDFFFDFFFEFFFE6F
:1048C000FFFEFFFFFFFFFFFFFFFFFFFFFFFFFFFFF9
:1048D000FFFFFFFFFFFFFFFFFFFFFFFFFFFFFFFFE8
:1048E000FFFFFFFFFFFFFFFFFFFFFFFFFFFFFFFFD8
:1048F000FFFFFFFFFFFFFFFFFFFFFFFFFFFFFFFFC8
:10490000FFFFFFFFFFFFFFFFFFFFFFFFFFFFFFFFB7
:10491000FFFFFFFFFFFFFFFFFFFFFFFFFFFFFFFFA7
:10492000FFFFFFFFFFFFFFFFFFFFFFFFFFFFFFFF97
:10493000FFFFFFFFFFFFFFFFFFFFAE5D4BD74355BC
:1049400043133B1432B32A503A0D51E983B094110A
:104950007B4E51C872ABA515D69A8B6DAC91B4B194
:10496000626A62095A099BAF93F143123A8F836FCF
:104970008BD031EA628C93B049E9624A726B82ABA8
:104980006209720961E83146416761E9A36C72CB43
:1049900028E53125BD54F77CFFDFFFFFF79EC65A9F
:1049A000A558AD99D6DCFFFFFFFFFFFFFFFFFFFF1C
:1049B000FFFFFFFFFFFFFFFFFFFFFFFFFFFFFFFF07
:1049C000FFFFFFFFFFFFFFFFFFFFFFFFFFFFFFFFF7
:1049D000FFFFFFFFFFFFFFFFFFFFFFFFFFFFFFFFE7
:1049E000FFFFEF5EBE1A84758432734E5AAC5AAC28
:1049F000526B4A4A524A526B526B524A524A524A7C
:104A00004A4A4A2A39C8316729472926210539C81F
:104A10004A09C592DE13940DB531CDB36B0C4A092A
:104A20005AAC420939A8318741E95AAC6B0D62CCC6
:104A30008C31E73CFFFFFFFFFFFFFFFFFFFFFFFFA2
:104A4000FFFFFFFFFFFFFFFFFFFFFFFFFFFFFFFF76
:104A5000FFFFFFFFFFFFFFFFFFFFFFFFFFFFFFFF66
:104A6000FFFFFFFFFFFFFFFFFFFFFFFFFFFFFFFF56
:104A7000FFFFE71DB5FAA559A5599CF984B88D1912
:104A80008CF96BD653335B5363549535D758AE5777
:104A90008556B698CF198536A6579E367D744370D5
:104AA0003A8E328E4B706C5285148D7585147CB3A2
:104AB0008473841383F39413A4F4A514A5948CB283
:104AC0006B6F73D173D27C137C5384748CD59D37F8
:104AD000A557AD78B5B9BDF9BDFAC5F9CE19CE5A0D
:104AE000DEFBF7DDFFDDFFDDFFFDFFFEFFFEFFFE6E
:104AF000FFFFFFFFFFFFFFFFFFFFFFFFFFFFFFFFC6
:104B0000FFFFFFFFFFFFFFFFFFFFFFFFFFFFFFFFB5
:104B1000FFFFFFFFFFFFFFFFFFFFFFFFFFFFFFFFA5
:104B2000FFFFFFFFFFFFFFFFFFFFFFFFFFFFFFFF95
:104B3000FFFFFFFFFFFFFFFFFFFFFFFFFFFFFFFF85
:104B4000FFFFFFFFFFFFFFFFFFFFFFFFFFFFFFFF75
:104B5000FFFFFFFFFFFFFFFFFFFFFFFFFFFFFFFF65
:104B6000FFFFFFFFFFFFFFFFFFFFB67D4BF8437521
:104B700039EB39CA3A2D322E2AB3426E59E88BAF3F
:104B8000BD348B8E59C86A4AACD47B4E8B6DB4B29F
:104B90008B6D7249724A830D836F3AF142F16A8CD0
:104BA00062AC31675A0A6A4A622A51E85A09726A43
:104BB000824A8A6B61E961E9930CC44FABCD28C48A
:104BC0005A49CDF6FFDFFFFFFFFFFFFFFFFFFFFFAB
:104BD000FFDFD6BCA5789D37C65BF7BEFFFFFFFFA2
:104BE000FFFFFFFFFFFFFFFFFFFFFFFFFFFFFFFFD5
:104BF000FFFFFFFFFFFFFFFFFFFFFFFFFFFFFFFFC5
:104C0000FFFFFFFFFFFFFFFFFFFFFFFFFFFFFFFFB4
:104C1000FFFFFFDFB5966B0D526B526B4A0A41E9FD
:104C200042094A2A524A526B524A524A524A524AFC
:104C3000524A526B526B4A4A42092926318762ED29
:104C40007B4DEEB593EC8BECD5F3BD51BD73841168
:104C50004A094A0941E94A0942094A09524A5AACF1
:104C600062CC734ECE39FFFFFFFFFFFFFFFFFFFF58
:104C7000FFFFFFFFFFFFFFFFFFFFFFFFFFFFFFFF44
:104C8000FFFFFFFFFFFFFFFFFFFFFFFFFFFFFFFF34
:104C9000FFFFFFFFFFFFFFFFFFFFFFFFFFFFFFFF24
:104CA000FFDFE71DBE1BAD9AA57994D87C588CF91F
:104CB00094F96BD653325B534AF29D94B695855363
:104CC0009615C6F8C6F8AE77D738B6B6AE7595D491
:104CD00053D18573A675A675B6B6BED6AE758D943E
:104CE00074927431847294B39CD394D38C91630E78
:104CF0007C517C7274127C337C338474951584955A
:104D00008CD59D169D179D37A557B598BDD9C61A48
:104D1000F79CF7DCF7DCFFFDFFFEF79EFFDEFFFEF2
:104D2000FFFEFFFEFFDEFFDEFFDFFFDFFFDFFFFF37
:104D3000FFFFFFFFFFFFFFFFFFFFFFFFFFFFFFFF83
:104D4000FFFFFFFFFFFFFFFFFFFFFFFFFFFFFFFF73
:104D5000FFFFFFFFFFFFFFFFFFFFFFFFFFFFFFFF63
:104D6000FFFFFFFFFFFFFFFFFFFFFFFFFFFFFFFF53
:104D7000FFFFFFFFFFFFFFFFFFFFFFFFFFFFFFFF43
:104D8000FFFFFFFFFFFFFFFFFFFFFFFFFFFFFFFF33
:104D9000FFFFFFFFFFFFFFFFFFFFBEBE541843965C
:104DA00042F239A85A6B6B0E5ACF4313424D622917
:104DB00093CFB4F3832D7249724A41A86229A3EFBD
:104DC00093AE826A92CB8ACC7AED3AF14332520AA0
:104DD00041A741C841A7398741A8316729463967AA
:104DE0009B6D8ACC82ABBBEEC46FB3AD8229A40F9E
:104DF000DEBAFFFFFFFFFFFFFFFFFFFFFFFFFFFF29
:104E0000FFFFFFFFFFFFDF1DAD999517B5D9E73D08
:104E1000FFFFFFFFFFFFFFFFFFFFFFFFFFFFFFFFA2
:104E2000FFFFFFFFFFFFFFFFFFFFFFFFFFFFFFFF92
:104E3000FFFFFFFFFFFFFFFFFFFFFFFFFFFFFFFF82
:104E4000BDB762ED4A094A4A42093187316739C81C
:104E500041E94A2A524A526B524A524A524A524AEB
:104E6000524A524A524A526B39A821062946A4F5A1
:104E7000BD94CD717B4AA44CFEF6D5D3CDB3EF7D66
:104E8000738F6B4E4A094A094A2A4A2A4A2A524AC9
:104E9000526B62ED6B0D9493D6FCFFFFFFFFFFFF9B
:104EA000FFFFFFFFFFFFFFFFFFFFFFFFFFFFFFFF12
:104EB000FFFFFFFFFFFFFFFFFFFFFFFFFFFFFFFF02
:104EC000FFFFFFFFFFFFFFFFFFFFFFFFFFFFFFFFF2
:104ED000FFDFDF1DBE3BA5799D39845773D78498CA
:104EE00084986BB55B335B5353529DF395B3BED53A
:104EF000AE74CF17CF17B696D737B635C716A634C8
:104F00006CB274707CD1B69595F48DB47CF26C71F2
:104F10008D12B654BE74BE94EFB7D736C6F59491D1
:104F20007C317C3274127C527C5395349D7595157E
:104F30009D55ADF7B638BE59C67AD6FADF1BD69B5B
:104F4000EF9CFFFDF7DDFFFEF7BDEF3DF79EF79EFF
:104F5000F77EF79EF7BEFFDEFFDFFFDFFFDFFFDF3D
:104F6000FFFFFFFFFFFFFFFFFFFFFFFFFFFFFFFF51
:104F7000FFFFFFFFFFFFFFFFFFFFFFFFFFFFFFFF41
:104F8000FFFFFFFFFFFFFFFFFFFFFFFFFFFFFFFF31
:104F9000FFFFFFFFFFFFFFFFFFFFFFFFFFFFFFFF21
:104FA000FFFFFFFFFFFFFFFFFFFFFFFFFFFFFFFF11
:104FB000FFFFFFFFFFFFFFFFFFFFFFFFFFFFFFFF01
:104FC000FFFFFFFFFFFFFFFFFFFFC6DE5C594B76D1
:104FD000439742D14A0A734E8BAF8BD0637041EA3C
:104FE00062098B2DA430A36D9AAB62093967726A8E
:104FF0008B0C8AAB9B0C9B0C830D3AF142F039A8C9
:10500000318739A73987398749C859E849C8B42E43
:10501000E552ABEE6A4ABBEE9AAB9ACCE5F6D659AE
:10502000B5D9FFDFFFFFFFFFFFFFFFFFFFFFFFFF20
:10503000FFFFFFFFFFFFFFFFFFFFEF7EBE1A9D1781
:10504000A578D6DCFFFFFFFFFFFFFFFFFFFFFFFF9D
:10505000FFFFFFFFFFFFFFFFFFFFFFFFFFFFFFFF60
:10506000FFFFFFFFFFFFFFFFFFFFFFFFDEDB7BAF69
:105070004A2A4A2A41E93187294729473187420983
:10508000524A526B526B526B526B526B526B524A7A
:10509000526B524A526B4A4A20E54A4A5AACCE7A7F
:1050A000BD94BD0F9C4E9C2CBCCEBD31CDD3BDD785
:1050B000CE7A9CD44A0942094A2A4A2A4A2A524AA2
:1050C000524A524A6B0D6AEC6B4F9D37BE3BEF5E06
:1050D000FFFFFFFFFFFFFFFFFFFFFFFFFFFFFFFFE0
:1050E000FFFFFFFFFFFFFFFFFFFFFFFFFFFFFFFFD0
:1050F000FFFFFFFFFFFFFFFFFFFFFFFFFFFFFFFFC0
:10510000FFDFDEFDB61A9D7994D873F66BD67C78F6
:1051100084786B9553134AB25B729573B694D776C5
:10512000BEF5CF16CF36C716B6355B91A5B2538FF5
:1051300042AE3A2DAE14D756B69595D38D91B6732F
:10514000D735B673D715DF35EF97F7D8FFF8BDF42D
:105150009D12A57384736BB18CB38CD394B3ADF5EE
:10516000BE97C6B8C6D9CEB9DF3AE79BEFBCF79C6D
:10517000EF5CFFFEFFDEFFFDF77DE71DEF5DEF5DFE
:10518000F79EF7BEFFDEFFFEFFDFFFDFFFDFFFDF83
:10519000FFFFFFFFFFFFFFFFFFFFFFFFFFFFFFFF1F
:1051A000FFFFFFFFFFFFFFFFFFFFFFFFFFFFFFFF0F
:1051B000FFFFFFFFFFFFFFFFFFFFFFFFFFFFFFFFFF
:1051C000FFFFFFFFFFFFFFFFFFFFFFFFFFFFFFFFEF
:1051D000FFFFFFFFFFFFFFFFFFFFFFFFFFFFFFFFDF
:1051E000FFFFFFFFFFFFFFFFFFFFFFFFFFFFFFFFCF
:1051F000FFFFFFFFFFFFFFFFFFFFCEFE64794B962F
:105200004B7643563A914A0A628B8B8FAC717B4D39
:1052100041C86A2A82AB930CAB4DA32C59E849C80C
:105220008AAB9ACCA34DB38E832E3AF2431141C878
:1052300049C959E95A096A2A8AAB9AABB3ADDD511B
:10524000DD31C4B082ECD532ABCFF73BF79DAD7703
:10525000BDF9FFDFFFFFFFFFFFFFFFFFFFFFFFFFC6
:10526000FFFFFFFFFFFFFFFFFFFFFFFFFFFFFFDF6E
:10527000CE9B9D379D17C65AF7BEFFFFFFFFFFFF6E
:10528000FFFFFFFFFFFFFFFFFFFFFFFFFFFFFFFF2E
:10529000FFFFFFFFFFFFFFFFF7BE947341C939A86F
:1052A00041E9318731673167318839C84A2A526B01
:1052B000526B526B526B526B526B526B526B526B06
:1052C000526B4A6B4A6B398718C4528BD69AC639CF
:1052D000A4D2BD50ACCF93EDB4F0B510DE55B57689
:1052E000BDD784314A098A09522A52AB62AC5A8B23
:1052F000526B524A524A6B0D732D738FAD989D5865
:10530000A578D6DCFFFFFFFFFFFFFFFFFFFFFFFFDA
:10531000FFFFFFFFFFFFFFFFFFFFFFFFFFFFFFFF9D
:10532000FFFFFFFFFFFFFFFFFFFFFFFFFFFFFFFF8D
:10533000F7DFDEFDB61A953984776B95639673F6C1
:1053400073F763765B736C514B2F4AD042AD6C0E92
:105350008591AE93AE74AE949D734AEE320B6C722F
:105360004AD07C72E7B6C6F5A6338DB19DD2BEB4E5
:10537000DF35C6B3E756EFB7EFB7EF98F7D8C634C7
:1053800094B2A593B5F484727C3283F29473BEB563
:10539000C6B6D718C6B7CED8E77AE7BBEFBCFFFDD5
:1053A000FFFDFFDDFFFEFFFDF7BDEF3DEF5DF79D6C
:1053B000F7BEF7BEFFDEFFFEFFFFFFFFFFFFFFFFB1
:1053C000FFFFFFFFFFFFFFFFFFFFFFFFFFFFFFFFED
:1053D000FFFFFFFFFFFFFFFFFFFFFFFFFFFFFFFFDD
:1053E000FFFFFFFFFFFFFFFFFFFFFFFFFFFFFFFFCD
:1053F000FFFFFFFFFFFFFFFFFFFFFFFFFFFFFFFFBD
:10540000FFFFFFFFFFFFFFFFFFFFFFFFFFFFFFFFAC
:10541000FFFFFFFFFFFFFFFFFFFFFFFFFFFFFFFF9C
:10542000FFFFFFFFFFFFFFFFFFFFD71E6C9A4B96AA
:105430004B9643763AF42A5039EB51C86A6B8B0D80
:10544000830D52096A2A828B8B0BBBEEA34C728AA6
:10545000930C930C7A8B9B4D626B320C42AF39A844
:10546000620A6A4B59E941A78A8A9AABBC2ECC8F53
:10547000CCB0D511D532EE36E617DE38D65ABE1985
:10548000B5D9FFDFFFFFFFFFFFFFFFFFFFFFFFFFBC
:10549000FFFFFFFFFFFFFFFFFFFFFFFFFFFFFFFF1C
:1054A000FFFFFFFFDF1CA59894F6B5D9E73DFFFF8E
:1054B000FFFFFFFFFFFFFFFFFFFFFFFFFFFFFFFFFC
:1054C000FFFFFFFFFFFFCE395AAC6B2C949183EEA8
:1054D0004A492106294739C842094A4A524A526B69
:1054E000526B526B526B526B526B526B526B526BD4
:1054F0004A4B522A9A4AA1C929062106AD76B59788
:10550000AD76838CBD0FB4ADDE54FF58B533B5B75F
:10551000DEDB734E4A2ACA8BCA6B728B630D6B2D0E
:10552000732E5AAC524A526B6B0D734E8C10E71CA3
:10553000D6BC9D589D37BE3AEF7EFFFFFFFFFFFFB1
:10554000FFFFFFFFFFFFFFFFFFFFFFFFFFFFFFFF6B
:10555000FFFFFFFFFFFFFFFFFFFFFFFFFFFFFFFF5B
:10556000F7DFE73DBE7B9DBA84775B135AF4639502
:10557000637553134AD2A654965254AD4BCD436D26
:105580004B8D53CE4B6D5BCF3A2C3A2D4AF074D3F2
:105590004AF1BE55F7F7CF15A6538D31AE13D73468
:1055A000EF96DF35EF97F7D8F7D8EF97D736BDF4FA
:1055B00073F18C918C9194D29D54A5169CF3D7369F
:1055C000E777E778CED7DF59EFBAF7DBF7DCFFFDF7
:1055D000FFFDFFFDF79DFFFDFFFDEF5DEF9DF7BDBB
:1055E000F7BEFFDEFFFEFFFFFFFFFFFFFFFFFFFF36
:1055F000FFFFFFFFFFFFFFFFFFFFFFFFFFFFFFFFBB
:10560000FFFFFFFFFFFFFFFFFFFFFFFFFFFFFFFFAA
:10561000FFFFFFFFFFFFFFFFFFFFFFFFFFFFFFFF9A
:10562000FFFFFFFFFFFFFFFFFFFFFFFFFFFFFFFF8A
:10563000FFFFFFFFFFFFFFFFFFFFFFFFFFFFFFFF7A
:10564000FFFFFFFFFFFFFFFFFFFFFFFFF7DFF7DFBA
:10565000F7DFF7DFFFFFD69AE6FBD71E6CFB53B7E9
:105660004BB7428F424C426E3A2D396749C859E9CF
:105670007A8C8AED7A8B7A6A724A932CBC0EBBEED6
:105680009B6D936D8B2CABCEB3EE8B0C3167398752
:1056900041A841A8398759E892AB9AABBBEEBBEE63
:1056A000CC8FDD31EE35DDB4A30CBC50DEDAB5F9BC
:1056B000B5D9F7BFFFFFFFFFFFFFFFFFFFFFFFFFB2
:1056C000FFFFFFFFFFFFFFFFFFFFFFFFFFFFFFFFEA
:1056D000FFFFFFFFFFFFFFFFEF7EB5F994F6A55830
:1056E000D6DCFFFFFFFFFFFFFFFFFFFFFFFFFFFF16
:1056F000FFFFFFDE8C524A2AB555FFFBFFB3FF6E5A
:10570000EF0EC5F1736D39C84A2A4A2A4A4A526BCC
:10571000526B526B526B524B524B524B4A4B4A2A72
:105720008A4AD28BEAECCA6B312629467BB0DEDB93
:10573000BDF8BDB7ACD0C571DE34DE57DEDBEF5D42
:10574000E73C7BD04A2ACAACEACCDA8B8A6B630D81
:10575000734E62ED524A526B524A6B0D732E7B8F21
:10576000EF3CFFFFE73DB5FA9D58ADB9D6FCFFDF32
:10577000FFFFFFFFFFFFFFFFFFFFFFFFFFFFFFFF39
:10578000FFFFFFFFFFFFFFFFFFFFFFFFFFFFFFFF29
:10579000FFDFF79EDF1DAE1B743652D352B1531399
:1057A0005B35533342916C51BF558E115D0E5CCE0B
:1057B0005CAE5C2E5C2E5C4F5B8F52D153516432D9
:1057C0006432E776FFF7D7559E12B634DF55E7759A
:1057D000EFB6E776EFB7F7D8F7D8F7B8D736ADB367
:1057E0006B906B9084F095D28D1283D2A4D3F7F88E
:1057F000EFB8E778DF38EFB9F7FBFFFCFFFCFFFD00
:10580000FFFDFFFDF7BDE71DF7BDF7DDEF7DEF5DA8
:10581000F79EFFDEFFFEFFFFFFFFFFFFFFFFFFFF23
:10582000FFFFFFFFFFFFFFFFFFFFFFFFFFFFFFFF88
:10583000FFFFFFFFFFFFFFFFFFFFFFFFFFFFFFFF78
:10584000FFFFFFFFFFFFFFFFFFFFFFFFFFFFFFFF68
:10585000FFFFFFFFFFFFFFFFFFFFFFFFFFFFFFFF58
:10586000FFFFFFFFFFFFFFFFFFFFFFFFFFFFFFFF48
:10587000FFFFFFFFFFFFFFFFF7DFF7DFFFFFFFFF88
:10588000FFFFF7DFF7DF730E520A83B06B925312FC
:105890004B5442D14A0A5A4A6ACC72EC520951E836
:1058A00051E859E9726B82EC82AB6A4A7A8A932C8E
:1058B00082ABBBEECC90A38E8B2C8B2C41A839886D
:1058C00039676A2A724A92ABAAEB9ACBA2AADDB6D2
:1058D000E5B4D510E5B3C42FE5B5DEDADF1DBE199A
:1058E000B5B8F7BEFFFFFFFFFFFFFFFFFFFFFFFFA2
:1058F000FFFFFFFFFFFFFFFFFFFFFFFFFFFFFFFFB8
:10590000FFFFFFFFFFFFFFFFFFFFFFFFF7BFC65BCC
:10591000951794F7C65AF7BEFFFFFFFFFFFFFFFF83
:10592000D6BB62EF6B2FE6FAFFFAEEEDE687EEC824
:10593000FF6DF7949CD039C842094A2A4A4A524A14
:10594000526B524B4A4A524A4A4A422A6A0ABA4B54
:10595000EAACE2CCDACCDAAC516821264A4AD6BAB3
:10596000EF7DEF7ED69ABDD6D69ADF1CE71CDEFB14
:10597000EF5DD69A5A2ADAACDAACE2ACE2AC9A6BBA
:10598000632D6B2E526B526B526B524A6B2D7B6E9A
:10599000734EDEDBFFFFFFFFFFDFD6BCADB9AD9975
:1059A000C65BEF5EFFFFFFFFFFFFFFFFFFFFFFFF95
:1059B000FFFFFFFFFFFFFFFFFFFFFFFFFFFFFFFFF7
:1059C000FFFFF7DFE73DAE1B6C1652D34AB152F32F
:1059D0005B355B7553134AF19652A6B38DF17D8FFB
:1059E00075AF75AF7DAF7DCF6D4E6C906C325370DF
:1059F000426DDF15F7D9CEF7D736FFF7E775EFB66B
:105A0000F7D7F7B7F7D7F7B7F7B7F7B8E7969D52D5
:105A1000633073D0BED4C6F4AE549494AD35F7DA87
:105A2000EFBAEF9AEFBAFFFCFFFCFFFCFFFCFFFCB4
:105A3000FFFDFFFDFFFEE73CE6FCEF7DE6FCEF7DB2
:105A4000F79EFFFEFFFFFFFFFFFFFFFFFFFFFFFFD0
:105A5000FFFFFFFFFFFFFFFFFFFFFFFFFFFFFFFF56
:105A6000FFFFFFFFFFFFFFFFFFFFFFFFFFFFFFFF46
:105A7000FFFFFFFFFFFFFFFFFFFFFFFFFFFFFFFF36
:105A8000FFFFFFFFFFFFFFFFFFFFFFFFFFFFFFFF26
:105A9000FFFFFFFFFFFFFFFFFFFFFFFFFFFFFFFF16
:105AA000FFFFFFFFFFFFFFFFFFFFFFFFFFFFFFFF06
:105AB000FFFFFFFFFFFFA4D451C972ED832E834E79
:105AC0007B0E6AEE4A0B396749C87AEC7AAB6A4AB0
:105AD0007A4A59E95A6B5A4A41C8522951C87A6BD5
:105AE000A32C9B0CA34DC46FD4CFB42E830C6ACAD5
:105AF0007A8B828B722A8A8A826A9ACB8208C51430
:105B0000EE76DD30E5B2F77CCEFC5C16D71DC63AEA
:105B1000ADB8F79EFFFFFFFFFFFFFFFFFFFFFFFF97
:105B2000FFFFFFFFFFFFFFFFFFFFFFFFFFFFFFFF85
:105B3000FFFFFFFFFFFFFFFFFFFFFFFFFFFFFFFF75
:105B4000FFFFD6DCA5588CD6ADB9E75EFFFFB59652
:105B500062ECB509FFACFF29E685E685EEC5F70ADC
:105B60009CCD41E9294739C841E94A2A4A2A4A2AAB
:105B70004A4A4A4A4A2A422A4A099A2ADA6BE2AC33
:105B8000D28CDAACDAACEAEC920A10E57BD0F79E64
:105B9000D69AE6FCE71CE73CE73DE71CD69AE71CF3
:105BA000E73CA5768A6BE2ACDAACDAACDAACEAAC0C
:105BB0009A8B632E5AAC524A526B526A524A6B2EDF
:105BC0007B8F736EDEFBFFFFFFFFFFFFFFFFEF7EAC
:105BD000CE9BBE1AC65BDEFDF7BFFFFFFFFFFFFFD8
:105BE000FFFFFFFFFFFFFFFFFFFFFFFFFFFFFFFFC5
:105BF000FFFFFFDFE75EAE1B74374AD34A9152F3D3
:105C00005B345B55533442927491C774BF14C734EC
:105C1000AE92754E64EE8591AE58C6BDC6BEA598CF
:105C20005B929D99CEFFE75FEF9FEF9CE775F7D6FC
:105C3000FFF7F7D7F7D7F7F7FFF8F7B7E7957C3116
:105C40005AF09573DF96D737CF58C698AD16E759F7
:105C5000EFBAEFBBFFFCFFFCFFFCFFFCFFFCFFDC2F
:105C6000FFFDFFDDFFDDEF7DDE9BDEDCE73CF7BD0A
:105C7000FFFEFFFEFFFFFFFFFFFFFFFFFFFFFFFF36
:105C8000FFFFFFFFFFFFFFFFFFFFFFFFFFFFFFFF24
:105C9000FFFFFFFFFFFFFFFFFFFFFFFFFFFFFFFF14
:105CA000FFFFFFFFFFFFFFFFFFFFFFFFFFFFFFFF04
:105CB000FFFFFFFFFFFFFFFFFFFFFFFFFFFFFFFFF4
:105CC000FFFFFFFFFFFFFFFFFFFFFFFFFFFFFFFFE4
:105CD000FFFFFFFFFFFFFFFFFFFFFFFFFFFFFFFFD4
:105CE000FFDFBD96A4B38BF152095A295A4A626B61
:105CF0006A4B726B728B6A4A51A85187726A6AEC5E
:105D000049C85A294987418759E949A839676A2A00
:105D1000A32C5A08932BCC8FCCCFDCF07AEA8B6D76
:105D2000B40E934C7AAA7A6AA38C8ACBABECB4916A
:105D3000EE77EDD2FF39FFFEADD953F6DF3DC65AFF
:105D4000B5D8F7BEFFFFFFFFFFFFFFFFFFFFFFFF1D
:105D5000FFFFFFFFFFFFFFFFFFFFFFFFFFFFFFFF53
:105D6000FFFFFFFFFFFFFFFFFFFFFFFFFFFFFFFF43
:105D7000FFFFFFFFFFFFE75DB5FA8CD683F1524BC3
:105D800062C8ACC5B4E4D604F6E5FF05E689630A4B
:105D90002127318739A839A839A839C841E94209EA
:105DA0004A2A4A2A3A0969E9C24BDA6BDA8BD26B82
:105DB000DA8CDA8CDAACE2CCDAAC392752CCE71CDC
:105DC000DEDBDEDBD69AE73CE73CDEDBCE59E71CC8
:105DD0006B6E4A09CA8BE2CCDAACDAACDAACDAAC7C
:105DE000EAAC9A8B5AED526B526B526A526A526A03
:105DF000734E7B6F7B8FEF5DFFFFFFFFFFFFFFFFAA
:105E0000FFFFFFFFEF7ED6DCCE9CDEFDEF7EFFFFC7
:105E1000FFFFFFFFFFFFFFFFFFFFFFFFFFFFFFFF92
:105E2000FFFFFFFFF7BFCEDC85195B754AB24AD290
:105E300052D252F353134AD24AB095B1A6D2961118
:105E40006CAF436E6C51DF1EBE9FAE5FA63FC6FFB8
:105E50009DDD959EC6BFE75FEF9FF7BFEF9CFFF705
:105E6000FFF7F7D7FFF8D6D68CB2FFF6D6F45AEF85
:105E700063D0B6B5E798D759D759EFF9ADF6BE5606
:105E8000E7B9EF9AFFFBFFFCFFFCFFFDFFFDFFFD05
:105E9000EF5CF7DDF7DDE73CD65AE6FCE73CFFFEBA
:105EA000FFFEFFFFFFFFFFFFFFFFFFFFFFFFFFFF03
:105EB000FFFFFFFFFFFFFFFFFFFFFFFFFFFFFFFFF2
:105EC000FFFFFFFFFFFFFFFFFFFFFFFFFFFFFFFFE2
:105ED000FFFFFFFFFFFFFFFFFFFFFFFFFFFFFFFFD2
:105EE000FFFFFFFFFFFFFFFFFFFFFFFFFFFFFFFFC2
:105EF000FFFFFFFFFFFFFFFFFFFFFFFFFFFFFFFFB2
:105F0000FFFFFFFFFFFFFFFFFFFFFFFFFFFFFFFFA1
:105F1000FFFF7B6F51C993CFB4D3B4D2A4719C104F
:105F20008B6E830D7ACB726A7A4A7A097A4A51C8A3
:105F30002905314661E97A09824A824A3946212592
:105F4000726A7A6AAB4CCC6FBC2EA3AD82EB8B6CC1
:105F5000A36DB42ECC6FB38DCCAF9B4CEDB1D4F10F
:105F6000EE56F696FFFEDF1C7CD75C16DF3ECE5A5F
:105F70009D37E73DFFFFFFFFFFFFFFFFFFFFFFFF35
:105F8000FFFFFFFFFFFFFFFFFFFFFFFFFFFFFFFF21
:105F9000FFFFFFFFFFFFFFFFFFFFFFFFFFFFFFFF11
:105FA000FFFFFFFFFFDFFFFFEF5D7BB0526B31872D
:105FB000210618A618A6292662C7AD0A52AA2106EC
:105FC00031A731873187318731873187318739A8C8
:105FD000420941C989E9DA4BD26BD26BD26BDA6BD9
:105FE000D28BDAACDAACDAACE2CCB20A3147420995
:105FF000736FDEFBB5769CF4E73C9CD462CCAD5568
:106000007BF09A2AEAEDDAACDAACDAACDAACDAACEC
:10601000DAACE2AC8A8B4A8B526A526A526A524AB2
:10602000524A734E734E8C11FFDFFFFFFFFFFFFFDD
:10603000FFFFFFFFFFFFFFFFFFDFF79EE73DE73DAD
:10604000FFDFFFFFFFFFFFFFFFFFFFFFFFFFFFFF80
:10605000FFFFFFFFFFDFE77EA61B6C1652F34AD25D
:106060004AB14AD1531353124A905BF0548D3B2DE1
:106070003B0D3ACDADDAFFFFC6DFAE5FBE9FF7BF87
:10608000C69EC6BFEF9FE77FEF9FF7BFF79FF7BAA8
:10609000FFF7FFF8FFF8CE959D52FFF68C9152CF97
:1060A0007D12BED6E799D759DF78FFF8D757B616D5
:1060B000DF79F7F9FFFAFFFAF7FBFFDCFFDDF7BD49
:1060C000E6FBF79CF7DDDEFCD67BDEDCEF3CFFFE7B
:1060D000FFFEFFFFFFFFFFFFFFFFFFFFFFFFFFFFD1
:1060E000FFFFFFFFFFFFFFFFFFFFFFFFFFFFFFFFC0
:1060F000FFFFFFFFFFFFFFFFFFFFFFFFFFFFFFFFB0
:10610000FFFFFFFFFFFFFFFFFFFFFFFFFFFFFFFF9F
:10611000FFFFFFFFFFFFFFFFFFFFFFFFFFFFFFFF8F
:10612000FFFFFFFFFFFFFFFFFFFFFFFFFFFFFFFF7F
:10613000FFFFFFFFFFFFFFFFFFFFFFFFF7DFDEFBBC
:10614000E71CC5F849C87B4D8BCF93CF9C10A4505A
:106150009C309C109BCF8B4D8ACB92EC726A51A7DE
:106160008AAA7A696A0982498A498249310551E8CD
:1061700051E849A749C761E89ACABBEDBBED72690E
:106180009B4CB42EC46F7A8A8ACBB38DE550E5F46C
:10619000FF7BFFBDFFDECE9B641653F6DF3ECE7A5B
:1061A0008CD694D6BE1AEF5EFFFFFFFFFFFFFFFF06
:1061B000FFFFFFFFFFFFFFFFFFFFFFFFFFFFFFFFEF
:1061C000FFFFFFFFFFFFFFFFFFFFFFFFFFFFFFFFDF
:1061D000FFFFFFDFFFFFD69A734E528B31672926F0
:1061E0002946290520E5210621272127294731872E
:1061F000316731673187316731673167316731A77F
:106200004167A1E9DA6BCA4BD24BD24BD26BD26B4E
:10621000DA8BDA8BDAACDAACDAACE2CCA1CA28A53C
:10622000424A949342094A09630D524B524A41C96A
:1062300081C9EA8BDA8BE28CE28CE2ACE2CCDACC7C
:10624000DAACE2ACDA8C622A4A6B526A524A4A4AA7
:106250004A2A524A736F62EDAD35FFFFFFFFFFFF21
:10626000FFFFFFFFFFFFFFFFFFFFFFFFFFFFFFFF3E
:10627000FFFFFFFFFFFFFFFFFFFFFFFFFFFFFFFF2E
:10628000FFFFFFFFFFDFF79EAE3C6C57533452F227
:106290004AB152F25B54531353516431322B2A2BBF
:1062A0003B0D32CD8516FFFFE77FB67FE75FFFFF2F
:1062B000D71EEF7EFFFFEF9FF79FF7BFF7DFF7DBFC
:1062C000EF95C65494D1E795FFF6D6F44A6E5B2F4E
:1062D00095B4C6D8E79AD759E798FFF9EFB8CEF743
:1062E000C6B7CE77C636BDD6BDD7CE3ADE9CD67BF6
:1062F000D6BBEF9CF7DDD6BBD6BCE6FCEF7DFFDE60
:10630000FFFEFFFFFFFFFFFFFFFFFFDFFFDFFFDFFE
:10631000FFFFFFFFFFFFFFFFFFFFFFFFFFFFFFFF8D
:10632000FFFFFFFFFFFFFFFFFFFFFFFFFFFFFFFF7D
:10633000FFFFFFFFFFFFFFFFFFFFFFFFFFFFFFFF6D
:10634000FFFFFFFFFFFFFFFFFFFFFFFFFFFFFFFF5D
:10635000FFFFFFFFFFFFFFFFFFFFFFFFFFFFFFFF4D
:10636000FFFFFFFFFFFFFFFFFFFFFFFFD6BB624BFB
:1063700072ED8BAF72CB624962496A6A6A496A29D7
:10638000726A7A6A722971E982CB5A6A290518E51C
:1063900031468A699AAA928A59C731253125B3EDC7
:1063A000C46F932C728A626951E77249AB8C7A6927
:1063B0008AAA6A8AC48F828A92EB82AAC46EFF7B01
:1063C000FFFFFFFEFFFEBE5B64364BB5DF5ECE7A9D
:1063D000ADB8DF1CD6DCB5D9B5F9DEFCFFFFFFFF99
:1063E000FFFFFFFFFFFFFFFFFFFFFFFFFFFFFFFFBD
:1063F000FFFFFFFFFFFFFFFFFFFFFFFFFFFFFFFFAD
:10640000FFDFFFFFC6396B2D526B2947294629460E
:10641000210520E5292631673187318731672946F3
:1064200029662967316729673167316729674927F5
:10643000B9EADA4BCA4BD24BD24BD24BD24BDA6BC6
:10644000DA8BDAACDAACE2ACDACCDACCE2CCB9CAD0
:10645000610730C5314641A84A085A8A62AB82AB0F
:10646000CB6ED3CFD3CED38ED32DCAABD26BDA6B58
:10647000E28CDAACE2CCBA6B4A2A524A4A4A4A4A1D
:106480004A4A4A095AAC62EDB576FFFFFFFFEF7E3C
:10649000F79EFFFFFFFFFFFFFFFFFFFFFFFFFFFF75
:1064A000FFFFFFFFFFFFFFFFFFFFFFFFFFFFFFFFFC
:1064B000FFFFFFFFFFFFFFDFC6BC7CF863B5531390
:1064C0004AB14AF2533353134AD13A2E21892168F3
:1064D00021A95BEF3AEDB5D9FFFFCEDFE75FFFDF24
:1064E000CEBDE77FEF9FEF9FF7BFEF9FBDFA8471AF
:1064F000634E4A6C6BCFE795FFD6843152AF62F0A2
:1065000094D4CF19DF79D778E7B8F7F9F7D8EFB98E
:10651000CE97A535A5169CD5AD16B578C5DAD67B30
:10652000E73DF79DE71CCE5BDEDCF7BDEF7DF79D19
:10653000FFFEFFDFF79EF77EF77EF77EF7BEF7BF21
:10654000FFFFFFFFFFDFFFFFFFFFFFFFFFFFFFFF7B
:10655000FFFFFFFFFFFFFFFFFFFFFFFFFFFFFFFF4B
:10656000FFFFFFFFFFFFFFFFFFFFFFFFFFFFFFFF3B
:10657000FFFFFFFFFFFFFFFFFFFFFFFFFFFFFFFF2B
:10658000FFFFFFFFFFFFFFFFFFFFFFFFFFFFFFFF1B
:10659000FFFFFFFFFFFFFFFFFFDFFFFFFFDFCDF785
:1065A00093D09BF0AC91B4D2B4B1AC91AC70A40FC9
:1065B0008B4D8AEB8A8A8A498A4961C761C7828A78
:1065C0007A69824971E861C7290520C4934BCCD010
:1065D000CC8FA30B9B4CBC4FC4AFAC0DCCB0A42E46
:1065E00059E892CBA30BA30BA2EBA34C930AD6378B
:1065F000FFFFEF5D84F84B9553954BB5E75ECE9B5F
:10660000A578EF7EFFFFFFFFDEFDB5D9A598CE9BF5
:10661000F7BFFFFFFFFFFFFFFFFFFFFFFFFFFFFFD2
:10662000FFFFFFFFFFFFFFFFFFFFFFFFFFFFFFFF7A
:10663000FFFFBDF86B0D526B2946294629462926D6
:1066400020E5210629462967296729672946294621
:106650002966296729673167296729465907CA0AC0
:10666000DA6BD24BD24BD24BD24BD24BD26BD28BBA
:10667000DAACDAACE2CCE2ACE28BD24BC26BC30C4C
:10668000BB8EB430BCF2CDB4E676F6D8FF39FF9AB3
:10669000FF9AFF7AFF7AFF59F718E676DD94D45017
:1066A000CB0CD26BDA8BE2CC71E9422A4A2A4A2A15
:1066B0004A2A4A4A62CD7B8FFFDFFFFFE71CF77E45
:1066C000F79EEF3DFFBFFFFFFFFFFFFFFFFFFFDF75
:1066D000FFBEFFFFFFFFFFFFFFFFFFFFFFFFFFFF0B
:1066E000FFFFFFFFFFFFFFFFE77EAE3B7CF85B7520
:1066F0004AD14AD14AD152F152F13A2D218821682A
:1067000021A97511218A4AEEE77FC6BFDF3FE75F07
:10671000A5BBFFDFEF9FE75FE79F94D639CA4AAD7D
:106720004A6D5AAD9512E797D6D662F073527B93B5
:106730008BB4BDD8D77ADF99DF98F7F9F7D9F7F995
:10674000E799B5D6C656B597A537AD37BD78CE5BB8
:10675000E73DDF1CCE3BCE5BE71CF7DDF79DEF5D31
:10676000F79EF77EEF5EEF5DF75EF79EF7DFF7BF10
:10677000FFDFFFDFFFFFFFFFFFFFFFFFFFFFFFFF69
:10678000FFFFFFFFFFFFFFFFFFFFFFFFFFFFFFFF19
:10679000FFFFFFFFFFFFFFFFFFFFFFFFFFFFFFFF09
:1067A000FFFFFFFFFFFFFFFFFFFFFFFFFFFFFFFFF9
:1067B000FFFFFFFFFFFFFFFFFFFFFFFFFFFFFFFFE9
:1067C000FFFFFFFFFFFFFFFFFFFFFFFFFFFFFFFFD9
:1067D000F79DC5968B8E6AAA7AEB8B6D938E8B6D27
:1067E0007AEC82CB8AEB7A29622941A72905518765
:1067F00082498A69290518C418C46208CCAFCCF054
:10680000CCD072697B0AC48F7AAA92CB8A8AC42EB2
:106810009B2BB36CB32CB36CBBADC40EB3ACCD73BC
:10682000D6DC4B7443545BF64B754BB5E77ED69B79
:10683000A598E73DFFFFFFFFFFFFFFFFE73DB5D94D
:106840009D38BE1AEF7EFFFFFFFFFFFFFFFFFFFF38
:10685000FFFFFFFFFFFFFFFFFFFFFFFFFFFFFFFF48
:10686000BDD76B0D528B294629472947292620E59C
:1068700021062926294629472967296629462946C6
:106880002966296629662966292660E7CA0AD26B25
:10689000D24BD24BD24BD24BD24BD26BD26BDAAC67
:1068A000DA8BDA6BD26BCAECCBCECCF2DE15EEF81B
:1068B000FF7AFFDBFFFBFFDBFF9AF718EEB7DE5630
:1068C000DE16DE15DE15E636EE77F6F8F759FF9A96
:1068D000F759DD94CB0CDA2AB22A41E94A2A4A2A2E
:1068E0004A09526B62ED9472FFFFEF7DE71CFFFFD8
:1068F000FFFFFFBFEF3DF77EFFFFFFFFF79EF77D36
:10690000F79EF77EFFBEFFBFFFFFFFFFFFFFFFFF0A
:10691000FFFFFFFFFFFFE77EE77EDF3E95BA6C16C5
:1069200053124AD14AB04AD152F2320C196819288E
:10693000326B64703A6C6C71957BAE3FDF5FB63D35
:106940007CFA9DDCBE7DDF5FBE5C5ACE39CB5B6ED0
:106950005B2E5A4D73B1B63684726B31737283D429
:10696000A457B498B598D759E7B9F7D9FFFAFFFA01
:10697000F7DACEB8D719EF79BDD8AD37B578C61AE2
:10698000E73DD6BBD69BEF7CEF9CE75CF79DF7BE5F
:10699000F7BEF79EEF5EEF5EF79EF7BEF7BEF79E7F
:1069A000FFDFFFFFFFFFFFFFFFFFFFFFFFFFFFFF17
:1069B000FFFFFFFFFFFFFFFFFFFFFFFFFFFFFFFFE7
:1069C000FFFFFFFFFFFFFFFFFFFFFFFFFFFFFFFFD7
:1069D000FFFFFFFFFFFFFFFFFFFFFFFFFFFFFFFFC7
:1069E000FFFFFFFFFFFFFFFFFFFFFFFFFFFFFFFFB7
:1069F000FFFFFFFFFFFFFFFFFFFFFFFFFFFFDEDBEC
:106A0000C5B7B53572CB7ACB93CEA42FAC2FAC5093
:106A1000AC4F9BCE930C6A693146290549C76A6918
:106A20009B0B8A6972084986392551C7B40EC48FF9
:106A3000CC8F7A6982EAA3ED51C79B2C416641460F
:106A40009ACA9B2BC40DC3EDC3EDC3CDDCF0F63366
:106A5000BCF24B334B7553D5435453D6EF9FD6BB43
:106A6000A578E73DFFFFFFFFFFFFFFFFFFFFFFFFF1
:106A7000EF7EBE1A9D38B5D9E73DFFFFFFFFFFFF50
:106A8000FFFFFFFFFFFFFFFFFFFFFFFFFFFFCE5AEC
:106A900073905A8B292629472947294720E5210544
:106AA000292629262947294729672946294629468B
:106AB000294629462966312660C6B9EAD26BD24BEF
:106AC000D24BD24BD24BD26BDA6BDA6BDA4BD24B66
:106AD000CB0CCC30DD73EEB7FF79FFDBFFDAFF596B
:106AE000E6B7D5B4BCD2B3EFAB2DAA8BAA4BB22A72
:106AF000B22AC24AC24ACA6BCA8BCACCC30CC38E62
:106B0000C4D1DE76EF18CCB1C20961A842294A0986
:106B100041E841E95A8CAD35FFFFDEBBFFBFFF9E68
:106B2000FF7DFFFFFFFFF77EEF3DF79EF75DFFFF65
:106B3000FFFFEF3DF75DF77EF77EFFFFFFFFFFFFF3
:106B4000FFFFFFFFFFFFD71D8599BEBCAE5B7457EB
:106B50005B3352F24AB04AD14AD229CB19681108A4
:106B60004B4D53AE29CA4B4E957974788D19749A52
:106B70006CDC64186C5274114A4C424B426B5B4E95
:106B80006B9073918C7394925AAF5B516B718C14B0
:106B9000AC97B4D9A4779CD7CED9DF39AD77F7DAE3
:106BA000FFFBE77AE759EF9ACE79A538B578C61A90
:106BB000E73DD67BE73CFFFDF7BCF7BDEF7CF7BDBB
:106BC000FFFEFFDEF7BEEF7EEF5EF79EF7BEF79E9D
:106BD000FFDFFFFFFFFFFFFFFFFFFFFFFFFFFFFFE5
:106BE000FFFFFFFFFFFFFFFFFFFFFFFFFFFFFFFFB5
:106BF000FFFFFFFFFFFFFFFFFFFFFFFFFFFFFFFFA5
:106C0000FFFFFFFFFFFFFFFFFFFFFFFFFFFFFFFF94
:106C1000FFFFFFFFFFFFFFFFFFFFFFFFFFFFFFFF84
:106C2000FFFFFFFFFFFFFFFFFFFFFFFFFFFFDE791B
:106C3000598749057A69AC0F9BCE8B0C82CB7A6A57
:106C4000720971C871E862087A89B3EDCC6EC40D1F
:106C5000A32B9AA959C730E461869ACABC2EC48F67
:106C6000BBCD8A696A499B6C934BBBEE720959A7ED
:106C70007A69BBCDC3EDC3CDC3CDBBADC40DE5B209
:106C8000F5F2E5F37C764B7543545BF6EFBFD6BB6C
:106C9000A598E71DFFFFFFFFFFFFFFFFFFFFFFFFBF
:106CA000FFFFFFFFF7BFC65B9D38A598D6DCFFFF4F
:106CB000FFFFFFFFFFFFFFFFFFFFFFFFD6BB845378
:106CC00062ED2926294729472947292620E5292633
:106CD000292629462947296629662946294629461B
:106CE00029462966390668A6A9A9D26BD24BD24B90
:106CF000D24BD26BDA6BDA4BD24ACAABCBEFD5941C
:106D0000EED8FF9AFFDBFF9AEEB7CD73ABEF9ACCCC
:106D10009A0AA9C9B9CACA0AD24BDA6BE28BE28CC9
:106D2000E2ACE28BE28BE28BE28BDA6BDA4BDA2AB3
:106D3000CA0ABA2AAB4DC593C5116967318741E8C4
:106D400039A72946524BC618FFFFE6BBFF9EF6DB6C
:106D5000EE9AEEDBE63AFFFFF79EDE9BFFFFFFFFBA
:106D6000EF3DF79EFFFFFFDFEF3DEF1CFFBFFFFF93
:106D7000FFFFFFFFFFFFFFFF8D794BF595BA8D7980
:106D80006C3653334AB14AB142B121CB1968192844
:106D9000645042EC1929324BA599641442F353769E
:106DA00074DB5B10532C4B0D42AC532D532E5B2FD9
:106DB000739173916BB16B6F5B4F6C12743284146F
:106DC0009C97ACB8ACD89CB794B6A5779D16EF9BB2
:106DD000FFFCEF9BEF9AE77AB5B8A538AD79CE7B8B
:106DE000DEDCCE1AD67AF7BCFFDDF7DDE73CEF5DDF
:106DF000F79EF7BEF7BEFFBFF79EFFBFF79EF79E59
:106E0000FFBFFFDFFFFFFFFFFFFFFFFFFFFFFFFFF2
:106E1000FFFFFFFFFFFFFFFFFFFFFFFFFFFFFFFF82
:106E2000FFFFFFFFFFFFFFFFFFFFFFFFFFFFFFFF72
:106E3000FFFFFFFFFFFFFFFFFFFFFFFFFFFFFFFF62
:106E4000FFFFFFFFFFFFFFFFFFFFFFFFFFFFFFFF52
:106E5000FFFFFFFFFFFFFFFFFFFFFFFFFFFFFFFF42
:106E6000CE1739873105414559A7724982CA934CDB
:106E7000A3AEA3CEB40E9B0B72AA6AAA6A4892690B
:106E80008A288AAA93EF7B2C6A49ABEDD530CCEFE8
:106E9000DD7282EB9B8C7AEA6269ABAD69E849A747
:106EA00051A7B38CB38CB36CBBADC3EDC3CDD4CF02
:106EB000E5D3EDF2E6365BF643555C37F7BFDEDC33
:106EC000AD98DF1CFFFFFFFFFFFFFFFFFFFFFFFF8E
:106ED000FFFFFFFFFFFFFFFFFFFFD6BCA5589D5838
:106EE000CE7BF7DFFFFFFFFFFFFFE73D94F66B6F01
:106EF0002926294729472947294720E529062946E0
:106F00002946296729672966296629462946294687
:106F1000294638E668A69968D26BD24BD24BD26B21
:106F2000D26BD22ACA4AC34DCCF2E656FF79FFDBB8
:106F3000FF79DE56BCD2A30D91EAA169B9A9D22B83
:106F4000E2ACEACCEAEDEAECEACCE2ACDA8BD26B6A
:106F5000CA6BC24BBA4ABA6BB26BBA8BBA6BBA6B1A
:106F6000C26BD26BC9E9A9479A898B4C31463987E4
:106F7000290541A8734EF7BEEF5DEEDBFF3CF6FB43
:106F8000E65AD598E65AEEDBDE39FFBEFFFFEEFC8F
:106F9000EF1CFFFFF77EF77EFFDFFFFFF75DFFDFF0
:106FA000FFFFFFFFF7DFFFFFC6DC3B523B126CB772
:106FB00085186BF552F24AB1429029CB19692169C3
:106FC0006CD129EA2169324B426C5BAF4AAF4AD19E
:106FD0006BF652CE428D4AED4B0D4B0D534E6BB0BE
:106FE00073F26BD253304A8D7471855285338CD4D1
:106FF0009CD6ACF7A4D8A4F8A4F78C96B5B8FFFC3F
:10700000FFFCF7BBF7BACE999D18AD79C63BDEBC45
:10701000E71DCE5BC5B9EF3BFFFDE75CDEFCEF5D36
:10702000FFDFFFDFFFDFFFBFFFDFFFDFFFBFF79EF9
:10703000FFBFFFDFFFFFFFFFFFFFFFFFFFFFFFFFC0
:10704000FFFFFFFFFFFFFFFFFFFFFFFFFFFFFFFF50
:10705000FFFFFFFFFFFFFFFFFFFFFFFFFFFFFFFF40
:10706000FFFFFFFFFFFFFFFFFFFFFFFFFFFFFFFF30
:10707000FFFFFFFFFFFFFFFFFFFFFFFFFFFFFFFF20
:10708000FFFFFFFFFFFFFFFFFFFFFFFFEF7DB57675
:1070900083CF49A76A4893ADB490C4F1C4F1C4F159
:1070A000BCB0B44F9B4D620821051083390582297D
:1070B000DDF6F71ADE37D5B5BD13BD33DE16D57252
:1070C000DDD4DE78B44E8B0B72A9AB8D59A749A7DE
:1070D0007A29B36CB38CAB4BB38CB38CC42ED4F085
:1070E000E591EDF3F633A5363B356437F7DFDEFC8B
:1070F000AD98DEFCFFFFFFFFFFFFFFFFFFFFFFFF7D
:10710000FFFFFFFFFFFFFFFFFFFFFFFFFFFFDF1D91
:10711000ADB99D37BE1AF79EF7BEA5997C132946D7
:107120002947316729472967210620E5294629464D
:107130002947316731672966296629462946294644
:1071400038E568A68128CA4BD24BD26BD24BD22AE3
:10715000C26BC3AED573EEB7FF59FF79E697BCD2C9
:107160009ACC99A9A989C20ADA8BEACCEAECEACCD2
:10717000DAACCA6BBA6BA24A8A2A7A2A6A0A622AEB
:107180005A2A522A524A524B526B528B5A8B5A8C61
:1071900062AC62AC832E9B6F8A2A6167394620E419
:1071A00039A8528C9CF6F7BFDE9AF71CFF5CEEDB29
:1071B000D597D557FEBBDDD8EEFCFFFFFFBEDE5AEC
:1071C000FFFFF75DEE9AFFDEFFFFF79EF73DF75DED
:1071D000FFFFFFFFFFFFFFFFE79E6476228F32D0A5
:1071E0004B735B9453134AD142B02A0C1969322B6A
:1071F0006CB1194921A9326B322C3A6E42AE4AAEBB
:107200004ACF4AEE4AEE42ED4B0D53AD640F743156
:107210007C7263D16C319594A614A5D48D328D33D4
:107220009D35AD17AD17A4F8A51794D6BDF7EFDAC5
:10723000D79BBF5CCF5CD6F9BDD9EF5DFFDDFFBD4D
:10724000FFFFE71DC619E71BF7BCDEFBDEFCFF9E58
:10725000FFBFFFBFFFDFFFDFFFDFFFDFFFBFFFBFBE
:10726000FFFFFFFFFFFFFFFFFFFFFFFFFFFFFFFF2E
:10727000FFFFFFFFFFFFFFFFFFFFFFFFFFFFFFFF1E
:10728000FFFFFFFFFFFFFFFFFFFFFFFFFFFFFFFF0E
:10729000FFFFFFFFFFFFFFFFFFFFFFFFFFFFFFFFFE
:1072A000FFFFFFFFFFFFFFFFFFFFFFFFFFFFFFFFEE
:1072B000FFFFFFFFFFFFFFFFFFFFF79EACD2830B37
:1072C00072498AEBAC0EB46FAC4FA40E9BAD936DBC
:1072D0008B0C71E861A7626962288AEB9B0B8A4973
:1072E000BC50FFBCFFFDFFDDFF7BEED9F73BFFDDB0
:1072F000F73BF77CEF1AC55362898249498751A74A
:107300008A49AB2BB36CB38CB38CBC0DCCEFD531AD
:10731000D551DDB2EDD2DE164BB66458F7FFDEFC78
:10732000AD98DEFCFFFFFFFFFFFFFFFFFFFFFFFF4A
:10733000FFFFFFFFFFFFFFFFFFFFFFFFFFFFFFFF5D
:10734000FFFFEF5EB5F99D379D788CD731882947CF
:10735000316729473167292620E52906294629462C
:1073600031673187316729672967296629663906B8
:1073700068A668C7B1EACA4BD24BD22AC28BC3CE29
:10738000D572EE96FF18F6D7CD739B4D8189912863
:10739000B9CADA6BE2CCE2ACCA6BB24A920A7A0999
:1073A0006209520A4A2A422A422A422A422A422A86
:1073B000422A420A42094A094A094A2A4A2A4A2AC8
:1073C000526B528B736FCE7ADEDBAD156B0E62CCD7
:1073D0007B8FB597A5BA8CB7CD57EEBBF71CDE18DF
:1073E000DE59DE5AD577E6BBFFFFFFBEE69AEF5DBA
:1073F000FFFFEF3DEEDBFF7CF75DEEBBEEBCF75D24
:10740000FFBFFFFFFFFFFFFFFFFF8D992AF02AD08C
:10741000228F2A6E3AAF52F14AD13A6E1949430D82
:107420005C30190829C9326B3A8E3A8E42CF4AEF46
:10743000530F4B0F4B2E5BCE648E6C8F6C5084D2EF
:10744000BE96B6359DB4CF16CEF6CF16AE35957333
:10745000A5F5B5D7B557B558AD379CD6BE38A73DBD
:107460008EFD96FD9F1EC75CEF5BFFFEF77CFF9DC8
:10747000FFDEFFFFDEBBCE39DEFBD69AE71CFFBF87
:10748000FF9FFFDFFFDFFFFFFFFFFFDFFFBFFFFF0C
:10749000FFFFFFFFFFFFFFFFFFFFFFDFFFFFFFFF1C
:1074A000FFFFFFFFFFFFFFFFFFFFFFFFFFFFFFFFEC
:1074B000FFFFFFFFFFFFFFFFFFFFFFFFFFFFFFFFDC
:1074C000FFFFFFFFFFFFFFFFFFFFFFFFFFFFFFFFCC
:1074D000FFFFFFFFFFFFFFFFFFFFFFFFFFFFFFFFBC
:1074E000FFFFFFFFFFFFFFFFFFFFF79DEF3BFFBD2C
:1074F000EF5CDEBADE79D658CE18DE9A959A3AB0AD
:10750000290751A7728992AA9B0B72895A07C55302
:10751000F77BFFBCFFBCFFBCFFBCFFDDFFDDFFBC9A
:10752000FF9CFF9CFFDDFFBCDE35BC4F49A74186B9
:107530008A69A2CAAB4BB3ACB38CC46EDD71D531D2
:10754000D551DD71DD51EE556C576478FFFFE71CB6
:10755000AD98D6DCFFFFFFFFFFFFFFFFFFFFFFFF40
:10756000FFFFFFFFFFFFFFFFFFFFFFFFFFFFFFFF2B
:10757000FFFFFFFFFFFFC65A9539422A29263167D0
:1075800031673167294720E52906294729463167B0
:10759000318831673167316731672967310660A605
:1075A00060A69168C22ACA2AC26BBB6DCD10E613D1
:1075B000F675E614BC908A4B78E79108B9CACA4BB5
:1075C000C24AA20981E961E949E941E93A093A0A6D
:1075D000422A4A2A4A2A4A4A4A2A4A2A4A0A4A2A13
:1075E0004A2A4A0A4A0A4A2A4A2A4A2A4A2A4A4A1B
:1075F000526B5A8B5AAC8BF1E6DBFFBEF73C9452D0
:107600007B90A4F4C5D7CDB8EE3AE61ADE19C5973B
:10761000EF7EFFFFBD35E6BBFFBEF6DBE6BBFFFF3F
:10762000EF3CEE9AE69AFF9DF73CDDF9F73DF77DDA
:10763000F79EFFFFFFFFFFFFFFFFB67B33513310C5
:107640002B102A8E224D328E4AF14AF1198A53AFFD
:10765000538E110829EA326C32AE3AAE4AEF53101B
:1076600053505BD0648F648F646F6C6FA613C6D663
:10767000D717DF97D736CF16E797E797E778BE9506
:10768000B675C6D8CE99BD98B578A517A619971E18
:1076900096FD96FD9F1DAF1DEF3BFF7CFFDEFFFEBD
:1076A000FFDDFFFFE6FCC5F9DEDAD63ADEBBF75EAA
:1076B000FF9FFFDFFFFFFFFFFFFFFFDFFFDFFFFF9A
:1076C000FFFFFFFFFFFFFFDFFFDFFFDFFFFFFFFF2A
:1076D000FFFFFFFFFFFFFFFFFFFFFFFFFFFFFFFFBA
:1076E000FFFFFFFFFFFFFFFFFFFFFFFFFFFFFFFFAA
:1076F000FFFFFFFFFFFFFFFFFFFFFFFFFFFFFFFF9A
:10770000FFFFFFFFFFFFFFFFFFFFFFFFFFFFFFFF89
:10771000FFFFFFFFFFFFFFFFFFFFFFFFFFFFF7BFC1
:10772000FFDFFFFFFFFFFFFFFFFFE71C83B06A697A
:10773000A40EAC0E9AAA9269624839E85330645795
:10774000BE7BEF7CCE7AB5B8ADB8EF7ECEDDF77CF0
:10775000FFFDFFFDF77BFF9CEEB7D5D341C7394650
:1077600082499A8AAB4BB3ACBBACCCF0DD51D5317E
:10777000DD71DD71D551EE3484D86478FFFFE71DEB
:10778000AD98D6BBFFFFFFFFFFFFFFFFFFFFFFFF2F
:10779000FFFFFFFFFFFFFFFFFFFFFFFFFFFFFFFFF9
:1077A000FFFFFFFFEF5DA5DA5B0F2905316731674A
:1077B0003167292620E520E529262947294739A8C8
:1077C00031883187318731672967312650C660C6D5
:1077D0007907A9C9B20AAAEBB3ECCCAEDD71D571B9
:1077E000ABEE81A978877887914891A979A861A89B
:1077F00049A831A831C839E941E94A094A094A0A80
:107800004A0A4A0A4A2A4A2A4A2A4A2A4A0A4A0A58
:107810004A0A4A0A4A0A4A0A4A2A4A2A4A2A4A4A28
:10782000526B5AAC6B0E6B0E7BB0D659E6BA7B8F9F
:107830005A8C62CDC556FF3CFF1CDDF9D597BDD9EA
:10784000B5DACE7BC5B7C516EE7ADE18FF9DFFDE32
:10785000FF7DCD77D619FFDEFF7DD5B8EEDCF79E34
:10786000F79EFFFFFFFFFFFFFFFFD73D43D32B1026
:1078700033312B102AAE222C324D4B122A0D64715B
:1078800042ED19492A0A326D3AEF3AEF4B505C311A
:107890008552A633B67395918D707CD0CF15E7973E
:1078A000DF57D737EFD7CF15E757F7B8F7D9E758EE
:1078B000C716CF38D759DEFABDB9B578BE9B9F3E03
:1078C0009F1D9F1D9F1EB73DF75BFFDDFFFFFFFE66
:1078D000FFFDFFFDFFDED69AD67AD67AD69BEEFD67
:1078E000FF7FFFBFFFFFFFFFFFFFFFFFFFFFFFFF68
:1078F000FFFFFFFFFFDFFFDFFFDFFFDFFFDFFFFF38
:10790000FFFFFFFFFFFFFFFFFFFFFFFFFFFFFFFF87
:10791000FFFFFFFFFFFFFFFFFFFFFFFFFFFFFFFF77
:10792000FFFFFFFFFFFFFFFFFFFFFFFFFFFFFFFF67
:10793000FFFFFFFFFFFFFFFFFFFFFFFFFFFFFFFF57
:10794000FFFFFFFFFFFFFFFFFFFFFFFFFFFFFFFF47
:10795000FFFFFFFFFFFFEF7DAC928AEBA3ACBC6F94
:10796000A36C8A49A30B836D3A2C2A502AF51A730B
:107970008D7BD6DCA5579D379D57F79EAE5D5C7815
:107980007CD884F742096AEBC5B4E6D8836C290534
:1079900072299A6AA2CABBCCBBEDD551D551D5513B
:1079A000D551D551D530EE1395386CB9FFFFE73D71
:1079B000AD98CE9BFFFFFFFFFFFFFFFFFFFFFFFF25
:1079C000FFFFFFFFFFFFFFFFFFFFFFFFFFFFFFFFC7
:1079D000FFFFFFDFBE5B73F3292631673167316735
:1079E000292620E528E6290629462947318739A88E
:1079F00039A83188318731872967490760E760C72F
:107A0000792892299B29AB89BBC9BBEB9B2B798831
:107A10007086788768E7510741473167318831A818
:107A200039C839C841C941C941E941E941E9420977
:107A30004209420942094A0A4A094A0A4A0A4A0AC2
:107A40004A0A4A0A4A0A4A094A2A4A2A4A2A4A2A17
:107A5000524B5A6B5A8B5A6B41C95A8B83F09C72AA
:107A60008C317B6FEE9AF71BEE9AC576BD96DEBA27
:107A7000D6BBD6DCBDB8D5B8D598DDB8DDD8F6FB19
:107A8000FF3CE659D5F9FFBEFF9DDDF9E69BF79E69
:107A9000F77EFFFFFFFFFFFFFFFFF7DF6CD62B1026
:107AA000335133302AF02A8E220B3A8F3A7074D237
:107AB000324B21AA2A2A32CC4BAF4BCF7532AE546F
:107AC000CEF6D736C6F4A652A5F2A5F2E796EFB7E2
:107AD000EFB8E777EFD8EFB7D715F7D8F7D8EF9823
:107AE000DF98E7D9E79AE7BBCEBABD98CEFBAF3EA9
:107AF000AF3EB73EB73EC77EFFBDFFFEFFFEFFFEB7
:107B0000FFFEFFFDFF7BDE7ACE3ACE5AEF1DFFFF70
:107B1000FF9FFF9FFFDFFFFFFFFFFFFFFFFFFFFF55
:107B2000FFFFFFFFFFDFFFDFFFDFFFDFFFDFFFFF05
:107B3000FFFFFFFFFFFFFFFFFFFFFFFFFFFFFFFF55
:107B4000FFFFFFFFFFFFFFFFFFFFFFFFFFFFFFFF45
:107B5000FFFFFFFFFFFFFFFFFFFFFFFFFFFFFFFF35
:107B6000FFFFFFFFFFFFFFFFFFFFFFFFFFFFFFFF25
:107B7000FFFFFFFFFFFFFFFFFFFFFFFFFFFFFFFF15
:107B8000FFFFF7BEE6DAAC50A3ACBC6FAC0E9B4C6B
:107B90009BEF947353531A10092C098E2AD422D4C4
:107BA0008D7BDEFDAD97A577A577F79ED71E4C3868
:107BB0003B564376320B29CB52AC53314AF04186C7
:107BC00059C7926AAB4CCCF0D510D551D550D530B1
:107BD000D530D550D530EE149538853AFFFFE73DC6
:107BE000ADB8CE9BFFFFFFFFFFFFFFFFFFFFFFFFD3
:107BF000FFFFFFFFFFFFFFFFFFFFFFFFFFFFFFFF95
:107C0000FFFFDF1D8CF83188316731673147290666
:107C100028E62906290629062947316739A839A8FF
:107C200039A839A839A831874968594958E86947B6
:107C30008A889B489B28A36992E971686886688650
:107C400050E63906314729872987318839A839A86C
:107C500039A839C839C841C941E941E941E941E98F
:107C600041E94209420942094A0A4A0A4A0A4A0AB9
:107C70004A0A4A0A4A0A526B420939883967314628
:107C80003126316639874A096B0D9C73CE18D65957
:107C9000B5358BF0AC93BCD4BD15C556CDD7DE59E8
:107CA000D659E71CDEBBEEDADDD8E5F9D598D577F5
:107CB000F69BF6BBC556D5F8E67ADDB8E69BF77EAF
:107CC000F79EFFFFFFFFFFFFFFFFFFFF9E1A3351ED
:107CD0003351335133302AEF2A6D2A4D42F1751357
:107CE00021AA21EA2A0A328C4BCF64B0AE94CF1677
:107CF000CF16BEB495D1BEB3CEF4CF14EFB5F7D73F
:107D0000F7D8EFB8EFB8FFF9DF36EF98FFF9E7776C
:107D1000D757E799EFBAEFDADF7AC5D8CEFCB75E6E
:107D2000B75EBF5EBF5ECF7EFFDDFFFEFFFEFFFEE4
:107D3000FFFEFFBCEEB9DE7ACE5AD67AF79EFFFF81
:107D4000FFFFFFBFFF9FFFFFFFFFFFDFFFFFFFFF03
:107D5000FFFFFFFFFFDFFFDFFFDFFFDFFFDFFFDFF3
:107D6000FFFFFFFFFFFFFFFFFFFFFFFFFFFFFFFF23
:107D7000FFFFFFFFFFFFFFFFFFFFFFFFFFFFFFFF13
:107D8000FFFFFFFFFFFFFFFFFFFFFFFFFFFFFFFF03
:107D9000FFFFFFFFFFFFFFFFFFFFFFFFFFFFFFFFF3
:107DA000FFFFFFFFFFFFFFFFFFFFFFFFFFFFFFDF03
:107DB000EF5CDE57AC0EA38CBC90B4B1B5557CB76C
:107DC0004BD61A7311D111AF114C118E229322B4DC
:107DD0008D7BDF1DADB8AD98A598EF7EEF9F64DA7F
:107DE0004BD74BB63A8F3A8F531042D0225152CED6
:107DF0008B2C7A09BC0ED530D530D530D530D53066
:107E0000D550D4EFDDB3FF7B7CD98D7BFFFFEF5DD9
:107E1000ADB8CE7BFFFFFFFFFFFFFFFFFFFFFFFFC0
:107E2000FFFFFFFFFFFFFFFFFFFFFFFFFFFFFFFF62
:107E3000F7BEAE3C5B0F2906398831472906290673
:107E400028E62906290629262947318739A831A895
:107E5000318839A8318749A969EC596972089308B2
:107E6000930793288B0971A860A750A638E520E5F1
:107E7000190521262967316731873187318839A86B
:107E800039A839C839C841C941E941E941E941E95D
:107E900042094209420942094A0A4A0A4A0A4A0A66
:107EA00041E941C839A841E949E9522A62CD62ED68
:107EB000736E83D083F083F07B8F62CC49E939877E
:107EC00039874A2AC5F8D5F9DDB8E5F9F69BFF3CB4
:107ED000FF9EF77DD67AC576DE59C536D577C515AE
:107EE000DDB8D5B8D597E61ADDF9E619E65AF75D9B
:107EF000E6BBF7DEFFFFF7DFFFFFFFFFDF3D4C34A0
:107F00002B313351335133302ACF2A4D4B50751218
:107F1000196A2A4B21EA326C4BCF8591C715C6D519
:107F2000C6D59DF2AE52D755EFB6E795EFB6F7D767
:107F3000F7D7EFB8F7D9FFF9DF57DF57E7589D7448
:107F4000C6B7D758D758DF79DF79B5D7DEDAFFFE65
:107F5000F7DEF7FFF7DDF79AFFBCFFDDFFFDFFFD62
:107F6000FF9BF6F9FF3BE71CD67BD6BBF7BEFFFFB6
:107F7000FFFFFFFFFFDFFF9EFFDEFFDFFFBFFFDF33
:107F8000FFDFFFDFFFFFFFFFFFDFFFDFFFDFFFDFC1
:107F9000FFFFFFFFFFFFFFFFFFFFFFFFFFFFFFFFF1
:107FA000FFFFFFFFFFFFFFFFFFFFFFFFFFFFFFFFE1
:107FB000FFFFFFFFFFFFFFFFFFFFFFFFFFFFFFFFD1
:107FC000FFFFFFFFFFFFFFFFFFFFFFFFFFFFFFFFC1
:107FD000FFFFFFFFFFFFFFFFFFFFFFFFEF5DE6FA81
:107FE000DE57B4D19BEFD617EF3CFFFFE79F4C590C
:107FF0002AD422521A1111AF092C096E225222B42E
:108000008D7BDF1DB5D8ADB9AD98E75DFFFF7D7CF9
:108010004BF843553AF253724B1132B132B132D26E
:10802000B5B8834C5987CC8FDD51D530D530D5517B
:10803000DD71CCAFF6D8F79D64589DFBFFFFEF7E56
:10804000B5D9CE7BFFFFFFFFFFFFFFFFFFFFFFFF65
:10805000FFFFFFFFFFFFFFFFFFFFFFFFFFFFFFFF30
:10806000CEBC9D9A39C93167318831672906290606
:108070002906290629262947316731A83187318702
:108080003188318741C9728F6A2B82A88AE88AC8F1
:10809000830A6A2948E738A528E5210521262967AA
:1080A00029262105294629673187318739A839A82A
:1080B00039A839C839C841C941E941E941E942090A
:1080C00042094A0A4A2A4A0A41E941C839883967B5
:1080D00031674A0A6B0E83B0943294528BF0734E20
:1080E00062AB4A093146290528E528E5208439870D
:1080F000526B49E9A4F4F7BEF75DE6DBDE39EE59D1
:10810000FEFBF6FBFF5DE69ACD97E69ACDB7DDD88C
:10811000E5F9DDD8E61AEE5AF6FBF6FBF73CFFFF71
:10812000A3D0BD34FFFFF7DFFFFFFFFFFFFF95B9CF
:10813000335233513351333033102A6E4B9074F332
:10814000218B2A6B21AA3AAC542F7570A653C6D442
:10815000C6B4BEB3C714DF75EFB6EF96EFB6F7F748
:10816000E796DF56FFD9FFF9DF37CF16C676D6F789
:10817000E798EFB9EFB9E7B8DF78A576BDB7FFBCF0
:10818000FFFFFFFFFFFEFF39EE78F75BFFBCFF7BD1
:10819000FFBDFF5BFF7BEF1CD67BD6BCF79EFFFFCE
:1081A000FFFFFFFFFFFFFF9EFFBEFFDFFFFFFFFFA1
:1081B000FFFFFFFFFFFFFFFFFFDFFFDFFFDFFFDF4F
:1081C000FFDFFFFFFFFFFFFFFFFFFFFFFFFFFFFFDF
:1081D000FFFFFFFFFFFFFFFFFFFFFFFFFFFFFFFFAF
:1081E000FFFFFFFFFFFFFFFFFFFFFFFFFFFFFFFF9F
:1081F000FFFFFFFFFFFFFFFFFFFFFFFFFFFFFFFF8F
:10820000FFFFFFFFFFFFFFFFFFFFFFFFEF7DEF5CC3
:10821000EF5DF79EFFFFFFFFFFFFFFFFE77F5C794A
:1082200022931A1111F111AF094C096E1A322294DE
:108230008D7BDF1DB5D8ADB9AD98E73DFFFF95FD4E
:108240005439439632B12A91222F329132D23AF3E5
:1082500053F7A53629043925A38CDD51DD51D510FE
:10826000DDB3CCCFF6F9AE1A6499B65CFFFFEF7EB2
:10827000B5D9BDF9FFFFFFFFFFFFFFFFFFFFFFFFC6
:10828000FFFFFFFFFFFFFFFFFFFFFFFFFFFFF79E67
:10829000AE3C8496292639883168318831472906D1
:1082A00029062906290629473187318831873187F0
:1082B000318731886ACF7B0E8AE9828782E97AEB3F
:1082C000518930C620E521052105294639C841E9F3
:1082D00041C93167294621262126292629463167A9
:1082E000318739A839C841C841E942094A0A4209D7
:1082F00041E939C831673147314739A84A2A62AC68
:108300006B2D9411838F5A8B4A093967290628E50A
:1083100028E5290631263105312641A83967396714
:10832000732D524B83AFE71CFFFFFFFFFFDFDE7AA9
:10833000E659F6FCF6DBFF3CE659DE19FF1CDE18B9
:10834000D598EE5BD598EEBBFF3CF71CFFFFFFDF37
:108350009C119BAFFFFFFFFFFFFFFFFFFFFFE77ECB
:1083600064B62B313351335133502AAF541074D388
:1083700029EC328B218953AE544F9612C6F6D7366C
:10838000B674CF36D735E796EFB7DF56E797E7777E
:10839000CEF6CEF6FFF8F7D8F7F8D7179533CEB666
:1083A000F7F9E798EFB8F7D9E7B9ADB6C638FF9A4D
:1083B000FF9BFFFEFFFFFF9DEEB7EE78FF3AFFDD6C
:1083C000FFFFFFBDFF5BF75CD69CDEDCFFBFFFFF5E
:1083D000FFFFFFDFFFDFFFFFFFFFFF9FFFFFFFFF4D
:1083E000FFFFFFFFFFDFFFDFFFBFFFDFFFDFFFDF7D
:1083F000FFFFFFFFFFFFFFFFFFFFFFFFFFFFFFFF8D
:10840000FFFFFFFFFFFFFFFFFFFFFFFFFFFFFFFF7C
:10841000FFFFFFFFFFFFFFFFFFFFFFFFFFFFFFFF6C
:10842000FFFFFFFFFFFFFFFFFFFFFFFFFFFFFFFF5C
:10843000FFFFFFFFFFFFFFFFFFFFFFFFFFFFFFFF4C
:10844000FFFFFFFFFFFFFFFFFFFFFFFFEFBF43B790
:1084500012121A1111F111AF094C096E1A3222943D
:108460008D9BE73DB5D8ADB9AD98DF1DFFFFB67E5A
:108470005C7A4BD732B22A912A4F32B132D23B13B7
:108480004375649A73B262CB30E46A69CCF0E61447
:10849000FF5AFFBCC5F76C99751ABE9DFFFFF79E8A
:1084A000B5F974148495CE9BFFFFFFFFFFFFFFFF1C
:1084B000FFFFFFFFFFFFFFFFFFFFFFFFFFFFCEBC40
:1084C000AE3D52AD29263988316839883168290690
:1084D0002906290629062926318731673167316740
:1084E0002946526D83908B8D8AE98B2B6A8B41894B
:1084F0002947214620E52906318841E941E941E93A
:1085000039C939C839A831872926212521252105CE
:10851000292629262946294629262926314629267B
:108520002926316741E95AAB6B0D732E6AED5A6B00
:108530003167C4709B6D102328E531463967396770
:10854000394639473967394639675A6B62CC3947FA
:10855000730D838F83CFCE38F7BEFFFFFFFFFFFF82
:10856000E71CDE39F6DBF6FCF71CE63AEE9BFF3C37
:10857000DDF8D5B8D5B8F6FBFF7CFFBEFFFFFF9E48
:10858000BD3571459B0CF79EFFFFFFFFFFFFFFFF0F
:10859000CEFD54352B31335133512AD064D25BF0A8
:1085A00021EB32AB218964708552CF16DF57C6D6D6
:1085B000AE75D756DF77FFF8FFF9E7B8E778743282
:1085C000BE95E777F7D7F7F7BE35A5F39DD4A5D4C9
:1085D000E777F7D8EFB8EFB8F7D9C697AD97FF7B35
:1085E000FF59FF39EEB8EEB8FEB7E637FFBDFFFE24
:1085F000FFFFFFFEFF9CF77DD6BCE6FDFFFFFFDF20
:10860000FFBFFFDFFFFFFFDFFFDFFFBFFFDFFFFF7A
:10861000FFFFFFDFFFDFFFDFF7BFFFDFFFDFFFDF72
:10862000FFFFFFFFFFFFFFFFFFFFFFFFFFFFFFFF5A
:10863000FFFFFFFFFFFFFFFFFFFFFFFFFFFFFFFF4A
:10864000FFFFFFFFFFFFFFFFFFFFFFFFFFFFFFFF3A
:10865000FFFFFFFFFFFFFFFFFFFFFFFFFFFFFFFF2A
:10866000FFFFFFFFFFFFFFFFFFFFFFFFFFFFFFFF1A
:10867000FFFFFFFFFFFFFFFFFFFFFFFFD73E1A7364
:1086800012111A321A1111B0094C118E1A521A9481
:1086900095BCE75EB5D8ADB9AD98DEFCFFFFCF1E47
:1086A00064DB4BD732F332D22A903AD23B134334B5
:1086B0004B9564BA649A8519AD77734E5A4993CE37
:1086C0009C30836DACF47D1A7D3AC6DDFFFFF79ECA
:1086D000BDF9BDF9B5D974147C55C65AFFFFFFFF2B
:1086E000FFFFFFFFFFFFFFFFFFFFFFFFFFDFAE1BEF
:1086F000AE5E84953168398841A93168316829278F
:10870000290629062906314731673167296721057E
:1087100041E9737183B0938D834C526C39EB3A0A03
:1087200039EA31C9420A4A4B4A4C4A4B4A2B420A5F
:1087300039E939C839A831872967210520E521059C
:1087400020E518A41083188320C5314641C8526B18
:108750006B0D736E6B0D5A8B41A8312628E528E509
:1087600018A4ABEFF59431063106396741873967B4
:1087700039263967522A6AED49C9520A7B2E5A6B4B
:1087800062AC8BF09C71BD95EF5DFFFFFFFFFFFFBB
:10879000FFFFF77EDE59F6DBF71CF6DBF6DBF6FBB8
:1087A000F6FCBD16CD97FF7DFF5CFF9EFFFFEEFC44
:1087B000AC9361468A69FFFFFFFFFFFFFFFFFFFFEA
:1087C000FFFFC6BC5435331133302AF07532434FA6
:1087D0002A4C328A29CA6CB1A5F4D737CF16CF16E6
:1087E000C716D756CED6B6159D539D538D1363919C
:1087F000DF76EFD7E7B794F384F1AEB495D4B675CE
:10880000BEB5EFB8F7D8F7D9F7D9E799A556E6D9A5
:10881000FF18F73AF75CFFDDF77CDE38F6FAFFDD8C
:10882000FFDDFFBDFFBDEF5DD6BBDEDCF79FFF9F29
:10883000FFBFFFFFFFFFFFBFFF9FFFBFFF7EFFBF29
:10884000FFBFFFBFFFDFFFBFFFDFFFDFFFDFFFDF98
:10885000FFFFFFFFFFFFFFFFFFFFFFFFFFFFFFFF28
:10886000FFFFFFFFFFFFFFFFFFFFFFFFFFFFFFFF18
:10887000FFFFFFFFFFFFFFFFFFFFFFFFFFFFFFFF08
:10888000FFFFFFFFFFFFFFFFFFFFFFFFFFFFFFFFF8
:10889000FFFFFFFFFFFFFFFFFFFFFFFFFFFFFFFFE8
:1088A000FFFFFFFFFFFFFFFFFFFFFFFFC6BE1A53E3
:1088B0001A111A321A1211D0094D118E22531A743C
:1088C0009DDCE75EB5D8ADB9AD98D6DCFFFFE77F9C
:1088D000859C543843543B1332D13B1243334354A9
:1088E0004BB66CDA64995C59649A74DA749874566D
:1088F00052AD3945B576855B7D3AD71EFFFFF7BE91
:10890000BDF9BE1AFFFFFFDFBE1A7C557C34BDFAED
:10891000F7DFFFFFFFFFFFFFFFFFFFFFF7BEA5DA57
:10892000AE3DBEBF73F33127522B524B39883127EE
:1089300029062906290631473167294721264A4B4E
:1089400073D383F38C1062CB3A0A424B4A8D4A8D23
:108950004A8D426D424C3A0B39C931A931672926FB
:10896000210620E520E520C420E52926318720E5E1
:10897000290539A85ACC7B8F83D07BAF736E5AAB55
:1089800041E9314720C428E528E529063126396721
:108990002906A3CEFE76624920C53967396741882A
:1089A00049E95A8B732E838F62AC41A87B2E72EDFE
:1089B000628B8BD0A4B2BD95EF3CF7BFFFFFFFFFEA
:1089C000FFFFFFFFEF5DAD16E69AFF1CF6FCEEDB46
:1089D000F71CD5D8C556FF5DFF9DFF9DFFBEC51591
:1089E000510599A69C739E3C9DDAA63BB69CCEFD94
:1089F000E79FFFFF95DA331132F0331075523B2FAA
:108A000032AD2A8B326C64716C90C716AE55AE5580
:108A10008D5363F14B0F42AF426E52AE5BD06BB0E1
:108A2000EFF7CEF56BB16BF09E52961495F3AE74E2
:108A3000B695D716FFF8F7D9F7D9F7F9BE17D63795
:108A4000F75BFFFFFFFEFFFEFFFEFF7BFF7BFFBC30
:108A5000FFFDFFBDFF9DDEDCD69BDEDCDEFCEF3ED6
:108A6000FFFFFFFFFFFFFFFFFF7FFFBFF75EF75E28
:108A7000FF9FFF9FF79EFFDFFFFFFFFFFFFFFFDF6F
:108A8000FFFFFFFFFFFFFFFFFFFFFFFFFFFFFFFFF6
:108A9000FFFFFFFFFFFFFFFFFFFFFFFFFFFFFFFFE6
:108AA000FFFFFFFFFFFFFFFFFFFFFFFFFFFFFFFFD6
:108AB000FFFFFFFFFFFFFFFFFFFFFFFFFFFFFFFFC6
:108AC000FFFFFFFFFFFFFFFFFFFFFFFFFFFFFFFFB6
:108AD000FFFFFFFFFFFFFFFFFFFFFFFFC6DE1A9351
:108AE0001A321A321A3211D0116D19CF2293123361
:108AF0009DFCEF7EB5D8ADB9AD98D6DCFFFFEFBFDA
:108B00009E3D6CFB53D6437432D23AF24313435426
:108B10004BB56CDA647964996CBA6CDA6CBA753BF3
:108B20007D5C7CB794F6857B857BDF5EFFFFF7BFBE
:108B3000BE1ABDF9F7BFFFFFFFFFFFFFC67B8475BD
:108B40007414ADB9F79EFFFFFFFFFFFFFFFFE73D86
:108B5000A5BAAE3DAE3C630E39885A6B524B3127F5
:108B600029062906290631473147292649A66B518E
:108B70007C566B70316718C52126294729682988DA
:108B8000296729472126210520E518C518C418C4DE
:108B900020E521052946316741E9528C62ED945266
:108BA0009C92ACF483F06B0D4A2A3967290620C5E4
:108BB00020A4290629063126290631263967396776
:108BC0003106A3AEFE97ABCE20A441675A4A732D5F
:108BD000730D628B7B4E8BB0838F49C872ED7B4ED9
:108BE0005A4A8BB0A471C5D6F79EEF7DFFFFFFFFF9
:108BF000FFFFFFFFFFDEA5588C54CDB7EEDCF71C5E
:108C0000FF3CE65AC536F73CDE59AB8EB3AFAB8FAF
:108C1000694592AADF7E857A33542AF233333B9436
:108C200054367D184BF52AD02AD03B306D3232CFE6
:108C300032EE2A8B430E5BF0432E9DD553D13AEF93
:108C400032AF328F42AF4ACF52EF52F052AF7C3147
:108C5000C6D552EF634F8D718552961495D3A634C5
:108C6000B695BED5FFF8FFF9FFF9FFF9D6D8CE5972
:108C7000FFFEFFBBFFDCFFFEFFFEFF3AFF9BF75B43
:108C8000FFFEF7BED6BBD69BD6BCDEDCDEBCCE5A22
:108C9000F7BEFFFFFFFFFFFFFF9FF73EE71DE71C4B
:108CA000EF5DF79EF7DEFFFFFFFFFFFFFFFFFFFF18
:108CB000FFFFFFFFFFFFFFFFFFFFFFFFFFFFFFFFC4
:108CC000FFFFFFFFFFFFFFFFFFFFFFFFFFFFFFFFB4
:108CD000FFFFFFFFFFFFFFFFFFFFFFFFFFFFFFFFA4
:108CE000FFFFFFFFFFFFFFFFFFFFFFFFFFFFFFFF94
:108CF000FFFFFFFFFFFFFFFFFFFFFFFFFFFFFFFF84
:108D0000FFFFFFFFFFFFFFFFFFFFFFFFCEFE1A7316
:108D10001A3222731A5211F119AE19EF33362B366B
:108D2000AE3DEF7EB5D9ADD9AD98D6BCFFFFF7BF4C
:108D3000BEDE755C53F653D53AF23AF243544B74A7
:108D40004BB56CDA6CDA6CDA751B7D1B74DA7D3B23
:108D50007D3A751B751B855B8D9BE79FFFFFFFDFD2
:108D6000C63AB5F9F7BFFFFFFFFFFFFFFFFFFFFFA9
:108D7000D6BC8CB67414A578EF5EFFFFFFFFFFFF33
:108D8000DEFC9D99A5DC9D59528C314741A83127C5
:108D900029062906292631472106418772885AEE7D
:108DA00052CD18C420E5316731A8420A4A6C4A8C7A
:108DB0004A8C4A6C424B3A0A39C931A8318831672A
:108DC0003167316731673167316731463147316724
:108DD0004187D49120C418A528E629263147312699
:108DE00029053126290631473126396739674187F8
:108DF0003106A3AEFE56E553394749E9838F83AF69
:108E00007B4E5A4A7B4E8BB09411626B628B838F80
:108E10005A4A93F0B4F3C5F7FFFFEF7DFFFFFFFF62
:108E2000FFFFFFFFFFFFBDF994B79413ACB4CDD89B
:108E3000D619CD98CD97E67B834E8125A9E7B20759
:108E400081A7BD12E6FBFFFFAE5C54362AF222B1C9
:108E5000229122B122B12AD02AAF3B4F64F12A6E6F
:108E600032EE2A4B4B6F538E328C43B03AF03AD0ED
:108E70003ACF3AEF3AAF42AF4ACF52CF5B1074329B
:108E800063705ACF84D164118D9396148DD39E3321
:108E9000B6B5BED5D737FFF9FFF9FFF9F7B9AD364B
:108EA000E6FAFFDBFF9BFFFEFFDCFF5AFF7BF73A92
:108EB000DE9ACE7BCE7BD6BBDEDCD69BC63ACE3AE4
:108EC000DE9BEF3DF7BEF77EE6FCDEDCE73CF79D80
:108ED000FFDEFFDEFFFFFFFFFFFFFFFFFFFFFFFFE4
:108EE000FFFFFFFFFFFFFFFFFFFFFFFFFFFFFFFF92
:108EF000FFFFFFFFFFFFFFFFFFFFFFFFFFFFFFFF82
:108F0000FFFFFFFFFFFFFFFFFFFFFFFFFFFFFFFF71
:108F1000FFFFFFFFFFFFFFFFFFFFFFFFFFFFFFFF61
:108F2000FFFFFFFFFFFFFFFFFFFFFFFFFFFFFFFF51
:108F3000FFFFFFFFFFFFFFFFFFFFFFFF74DA1A5283
:108F40001A521A531A32225219EF225143B83BB81F
:108F5000A61CEF9EB5F9B5D9AD98CEBCFFFFF7BF03
:108F6000D73F7D7D53F753D53AF23AF24B7453B560
:108F700053D66CFB751B74FB7D3B7D3B74DA7D1B0C
:108F8000857B7D3B7D3A857B8D9BEFBFFFFFFFDFC0
:108F9000C63AB5D9F7BEFFFFFFFFFFFFFFFFFFFF98
:108FA000FFFFFFFFDF1D94F774149D37E71DFFFFE0
:108FB000FFFFEF7EADB98C96845452AD41EA316823
:108FC00028E62906292628E520C5292641E829463C
:108FD00018A420E529262947316739A839C939A9B4
:108FE000318831672926210629062926292629269E
:108FF000290629062906290621052905290610849E
:109000006A6AFDD549A829063147314731473146BB
:10901000290631263126396739473967418749A8FA
:1090200041A8AC0FFE36FE3672AB3967836E8BD02B
:109030008BD05A2A730D838F93F07B6E5A0A93F16B
:109040006AABA492F77DDEBAF7BEF7BEF79EFFFFCC
:10905000FFFFFFFFFFFF8C538C968C348390BD1570
:109060007A4A5167ACB4F6BD9412490569A7816686
:10907000B40FDE5662CBF77DFFFFDF7E9E1B64B828
:10908000335422B22AD222B1226F3B705C91222D3E
:1090900032EE222B5C1042ED32CC54713B103AD0B0
:1090A0003B30433053B063F05B704AF052D07C9356
:1090B0005AF0635085537CF2A6348DD38DD39E3302
:1090C000AE95CF16BEF6EFD8FFF9FFF9FFF9A4F47D
:1090D0009C74D699FF7BEED9CE18CE39E6DADEDB6A
:1090E000C63ACE5AD69BD6BBC65ABE19C63ACE7A17
:1090F000CE3ACE1AD67AD69ADEBBE75CF7BDFFFE33
:10910000FFFEFFFEFFFFFFFFFFFFFFFFFFFFFFFF71
:10911000FFFFFFFFFFFFFFFFFFFFFFFFFFFFFFFF5F
:10912000FFFFFFFFFFFFFFFFFFFFFFFFFFFFFFFF4F
:10913000FFFFFFFFFFFFFFFFFFFFFFFFFFFFFFFF3F
:10914000FFFFFFFFFFFFFFFFFFFFFFFFFFFFFFFF2F
:10915000FFFFFFFFFFFFFFFFFFFFFFFFFFFFFFFF1F
:10916000FFFFFFFFFFFFFFFFFFFFB65C22D522934B
:10917000229422B41A73229419CF19EF43973B9784
:109180007D1BEF7FB5D8ADB9AD99CE9BFFFFF7BF83
:10919000E79F8DBD53F64B95433343534B7453B503
:1091A00053D674FB751B74FB7D3B7D5B751B7D1B70
:1091B0007D5B7D3B7D3B857B95DCF7DFFFFFFFFF24
:1091C000C65AB5D9F79EFFFFFFFFFFFFFFFFFFFF66
:1091D000FFFFFFFFFFFFFFFFE73DA558741494D684
:1091E000D6DCF7BED63AAD5894B69538AE3D8CF77E
:1091F0003168292720C52906316820E5188318839E
:109200001883188318841883188318831884188384
:10921000188418A418A421062926292629262946B7
:10922000292629062926292629262906312618A491
:109230009B8EFE566A6A20E531473126312631265B
:1092400029063126394749E949E95A4A6ACC732D3A
:10925000732EBC50FED9FF5BBC2F3947730D836E54
:1092600072ED49A85A2A7B2D93F08BCF51E8ACB30D
:1092700094118BAFCE17CDF7E6FBE71CEF7DFFFF18
:10928000FFFFFFFFFFFFBDD89CD594F77C3483B16F
:1092900089E859884105B4949B8F816641057249DC
:1092A000BC8F9C2F526B8BF0FFBEFFFFFFFFC71ED2
:1092B0003B96229222B222921A5043B25431220D8E
:1092C000330E2A2B6451324C3B0D54513B514BD140
:1092D00054315C706CD175319E139DD36BD16BF2A0
:1092E00073F25B307C926B9084D28DD396138DF3A6
:1092F000A674D756CF16DF77F7F8FFF9F7D9A4F49D
:109300009C94A536B5B7ACF5AD36AD57B5B8BDF93B
:10931000C63ACE7ACE7ABE19CE99DF3BE75BDEFA4B
:10932000D6DADEDBDEBBD6BBE73CFFFDFFFDFFFE92
:10933000FFFEFFFEFFFEFFFFFFFFFFFFFFFFFFFF40
:10934000FFFFFFFFFFFFFFFFFFFFFFFFFFFFFFFF2D
:10935000FFFFFFFFFFFFFFFFFFFFFFFFFFFFFFFF1D
:10936000FFFFFFFFFFFFFFFFFFFFFFFFFFFFFFFF0D
:10937000FFFFFFFFFFFFFFFFFFFFFFFFFFFFFFFFFD
:10938000FFFFFFFFFFFFFFFFFFFFFFFFFFFFFFFFED
:10939000FFFFFFFFFFFFFFFFEFBF53F82AD422B408
:1093A00022B422732AB42AB4221022313B775C58AB
:1093B000C6BBF79DE71BDEF5DED3EF7BFFDDEF9E3F
:1093C000F7DF95FE541753D54B734B734B945BF6F5
:1093D0005C177D5C753B751B7D5B7D3B74FA74FB94
:1093E000751B7D5B7D3B857C9DFCFFDFFFFFFFFFE9
:1093F000CE7BB5D9F79EFFFFFFFFFFFFFFFFFFFF0B
:10940000FFFFFFFFFFFFFFFFFFFFFFFFEF7EAD99B5
:109410007C14AD37D63BD63BCDFAB558949595170D
:10942000633041EA39C939EA20E618A418A4188340
:109430001083188418A418A418A418A420C520C543
:1094400029062926292631672947314729473147E7
:10945000292629262926292629263147316728E564
:10946000CCD1FE56936D20E53987398841A85A6BD7
:1094700049E939884A097B6F6AED730D7B6F7B4E32
:10948000732EC4B1FF5BFFFDD53339466AAB730D54
:109490009C316A8B624A8BCFC594C5B55A2993F02B
:1094A000838E72ED9C31ACD2AD13BD75E73DFFFFED
:1094B000FFFFFFFFFFFFFFFFFFFFE6FC8CD694F6E8
:1094C000832E83F373506105510681E882CAC44C30
:1094D00092C741C8734E62AC9452FFFFF7DF751B11
:1094E00022B52293229222711A0F4BF343B1222EFE
:1094F00032EE2A2B6C9129EA3B2E549254715CB1C6
:109500005CB15CB064B15C908573BEB6BEB58D12C3
:10951000743274526BD15ACF5AF06BB084D18DB380
:10952000A674DF96DF97DF77FFF9FFF9E7389473CA
:109530009C94B5B7B597AD16B577D699DEFAD6BA7D
:10954000D6DACE7ABE59DF3AE77AF7DBF7DBE73BCC
:10955000F7BCFFDDF79CDEFBDEFBEF5CF7BDF7DE63
:10956000FFFEFFDEFFFEFFFFFFFFFFFFFFFFFFFF2E
:10957000FFFFFFFFFFFFFFFFFFFFFFFFFFFFFFFFFB
:10958000FFFFFFFFFFFFFFFFFFFFFFFFFFFFFFFFEB
:10959000FFFFFFFFFFFFFFFFFFFFFFFFFFFFFFFFDB
:1095A000FFFFFFFFFFFFFFFFFFFFFFFFFFFFFFFFCB
:1095B000FFFFFFFFFFFFFFFFFFFFFFFFFFFFFFFFBB
:1095C000FFFFFFFFFFFFFFFF9DDC43B83B5622B4C8
:1095D00022B422B4229333152A712A7143D8543904
:1095E000D6FBFFFCFFFFFFD9F70AF72FFFBAF7BD45
:1095F000FFFFAE7E5C3853D54B744B7353945C16AF
:1096000064577D7C7D5C751B7D5C7D3B6CBA74FB17
:109610007D1B7D3B7D3B857C9DFCFFFFFFFFFFFFAE
:10962000CE9BB5D9EF7EFFFFFFFFFFFFFFFFFFFFE0
:10963000FFFFFFFFFFFFFFFFFFFFFFFFFFFFFFFF3A
:10964000CDF9CDFBCDFAD65CDE9DC5B9BD98D63B34
:10965000A53773D2422B20C518A418A4188320E67E
:1096600020E6188318A418A418A418A420C5292635
:109670003147290631473167314731473147314753
:1096800029263147316731673967396731263967AC
:10969000ED73FE15C47039A8526B5AAC732D7B8FD5
:1096A000628B418849E97B4E6ACC6ACC7B4E730D54
:1096B0009431EDF6E658AD14BD136A499410A472C6
:1096C000ACD37B2D624A7B2EA471BD346ACB834E12
:1096D0007B2D72ED9C31A4B2A491A4B1D67AFFFF88
:1096E000FFFFFFFFFFFFFFFFFFFFFFFFBDF872EC73
:1096F0008B6C93CE9C518B2C932AABCBC40AA34981
:10970000418631676AEC732E5A8BAD149E3D22F66A
:109710001AB522932271224F19EE54333B31220E97
:109720002AAD2A4C6C91218A438F5CF25CB15C912A
:1097300064D164B064D06CF06CF0B675CF17DF768E
:10974000BE347CD3635063105B305B105ACE630E23
:109750008CF2BE76B635CF17F7D8FFFAD697A51696
:10976000BDB8C659B576B556C618E75AFFFCFFFC1A
:10977000E75BCED9EF9AF7BAF7BBFFDBF7DCFFFC6C
:10978000FFFCFFFDFFFDEF7CE73BE73CEF5CEF7D7F
:10979000F7BDF7DEFFFEFFFFFFFFFFFFFFFFFFFF4D
:1097A000FFFFFFFFFFFFFFFFFFFFFFFFFFFFFFFFC9
:1097B000FFFFFFFFFFFFFFFFFFFFFFFFFFFFFFFFB9
:1097C000FFFFFFFFFFFFFFFFFFFFFFFFFFFFFFFFA9
:1097D000FFFFFFFFFFFFFFFFFFFFFFFFFFFFFFFF99
:1097E000FFFFFFFFFFFFFFFFFFFFFFFFFFFFFFFF89
:1097F000FFFFFFFFFFFFFFFF74FB4C1843B72AD4A6
:10980000331533562AD433152A92225143D8545A49
:1098100064BAD6AFFF6EF778F753EEC7F754FFBDC3
:10982000FFFEBEDF5C5853B54B744B7453B45C16EB
:1098300064577D7C7D5C751B7D7C7D3B6C9A74FBE5
:109840007D1B7D1B7D3B857C9DFCFFFFFFFFFFFF9C
:10985000D6BBB5D9EF7EFFFFFFFFFFFFFFFFFFFF86
:10986000FFFFFFFFFFFFFFFFFFFFFFFFFFFFDE9B8D
:10987000D63BCDFAD65CD65CD67CC5DAC61BBDDA43
:10988000D67D633028E6290620C518A418C531CB3B
:1098900018C5188318A418A418A420C42947316730
:1098A0002947290631473147294731473147316731
:1098B000314639883987314739884A0941E9624A4E
:1098C000FDF5FE16E533522A6B0D734E734E734E43
:1098D00062CC418849A87B4E62AC7B6E7B4E72EDB8
:1098E000ACF3B491B4D3E6B9FFBCABEF6AEC94101F
:1098F000836E834D728B6ACC834EA45272CC7B0DE7
:109900006AAC6ACC9C31A492A4B29C71B576FFDF9C
:10991000FFFFFFFFFFFFFFFFFFFFFFFFFFDF734EB4
:1099200051C76A4882A893099B299B2872673146D0
:1099300020E5290541E86AED6B0E62AC4B53545AA1
:10994000541A2AF51A51220E19CD54742A8F220D59
:109950002A6D328D64712149434F54935CB15CD1BF
:1099600064D16CF064CF6D0F6CCF8D91E777DF37EA
:10997000F7D8C67563716331633063306351630F29
:109980006B506B718413DF77E798FFFAEF7CFFFF72
:10999000FFFFFFFFC5D8B5B8D6BAF7BBEFBCDF3ABB
:1099A000DF39EFBAF7BBFFFBFFFBFFDBFFFCFFFD7F
:1099B000FFFDFFFDF7BDE71BEF9CEF7CEFBDF7BDA3
:1099C000EF9DF79EFFBFFFDFFFFFFFFFFFFFFFFFE2
:1099D000FFFFFFFFFFFFFFFFFFFFFFFFFFFFFFFF97
:1099E000FFFFFFFFFFFFFFFFFFFFFFFFFFFFFFFF87
:1099F000FFFFFFFFFFFFFFFFFFFFFFFFFFFFFFFF77
:109A0000FFFFFFFFFFFFFFFFFFFFFFFFFFFFFFFF66
:109A1000FFFFFFFFFFFFFFFFFFFFFFFFFFFFFFFF56
:109A2000FFFFFFFFFFFFFFFFBE9D3BB84C1832F367
:109A30003B3443B83B5633362A912A503B7754196E
:109A400064BB6CFACE29FF25FF2AF707FF4EFFDB28
:109A5000FFFDE77E6CBA53B54B734B7353B55C1681
:109A600064377D5C859C7D5B7D7C7D3B6CBA74FB43
:109A70007D3B7D1B7D1B857C9DFDFFDFFFFFFFFF89
:109A8000D6DCB5D9EF5DFFFFFFFFFFFFFFFFFFFF54
:109A9000FFFFFFFFFFFFFFFFFFFFFFFFEF5DEF1D7A
:109AA000F77EEF3DDE9CD65CDE7CBD78D65CC5FAE9
:109AB000BDB973713168210620C518C42947212614
:109AC0001883188318A420C518A429263167316784
:109AD00031472906316731473147316731473167AF
:109AE0002926398841E94A0A6B0D7B6E526B7ACB85
:109AF000FE97FED9FDB472CC6B0D734E732E734E70
:109B00007B8E416741A87B4E628B9410A4B27B4E42
:109B1000730DC513FFFEFFBDFF9DE574624A8B8F79
:109B2000836E834E82EB626B7B2D9C31626B72ED98
:109B3000628C62AC9C319C719C719C719452F7DF79
:109B4000FFFFFFFFFFFFFFFFFFFFFFFFFFFFDEDB6A
:109B500049E92905290631263125292620E5292626
:109B6000316629052926524A6AED6B0E62CC957939
:109B70005C9C1A941A5119EE220D4C3321EC220CE4
:109B8000222C42EE5C11194929EB3B504BF2545206
:109B90005CB06D306D0F6CEF750F6CEFB674EF97B6
:109BA000DF57F7D8B5F56351635163516B516B5172
:109BB0007C327BF17350ADB4EFD8F7BAEF7FFFFF83
:109BC000FFFFF7BFEF5EC619DEDAE75BCEB9EF9AAB
:109BD000F7DBF7DBF7DBFFFBFFFBFFFCFFFCFFFD29
:109BE000FFFDFFFDE6FBDEDBE75CEF9CEF9DF7DDB5
:109BF000FFFEFFDFFFDFFFFFFFFFFFFFFFFFFFFFB6
:109C0000FFFFFFFFFFFFFFFFFFFFFFFFFFFFFFFF64
:109C1000FFFFFFFFFFFFFFFFFFFFFFFFFFFFFFFF54
:109C2000FFFFFFFFFFFFFFFFFFFFFFFFFFFFFFFF44
:109C3000FFFFFFFFFFFFFFFFFFFFFFFFFFFFFFFF34
:109C4000FFFFFFFFFFFFFFFFFFFFFFFFFFFFFFFF24
:109C5000FFFFFFFFFFFFFFFFF7DF5C9A4BF93314B5
:109C600032F343D843B83B972A922A7143B7545AE8
:109C70006D1B64BB5C18A570BDCCBE0ECE91CEB77B
:109C8000D6FCCEFD74FA53D54B744B7453B55C16A9
:109C900064377D7C859C7D5C7D5C7D3B74FB751BA6
:109CA0007D5B7D3B74FA857CA61DF7DFFFFFFFFF20
:109CB000DEFCB5D9EF5DFFFFFFFFFFFFFFFFFFFFFA
:109CC000FFFFFFFFFFFFFFFFFFFFF7BEEF3DFFDFDF
:109CD000FFBEFFFFF79EE6DDCDD9C5B9D63BCE3B33
:109CE000B5586B51318920C520E5210620E518A41F
:109CF00018A418A4210520C518C429473167316765
:109D0000314729063167314731473167314741A82B
:109D100039A86B0D6B2E5AAC734E734E4A2A934D75
:109D2000FEB8F73BFE36936D7B8E8BF0732D732E52
:109D3000734E416741887B4E6AAB72EC8BCF7B2DB3
:109D4000836EEE78FFDDFF7CFFBDFE98830C836E93
:109D5000834E834E9B8D5A2A72ED93F1626B6ACCCF
:109D6000628B628B9C319C319C51A49183F1EFBF3B
:109D7000FFFFFFFFFFFFFFFFFFFFFFFFFFFFFFFFF3
:109D80009CD43967312531262926290529263166B3
:109D900031673146290531675AAB6AED6B2D5ACDD3
:109DA00022B31A521A0F19AC2A8E43F2196A21EB08
:109DB00021EA4B4F4B6F214929AA3AAC326C3AEF5A
:109DC0004BD15C706CEF6D0F750E750F7510CEF585
:109DD000EFB8E798E77873D36B726B926B926B7105
:109DE0008432A5558C148472B5D4D6DADF1FF7DF20
:109DF000FFFFEF9FE77FEF7EE73DCED9F7BAFFFB8E
:109E0000F7BBFFFBFFFBFFFBF7DBF7DBFFFCFFFC18
:109E1000FFFCF7BCD69BDF3CDF1CDEDCEF7DFFDE0A
:109E2000FFFFFFFFFFFFFFFFFFFFFFFFFFFFFFFF42
:109E3000FFFFFFFFFFFFFFFFFFFFFFFFFFFFFFFF32
:109E4000FFFFFFFFFFFFFFFFFFFFFFFFFFFFFFFF22
:109E5000FFFFFFFFFFFFFFFFFFFFFFFFFFFFFFFF12
:109E6000FFFFFFFFFFFFFFFFFFFFFFFFFFFFFFFF02
:109E7000FFFFFFFFFFFFFFFFFFFFFFFFFFFFFFFFF2
:109E8000FFFFFFFFFFFFFFFFFFFFA63D4BF93B5525
:109E90002AB243B74BD843B82A922A704BB85C7A9F
:109EA0006CDB5C7A4BB64376437653F8755E64DBC5
:109EB0006CFC755D649953D54B944B9453B55BF62C
:109EC00064377D7C859D7D5C7D7C7D3B74FB753B33
:109ED0007D5C7D3B74FB857C9E1DF7DFFFFFFFFFF4
:109EE000DF1CB5D9E73DFFFFFFFFFFFFFFFFFFFFCF
:109EF000FFFFFFFFFFFFFFFFFFFFEF3DFFDFFFDF84
:109F0000FFFFFFDEFFBEEF3CC578DE7CCE1BC5DA6F
:109F1000CE3B6B92316820E52106210518A420C5AF
:109F200020E520E5210620E520E531473167398825
:109F3000316729063147292731674A2A526B62CC9B
:109F40004A2A738E6B0D5A6B6B2D8BF05AACABEEAD
:109F5000FF7BFFFDFF1ACCB162CC7B4E730D732DDE
:109F60007B4E49C84988836E6AAB72CC7B2D72ECFC
:109F70008B8EEE57FF9CFF9DFFBDFF3AABEE7B0D36
:109F8000832D938EAC0F59E96AAC8BAF5A4A62AB02
:109F90005A6B628B9C319C318BF0A4927B6ED69B6A
:109FA000FFFFFFFFFFFFFFFFFFFFFFFFFFFFFFFFC1
:109FB000EF7E62ED31253126312629263166316763
:109FC00031673167314629054A095AAC62ED732D74
:109FD0004A6C11EF19CD196B32F03B71196A21CA25
:109FE00019A953B042CD216929AA324B3A8C6C3061
:109FF0005C504B6F5C1064AF750E750F750F8571FB
:10A00000E777EFB8DF387BF36B9373D37BF473D3CD
:10A0100084549D3483D2ADB6A558ADBBD6FFF7BFEF
:10A02000FFDFF7BFE75FEF9FE73FCE7BF79AF7BB16
:10A03000EF9AF7DBFFFBF7DBE73BF7BBFFFCFFFC2F
:10A04000FFFCE73BD6BBDEFCD6BBDEDCF79EFFDFCA
:10A05000FFFFFFFFFFDFFFFFFFFFFFFFFFFFFFFF30
:10A06000FFFFFFFFFFFFFFFFFFFFFFFFFFFFFFFF00
:10A07000FFFFFFFFFFFFFFFFFFFFFFFFFFFFFFFFF0
:10A08000FFFFFFFFFFFFFFFFFFFFFFFFFFFFFFFFE0
:10A09000FFFFFFFFFFFFFFFFFFFFFFFFFFFFFFFFD0
:10A0A000FFFFFFFFFFFFFFFFFFFFFFFFFFFFFFFFC0
:10A0B000FFFFFFFFFFFFFFFFFFFFEFBF5C7A3B5596
:10A0C0002AB24BF84C1943772A712A5043B75C5A8D
:10A0D0005C9A5C594BB553B54B7453F67D7D751C3A
:10A0E000753C7D7D6C9953B54B744B7353B55BF6E2
:10A0F00064177D5C85BD7D5C857C7D5C74FB753BF8
:10A100007D3C7D3B74FA857C9E1DF7DFFFFFFFFFE2
:10A11000E73DB5D9E71DFFFFFFFFFFFFFFFFFFFF93
:10A12000FFFFFFFFFFFFFFFFF77DF79EF77EFFDFDB
:10A13000FFFFFF9EFF9DEF3CCDB9DE5CD63BCE1A04
:10A14000D67C73B23A0B3188290620E518A429275A
:10A15000316820E5210620E520E53147316739885F
:10A160003147292641C94A09524A6B4D734E62ACA8
:10A170004A2A7B8E6B2D5A6B6B0D7B8E524A934D08
:10A18000CD95BDB6C575C470626B732D730D732DFF
:10A19000836E624A51E88B8F72CC7B0D8B6E7B0D88
:10A1A000938EE657FFBDFFBDFFBDFF9CCCD172CCA7
:10A1B0009B6EB430D4F25A096A8B838F5209628B3A
:10A1C0005A4A628B9C319C31838F9C71734DAD35A3
:10A1D000FFFFFFFFFFFFFFFFFFFFFFFFFFFFFFFF8F
:10A1E000FFFFB59741E929053126316631673167AF
:10A1F00031673167316729253146526A5A8B6B0DB9
:10A20000732D422C19CE196B43B132EF194A21CA72
:10A2100021A95410322B216929AA538E6C906C50BD
:10A220005BCF426E53905C2F750E750E7D2F752F90
:10A23000A613D717C6B673917C147C158435843564
:10A2400094F69D35B598FFFFFFFFEF9FE73FFFFFB7
:10A25000FFFFF79FF7DFE75FC67DD6BDEF7CF7DB3B
:10A26000F7BCF7BBEF9AE75ABDD9E73AFFFBFFFB14
:10A27000DEDACE3AD65ADEDBE71CF77EF7BEF7BE53
:10A28000FFFFFFDFFFFFFFFFFFFFFFFFFFFFFFFFFE
:10A29000FFFFFFFFFFFFFFFFFFFFFFFFFFFFFFFFCE
:10A2A000FFFFFFFFFFFFFFFFFFFFFFFFFFFFFFFFBE
:10A2B000FFFFFFFFFFFFFFFFFFFFFFFFFFFFFFFFAE
:10A2C000FFFFFFFFFFFFFFFFFFFFFFFFFFFFFFFF9E
:10A2D000FFFFFFFFFFFFFFFFFFFFFFFFFFFFFFFF8E
:10A2E000FFFFFFFFFFFFFFFFFFFFFFFFA61D33354F
:10A2F00032B243763B3432B22A912A5043765C5ACA
:10A300005C9A5C7A4BB64B95435453F77D5D751C54
:10A31000751C7D7D6CBA53B54B534B5353B45BD610
:10A320005C167D3C85BD7D5C857C7D5C74FB753BEE
:10A330007D5C7D5C751B7D5B9DFDF7DFFFFFFFFF97
:10A34000E75DB5F9E73DFFFFFFFFFFFFFFFFFFFF01
:10A35000FFFFFFFFFFFFFFDFEF3DFFDFF77EFFDFC8
:10A36000FF9DF75CFF7DF73CCD98DE7CDE5CD65C24
:10A37000DE7C843552F029472105294739CA3189C5
:10A3800031A920E5210620E52105294631874A0A21
:10A3900041E939A85AAC524A526B6B2D7B6E62CCA4
:10A3A0004A096B0D526A41A8522A524A41C89BAED3
:10A3B000CDF6DE37E698EE169B8E6AED7B2D7B2D73
:10A3C0008BAF72CC6A4A93CF830D8B2D93AF830DE5
:10A3D000A430FF5BFFFEFFBDF75CF73BD4F27AAA27
:10A3E00061E76A28934C51A75A296AEC49A85A6B2D
:10A3F000520962AC94119C317B4E8BF083AF947206
:10A40000F79EFFFFFFFFFFFFFFFFFFFFFFFFFFFFC5
:10A41000FFFFF79E7BB1396731463167316731679E
:10A420003167316731673146290541E9526B5A8BF3
:10A430006B0D6B0D3A4D222E32EF2A4D1989218971
:10A4400021A9541029AA218929EA4B4D2A0A538DA2
:10A450005BCF4A6E5AF0534E752F7D2F7D4F85701E
:10A46000B653CED5D6F673D295567BF38C968C9692
:10A4700094B6C679FFFFFFDFFFDFFFFFFFFFEF5F4F
:10A48000EF7FCE9EE73EEF7FF79FFFDFF7BEF7DB64
:10A49000FFFCFFFCDEDAB577BE19E71AFFFBDF1A17
:10A4A000CE19D67AD69BEF5DF7BEF7BEF7BEFFDFBB
:10A4B000FFFFFFFFFFFFFFFFFFFFFFFFFFFFFFFFAC
:10A4C000FFFFFFFFFFFFFFFFFFFFFFFFFFFFFFFF9C
:10A4D000FFFFFFFFFFFFFFFFFFFFFFFFFFFFFFFF8C
:10A4E000FFFFFFFFFFFFFFFFFFFFFFFFFFFFFFFF7C
:10A4F000FFFFFFFFFFFFFFFFFFFFFFFFFFFFFFFF6C
:10A50000FFFFFFFFFFFFFFFFFFFFFFFFFFFFFFFF5B
:10A51000FFFFFFFFFFFFFFFFFFFFFFFFEFBF53F84E
:10A520002A9132D232B132912A712A714BB764BB6F
:10A5300064BB5C7A43754375437453D66D1C6CFBE6
:10A54000751C7D5D6CBA53D54B744B5353B55BF69C
:10A550005C177D3B85BD7D5C857C857C751B7D3B6B
:10A560007D5C7D5C7D1B7D3C95DCF7DFFFFFFFFFA5
:10A57000EF9EA578A557EF7EFFFFFFFFFFFFFFFFD0
:10A58000FFFFFFFFFFFFF75DFFFFE71CF7BEFFFFC9
:10A59000FF9DFFBEF75DEEFCD5D9DE7BCDD9BD7842
:10A5A000BD7894964A8E20E539C9531029473188E1
:10A5B000318820C4290620C4290639A84A4A630DD7
:10A5C000526A41C95AAC4A0A524A6B2D62EC4A0996
:10A5D00039885A6B5A6B49E9732D7B6E626BE55370
:10A5E000FFDDFF9CFF9CFF5BDD1272ED836E834EEF
:10A5F00093AF8B2D7AABA4108B4D9B8EA41082EC65
:10A60000BCF3FFFEE6FAE6DAD6178B8D518530A152
:10A6100020401800180028812061392541465A6BD6
:10A6200049C96ACC8BF094117B2E7B4E9C718C11A6
:10A63000E6FBFFFFFFFFFFFFFFFFFFFFFFFFFFFF47
:10A64000FFFFFFFFBDD852AD31463167316731673B
:10A65000316731673167316729263166526A524A5C
:10A660005A8B6B0D62EC326D228F2A6E2A6D21EBB4
:10A67000324C5C302169298929AA29AA328B74F1CC
:10A68000532E426E5AF05B6E7CD0534C750F752F73
:10A69000AE52FFF7DEF673F29555735084139D3773
:10A6A000ADB7CE9BF7BFF7BFFFFFFFDFFFFFF79F01
:10A6B000DEFBCE79EF7EFFFFFFFFF7DFF7DFE75C22
:10A6C000DF5AFFDCFFFCD6FAADB8CE79E73BE71BDB
:10A6D000E6FBE6FCEF7DFFDFF7BEFFBEFFDFFFFF1F
:10A6E000FFFFFFFFFFFFFFFFFFFFFFFFFFFFFFFF7A
:10A6F000FFFFFFFFFFFFFFFFFFFFFFFFFFFFFFFF6A
:10A70000FFFFFFFFFFFFFFFFFFFFFFFFFFFFFFFF59
:10A71000FFFFFFFFFFFFFFFFFFFFFFFFFFFFFFFF49
:10A72000FFFFFFFFFFFFFFFFFFFFFFFFFFFFFFFF39
:10A73000FFFFFFFFFFFFFFFFD73FDF5FEF9FF7DF69
:10A74000FFFFFFFFFFFFFFFFFFFFFFFFFFFF7D1A80
:10A750002A7032B1329132B23291329153F86CFC9C
:10A7600064BB5C7A4B954B9543544B956CDB64BB57
:10A770006CFB7D5D6CDA53D553944B5353B55BF64C
:10A780005C177D3B85BD7D5C7D7C7D7C7D3B7D1B41
:10A790007D5C7D5C7D1B7D5C8D9CF7DFFFFFFFFF9B
:10A7A000F79EBDF9A5579D17C65BF79EFFFFFFFFFC
:10A7B000FFFFFFFFF7BEE6DBB4519A8A92CCB4519B
:10A7C000ABAFCDB7F73DE6BBBD16DE9BF79EEF3DC9
:10A7D000D65C94B6318831885B30318818A43188D2
:10A7E000294720C4292620E531674209526B62EDD2
:10A7F000528B39C85AAC4A0A4A295AAC5AAB4A2A2F
:10A800004A097B6E6B0D52097B4E836E6A8BDD7439
:10A81000FF9DFF7CFF7CFF9CFE379B8E9BAF9BCFF9
:10A820009BCF9B8E8B2DAC319B8EABF0AC108B0DE8
:10A83000D5D6D637EEFABD7439032000286130A38F
:10A8400038E472AB622838A230A228A239255229F6
:10A8500041A86ACC83AF9411730D6ACCA4D39452EF
:10A86000D659FFFFFFFFFFFFFFFFFFFFFFFFFFFFC7
:10A87000FFFFFFFFF79E7BF2420A314631873167C7
:10A880003167316731673167316629054A09526A94
:10A89000524A5A8B6B0E5AAC2AAE2AAE2A8D2A8D9A
:10A8A00032CE432D2169298929AA29AA3AAB7D11E3
:10A8B0004ACD424D424D5B6D6C2E426B52EC853061
:10A8C0008550BEB3ADB4741195146B307B7194D5C3
:10A8D000AD98A517E75FDF1FE73FEF7FF7BFE75FA3
:10A8E000DE57EEB7F7DFFFFFFFFFF7DFF7BFEF9FA2
:10A8F000D71AF7DBFFFCFFFCD6FACEFAF7BCFFFD58
:10A90000FFDEFFFEFFDFFFDFFFDFFFFFFFFFFFFFD9
:10A91000FFFFFFFFFFFFFFFFFFFFFFFFFFFFFFFF47
:10A92000FFFFFFFFFFFFFFFFFFFFFFFFFFFFFFFF37
:10A93000FFFFFFFFFFFFFFFFFFFFFFFFFFFFFFFF27
:10A94000FFFFFFFFFFFFFFFFFFFFFFFFFFFFFFFF17
:10A95000FFFFFFFFFFFFFFFFFFFFFFFFFFFFFFFF07
:10A96000FFFFFFFFFFFFFFFF8DFF8DDF8DBF95FF17
:10A97000A63FBEDFE77FFFFFFFFFFFFFFFFF95DD85
:10A9800032913270329132D232B232B14BD76CDC6A
:10A9900064BB649A4B954B7543544B956CDB6CDBF5
:10A9A000751C7D7D6CDA53D653944B7353B55BF6AF
:10A9B0005C177D3B85BD7D5C857C7D7C7D3C7D3BE6
:10A9C0007D5C855C7D1B857C857CDF3EFFFFFFFF1A
:10A9D000F7BEC65AE71DF7BEC63AA558B5FAE75DF9
:10A9E000FFFFFFFFF77EBD768925816648E59986E2
:10A9F000B1E781C8DEBBD5D9CDD9FFFFFFFFFFFF8F
:10AA0000EF3E94D621064AAE424C2105292629471D
:10AA1000316720E5292620E5318741E9528B62ED37
:10AA20005A8B39A8526B42094A096B0D6B2D5A6B30
:10AA30005A6A732D6ACC5A09836E838F7ACCEDD60D
:10AA4000FFBDFF7CFF7CFF9CFF5BCCD2A3CFBC7122
:10AA5000AC10A3AF9B6EB430A3AEBC51B430ABEF1F
:10AA6000C533DE58ACF2204028614146518959482F
:10AA70004907CDD8EF1DB514494461C67ACB4A09C0
:10AA800049C86ACC7B6E8BD06AEC628BBD96A4D32E
:10AA9000C5F8FFFFFFFFFFFFFFFFFFFFFFFFFFFF07
:10AAA000FFFFFFFFFFFFBDD8630E398731673167B6
:10AAB0003167316731673167316729253987526BD3
:10AAC000524A524A5AAC6B2E52AC2AAD2ACE32CEE2
:10AAD00032AE2A6D21A9298929AA29AA3AAB7CD0AC
:10AAE000426C320B31CA5BAD5B8D4AAB52CD955295
:10AAF0005B6D749084717C728CB3737184138C75EC
:10AB000094B69495C63AE75FEF7FFFFFFFFFCEBE96
:10AB1000DF1EC67CCEDEE77FFFFFF7DFF7BFEF7EED
:10AB2000B659CF19F7DBFFFCF7DDE79CF7DDFFDD5A
:10AB3000FFFEFFFEFFDEFFDFFFFFFFFFFFFFFFFF68
:10AB4000FFFFFFFFFFFFFFFFFFFFFFFFFFFFFFFF15
:10AB5000FFFFFFFFFFFFFFFFFFFFFFFFFFFFFFFF05
:10AB6000FFFFFFFFFFFFFFFFFFFFFFFFFFFFFFFFF5
:10AB7000FFFFFFFFFFFFFFFFFFFFFFFFFFFFFFFFE5
:10AB8000FFFFFFFFFFFFFFFFFFFFFFFFFFFFFFFFD5
:10AB9000FFFFFFFFFFFFFFFF8DFF8DDF8DDF7D9E3E
:10ABA0007D7E755E7D5D95FECEFFF7DFFFFF8D7CC0
:10ABB0003AD232B13AD23AF232D232D24BD76CFCDC
:10ABC0006CBB6CBB5BD75BB65BB65BB674FB7D3CAA
:10ABD0007D3C7D7D74FB53D653944B7453B55BF62B
:10ABE0005C167D3C8DDE857C859D7D7C7D3C7D3C41
:10ABF0007D5C855C7D1B8D7C8D7CB65DFFFFFFFFE2
:10AC0000FFDFC65BD6BCFFFFFFFFF79EBE1A95189D
:10AC1000A4F5A3F0CDF8734F61676A4A5A299A08E0
:10AC200079666146AC52DE7CDEDDFFFFF7BEFFBF1A
:10AC3000EF5E8454426C7414316831672106292612
:10AC400039A820E5210520E5318742095A8B5AAC05
:10AC50004A4B31674A2A4A094A096B0D6B0D628BD0
:10AC60006AAB6AED730D622A836E93AF934DEE1754
:10AC7000FF9DFEB9EE17F637FF1AF657B410C471F0
:10AC8000C491B3CFA3AEC4F5BC93BC30BC71BC308F
:10AC9000FF5BBD54202030A259C96A4D5989512704
:10ACA00061C9C5B7EF1CEEFC7228B3AD9BCF49E973
:10ACB00049C96ACC732D83B05A6B628BDEBAAD354D
:10ACC000BD97FFFFFFFFFFFFFFFFFFFFFFFFFFFF3E
:10ACD000FFFFFFFFFFFFF79E7BF2526C314631878B
:10ACE00031673167316731673166314629254A2A34
:10ACF000526B524A524A62EC732E4ACC330F32EEF8
:10AD00002AAF32AF2A4D298929AA29EA3ACB7CD029
:10AD10003A2B3A0A31EA6C4E534C4AAB52ED8D5104
:10AD200052ED52EE63706C1274337C5484958C95A2
:10AD300094B69D169D16DEFDE77FF7DFF7BFE71F90
:10AD4000FFFFE75FBE9FBE9FC6BFD73FF7DFB65A84
:10AD5000BE98DF7AEFBCFFFDFFFDF7BDF7DDFFFE1C
:10AD6000F7BEF7BEF7DEFFDFFFDFFFDFFFFFFFFF0E
:10AD7000FFFFFFFFFFFFFFFFFFFFFFFFFFFFFFFFE3
:10AD8000FFFFFFFFFFFFFFFFFFFFFFFFFFFFFFFFD3
:10AD9000FFFFFFFFFFFFFFFFFFFFFFFFFFFFFFFFC3
:10ADA000FFFFFFFFFFFFFFFFFFFFFFFFFFFFFFFFB3
:10ADB000FFFFFFFFFFFFFFFFFFFFFFFFFFFFFFFFA3
:10ADC000FFFFFFFFFFFFFFFF85BE859E7D7E7D5D50
:10ADD0007D7D7D7D7D7D755D753D8DDEBE9E5BF6E9
:10ADE000431343333B123AD23AF33AD253B6753C4B
:10ADF00074DB7D1C6C58745863D763F78D7C8D9D14
:10AE0000857D8DBE7D1B5BF65BD553955BF6641728
:10AE100064377D3C8DDE857D859D7D7C7D3C7D3CE4
:10AE20007D5C855C7D1B8D9C95BDA61DEFBFFFFFE6
:10AE3000FFFFCE9BD69CFFFFFFFFFFFFFFFFA3F0AE
:10AE4000894570E459E9A534EEB7FF7AFF7AEEB789
:10AE5000940F6146596793D192ABC5D8EF7EEF5DF1
:10AE6000DEFD94D6957A420B316731A8210629265A
:10AE700039C820C420E5210631874209526B526B44
:10AE80004A2A314639A841E9522962CC6B0D6AAB96
:10AE9000832D72ED834E72AB8B4DA410A3AEEE5892
:10AEA000FFBDF71AE658EE16FE77FF7CD533C45186
:10AEB000D4B2B3CEB493DDFBC517CCD2DD74DDD6EE
:10AEC000FF9C59E7288159CA61CB514948E7724C28
:10AED000FFDFFFDFFFFFEF1C9269F5949BAE51E9A6
:10AEE00049C862AC6AED838F49C86B0DEF7DBDB771
:10AEF000B556FFFFFFFFFFFFFFFFFFFFFFFFFFFF55
:10AF0000FFFFFFFFFFFFFFFFBDB7630E39C83166CC
:10AF1000316731673167316731663167290539C873
:10AF2000526B526A524A526A6B2D7B4D42CD2AB007
:10AF30002A8F32B032D02A2D2989320A42EC7CB0D5
:10AF4000320A3A0B3A0B7CF0532C4AAC5B2D8D51F4
:10AF500052CD5B4D6BF16C1374137C54847594D596
:10AF6000AD96BE17A575B5B8E79FE75FE73FE73F2A
:10AF7000FFFFFFFFE75FAE1DB65EB67FC6BDA5F85B
:10AF8000DF5AEFBBF7DDEF9DDF3CEF9DFFFEF7DD06
:10AF9000F7BDF7BEF7DEFFFFFFFFFFFFFFFFFFFF7D
:10AFA000FFFFFFFFFFFFFFFFFFFFFFFFFFFFFFFFB1
:10AFB000FFFFFFFFFFFFFFFFFFFFFFFFFFFFFFFFA1
:10AFC000FFFFFFFFFFFFFFFFFFFFFFFFFFFFFFFF91
:10AFD000FFFFFFFFFFFFFFFFFFFFFFFFFFFFFFFF81
:10AFE000FFFFFFFFFFFFFFFFFFFFFFFFFFFFFFFF71
:10AFF000FFFFFFFFFFFFFFFF7D7D7D5D7D5D755DD9
:10B000007D5D7D7D7D5D7D7D7D7D649A32F432D276
:10B010004312433343333AF23AF33AD35BD7855D75
:10B02000853C853C747974786C386C588D9D95BDE1
:10B0300095BD9E1E8D7C74586BF763D66C176C584B
:10B040006C587D5C8DFE857D8DBD7D7C7D3B7D3C22
:10B05000857C855C855C8D9D95BD9DDDE77FFFFFD3
:10B06000FFFFDEFCCE7BFFFFF7BFFFFFFFFF8A8AFB
:10B0700071454146C594FF79D5F5ACD1A490CDD4A6
:10B08000FF38DE5651A78125B1C6928BE77FEF5F6F
:10B09000CE9DBE1C5B0F292641E9318720E5318812
:10B0A00039C818A418A4292631884209526B4A4B82
:10B0B0004A2A3146316739A8628A62AB62CC72CCC7
:10B0C000A3EF7B2D8B8E832D938EBC71B3EFEEB9E6
:10B0D000FFDEFFBDFFDEFF7CFF1AFFBDFED9C4719E
:10B0E000CCB2CCD1BCB4DDFAEE78FF3AFF7CFFFDE8
:10B0F000FF5B61C6492661CB514861477968BAED6B
:10B10000B431E6FBFFFFEEDBDC91FE368B4D5A09D6
:10B1100051C9628B6AEC7B4E39468C31F79ECE1852
:10B12000AD35FFFFFFFFFFFFFFFFFFFFFFFFFFFF4B
:10B13000FFFFFFFFFFFFFFFFF79E7BD1528C3146E1
:10B14000318731673167316731663167292631666A
:10B15000526B526B526B526B5A8B736E732D3AAEAD
:10B160002AB032CF32F03B30322C320A4B4D749041
:10B1700031CA3A0A426B8D51532C4AAB5B4E8D312A
:10B1800052CD638E638F74537C738CF4ADF6BE978F
:10B19000C6B7A5B594D49CF4C65AC65BCE7DEF7FE6
:10B1A000FFDFF79FFFFFDF5E955995788D38AE7909
:10B1B000E79BEFBCEF7DD6FBDF1CF7BDFFDDF7BDE6
:10B1C000EF9DF7BEFFFFFFFEFF5CFEFBFF3CFF3C79
:10B1D000FEDAFFDEFFFFFFFFFFFFFFFFFFFFFFFFC6
:10B1E000FFFFFFFFFFFFFFFFFFFFFFFFFFFFFFFF6F
:10B1F000FFFFFFFFFFFFFFFFFFFFFFFFFFFFFFFF5F
:10B20000FFFFFFFFFFFFFFFFFFFFFFFFFFFFFFFF4E
:10B21000FFFFFFFFFFFFFFFFFFFFFFFFFFFFFFFF3E
:10B22000FFFFFFFFFFFFFFFF7D5D7D5D753D753C0F
:10B23000753D7D7E7D3C649A4B7532B1329132B161
:10B240003AD2431243333B133AD342F35BF78D9D1B
:10B250007D1C855D647964387478ADBAA63E8D9D99
:10B2600095BDA63E9DBD74786BF75BB56C17747881
:10B270007478855C95FE7D7DAE5E95DD751B7D5C8D
:10B28000857D8D9D855C8D9C95BDB65EF7DFFFFF4E
:10B29000FFFFE73DD6DCCE9ABD74C617B59661E9CF
:10B2A00038C4B4F1D65652492105212639C842097D
:10B2B000526BACF2EED7A2EB816661C9A4D5B57929
:10B2C000B5BA9D174A4C292629472947290639C965
:10B2D00039C918A418A429263188420A528B4A4B2E
:10B2E0004A2B3167314631676A8A62CC62AC8B4D3A
:10B2F000C491834E9BCF938E9B8EBC71B3EFDE586F
:10B30000EF1AE6B9DE57D658F77CFF9DFF9CEE5743
:10B31000F698F6D9DDB5F6B9FF9CFFBDFF9DFFBDE0
:10B32000FF5B7228510661476988A1C8DA6BE22A7F
:10B3300089A8EF7DFFFFFF3CFE57EDB47AED5A0977
:10B3400051C9626B6ACC6AEC3105BD96E71CD67AAE
:10B35000ACF4FFFFFFFFFFFFFFFFFFFFFFFFFFFF5B
:10B36000FFFFFFFFFFFFFFFFFFFFB5975B0E39C831
:10B37000316631673167316731663166314629059B
:10B380004A095A8B526B5A6B5A6B62CC7BAF6B0D6E
:10B39000438F4C514BF04BF04B8F324B538D6C4FD6
:10B3A00031AA31EA52EC85304B0C426B63AE8D1101
:10B3B000530D636E634E8D328D739DB3AE55CEF8D3
:10B3C000D6F7C696A55494D49CF4A515D69CEF9FA9
:10B3D000E75FE77FFFFFD6FC95179558A5F9C6FAFA
:10B3E000DF1CD6DCCEBCDF1CE77DEF9DF7BDEF9DFB
:10B3F000EF9DF7DEFFBDFEBAFE59FE7AFE9AF4F429
:10B40000FED9FFFFFFFFFFFFFFFFFFFFFFFFFFFF73
:10B41000FFFFFFFFFFFFFFFFFFFFFFFFFFFFFFFF3C
:10B42000FFFFFFFFFFFFFFFFFFFFFFFFFFFFFFFF2C
:10B43000FFFFFFFFFFFFFFFFFFFFFFFFFFFFFFFF1C
:10B44000FFFFFFFFFFFFFFFFFFFFFFFFFFFFFFFF0C
:10B45000FFFFFFFFFFFFFFFF753D753C753D6CFC77
:10B460006CBA5C17435432B132913AD23AD23AD2E2
:10B470003AF23AF23AF243133AF34B345BD78D9DEA
:10B480007D5D7D7D647964589539BE1AEF9FA63E37
:10B490008D7DA61E9DBD6C38539543134B5453951B
:10B4A0005BF67CDA8D9D7D3CB69EAE7E6CFB7D3C72
:10B4B000857D8D9D855C8D7C95DDEF9FFFFFFFFF7A
:10B4C000FFFFF79EF7BFC5F69BEC5AAB3A0A39CAA5
:10B4D0006229838D294618C420E53187526B526A50
:10B4E0004A4A39C983AEE69759E97967A9C769C855
:10B4F0004AAD849663702106316731882106420A7D
:10B5000039E920C518A4292631884A0A5AAC526B59
:10B510004A4B3987314631467ACB6ACC6ACC9BAEEE
:10B52000DD3393AFA3F08B4D8B0B8B2C728A838D05
:10B53000940FACD2D5F6CD94D594FF5BFF9DFFBDA3
:10B54000FFBDFFBDFF9CFF9CFF9DFF9CFF9CFFBDBF
:10B55000FFBDB4F38187A2097188A9E9E28BD20A01
:10B5600092EDFFFFFFFFFF1BFEB8D5127AED6209D7
:10B5700051E9626B6ACC5A2A4167DEDBE6FBDEDB0F
:10B58000ACF4FFFFFFFFFFFFFFFFFFFFFFFFFFFF29
:10B59000FFFFFFFFFFFFFFFFFFFFF77E7BB14A6B5F
:10B5A0003166316731673167316631663166292529
:10B5B00039875A8B526B526B5A8B5A8B6B2D83AFD8
:10B5C0006B4D54506CF14BAF53EF434D5BCE63EF7B
:10B5D00031A931CA638E7CD04B0B424B6BEF84F1A7
:10B5E0005B2D5B2D6BD09D938D3295938D52B65410
:10B5F000DF56E757CED6BE16A535A536B598CE3A56
:10B60000D69CD6BCBE1A8C558CD695B99D98B5DA09
:10B61000C63BD6BCDF1DDF3CE77CE77DE77DEF9DC9
:10B62000EFBEFF7CFE79FE39FE9AFE99F492FDF69C
:10B63000FFFFFFFFFFFFFFFFFFFFFFFFFFFFFFFF1A
:10B64000FFFFFFFFFFFFFFFFFFFFFFFFFFFFFFFF0A
:10B65000FFFFFFFFFFFFFFFFFFFFFFFFFFFFFFFFFA
:10B66000FFFFFFFFFFFFFFFFFFFFFFFFFFFFFFFFEA
:10B67000FFFFFFFFFFFFFFFFFFFFFFFFFFFFFFFFDA
:10B68000FFFFFFFFFFFFFFFF753C6CBB5C384B9576
:10B690003AF232B132B132D23AD23AF23AF242F21C
:10B6A00042F243134B544B344B3453555BB77D5DDF
:10B6B0007D7E859E64997498A599B5FAF7DFEF9F12
:10B6C0008D7D7D1C6C9A4B343AD22A703AF2433409
:10B6D000435464387D3C7D3CAE5EB69E751C751C43
:10B6E000859D8D9D855C855C8D9DEF9FFFFFFFFF98
:10B6F000FFFFFFFFFFFFDEDB83AEBDF88C9563101D
:10B7000062CC20E518C420E518C431874A6A4A4A49
:10B71000526A528B39C98C30CD948166BA2881C85F
:10B720003A0B4A8D5B30318820E5292620E5422BF3
:10B7300039E918A418A429063188420A5ACC5AAB10
:10B740004A4B39A8292531468B0C72EC72CCB430A7
:10B75000D512830B5A2830E31861102010201000F6
:10B760001000100031037B4CE678FF7CFF9CFF9CAF
:10B77000FF9CFF9CFF9CFF9DFF9CFFBDFFBDFFBD8D
:10B78000FFFEE73CB28CC1E97967C22AEA8CB9A80E
:10B79000AC72FFFFFF7DF71BFED9BC918B2D59C802
:10B7A0005A2A624A62AC4126628BE6FCD69AE71CB2
:10B7B000ACF4FFFFFFFFFFFFFFFFFFFFFFFFFFFFF7
:10B7C000FFFFFFFFFFFFFFFFFFFFFFFFAD765ACD3B
:10B7D00039A731673167316731663166316629468D
:10B7E0002926524A5A8B5A8B5A8B5A8B5A8B7B8EEC
:10B7F0007B8F6BAD646F4B8F53CE4B8D6C8F5B6DBE
:10B8000031CA31CA6C0F746F4AEB422B742F84D04B
:10B810005B4D5ACD7C50953373D08D7185308551F9
:10B82000CEF5E757D717CED6BE16A556B5B7C5F98C
:10B83000CE1AB57894D69D379D78957894D7B5DB98
:10B84000DEDDE75DD6FCD6FCE77CEF9DEF9DEFBD2E
:10B85000F71AFDD7FE18FE59FE38F451F4F3F7DE5F
:10B86000F79EF7BEFFDEFFFFFFFFFFFFFFFFFFFFBB
:10B87000FFFFFFFFFFFFFFFFFFFFFFFFFFFFFFFFD8
:10B88000FFFFFFFFFFFFFFFFFFFFFFFFFFFFFFFFC8
:10B89000FFFFFFFFFFFFFFFFFFFFFFFFFFFFFFFFB8
:10B8A000FFFFFFFFFFFFFFFFFFFFFFFFFFFFFFFFA8
:10B8B000FFFFFFFFFFFFFFFF53D6431332B132916B
:10B8C00032B13AD23AD23AF23AD242F34B134B5413
:10B8D00053955BF76438539653345B9653B67D3D6E
:10B8E0007D7E85BF6CBA8CF9A599BE1AF7BFFFFFA4
:10B8F000B67E4BD84BB742F442D232913B134B75D4
:10B9000053B574DA95FE8D9DA63EBEBF7D5D7D3C30
:10B91000859D859D857D7D3C855DC6BEFFFFFFFFC6
:10B92000FFFFFFFFFFFFFFFFFFFFFFFF9D3763717B
:10B9300041E918C418E418E418C439C8526B4A4ADB
:10B94000524B524B526B41E9B5328B6D618849675E
:10B95000316820C54A6C632F2947294720C5424BCF
:10B96000420A18A418A42106318742095ACC5ACC9D
:10B97000526B41E929053166930C7AEC830D8B2CCF
:10B9800020C200000800186228E53947390638E56A
:10B9900030E4522830E338C2E698FFDEFF9CFFBD5A
:10B9A000FFBCFF9CFF9CFFBDFFBDFFBDFFBDFFBDFA
:10B9B000FFFEE73C9A0AE28CDB50EB50F2ED91C8B7
:10B9C000DEFCFFFFF71BF75CF657BC718AEC51A851
:10B9D000624B626B5A2A30A4AD35BD96DE9AEF7D7C
:10B9E000AD15FFFFFFFFFFFFFFFFFFFFFFFFFFFFA3
:10B9F000FFFFFFFFFFFFFFFFFFFFFFFFEF5D6B900C
:10BA0000422A3146316731673166316631663146E7
:10BA1000290541E95A8B5A8B5A8B5A8B5A8B62EC07
:10BA20007B6F838F5B2C4BAE53AE538D5BEE42AB83
:10BA300031EA31CA7C9063EE4AAB422B7C7084D0F1
:10BA40005B4D52AD8CB18CF2528D5B4D85108531C2
:10BA5000AE34E757DF37BE76BE96B636BE18C61A86
:10BA6000D67BBDF9A5789D1694F69598A517D6DCDA
:10BA7000EF7EDF3DDF3CE77DEFBDEFBDF7BEF7DEDC
:10BA8000FF5CF6DAF6DAF69AF514F4F3F77DEF9E3A
:10BA9000EF5DEF7EF79EFFDFFFFFFFFFFFFFFFFF82
:10BAA000FFFFFFFFFFFFFFFFFFFFFFFFFFFFFFFFA6
:10BAB000FFFFFFFFFFFFFFFFFFFFFFFFFFFFFFFF96
:10BAC000FFFFFFFFFFFFFFFFFFFFFFFFFFFFFFFF86
:10BAD000FFFFFFFFFFFFFFFFFFFFFFFFFFFFFFFF76
:10BAE000FFFFFFFFFFFFFFFF329132B132B132D1D2
:10BAF0003AD23AF23AF242F2431353545BB65BF74E
:10BB00006418641864185BB6531453555BD77D5D95
:10BB1000857E8DDF9DDCB5F9B5D9BE1AF7BFFFFF75
:10BB2000F7DF95BD4BD84B554B133AD243544BB529
:10BB300053D674DA95FE8DBDA63EB69F7D5D7D3CE5
:10BB4000859D857D857D7D5C7D1C9E1EFFFFFFFFA5
:10BB5000FFFFFFFFFFFFFFFFFFFFEF7D7C744ACE7B
:10BB6000210520E518C418C418E44209526A524B52
:10BB7000524B524B526B4A2A732C9CF46BD2424C60
:10BB80003A0B39EA318863716391422B20C5422B0D
:10BB90004A2B20C420C420E5316741E95ACC62CC4D
:10BBA000526B4A0A29053946930C9B8E31040800D2
:10BBB00000003106494851EC524E51CB51485108D2
:10BBC0004106D67AD6189BADF6B8FFDDFFBDFFBDA6
:10BBD000FFBDFFBDFFBDFFBDFFBDFFBDFFBDFFDD65
:10BBE000FFDDFFDE92CDFBB1FC34FBB1B1EA7A8B15
:10BBF000F77DFFBDFF5BFF9DE5D6BC717229620931
:10BC00006A8B5A2A5209B555EF5D7B6EE71CEF3DF2
:10BC1000B535FFFFFFFFFFFFFFFFFFFFFFFFFFFF48
:10BC2000FFFFFFFFFFFFFFFFFFFFFFFFFFFFA51568
:10BC30004A6C31873167316631663166316631462B
:10BC4000290539875A8B5A8B5A8B5A8B5A8B5A8BA8
:10BC5000730DD659AD3552EB538D4B6C538C53ADA0
:10BC60003A4B31EA84F05BAD4A8C424B84B17CB0F4
:10BC70005B0D5ACD95326BAF4A6C74108D118531C6
:10BC80009DB2D716E757CED6D6F7DF58DF39D6DACA
:10BC9000CE7BBE19ADB8A5379D37A5F9C63AE73DAD
:10BCA000E77DDF5DDF5DEF9DEF9DEFBDF7BDF7DE6B
:10BCB000FFFEF7FEF7FEEFBDEF9DF7BDEF9EEF7DB8
:10BCC000EF7DF79EF7BEFFDFFFFFFFFFFFFFFFFFE8
:10BCD000FFFFFFFFFFFFFFFFFFFFFFFFFFFFFFFF74
:10BCE000FFFFFFFFFFFFFFFFFFFFFFFFFFFFFFFF64
:10BCF000FFFFFFFFFFFFFFFFFFFFFFFFFFFFFFFF54
:10BD0000FFFFFFFFFFFFFFFFFFFFFFFFFFFFFFFF43
:10BD1000FFFFFFFFFFFFFFFF32B132D13AD13AD12F
:10BD20003AD13AF24B34539553B65BD75BF75BF796
:10BD300053D753D75BF753B653344AD35376855D05
:10BD4000647A5C7A8D3ABE19B5F9B61AEF9FFFFF97
:10BD5000F7BFF7BF74FB4B75535442F24B7453D685
:10BD600053D66CBA95FF95DEB67EB69F7D5D7D3C61
:10BD70007D7D7D5D7D5D7D7D6C796C58E79FFFFFEE
:10BD8000FFFFFFFFFFFFFFFFBDF84A6B4ACE422BCC
:10BD900020E518E418C418C421054A4A524A524BF7
:10BDA000524B524B524B524B526B7391B5799D177C
:10BDB0006BD252EF3A0B635073F352CE210639EA3D
:10BDC0004A8C1063108420E5294739C85AAC5AAC14
:10BDD0005A8B4A4B2926396651A720A200000841F8
:10BDE00049CB59CB41284149416A490740C6830E96
:10BDF000DE9AEF7DFFFFFFDDFF9DFFBDFFBDFFBDB5
:10BE0000FFBDFFBDFFBDFFBDFFBDFFDDFFDDFFDDF2
:10BE1000FFBDFFFFACB391A9CB2FBB2E936EBD54DA
:10BE2000F6FAFF5BFF1BFF3BD5749B6D61E86A4A26
:10BE30005A09730DDEDBFFFFBD96628BFFBEEF3C40
:10BE4000B555FFFFFFFFFFFFFFFFFFFFFFFFFFFFF6
:10BE5000FFFFFFFFFFFFFFDFFFFFFFFFFFFFE6FC2E
:10BE600062ED39E931463167316631663166314616
:10BE700029253146526B5A8B5A8B5AAB62AC62AC55
:10BE80005A6AAD35DEBA93F0A4B28C70849163ED3A
:10BE9000536D422B8531534C426C4A6C8D11746F3B
:10BEA0005B0D4A4C84F184D18D327C717C717C9025
:10BEB00084F1C6B5DF57D717DF58EF99EF9AEF7BBC
:10BEC000E73CC67AADD9A578ADD8CEBBD6BBE77D69
:10BED000E77DDF3DE77DE79DEFBDEFBDF7BDF7BE39
:10BEE000F7DEF7BDF7BDFFFEFFFEFFDEFFDEFFDE84
:10BEF000F7BEF7BEF79EFFDEFFFFFFFFFFFFFFFF6E
:10BF0000FFFFFFFFFFFFFFFFFFFFFFFFFFFFFFFF41
:10BF1000FFFFFFFFFFFFFFFFFFFFFFFFFFFFFFFF31
:10BF2000FFFFFFFFFFFFFFFFFFFFFFFFFFFFFFFF21
:10BF3000FFFFFFFFFFFFFFFFFFFFFFFFFFFFFFFF11
:10BF4000FFFFFFFFFFFFFFFF32D13AD13AD13AD2D4
:10BF50003AF34B955BF75C185BF753D753D753D63F
:10BF60004BB64BD753D74354327121AE29EF6439C6
:10BF70004377437732F453B58D18BE3AF7DFFFFFAE
:10BF8000EF9FFFFFC6BE539653954B5353B55BF7D8
:10BF90005BF66CBA95FE95FED73FB69E7D5D74FC50
:10BFA000753C753C753C7D7D6C784B338CD7E71DBB
:10BFB000FFFFFFFFFFFFF7DF52AC39EA4ACE4A8DA1
:10BFC00020E418C418C418C42966526B524B524B53
:10BFD000524B524B526B524A528C8CD784546B4EFC
:10BFE0004A6B424C52EE74346B91422B290631A8B5
:10BFF00052AD6A6A49A7188429263188528B5A8B18
:10C00000524A4A4B39873105186100003986522B54
:10C0100049AB412839074107496951277127D4D4D1
:10C02000D619EF3DFFFFFFBDFFDDFFDDFFDDFFDDCB
:10C03000FFDDFFBDFFDDFFDDFFDDFFDDFFDDFFDD40
:10C04000FFDDFFFEEF3BA471D617EF5BFFFEFFBDE8
:10C05000FEFAFE99FE78EDB5D4F39B6E6A096A4A42
:10C060009C72F7BEFFFFF79E9431730DFFFFE6FC55
:10C07000B556FFFFFFFFFFFFFFFFFFFFFFFFFFFFC3
:10C08000FFFFFFFFFFFFFFDFFFFFFFFFFFDFFFFF00
:10C090008C73422A316731673167316731673146C6
:10C0A00029263126524A62AC62AC62AC62CC62CCC8
:10C0B00062AC6AEE83B0732E83B09C31B535BD950A
:10C0C0005B8D4AAC8D714AEB4A6C4A8C957263AEBB
:10C0D000426B63CEA63384D15B2E528D7C917C5013
:10C0E0006B4F9512D737DF37D717EF99EFBBEF9C20
:10C0F000F7BCEF9CCEBAC67AD6FBD71CDEFCEF9E0F
:10C10000EF7EDF5DDF5DEFBDF7DDF7DDF7DEFFFE24
:10C11000FFDDFFFDFFFEFFFEFFFEFFFEFFFEFFFF58
:10C12000FFFEFFFEFFDEFFDEFFFFFFFFFFFFFFFF63
:10C13000FFFFFFFFFFFFFFFFFFFFFFFFFFFFFFFF0F
:10C14000FFFFFFFFFFFFFFFFFFFFFFFFFFFFFFFFFF
:10C15000FFFFFFFFFFFFFFFFFFFFFFFFFFFFFFFFEF
:10C16000FFFFFFFFFFFFFFFFFFFFFFFFFFFFFFFFDF
:10C17000FFFFFFFFFFFFFFFF3AD13B134B754B95CE
:10C180004BB653B65BD75BF753D653D653D753D77B
:10C190004BB63B142A7119AE196D196C116D32B47E
:10C1A0004BB743973B142AB22AB34B75C69DFFFF8A
:10C1B000F7BFFFFFF7DF749853954B534B9553D65A
:10C1C0004BB564798DBEBEBFEF9F9E1E6D1C6CBBD0
:10C1D0006CDB6CDB751C7D7E74DB4B545B939CD6F7
:10C1E000AD78DF1DF7BE73B039EA422B63B54A6DF7
:10C1F00018C418C418C418C439A8526B524B524BF7
:10C20000524B524B526B4A2A6B6F5B3031A85B0E1C
:10C210008C73BDF994D57C7552CE39EA20E5522A4B
:10C2200052CEC470FE16522918C531474A2A526BA5
:10C230004A2A4A0A31671041186110209CD46ACDFD
:10C2400030A6390740E5512651287968D24BE24B98
:10C250007968DF1CFFFFFFDDFFDDFFDDFFDDFFDDB8
:10C26000FFDDFFDDFFDDFFDDFFDDFFDDFFDDFFDDEE
:10C27000FFDDFFDDFFDDFFFFFFFEFF7CFEDAFE7866
:10C28000FE58FE37FE37E513F658BCD369A8836E17
:10C29000FFFFFFFFFFFFE71C730D9431FFFFDE9AE6
:10C2A000BD96FFFFFFFFFFFFFFFFFFFFFFFFFFFF49
:10C2B000FFFFFFFFFFFFFFDFFFFFFFFFFFDFFFFFCE
:10C2C000B5D9526C39C831663187396739673967F2
:10C2D00031473147522A62CC62AD62CD6ACD6ACD18
:10C2E0006AED6ACD72EE732E628C49CA5A6C9CB3A9
:10C2F0004AAC530D7D30426B4A8C4AAC95926C4EE1
:10C3000084F084D095724A8C52CD5AED84D27C5000
:10C310006B4F7C519D93C696CF17E799F7DCF7BC1E
:10C32000F7BCF7DCF7DDF7BDE79DD71CDF1CEF9E00
:10C33000F7BEE75DE75DF7DDFFDDF7BDFFDEFFFD83
:10C34000FFDDFFFEFFFEFFFEFFFEFFFEFFFEFFFE26
:10C35000F7DEFFDEFFFFFFFFFFFFFFFFFFFFFFFF37
:10C36000FFFFFFFFFFFFFFFFFFFFFFFFFFFFFFFFDD
:10C37000FFFFFFFFFFFFFFFFFFFFFFFFFFFFFFFFCD
:10C38000FFFFFFFFFFFFFFFFFFFFFFFFFFFFFFFFBD
:10C39000FFFFFFFFFFFFFFFFFFFFFFFFFFFFFFFFAD
:10C3A000FFFFFFFFFFFFFFFF4B754BB653D74BB6A9
:10C3B0004B9643553B3543964BB753D74BB63B143F
:10C3C0002210116D19CE2A5121EF198D19AE22526A
:10C3D00043774BB832F432D32A7119F033358D7C60
:10C3E000D73FFFFFFFFFA59A4B75433343544B954F
:10C3F000437553F7A63EF7DFEFBF7D3C4BF953D8AB
:10C4000053F953F95C3A6CDC6CBA53B64B5394B5A0
:10C410008C7584555AEE420A420B5B3253104A8D9A
:10C4200018A418E518C418C441E9526B524B524B7A
:10C43000524B524B526B4A2A6B708473D69BF7BF98
:10C44000DF1DCE7A84747C7539C939C92906AC30B0
:10C450005B0E8B4DDD128B2C18A4290639C8526B4C
:10C460004A2A39C8314720A3186118419CF562CD8A
:10C47000286440E5918791A861268988DA4BE24BD0
:10C4800081E9E73DFFFFFFDDFFDDFFDDFFDDFFDDD4
:10C49000FFDDFFDDFFDDFFDDFFDDFFDEFFDEFFDEB9
:10C4A000FFDDFFDDFFBDFF9CFF7CFEDAFE78FE793D
:10C4B000FE78FE99FE78FE78FFBEAC9261A79C31B3
:10C4C000FFFFFFFFFFFF9C734167CE38FFFFD67A67
:10C4D000C618FFFFFFFFFFFFFFFFFFFFFFFFFFFF8C
:10C4E000FFFFFFFFFFFFFFFFFFDFFFFFFFDFF7BFE4
:10C4F000BE5C62EE41E93987398839883988396804
:10C5000039673947520A6ACD6ACD6ACD6AED6AED5C
:10C510006AED730E6ACD838FACF3BD54AD335BAE61
:10C5200039EA63AE6C4E39EB426C740F95D16C4FA7
:10C530005B0E634F9D73632F5AED630E84F27C9004
:10C540007C528D1384728CD29D14C657EF7BF7BC3E
:10C55000F7DCFFFDFFFDFFFDEFBDDEDBDEFCEF7D69
:10C56000F7DEE75DE73CF7DDFFDEF7DDFFDDFFFD32
:10C57000FFDDFFFEFFFEFFFEFFFEFFFEFFFEFFDE14
:10C58000F7BEFFDEFFDEFFFFFFFFFFFFFFFFFFFF46
:10C59000FFFFFFFFFFFFFFFFFFFFFFFFFFFFFFFFAB
:10C5A000FFFFFFFFFFFFFFFFFFFFFFFFFFFFFFFF9B
:10C5B000FFFFFFFFFFFFFFFFFFFFFFFFFFFFFFFF8B
:10C5C000FFFFFFFFFFFFFFFFFFFFFFFFFFFFFFFF7B
:10C5D000FFFFFFFFFFFFFFFF4BB64B954B7543750A
:10C5E0005BF684F764365BF553D632D319EF118EC0
:10C5F00019CF22312A72223119F0198E198E1A128E
:10C600002A933B563B1432922210223033153B576B
:10C610005C39A63EE77FC65B745632B23B13437566
:10C620004B556438DF7FFFFFDF5F649A43984357C1
:10C630004378435843584BB9543953D7541894F757
:10C6400094D65B0F4A6C4A6C424C296831A9424B24
:10C6500018A318E418C420E54209524B524B524B20
:10C66000524B524B526B4A2A6370DF3DFFFFEF7E05
:10C67000D6BBB5B87C756BB1292731A941A8CD13BC
:10C6800052EE936DF5D4ABEF18C520C43167524B11
:10C690004A2A41C93988624A828A20218BF1943220
:10C6A0003042A1A8DA0AD20AA20ACA6CE26CDA0AFB
:10C6B000820AF7BEFFFEFFDDFFDEFFDDFFDDFFDEEE
:10C6C000FFDEFFDEFFDEFFDEFFDEFFDEFFDEFFDE82
:10C6D000FFDDFFDDFFBDFFBDFF9DFF7CFF3BFF3B9F
:10C6E000FF3BFF3BFF5BFF3BFFFEB4D361E89C5188
:10C6F000FFDFEF7EAD574188732EEF7DFFFFCE3910
:10C70000DEBBFFFFFFFFFFFFFFFFFFFFFFFFFFFF9E
:10C71000FFFFFFFFFFDFFFFFFFFFFFFFFFDFEF7EFA
:10C72000B63C8C9662AC398841A841A841A94188A1
:10C7300041684168520A6ACD6ACD6AED6AED6AEDD8
:10C74000730E62AC838FEED8F6F8DE36D5F46B6DDF
:10C7500031CA5BED532C5B6E84F18D5174CF39EA95
:10C760004A6C73F095535ACE62EE73D0955484910F
:10C7700073D08D12845294F29494ACF6C599DEFB7A
:10C78000EF7CEF5CF79DF7DDF7BDDEFCE73CEF9D4E
:10C79000F7DEEF9DEF7DF79DFFFEF7BDF7BCFFFDD8
:10C7A000F7DDFFFDFFFEFFFEFFFEFFFEFFFEF7DEF3
:10C7B000F79EFFDEFFDEFFFFFFFFFFFFFFFFFFFF34
:10C7C000FFFFFFFFFFFFFFFFFFFFFFFFFFFFFFFF79
:10C7D000FFFFFFFFFFFFFFFFFFFFFFFFFFFFFFFF69
:10C7E000FFFFFFFFFFFFFFFFFFFFFFFFFFFFFFFF59
:10C7F000FFFFFFFFFFFFFFFFFFFFFFFFFFFFFFFF49
:10C80000FFFFFFFFFFFFFFFF53F74BB64B953B3595
:10C81000ADF9FFFEF7BDF7BCC6B7220F22313B15BD
:10C820003B362AD422311A1019F021CF19AE2A73BF
:10C830002A9332B42A932A712A712A723B364BB852
:10C8400043974BF974FB8519A5785BB43AF353957C
:10C850004B759D9BFFFFFFFFC6DF4BF94398437766
:10C8600043984BD9543A5C7B5439437664BBF7DF29
:10C8700094B4422B420B52CE52AD20E4426C39C9E3
:10C8800018A318E518C421054A2A4A4A524B524BAC
:10C89000524B524B526B4A2A6350D6DCFFFFEF9E3D
:10C8A000D6DC94F67C75424B3168318849E9E5D590
:10C8B000737072ECFE15D4D141A818A42926420A3F
:10C8C0004A0A41E93988626BFD96D451A3B0D69BE0
:10C8D0005147C1A8C9EAEB10FB71F350F370D22B9A
:10C8E0008B2EFFFFFFBDFFBDFFBDFFDDFFDDFFDEC8
:10C8F000FFDEFFDEFFDEFFDEFFDEFFBDFFFFFFFE30
:10C90000FFDEFFDDFFBDFFBDFF9DFF9DFF7CFF7CC8
:10C91000FF7CFF7CFF9DFF9CFFFFA4716A29838F32
:10C92000B5B99CF762AD522AA4D4FFFFFFFFD67AB7
:10C93000F77EFFFFFFFFFFFFFFFFFFFFFFFFFFFF90
:10C94000FFFFFFFFFFFFFFFFFFFFFFFFFFDFE75ED0
:10C95000B63D84D98C125A4B418949C949C941898C
:10C960004188418849E962AC6ACD6ACD6ACD6AEDF9
:10C970005A6C83AEFF7AD636628BA4918BEF62AB92
:10C9800031C974AF8D51746F426B5B6D640D422A77
:10C99000424B740F7C90632E8CD28CD38CD3841139
:10C9A0007C318D3484529D33ACD5BDB8D69ADF3CF2
:10C9B000D67ACE7AD6BBD6BBE75CDF1CE71CF79DE8
:10C9C000F7BEF79DEF5DE71CE75CF7DDF7DDFFFEE7
:10C9D000F7DDFFFDFFFEFFFEFFDEFFFEFFDEEF7E69
:10C9E000F7BEFFDEFFDEFFFEFFFFFFFFFFFFFFFFE3
:10C9F000FFFFFFFFFFFFFFFFFFFFFFFFFFFFFFFF47
:10CA0000FFFFFFFFFFFFFFFFFFFFFFFFFFFFFFFF36
:10CA1000FFFFFFFFFFFFFFFFFFFFFFFFFFFFFFFF26
:10CA2000FFFFFFFFFFFFFFFFFFFFFFFFFFFFFFFF16
:10CA3000FFFFFFFFFFFFFFFF4B964BB63B357477C1
:10CA4000FFFDFFDDEF9D9F3D967A4BB843B84377DE
:10CA50003B36331533152A932251225121F02A7285
:10CA600032D432D42A92223022302A923B5643B812
:10CA7000437743974BB73B345BB48CD74B753B1430
:10CA80004B75B61BFFFFD73F8DBE541943974BB86C
:10CA9000543A5C5A543A543A4BD83B355C7BB63CDA
:10CAA0005ACD420A8C947C13212629463A2B298898
:10CAB00018A418E418C429464A2A4A4A524B524B31
:10CAC000524B524B526B4A2A5B0ED6DCFFFFF7BE2D
:10CAD000CE7A847573F339A839A931473167F6D90D
:10CAE0008C32730DFDF4ED536AED210618A339C89D
:10CAF0004A0A41E949C93988C4D3FEB9F5B6EF3DC0
:10CB00007B8F7084FAF0FB72F371FB50EB0F7106B0
:10CB1000ACF4FFFFFF7CFF9DFFBDFFBDFFBDFFDD50
:10CB2000FFDEFFDEFFDEFFFEFFBDFF1AEF1BFFFF94
:10CB3000FFDEFFDDFFDDFFDDFFBDFFBDFFBDFFBD94
:10CB4000FFBDFFBDFFBDFFBDFFFE93CF6A4A8BD087
:10CB500083F2730E62AD8BF0E6FCFFFFFFFFEF5D2B
:10CB6000FFFFFFFFFFFFFFFFFFFFFFFFFFFFFFFFD5
:10CB7000FFFFFFFFFFFFFFFFFFFFFFFFFFDFE75E9E
:10CB8000ADDB6BB46AACA4316AAD4189418941889F
:10CB90004188398841A85A6B62CC62CC62AC524B56
:10CBA0008BAEFF79D615628B5A8B8C10C574424AB6
:10CBB0006C4E85704ACB2989298963EE5B8C422BA8
:10CBC00039EA744F9DF38D126BAF73B094F38C728E
:10CBD00094D295158C73AD95BDD8D6BAD6BAD6FB7E
:10CBE000CE7AD69ADEDBDEBBE75CDF1CE75CEF9D2E
:10CBF000F7BEF79EEF5DD69AD6BBEF9CF7BCEF7CF5
:10CC0000EF5CEF7DEF7DEF5DEF5DEF7DE75DEF5D6D
:10CC1000EFBEF7DEF7DEFFDEFFFFFFFFFFFFFFFFE8
:10CC2000FFFFFFFFFFFFFFFFFFFFFFFFFFFFFFFF14
:10CC3000FFFFFFFFFFFFFFFFFFFFFFFFFFFFFFFF04
:10CC4000FFFFFFFFFFFFFFFFFFFFFFFFFFFFFFFFF4
:10CC5000FFFFFFFFFFFFFFFFFFFFFFFFFFFFFFFFE4
:10CC6000FFFFFFFFFFFFFFFF43752A9242B1DF1B6B
:10CC7000C77E9F1D6EBD6EDD7519437843B7439720
:10CC80003B563B5633362AD42AD42AB322522A7230
:10CC90002A922A512A512A302A512A9232F43315E3
:10CCA0002AB42AB33B1532D219CE3AB195187497EB
:10CCB0005BF7ADFBFFFFD73F6CFC543943B84377BC
:10CCC00043784BB94BD9541A4BF943754C3A5352EC
:10CCD00039C99D36FFFFD6BB31A82105428D31C928
:10CCE000188318E418C431674A2A4A4A524B524BF7
:10CCF000524B524B526B524A52CDD6DBFFFFFFDFF5
:10CD0000AD9874345AEE39A939C931672927DE57ED
:10CD1000BDB662EDF5D4FDD59BF13A0C104231461B
:10CD20004A2A41C95A4B31477B6EFF1AFE99FEBA17
:10CD3000F7BE6AAB99AAE2D0D2CEBB0EA36EACD23C
:10CD4000EEFAFF7CFF7CFF7CFF9DFF9DFFBDFFDDBA
:10CD5000FFDDFFDEFFDEFFFEFF9CFF1AFF9CFFFEF4
:10CD6000FFDEFFDEFFDEFFDEFFDEFFDDFFDDFFDDDE
:10CD7000FFDDFFDDFFDDFFDDFFFE832D6A4AA492AC
:10CD80009CD57BF29CB3D69AFFFFFFFFFFFFFFFF0E
:10CD9000FFFFFFFFFFFFFFFFFFFFFFFFFFFFFFFFA3
:10CDA000FFFFFFFFFFFFFFFFFFFFFFDFF7BEE77F94
:10CDB00084345A2A6A4A5A2B9BCF938E5A2A314777
:10CDC0003127312731474A0A4A2A4A0962ABACF275
:10CDD000FFBAD63662AB62AC6B0D6B2DB533842FC8
:10CDE0005C0C74AF29893A0A31CA642E530C422B69
:10CDF0006C0FA6347C9152AD5ACD73F18CD394F262
:10CE00009CD3AD57AD77BE37CE3ACE59C639D6FA98
:10CE1000CE59D67ADEDBDF1CEF7DE73CE75CEF7DA9
:10CE2000F7BEF7BDE73CDF1BDEFBDEFBDEDBDEDB58
:10CE3000DEFBE75DE75DE73DE75DE77EE75DE75D3C
:10CE4000EFBEF7BEF7BEF7DFFFFFFFFFFFFFFFFFFD
:10CE5000FFFFFFFFFFFFFFFFFFFFFFFFFFFFFFFFE2
:10CE6000FFFFFFFFFFFFFFFFFFFFFFFFFFFFFFFFD2
:10CE7000FFFFFFFFFFFFFFFFFFFFFFFFFFFFFFFFC2
:10CE8000FFFFFFFFFFFFFFFFFFFFFFFFFFFFFFFFB2
:10CE9000FFFFFFFFFFFFFFFF11CE1A3075D976FEAF
:10CEA000569D569D66DDAEB94BB743B84BD843B8D7
:10CEB00043974397439733362AF522732232221140
:10CEC00022102A512A72223022302210225122931B
:10CED000227222721A5211CF19CE11AE4312BE3BEA
:10CEE000BE3ABE3AB69F859D6CDB543943773B56BC
:10CEF00043984BD94BFA5CBC547A437653B7526C87
:10CF0000428E759FBEBEFFFF843210A45310296766
:10CF100018A318C418C431874A4A4A4A524B524B84
:10CF2000524B524B526B524A52ACCEBBFFFFF79E54
:10CF30008CB663704A4A31A839E939A839E9732DAA
:10CF4000F71A6B90E553FE77C4924AF018A418A420
:10CF500041E939A85A4B49C93167E658FF1BFEDA47
:10CF6000DE18E6FC7B8E8B4DCD95E6B9FF7CFF9CF1
:10CF7000FF3BFF1BFF1BFF1BFF5CFF9DFFBDFFBDBA
:10CF8000FFDDFFDEFFDEFFDEFFDDFFBDFFFEFFDEBC
:10CF9000FFDEFFDEFFDEFFDEFFDEFFDEFFDEFFDEA9
:10CFA000FFDDFFDDFFDDFFFEF77C726A6A8BA4D335
:10CFB000B576B555DEDBFFDFFFFFFFFFFFFFFFFFAD
:10CFC000FFFFFFFFFFFFFFFFFFFFFFFFFFDFFFFF91
:10CFD000FFFFFFFFFFFFF7DFFFFFFFFFFFFFCEBDFC
:10CFE0006B0FB3CC7AAA396849C97ACBAC2EA42E80
:10CFF00072EB520941C849E8734DACF2EEF8FFDB21
:10D00000C5B462AB5AAB62CC62CC62CC7B6EBD1352
:10D010005B2B6C6F29893A0A31CA642D63EE84F167
:10D02000742F95526B8F5AEE632E7C3295139D337D
:10D03000AD36BDF9BD98CE79C639C618C639D6DA2F
:10D04000CE7ADF1BE75CE73CEF7CE73CE75CEF7DFB
:10D05000EF7DE77DEF9DE73CDEFBDF1BDEFBE71BA3
:10D06000E71CE75DE75DE75DEF7DEF7DE75DE75D91
:10D07000EF7EF7BEF7BEFFFFFFFFFFFFFFFFFFFFE3
:10D08000FFFFFFFFFFFFFFFFFFFFFFFFFFFFFFFFB0
:10D09000FFFFFFFFFFFFFFFFFFFFFFFFFFFFFFFFA0
:10D0A000FFFFFFFFFFFFFFFFFFFFFFFFFFFFFFFF90
:10D0B000FFFFFFFFFFFFFFFFFFFFFFFFFFFFFFFF80
:10D0C000FFFFFFFFFFFFFFFF53D7CEFCD7FECF7D53
:10D0D000871D56BDAF5A74B83BB84BF84BD843B711
:10D0E000439743973B7633152AD4229322522252F8
:10D0F00019F021F019CF116D114C114C11CF1A51AB
:10D100001A3112111A1111AE118D19CE19EF4354A3
:10D11000ADDAC67AE77F857D4C1954393B773315F4
:10D120003B7743984BD9543B4BF93B555B7252AC20
:10D1300064794C9E5D1F84F7420910834AEF2126D3
:10D1400018A418C418A43187524B524B524B524B5F
:10D15000524B524B526B524A528CCE7AFFFFC65AF8
:10D160006BD34A6C422A3188420A4A4A4A4B188495
:10D17000836D94F5BC92FE56F5F593F1316710423C
:10D18000292539A849E9628C51C893F0FF3BFEDAA2
:10D19000F678EE17FEFAFF1BFF3BFEDAFE99FE78EB
:10D1A000FE79FE79FE99FEBAFF1BFF7CFFBDFFBD35
:10D1B000FFDDFFDDFFDEFFDEFFDEFFFEFFDEFFDE69
:10D1C000FFDEFFDEFFDEFFDEFFDEFFDEFFDEFFDE77
:10D1D000FFDDFFDDFFBDFFFED67859C872CC8BF0B6
:10D1E000E71CDEDBFFFFFFFFFFFFFFFFFFFFFFFF8F
:10D1F000FFFFFFFFFFFFFFDFFFFFFFFFFFFFF77DE9
:10D20000DE99EF7DFFFFFFFFF79ECE398C1162CDD7
:10D210005A298B2A398831263988314741667288E4
:10D220009B6AABCBB3EBAB89BC8EF6D7DE568BEFEC
:10D230005A8B62AC62CC62CC62CC62CC524AACD229
:10D24000A5124B2C29A931C93A2A7D0F7CF05B2EFF
:10D2500052AD9D936B8F632F6B2F84739D94A57537
:10D26000AD36C5F9CDF9CE99BDF8BDD8C639DF3B8D
:10D27000E73BDF1BDEDBE75CE75CE73CE77DDF3CB1
:10D28000D71CE75CEF5DEF7DEF7DE73CE71BE71C1C
:10D29000E71CE75CE75DE75DE75DE75DE75DE75DB0
:10D2A000EF7EF7BEF7DEFFFFFFFFFFFFFFFFFFFF91
:10D2B000FFFFFFFFFFFFFFFFFFFFFFFFFFFFFFFF7E
:10D2C000FFFFFFFFFFFFFFFFFFFFFFFFFFFFFFFF6E
:10D2D000FFFFFFFFFFFFFFFFFFFFFFFFFFFFFFFF5E
:10D2E000FFFFFFFFFFFFFFFFFFFFFFFFFFFFFFFF4E
:10D2F000FFFFFFFFFFFFFFFF6499AE1AC67BDF1C35
:10D3000086BC86DC959843D94BF84BF84BF843B76D
:10D3100043B73B763B563B563B5633352AD42A938C
:10D3200022722A7221EF19CF19AE116E096D096EA2
:10D3300011F01A311A522231220F19EF2A702AB332
:10D340003B14A599FFFFEFBF6CBA54394BF92AD4AF
:10D3500032D532F633163B1732D63AD363716BF4BB
:10D36000643764584356212620E42126531018C4FC
:10D3700018C418C418C43187524B524B524B524BED
:10D38000524B524B526B524A528CC65AFFDF8CD6CC
:10D390005B504A2A420A39A94A4B528C41E9292654
:10D3A00018844A6CB515F5F5ED54FD339BD04AD081
:10D3B000318828E4290541A87AABD534FEDAFE99F4
:10D3C000FEFBFF5CFE58FE38FE38FE38FE38FE17C6
:10D3D000FE17FE58FE99FEDAFF7CFF9DFFBDFFDDC4
:10D3E000FFDDFFDEFFDEFFDEFFDDFFDDFFDDFFDE59
:10D3F000FFDEFFDEFFDEFFDEFFDEFFDEFFDDFFDD47
:10D40000FFDDFFDDFFBDFFFE9C92516772EC72EC09
:10D41000E71BDEFBFFFFFFFFFFFFFFFFFFDFFFFF5D
:10D42000FFFFFFFFFFFFFFFFFFFFDEFBA4B3BD1207
:10D43000F6F8DE57A4D3945283D06AED6B0D524AAE
:10D4400039875A08398731463126398731462105CF
:10D450002905396649A651E64165396631463146A6
:10D4600041C841C841C84A09524A5A6B5A8B83AFD6
:10D47000C5B53A0A29A9530C746F7D0F424B52CDA2
:10D4800073F2A5F5634F5AEE7C319D959D948412FD
:10D49000A4F5CE9ACE19C679BDF8C659D6FADF3BA7
:10D4A000CE59CE7AD69BDF1CE77DEF9DDF5CCEDBCD
:10D4B000D6FBDF1CE75DF7DDFFFEEF7DE75CE75D98
:10D4C000E75DE75DE75DE77DE79DE77DE77DEF7E73
:10D4D000F7BEFFDEFFFEFFFFFFFFFFFFFFFFFFFFC7
:10D4E000FFFFFFFFFFFFFFFFFFFFFFFFFFFFFFFF4C
:10D4F000FFFFFFFFFFFFFFFFFFFFFFFFFFFFFFFF3C
:10D50000FFFFFFFFFFFFFFFFFFFFFFFFFFFFFFFF2B
:10D51000FFFFFFFFFFFFFFFFFFFFFFFFFFFFFFFF1B
:10D52000FFFFFFFFFFFFFFFF43D83B9843984BF8F7
:10D530005C5964795419541954194BF84BD84BB7AA
:10D5400043B7439743973B7743973B763B35331538
:10D5500032D42A9222521A1019CF19F019F011CF91
:10D5600011D01A31227322922251222F22502AB234
:10D570002AB23314CEFEFFFFA65E545A4C193B77F5
:10D58000331632F632D632F622534AF27C137476D0
:10D59000B511BD3139C9322D3A9043134AEF18A362
:10D5A00018C418C418C43167524B524B524B524BDB
:10D5B000524B524B526B524A4A6BC65ACE9B6BD35C
:10D5C00052CE4A4B39C9422A528C528C39C93187C2
:10D5D00020E520E562EDC594FEF9E595CD1352CE28
:10D5E000316820E4310520E582EBFEFAFEDAFE998F
:10D5F000FEB9FE79FDF7FDF7FDD7FDF7FE17FE58E2
:10D60000FEB9FEDAFF1BFF7CFF9DFFBDFFBDFFDD06
:10D61000FFDDFFDDFFDDFFDEFFFEFFFFFFFFFFFEA3
:10D62000FFFEFFDEFFDEFFDEFFDDFFDDFFDDFFDDF6
:10D63000FFDDFFBDFFFEE6FB8C33518772CC5A4AFB
:10D64000C5D6F7BEEF5DFFFFFFFFFFFFFFFFFFFF48
:10D65000FFDFEF5DD69AAD55736E522849E75A4900
:10D660009C2FFF59CDD462CC732E734E6B2D41E9A4
:10D67000316649C73987314641E929253146316745
:10D68000314629262926292629463146316739A7D8
:10D690003987398739A741E84A295A6B62CC6B0D23
:10D6A000BD3383CF42EB5B6D426B6C8E428C4AACD8
:10D6B0005B4E95936BD095538CD28D3484F28C3223
:10D6C000B5B7C659C619D6FACEBACEB9DF3AEF7B8E
:10D6D000E71BE73BDF1BDF3CE77DCEDBDF5BDF5C8F
:10D6E000D6FCD6FCE75CF7DDFFFEFFDEEF7DEF9DAD
:10D6F000EF9DEF9DEFBDEFBDEFBEEFBEEF9EF7DEFE
:10D70000FFFFFFFFFFFFFFFFFFFFFFFFFFFFFFFF29
:10D71000FFFFFFFFFFFFFFFFFFFFFFFFFFFFFFFF19
:10D72000FFFFFFFFFFFFFFFFFFFFFFFFFFFFFFFF09
:10D73000FFFFFFFFFFFFFFFFFFFFFFFFFFFFFFFFF9
:10D74000FFFFFFFFFFFFFFFFFFFFFFFFFFFFFFFFE9
:10D75000FFFFFFFFFFFFFFFF4BF84BF84BF854199B
:10D7600053F954195C3954395439543954195419EA
:10D77000541954194BF84BD843B7439743973B760A
:10D780003B353B1532D322922272227222311A315A
:10D7900019F1229333152AD32271223022502AB252
:10D7A0002A921A303314CEFEF7DFC6DE64BB3B7715
:10D7B0002AD52AB42A732AB522535B727C758475E4
:10D7C000A44FA3EC427032F93B394B98426C18835A
:10D7D00018E418C418C43187526B524A524A524B4B
:10D7E000524B524B524B524B526B94B58C954AADA7
:10D7F00052CD420A39A9528C52AC526B422A31871F
:10D8000020A420E5108418A46B0CD617FF1A6ACB4D
:10D81000294739C841C831677ACBFED9FEDAFEB94B
:10D82000FE58FD96FD76FDB6FE38FE58FE99FEDAEE
:10D83000FF1BFF5BFF7CFF9DFFBDFFBDFFBDFFDD4D
:10D84000FFDDFFFEFFFEFFBDEF1AE637DD54D4D249
:10D85000CC10E617FFFEFFDDFFDDFFDDFFDDFFDDA6
:10D86000FFBDFFFEE6FA732E732F4987626A628B53
:10D8700083AFD69AA4D3D5D5E6B9D6599C9283AFB7
:10D88000732D62CB62AB7B8E9C92AD3462CB5A69B6
:10D8900041C7836DFFBBA491524B62CC526B41C810
:10D8A000292641A839A829253987524A2925292618
:10D8B0003167314631663167398739A741E84A29EE
:10D8C0004A294A2941E841E85A8B5A8B62CC6AEDD1
:10D8D0008BF0BD73320931A9428B6C8E426B3A4B8F
:10D8E0005B6EA6548D126BEF5AEE85139D549CB45B
:10D8F000AD96C699D6DAD71AC639C678D75ADF7B1D
:10D90000EFBCFFFDFFFDFFFDF7BCDF3BCEDBCEDB59
:10D91000D6FCD6FCEF9CEFBCF7DDFFFEF7BDF7BDF4
:10D92000F7DEF7BEF7BEF7BEF7BEF7BEF7BEFFFFE6
:10D93000FFFFFFFFFFFFFFFFFFFFFFFFFFFFFFFFF7
:10D94000FFFFFFFFFFFFFFFFFFFFFFFFFFFFFFFFE7
:10D95000FFFFFFFFFFFFFFFFFFFFFFFFFFFFFFFFD7
:10D96000FFFFFFFFFFFFFFFFFFFFFFFFFFFFFFFFC7
:10D97000FFFFFFFFFFFFFFFFFFFFFFFFFFFFFFFFB7
:10D98000FFFFFFFFFFFFFFFF4BD84BD8541954197F
:10D99000541954395C595C595C5A543A5C5A5C5A73
:10D9A000543954395439543954194BD84BD84BB78E
:10D9B000437743763B563B3532F42AB32AB332F4ED
:10D9C0002AB42AD4331522721A0F19EF19EF221034
:10D9D00019CF11CE12113315CEFECF1F6D1C33158A
:10D9E0002AD42AB422732A94225373F384B66C1572
:10D9F000732E732E2A732A962A963AD431A818A425
:10DA000018C418C418E539A8526B524A524A524AEF
:10DA1000524A524B524B524B526B6BD24A8D4A6C0C
:10DA200052AD39C839E9528C528C4A4B422A2105F1
:10DA300020C520C520C520E61063188439A739A861
:10DA4000318839C9420939C96A6AFED9FEFAFEB974
:10DA5000FEB9FE38FDF7FE79FEDAFEFAFF1AFF3B4B
:10DA6000FF5CFF7CFF9DFFBDFFBDFFBDFFBDFFFE57
:10DA7000FFFEF75CE637E554ECF2ECD2ECB2EC7169
:10DA8000C36DF73BFFFEFFDDFFDDFFDDFFDDFFBD0B
:10DA9000FFFEE71B5A4A41875A6A498749A862AC88
:10DAA000628A51E95A4A7289830AC552CDF56ACB16
:10DAB00049E87BAEC5F7AD55CE79CE798C314A08B1
:10DAC0005AAA41E8C594EED8524A526B41E939A8A6
:10DAD00041864A0941E9316629054A095A8B31468E
:10DAE00029253166292631463167398741E84A2997
:10DAF000420941E841E8526A5A8B5A8B5A8B62CCF0
:10DB0000732DBD744A8B31EA532D6C4E426B6C0FF2
:10DB10009DD38D5252AD5B0E6B8FA5B5A554A53527
:10DB2000BE58C679CE79D6DAC659C639CEF9CF3ABB
:10DB3000CF1AD73BE79CEFDCF7DCFFFCF7DCDF3CE0
:10DB4000CEDBDF3CF7BCEFBCF7DDFFFDFFFDF7BD33
:10DB5000F7BDF7DDF7DEF7DEF7DEF7BEEFBEFFFE5F
:10DB6000FFFFFFFFFFFFFFFFFFFFFFFFFFFFFFFFC5
:10DB7000FFFFFFFFFFFFFFFFFFFFFFFFFFFFFFFFB5
:10DB8000FFFFFFFFFFFFFFFFFFFFFFFFFFFFFFFFA5
:10DB9000FFFFFFFFFFFFFFFFFFFFFFFFFFFFFFFF95
:10DBA000FFFFFFFFFFFFFFFFFFFFFFFFFFFFFFFF85
:10DBB000FFFFFFFFFFFFFFFF4BF84BF84BF8541937
:10DBC00054395C595C5A5C5A5C5A5C5A5C595C39F1
:10DBD0005439543954395C5A5C5A543954395419AB
:10DBE00053F84BD84BB743B743763B563B763B771E
:10DBF00033152A7322521A1019CF116D116C11CFDF
:10DC000019EF11CF1A311A72331495DD4BD71A312F
:10DC10002273227322732A7422327C349D7984D831
:10DC20002255225522552A752A9642F2296618A4B1
:10DC300018C418C4210539C8526B524A524A524A74
:10DC4000524A524A524A524B526B52AD39C952ADA6
:10DC50004A4B3188422A528B4A6B4A4B39A820C41E
:10DC600020E520C520E5290620C520C51884188395
:10DC7000294639C941E94A2A49C8FE37FF1AFEDA5E
:10DC8000FEDAFEDAFEFAFF1AFF1AFF3BFF5BFF7CAB
:10DC9000FF7CFF9CFFBDFFBDFFBDFFBDFFFEF75C2E
:10DCA000D554ED13F553FDB4FDF5FDF5FE36F594B1
:10DCB000DDD6FFFEFFDDFFDDFFDDFFDDFFBDFFFE8B
:10DCC000E71BCDF572EB49C8524A51E939265A6B28
:10DCD000734D62A95A4A522A49E97B2CFFDBCDB425
:10DCE0004A0862AAAD55A514C638BDD7BDB67B8E0D
:10DCF00052494A29732CFFBA940F4209730BBC8E08
:10DD00007AC94A0A524A39A729262926526B526BE8
:10DD1000292629253166314631263146316739A712
:10DD200039E839C84A094A294A095A6A5A6B62CC01
:10DD30006AEDACF3636E322B536E7D3084F16C3040
:10DD40007C9084B152ED6B8F8C52ADD5AE16ADD7B1
:10DD5000BE58BE18CE59D6FACE59C618D6FAEFBB61
:10DD6000EFBCEFBCD75AD75AE79BF7DCF7DCF7DC00
:10DD7000EF9CEF7CEFBCF7BCF7DDFFFDFFFDF7BDCF
:10DD8000EF9DFFFDF7DDF7DEF7DEF7BEEF7DF7BEB7
:10DD9000FFFEFFDEFFFEFFFEFFFEFFFFFFFFFFFFB8
:10DDA000FFFFFFFFFFFFFFFFFFFFFFFFFFFFFFFF83
:10DDB000FFFFFFFFFFFFFFFFFFFFFFFFFFFFFFFF73
:10DDC000FFFFFFFFFFFFFFFFFFFFFFFFFFFFFFFF63
:10DDD000FFFFFFFFFFFFFFFFFFFFFFFFFFFFFFFF53
:10DDE000FFFFFFFFFFFFFFFF4BD84BD84BD84BF88F
:10DDF00054395C595C5A5C7A5C7A5C7A5C5A5C5A3D
:10DE00005C5A5C595C595C395C395C5A5C5A5C39C7
:10DE1000543954194BF84BF84BD84BB743973B56F2
:10DE2000331532F52AB422512210223021F0118DFF
:10DE3000116D19CE22512AB31A5233155418225299
:10DE40001A1022312252225322118CD6B67D8D39DE
:10DE50002A532A5422342A752A9642D1294618A4D4
:10DE600018C420E5212641E9526A524A524A524AD0
:10DE7000524A526B526B526B526B4A6C39CA4A8C83
:10DE800039C939A94A4B4A4B4A4B4A2A210620C56F
:10DE900020C520C52906292620C420C520C520C5A7
:10DEA00020E539C941E9524B2946932CFEB9FF1BA5
:10DEB000FEFAFF1AFF1AFF3BFF5BFF5CFF7CFF7C53
:10DEC000FF9CFF9DFFBDFFBDFFBDFFDEEF1BCBEF46
:10DED000FD13FDD5FDF5FDF5FDF5FDF5FDB4E5D52D
:10DEE000FFDDFFDDFFDDFFDDFFBDFFBDFFFFE6FA6C
:10DEF000CD93F6D7B40C7ACA418749E93105520966
:10DF000083AF41A76ACA7B4C5A6B5A8BE676F719E6
:10DF100062AA524962AAA514B575A4D37BAE62EB7E
:10DF2000524952695229E697DE76B4D1C4AE72CA1C
:10DF30003146526A526A41E93146292531665AAC66
:10DF400041C82905292539873987314629262905D8
:10DF5000316641E841E839C84A095A8B5A8B62CC8C
:10DF600062CC9451639042CD85328591536F42AD1E
:10DF70008D327471637094B3B5F6B676ADD7A515CE
:10DF8000BE58C638CE79D6FAD6BAD6DADF3BEFBC61
:10DF9000DF7BD77AE79AE79BDF5BE79BF7DCF7DC71
:10DFA000F7DCF7DCEF9CEFBCF7DDF7DDFFFDF7DD1D
:10DFB000EF9CFFDDFFFDF7DDF7DEF7DEEF9DEF9D68
:10DFC000FFDEFFDEFFDEFFDEFFFFFFFFFFFFFFFFE5
:10DFD000FFFFFFFFFFFFFFFFFFFFFFFFFFFFFFFF51
:10DFE000FFFFFFFFFFFFFFFFFFFFFFFFFFFFFFFF41
:10DFF000FFFFFFFFFFFFFFFFFFFFFFFFFFFFFFFF31
:10E00000FFFFFFFFFFFFFFFFFFFFFFFFFFFFFFFF20
:10E01000FFFFFFFFFFFFFFFF43B74BD843B74BD8CE
:10E02000541954595C5A5C7A5C7A647A647A647ADA
:10E03000647A5C5A5C5A5C595C5A5C395C395C396C
:10E0400054195419543954194BD84BD84BD84397B9
:10E050003B7643973B5632D32A932A922272221060
:10E06000118D114C19CE2A922AB3227233353315F1
:10E07000227222312231223219F19D58BEDFA5FCD5
:10E08000221011B119D21A1422345B93212618C41C
:10E0900018E4210529464A2A526B524A524A524AEA
:10E0A000526B4A2A41E941E941E941EA39EA422B06
:10E0B0003168420A4A4B4A2A4A4B318820C520E53A
:10E0C00020C520E52947290618A420A420E5290613
:10E0D00018A439A84A2A524B316729889B8EFE988A
:10E0E000FF5BFF1AFF3BFF5BFF5BFF7CFF7CFF9C3E
:10E0F000FF9CFF9CFFBDFFBDFFBDFFDDFF7CE594E6
:10E10000ED33F573FDD4FDD5FDD4F594EE37FFBDA9
:10E11000FFDDFFBDFFDDFFBDFFBDFFFFCDF7A36A44
:10E12000D50FABCB6A485A6B520941A839264187B3
:10E1300094515A8B5A4A7B2C5A6B520ABD33FFBBFF
:10E140008BAD4A085A8A5A695A6952494A28524933
:10E1500052695A8A4A08B512FFBA8BCE3167210636
:10E1600039875A8B526B524A31672946210541C87B
:10E17000526A29263146292639C739A72905290592
:10E180002905314639C841E84A4A5A8B62AB628B4D
:10E19000628B8C747C7174907CF18530532E536F3C
:10E1A000959384B3A595B677ADD6B656B5D7AD766B
:10E1B000C678C638D6BADF3BD6DAC659D6DAC6999B
:10E1C000DF79E79AEFBBE79BE79BD75BDF7BEFBC91
:10E1D000F7BCF7DCEF9CEF9CF7DCFFDDFFFDFFDD1C
:10E1E000EF7CF7BDF7BDEF9DEFBDEFBEEFBEEF9E3D
:10E1F000F7BEFFBEFFDEFFFFFFFFFFFFFFFFFFFFDA
:10E20000FFFFFFFFFFFFFFFFFFFFFFFFFFFFFFFF1E
:10E21000FFFFFFFFFFFFFFFFFFFFFFFFFFFFFFFF0E
:10E22000FFFFFFFFFFFFFFFFFFFFFFFFFFFFFFFFFE
:10E23000FFFFFFFFFFFFFFFFFFFFFFFFFFFFFFFFEE
:10E24000FFFFFFFFFFFFFFFF4BD84BD84BD84BD84A
:10E25000541954395C5A5C595C7A5C7A5C5A5C5A41
:10E26000647A647A649A647A645A5C395C395C5A78
:10E270005439541954194BF84BD843B743B743B7E3
:10E2800043B743973B56331432F432F42AB32A92FD
:10E290002A92223019AE19EF2A722AB32AD42AD42C
:10E2A00022731A321A11221021EF9517B67DADDABA
:10E2B00074356C1674777CB874975B7118C418C485
:10E2C00021052105294642094A09524A526A524B00
:10E2D00041E962CB9450A4B19C706B2D39EA31C9ED
:10E2E00039C94A4B4A2A4A4B420A20E520E520E533
:10E2F00020C519062947290618A418A42927292763
:10E3000018A429464A2B524B3987531029277A8B58
:10E31000EDF6FF5BFF5BFF5BFF7BFF7CFF7CFF9C01
:10E32000FF9CFF9CFF9CFFBDFFBDFFBDFFDDFFFE0F
:10E33000EF1BE657EDF6E5B5EDD5F6FAFFDEFFDDAE
:10E34000FFBDFFBDFF9DFFDDFFFEBD549BAC9309EC
:10E35000722749A7524B5A6B5A8B49C83105394726
:10E360009C51732D524A524A5A6B520A8BEFFFBB93
:10E37000B4F249E85A8A5A695A695A695269526923
:10E3800052695A6A4A088BEEFFBBACD231673146FC
:10E3900041C85A8B526B526B316729262946290591
:10E3A00039C83987318731462905318739A7292668
:10E3B00029252905314641E8524A5A4A62AB6B0E7B
:10E3C00084337C535BAE42CD6C508D714B2E5B6FB2
:10E3D000B656B656ADF695149534B677ADD7AD763C
:10E3E000C6B9D6FADF3BD6FACE59C659C6B99D563C
:10E3F000D719F7FBE79ADF7AE79BEFBBE79BE77B51
:10E40000EFBCF7DCEFBCEF9CF7DCFFDDFFDDFFDDF1
:10E41000EF7CEF7CE77DEF9DF7BEF7DEF7BEEFBE4A
:10E42000F7BEF7BEFFDFFFFFFFFFFFFFFFFFFFFFAE
:10E43000FFFFFFFFFFFFFFFFFFFFFFFFFFFFFFFFEC
:10E44000FFFFFFFFFFFFFFFFFFFFFFFFFFFFFFFFDC
:10E45000FFFFFFFFFFFFFFFFFFFFFFFFFFFFFFFFCC
:10E46000FFFFFFFFFFFFFFFFFFFFFFFFFFFFFFFFBC
:10E47000FFFFFFFFFFFFFFFF4BF84BF85418541846
:10E48000541954395C595C5A5C5A5C5954395439A2
:10E490005C3954195419541954395439543954396C
:10E4A00054194BF84BD84BD84BD84BF84BF84BD8AA
:10E4B0004BD84BD843B73B563B353B3532F42AB2A9
:10E4C0002A922A712A72225119CF22932AB33291A9
:10E4D0003A904AD05B507C138CB584748473ADFA47
:10E4E000C6DDBE9DB67CBEBDA5FA533018A420E59E
:10E4F000210531665AAB736E7BCF4A2A4A4A4A29B4
:10E50000AD12F6F7C551ACD0D5B3D5F5420A29679F
:10E5100039E94A4B4A4B4A6B294720E6290620E550
:10E520002906720941E918C518A42106316829672E
:10E5300020C520E54A2A526C39A8424B4A0920C519
:10E5400092ECD513FEF9FF9CFF7BFF7BFF7CFF7CE9
:10E55000FF9CFF9CFF9CFF9CFF9CFF9DFF9DFF9DE0
:10E56000FFDDFFFEFFDDFFBDFFBDFFDDFFBDFFBD2A
:10E57000FFBDFF9CFFFEEF3B8BAD7A47CCF0838D58
:10E58000398739884A095A6B5A6B5A6B31263106DA
:10E59000943083CF522A5A8B5A6B524A6ACCF7393D
:10E5A000D6154A085A6952695269526952695A69BC
:10E5B0005A695A6A52496AEBFF59CDD43167290525
:10E5C00041A8526B5A8B4A092925292631672926E9
:10E5D000292539C839873146292629053166316709
:10E5E0003146316639A7526A6B2E7C1284538CD324
:10E5F0006BF04ACD42CE42CD7CD17D105BAFA5D52C
:10E60000BE9795148CD49515A595B617B617BE3838
:10E61000D71AD6FBD6FAD6B9CE59ADB7B6789D562D
:10E62000A577DF5AF7FBF7FBF7DBE79BE79BE77B79
:10E63000E79BF7DCF7BCEF9CF7BCF7DCF7DCF7DD1A
:10E64000EF7CEF7CF7BDFFDEFFDEFFDEF7DEF7DEFF
:10E65000F7BEF7BEF7BEFFDFFFFFFFFFFFFFFFFFC5
:10E66000FFFFFFFFFFFFFFFFFFFFFFFFFFFFFFFFBA
:10E67000FFFFFFFFFFFFFFFFFFFFFFFFFFFFFFFFAA
:10E68000FFFFFFFFFFFFFFFFFFFFFFFFFFFFFFFF9A
:10E69000FFFFFFFFFFFFFFFFFFFFFFFFFFFFFFFF8A
:10E6A000FFFFFFFFFFFFFFFF54185419543954199F
:10E6B00054395C595C59543954395C39543954399A
:10E6C000541953F854195C595C59541954194BF89E
:10E6D0004BF84BD84BD84BD84BD84BD84BD84BD802
:10E6E0004BD84BD843B74397437643563B1432D36A
:10E6F0002AB32A722A7132B2324F428E5B0F6B4FAD
:10E700006B4F6B6F6B4F52AC31A9424B7C759DBA0E
:10E710008D3895599DBAA5FB8D384ACE18A3210591
:10E7200018E531A762EC8410A51441E94209CDF443
:10E73000FF385A691883292618A45A8A6B9120E554
:10E74000420A4A4B4A6B39A829062926290728E696
:10E750003168D28BE32D8ACB290631483188318844
:10E76000210618A44A0A526C49EA29266ACD416555
:10E7700092CCDC31BC0FDDD5FF5BFFBCFF9CFF7B87
:10E78000FF7CFF7CFF9CFF9CFF9CFF9CFF9CFF9CF1
:10E79000FF9CFF9CFF9DFFBDFFBDFF9DFFBDFF9C3C
:10E7A000FFBDFFFEC5D68B8D8B0A82C962283987D3
:10E7B00041C841A849E85A6B524A5A6A41A828E51B
:10E7C00083AF9451522A5A6B5A6B5A6B524AD636BF
:10E7D000F6F85A49526952494A074A084A085228E3
:10E7E0005249524952695229EEB7DE56316729051E
:10E7F00039A8526A526B316729052926316731677A
:10E8000029463167316731673187316739A739A7C1
:10E8100039A7528B7BF29517951663B15B8F8531C3
:10E8200042AE532F534F4AEE7CD195D2A5D4A5D5F5
:10E83000A5B58CB495359D35A595B5F7C6B9C699DE
:10E84000D71AD6DADF1ACEB9AD96A576BE989D5600
:10E850009D77A5B7D719DF7ACF3ADF5AE79BF7DB69
:10E86000F7DCF7DCF7BCEF9CEF7CEF7CEF9CEF9CD8
:10E87000EF7CF7DDFFFDFFFEFFFEFFFEFFDEF7BED4
:10E88000F7BEF7BEF7BEFFDEFFFFFFFFFFFFFFFF94
:10E89000FFFFFFFFFFFFFFFFFFFFFFFFFFFFFFFF88
:10E8A000FFFFFFFFFFFFFFFFFFFFFFFFFFFFFFFF78
:10E8B000FFFFFFFFFFFFFFFFFFFFFFFFFFFFFFFF68
:10E8C000FFFFFFFFFFFFFFFFFFFFFFFFFFFFFFFF58
:10E8D000FFFFFFFFFFFFFFFF54395C395C595439DC
:10E8E00054395439543954395C395C595C595C5940
:10E8F000543954395459543954184BF84BF853F887
:10E900004BF8541954394BF843B843B74BD84BF82C
:10E910004BD84BD84BD853F84BF84BD8437732F4FD
:10E9200032B13A8F4AAE5AEE6B4F739073B073D1D7
:10E930007BF1634F420A39EA6391957995798CF7B7
:10E940009538A5DAAE1BAE1A84F7424C1063210548
:10E9500041C7420942296B0C736E2106A4B0F738F7
:10E9600041C718A44A2A528B4A2A420A4A4B3167A5
:10E97000422A4A6C41E92926292731683127312763
:10E9800039EABAACEA8CEB0D51E931A939A939CA97
:10E99000292720C441E95AAD522B21054A2B72A9DF
:10E9A0008288D3F0EC92CC50C490D5D5F71AFFBC36
:10E9B000FFBCFF9CFF7CFF7CFF7CFF9CFF9CFF9CBF
:10E9C000FF9CFF9CFF9CFF9CFF9CFF9CFF7CFFFD2E
:10E9D000F77CA4B28BAE9BCEDE15834C28E5418735
:10E9E000524A41C849E9522A4A0949E941A828C47A
:10E9F0006AED9472526A5A6B5A6B5A8B4A09B4F296
:10EA0000FF9A6ACB4A28524941E739A641C74A28AA
:10EA100062EB6B0C524949E8D615EED839A720E5D0
:10EA20003187524A41C82905292629263166398766
:10EA300029252905318731873166292539A75ACDFE
:10EA400084949D7995576BF24B2C3AAB63F07CD153
:10EA50004ACE5B4F530F5BAFA635A6147C5295543C
:10EA6000A5958CB395159D55B636BE58BDF8C618FC
:10EA7000DF3BD6DAD6F9B617A597A5B7B6789D5677
:10EA8000A5B7A5B8B638C6F9BE99DF3AEF9BF7BB74
:10EA9000F7DCF7DCF7DCF7DCF7DDF7BDEF7CEF7CCC
:10EAA000F7BDFFFDFFFDFFFDFFDEF7DEFFDEFFFE32
:10EAB000FFDEF7BEFFDEFFDEFFDFFFDFFFFFFFFF52
:10EAC000FFFFFFFFFFFFFFFFFFFFFFFFFFFFFFFF56
:10EAD000FFFFFFFFFFFFFFFFFFFFFFFFFFFFFFFF46
:10EAE000FFFFFFFFFFFFFFFFFFFFFFFFFFFFFFFF36
:10EAF000FFFFFFFFFFFFFFFFFFFFFFFFFFFFFFFF26
:10EB0000FFFFFFFFFFFFFFFF5C595C595C595C5939
:10EB10005C595C7A5C7A5C7A5C7A5C595C39543911
:10EB20005439543954184BF84BF8541954394BD8BC
:10EB30004BD85418543953F8649A74FB54394BD851
:10EB40004BD853F8541954194C194BD74B5352EF17
:10EB50005B0E634F6B7073B17BF284328C538C32DB
:10EB6000630E39EA52AD7C5595388CD784D78D1712
:10EB70008D188D389D9AA5997CB631C841A66ACA70
:10EB80005249316731A75A8A528B41C7FF796AEBE4
:10EB900018A5526B526B524A526B524A39A839A986
:10EBA0004A4B41EA2947294739C93989312741CA9E
:10EBB00039EB9A6BEA0AEA2A7A8C39CA41C9420BC4
:10EBC0003148290639A862CE526C29264A6E522A4B
:10EBD00072679B29C40EE492ECF2D490C470CD33DA
:10EBE000E636F71AFF9CFFBDFFBDFF9CFF7CFF7C54
:10EBF000FF7CFF7CFF9CFF9CFF9CFF7CFFFED67888
:10EC0000626A41477B0CB42DD5D4522A41C83126C3
:10EC100052095A6A522A522949E941C941A828E4AD
:10EC20005A6C945262CB524A5A6B62AB39887B8DD4
:10EC3000FFDB838D49E85A694A077B8E9C71A4D318
:10EC40008C1062EB4A2841A7BD53FF594A0820C5E2
:10EC5000316739C83146290529262946292629261A
:10EC6000316629052925314639C85AED84958D1715
:10EC7000741342AD7D0F4B4E434C42ED74B16C0F9B
:10EC8000428D532F7CB2A5B5B67695738473A5F6E5
:10EC90009D7594D4A5B6BE77BE77BE37C658D6B993
:10ECA000DF3BC659B616A5D6A597A5D7B6589D770A
:10ECB000A5D8ADF8BE99CF1ADF3AE7BBEFBBF7DCBA
:10ECC000F7BCEFBCF7DCF7DCF7BCEF9CEF7CEF9C0C
:10ECD000FFDDFFFDFFFDFFFEFFFEFFDEFFFEFFFE8F
:10ECE000FFFEF7DEFFDEFFDFFFDFFFDFFFFFFFFFDF
:10ECF000FFFFFFFFFFFFFFFFFFFFFFFFFFFFFFFF24
:10ED0000FFFFFFFFFFFFFFFFFFFFFFFFFFFFFFFF13
:10ED1000FFFFFFFFFFFFFFFFFFFFFFFFFFFFFFFF03
:10ED2000FFFFFFFFFFFFFFFFFFFFFFFFFFFFFFFFF3
:10ED3000FFFFFFFFFFFFFFFF5C595C595C595C5907
:10ED40005C595C7A649A5C7A5C595C595C7A5C596F
:10ED5000543954395C595C7A5C9A64BA64BA5C7A06
:10ED60005C595C5A5439541995FFA65F5C7A53F884
:10ED70005419543954395C1763B363706B6F6B90DB
:10ED80006B906B906B9073B07BD1843283F1528C1B
:10ED9000424B6BD284D784B6849684B684D784B62B
:10EDA00084B684D784F874346B2E6ACB5A6A3146A1
:10EDB00020E5210520E510A40843B552DE5620E5E4
:10EDC0004A4A526B524A524A524A524A4A0939A84E
:10EDD00039C9316839A9422B420B292739894A2B75
:10EDE00041EB6A4CE20AE9C9A34E39EB49EB526D9B
:10EDF0003989314839686AEE5A8C3147420B4A6E7C
:10EE000041867267ABCAC4AECCB0E4D2ECF3E4D2B4
:10EE1000D491C491CD12DDD5EE98F73AFF9CFFBD99
:10EE2000FFBDFF9CFF9CFF7CFFBDFFFDACD34146B7
:10EE30004126498841269B6AB4B041A85A6B41A833
:10EE400041A85A6B5A6B522A49E941C841A828E4A3
:10EE50004A0A8BF16B2D524A526A4A2A5A498B6CE4
:10EE6000FFBBA47041A752485228B514A49283AFA7
:10EE7000A47383AF39A73166ACB1FFBA5A6920C415
:10EE80003167316729252926292629262946292659
:10EE90002925294639A873F284957C745BAF320A20
:10EEA000218932AB85B242EE4B8D42ED85325BAFAC
:10EEB000534F8D339D748453AE16A5B594F5B63774
:10EEC000A5B6B617C6B7C6B7C6F8D739DF5ADF5AE0
:10EED000E77AC697AE159D769D35AE17B6589D5705
:10EEE000A5B7A5D8C6B9E7BBEFBBE7BBE79BEFBBB0
:10EEF000F7BCEFBCF7DCFFDCF7DCF7BDF7BDF7BD17
:10EF0000F7DDFFDDFFFDFFFEFFFEFFFEFFFEFFFE64
:10EF1000FFFEFFDEFFDEFFDFFFDFFFDFFFFFFFFFA4
:10EF2000FFFFFFFFFFFFFFFFFFFFFFFFFFFFFFFFF1
:10EF3000FFFFFFFFFFFFFFFFFFFFFFFFFFFFFFFFE1
:10EF4000FFFFFFFFFFFFFFFFFFFFFFFFFFFFFFFFD1
:10EF5000FFFFFFFFFFFFFFFFFFFFFFFFFFFFFFFFC1
:10EF6000FFFFFFFFFFFFFFFF5C795C595C595C59B5
:10EF70005C595C795C79647A5C7A5C7A5C79649AD5
:10EF8000649A6CDB6CFB6CDB6CDB6CFC6CBB649ABA
:10EF90005C7A543953F84BD86CDB751C5C7A541985
:10EFA00054196416741373B0634F634F634F634F08
:10EFB0006B4F6B6F73B07BF184117BD152AD5B0FE4
:10EFC00084968CD77C757C75849684B68CF79D5816
:10EFD0009D9A9516736E628A5A6A318818E52105E2
:10EFE00020E5108429466B0CC593FFDB6B2C39A8F8
:10EFF000526B4A4A524A524A524A526B41E931686C
:10F00000420B52EE5B2F4A6C316731674A2B4A2B19
:10F010004A2B39EAA9E9F968D2EC52AD528E52CFA7
:10F0200039A9316829066ACE62AD39A841C9420BB7
:10F03000422A41A85A079349C4ADD50FD4F0DCF158
:10F04000E4D2ECD2ECF2DCB1D4B1D4D1CCF2CD74B8
:10F05000DE37EED9F73BFF9CE6FA836E38E5494789
:10F0600049675187692682A9ACB041A85A6A522AD9
:10F0700041C8524A5A6B524A49E941C841A8290538
:10F0800041EA7B90736E39A85A8BBD74BC4D6A6996
:10F09000FF39BD5339864A0741C79C51CDB7B4D417
:10F0A0006AED62CC39A729258B8DFF386AEB18A44D
:10F0B0003146314629262926292520E420E4290540
:10F0C0004A6B39C85AEE532F6C8F53CC2A4929CA40
:10F0D00031EB4B6D85723ACE53CE4B4E8D735B8FB9
:10F0E0007CD2849374128473B677A5959D36C698A6
:10F0F000C698C6B7C6D8CF19D719E75AE77AE77ABC
:10F10000DF38DF58D738BE77A556B637B658A5973B
:10F11000A5D8C6D9F7FBF7DBF7BBF7BBF7DCFFFCDD
:10F12000FFFCFFDCFFFCFFFDFFFDFFFDFFFDEF9C93
:10F13000F7BDF7DDF7DDFFFDFFFEFFFEFFFEFFFE83
:10F14000FFDEFFDEFFDEFFDFFFDFFFDFFFFFFFFF92
:10F15000FFFFFFFFFFFFFFFFFFFFFFFFFFFFFFFFBF
:10F16000FFFFFFFFFFFFFFFFFFFFFFFFFFFFFFFFAF
:10F17000FFFFFFFFFFFFFFFFFFFFFFFFFFFFFFFF9F
:10F18000FFFFFFFFFFFFFFFFFFFFFFFFFFFFFFFF8F
:10F19000FFFFFFFFFFFFFFFF5C595C595C595C59A3
:10F1A0005C395C395C595C595C39543954395C7A46
:10F1B00064BA6CDB751C751C751C753C64BA649A6A
:10F1C0005C7A5C7A5C7A5C595C595C7A5C7A63F54F
:10F1D0006B91632E5AEE632F73B07BD173B0632FA4
:10F1E0004ACE53115B7253315310531063D384D7FB
:10F1F0008D1895389DBAA5FBB65CBE9DC6DFB65D81
:10F2000094B27B0B734E632F424C21052105108471
:10F2100031468C0FEED8FFDBF7188C0F39A8524A15
:10F220004A4A524A524B524A524A526B41C831885A
:10F2300063715B5052EF39CA2947422C422C420B72
:10F240004A4C2927628DCAEDEAECC51393EF7B0C7B
:10F250006228522A39885A8C62CD41E9526B29675B
:10F260004A4B4A2A4A2A49E95A088309B42CCD2F25
:10F27000DE35CD73DCF2F554F553F533ED13E4D2FE
:10F28000D4B1D4B1D4F2BC708BD0414741054967A9
:10F2900051477167794692AAA44F41A85A6A524AC7
:10F2A000522A524A5A6B5A6B522A49E941C92905D6
:10F2B0004A0B7350738F8BEFE697B5333146316746
:10F2C000EE96CDB441A749E739A75A8B83AF4A2AB6
:10F2D000314729063987316659E7D50F7B4C18A489
:10F2E000294628E520E420E42905422A5B0E6BD25A
:10F2F00063B221AA218A21E87D5053ED322A322BB4
:10F30000322C644F7CF23ACE53EE5BD08D735BB0FF
:10F3100085128D328CF38CD5B677A595BE57C6D79E
:10F32000C6F7DF79E77AE79AEF9AEF9AEF9ADF5814
:10F33000DF58DF58DF58DF79CEB8B678B658ADD889
:10F34000B618CEF9DF5AE77BEFBBFFFCFFFCFFFCF2
:10F35000FFFCFFFDFFFDFFFDFFFDFFFDEF9CEF9CB0
:10F36000EF9DF7DDFFFEFFFDFFFDFFFEFFFEFFDE71
:10F37000FFDEFFFEFFFFFFFFFFFFFFFFFFFFFFFFBF
:10F38000FFFFFFFFFFFFFFFFFFFFFFFFFFFFFFFF8D
:10F39000FFFFFFFFFFFFFFFFFFFFFFFFFFFFFFFF7D
:10F3A000FFFFFFFFFFFFFFFFFFFFFFFFFFFFFFFF6D
:10F3B000FFFFFFFFFFFFFFFFFFFFFFFFFFFFFFFF5D
:10F3C000FFFFFFFFFFFFFFFF5C595C595C395C39B1
:10F3D0005C395439543954395C59649964795C59AD
:10F3E0005C595C5964BA751C753C7D3C7D5C7D5CE8
:10F3F000751C751C6CDB5C7A5C5964166BD27BD116
:10F40000845394F6A577A57794F77C9764374BD708
:10F410004BD843B843973B773B773B7743773B5693
:10F420003B563B3543354B5553955BD66C38739003
:10F4300072C95B309DBA8CF752CD18A418C47BAD4D
:10F44000F718FF9ABD7362EB294621264A2A4A2AF9
:10F450004A4A526B4A2A4209524A526B49E872EBB5
:10F460006B91A599630E2106420A422A4A4A5AAA7A
:10F47000420939CA63B373D0DD91E590ABAA9B49C9
:10F480008AE87AA82906526B5A8C420962CD20E597
:10F4900041E94A4A4A4A526B4A4B4A0A51E86207D2
:10F4A000DE55F759D4F2F553ED33ED53ED53F554E2
:10F4B000F574F554F553ECF2BCD49C7459E938C595
:10F4C000594681A7794692AA9C0E3967526A524AD8
:10F4D000524A5A6B5A6B5A8C524A4A0A4A092905AF
:10F4E000632E84128C31BD53734D41C92906316797
:10F4F000E5D3CD7239A741C63986290521052926CC
:10F50000294731873987316649E8B44E836C18C57D
:10F5100020E439C85AEE6BD28CF78D1763B174D1E1
:10F520002A6D2A2C21AA3ACB85B14B8C328D3AAD6B
:10F530003AAD74D06C9142EF53CE6C5195747CB15E
:10F5400095F39E139E33AE17C6D8BE78CED9C6D6D5
:10F55000E779E799E799EFBAFFFBF7DAD719F7BA36
:10F56000F7BAEF9AEFBAEFBAEFDAE77AAE18ADF87A
:10F57000AE18B659BE99C6B9D6FAE75BE77BF7DC99
:10F58000FFFCFFFCFFFDFFFDFFFDEF9CE75CF7BD0F
:10F59000EF9DF7BDFFDDFFFEFFFEFFDEFFDEFFDEBE
:10F5A000FFDEFFFEFFFFFFFFFFFFFFFFFFFFFFFF8D
:10F5B000FFFFFFFFFFFFFFFFFFFFFFFFFFFFFFFF5B
:10F5C000FFFFFFFFFFFFFFFFFFFFFFFFFFFFFFFF4B
:10F5D000FFFFFFFFFFFFFFFFFFFFFFFFFFFFFFFF3B
:10F5E000FFFFFFFFFFFFFFFFFFFFFFFFFFFFFFFF2B
:10F5F000FFFFFFFFFFFFFFFF5C395438541854181A
:10F6000054385439541854185C39647964995C59E5
:10F61000543954395C595C7A649A64BA6CFB751C31
:10F62000857C859D753C6C787C5494D5ADB9BE3A8B
:10F63000B61A9D7974975BF74BD843D843B843B754
:10F64000439743964396439643964397439743770E
:10F650003B773B37331632F62AD62AD522B6428E6E
:10F660006AEC32B22AB3745439EA2946CDF4FFBBAE
:10F67000B53241E810A41084292642094A2A4A4A90
:10F680004A4A41E931A74A2A524A526B39A84A2AC2
:10F69000528B94928BEF41E98C937BAD732B734C1F
:10F6A00062CB4A8D73F262ED6269830A7AA882E9BD
:10F6B0006A47394510634A2A526B4A2A6B0E20E585
:10F6C00031674A4A524A4A2A526B524A526B41E9BE
:10F6D000B512F719D4B1F574ED74ED54ED53ED5343
:10F6E000ED53ED53ED53ED13D5B6C5D9BD577B2E74
:10F6F00030A46966814692AA93ED39675A6B524AE3
:10F70000524A5A6B5A8B62AC51EA49E9522A312665
:10F710007BD083B17BAF41C84A0941E929263188B2
:10F72000CCADCC8D31664A08CE9ACE9A39C8210626
:10F7300031672926292629465229ACB1734C18C4B1
:10F7400052AC953895387455533029EC32AD75323A
:10F750002A6E32AE2A4D4B8D754F3B0D3AAE42CEDE
:10F76000430D7D3164314B0F5BEF8D3395948D727A
:10F7700095F39E139E33AE94BEB7C679D6FBDF5881
:10F78000DF78E799EF9AEFBBF7DBF7DAD6F9F7BA4C
:10F79000F7DBEF9AEFBBEFBBEFBBF7DBCED9B65988
:10F7A000C6D9CEF9C6BAC6BACEDAD6DAD6FBF7DCF7
:10F7B000FFFCFFFCFFFDF7DDEF9CE73CEF9CF7DD76
:10F7C000F7BDF7BDF7BDFFDDFFFEFFDEF7BEFFDED5
:10F7D000FFDEFFFEFFFFFFFFFFFFFFFFFFFFFFFF5B
:10F7E000FFFFFFFFFFFFFFFFFFFFFFFFFFFFFFFF29
:10F7F000FFFFFFFFFFFFFFFFFFFFFFFFFFFFFFFF19
:10F80000FFFFFFFFFFFFFFFFFFFFFFFFFFFFFFFF08
:10F81000FFFFFFFFFFFFFFFFFFFFFFFFFFFFFFFFF8
:10F82000FFFFFFFFFFFFFFFF5C595C595C395C384D
:10F83000543854395C3954395418541854195439BB
:10F84000543954395C5964795C396C996C9A649A6E
:10F850006CDB74FB84D79D37BE3ABE5BADB98CF8C8
:10F8600074D974FB64DB5C5A54394BF84BF84BD7B2
:10F870004BB7439743B74397439743974397439770
:10F88000439743773B363316331632F5331632B28D
:10F890004A4B3A6E3B146C134A29EE96DE978B6BFB
:10F8A000394510842105294639A841E94A294209E8
:10F8B00039C8318739C84A4A524A526B314739C828
:10F8C0004A2A210539E941C842094A4B526B526B19
:10F8D000420A39A839A8420939A862486A474166EC
:10F8E00020E518A418A441C9526B524B7B8F2926DE
:10F8F00021054A09524A4A2A7B8F8BF05A6B41E90B
:10F90000ACD2F718BC92DCF3E512F553F574F5743C
:10F91000F574ED53F5B4E513F75DEF1DBD57CE1A41
:10F92000943238E571269AEA93ED41C95A6B524AEE
:10F930005A6B5A6B628C6AAD49A941685A4A41A810
:10F940007B4F734F83F04A09524A3187314739C997
:10F95000C48DC40B49E8D6FBFD98FDB8D6DB3988C9
:10F9600029265A8B62AB398749E9A4B283AE52CDBE
:10F970006BF342CF2A0C19AA19AA220D53D06CD1CD
:10F980002A4E32CF32AF542D5C6E3AAE42EE430F68
:10F990004B6E85535BB153506C519DD58D738D92D9
:10F9A0009613AE54AE74AE94A614ADB6BE58D73905
:10F9B000E79AE79AEF9BE79AEFBAF7DAEFBAF7DA46
:10F9C000FFFAF7DAE77AEF9BEFBBF7DBEF9BCEFAB4
:10F9D000C719D759D75AD6FAD6FAD6DBE77CFFFC37
:10F9E000FFFCF7DCEF9CE75CE73CE75CEF9DEF9DFD
:10F9F000EFBDF7BDF7DDF7DDFFDEFFDEF7BDF7DEBC
:10FA0000FFFEFFFEFFFFFFFFFFFFFFFFFFFFFFFF08
:10FA1000FFFFFFFFFFFFFFFFFFFFFFFFFFFFFFFFF6
:10FA2000FFFFF699F6FBFFFFFFFFFFFFFFFFFFFF62
:10FA3000FFFFFFFFFFFFFFFFFFFFFFFFFFFFFFFFD6
:10FA4000FFFFFFFFFFFFFFFFFFFFFFFFFFFFFFFFC6
:10FA5000FFFFFFFFFFFFFFFF5C595C595C395C391A
:10FA60005C395C595C595C595C595C595C39543956
:10FA7000543954395C5964795C595C79649A5C7A7C
:10FA80007CD9A599BE3BBE5BA59984F974FB7D3DED
:10FA90007D5D7D5D751C6CFB6CDB64DB64BA5C7A40
:10FAA0005C595C7A543954185419543954394BF808
:10FAB0004BD843983B773B363B363B363336333671
:10FAC0003A4E422B4B5273D1AC4DA49031667A889A
:10FAD000314618E5294631A731A739A839A831A7F9
:10FAE0003187318741E94A4A526B41E9294639C891
:10FAF0004A2A318741E9420962287B0B4A4B420975
:10FB00006B0D8BEF41E9292629673146396518A429
:10FB100020C520E518A43988524B5AAC9471292588
:10FB200020E539A8524A5ACC6B4D8BD093F039A8B6
:10FB3000A491F718CD77DDFACD56CCF4DCF3E512BD
:10FB4000ED32F594FE36CD13D69AB555CDD9CDDA32
:10FB5000DE5CA4D540A4A30B9C2E41C85A6B524A2C
:10FB60005A6B5A6B628C6AAD418941886A8B522A02
:10FB70007B707B908C104A094A0929253187420AFB
:10FB8000C4F0B3EBAD76FEBBE149D949FEFC94F479
:10FB90004A09F7DFDFBEDEDB6B0DA4B284523AF018
:10FBA0002A6E1A0C220C222D222C21ED5C515C5065
:10FBB0002A6E32CF32CE64AD53EF3AAE430F4B4F85
:10FBC00053CF7D516CD0855185B18D729DB4C6F6F1
:10FBD000E778C6F6AE75D757BED6A5B5A575ADD72D
:10FBE000D6FAEFDBDF7ADF79E799EFB9EFD9F7D90A
:10FBF000F7D9FFFAF7DADF5AF7BBFFFCFFFCD75A59
:10FC0000CF19CF1ADF7BDF7BDF5BDF3BE77CEF9C2D
:10FC1000E75BDF3BDF3BE75CE75CE77CEF9CEF9C6F
:10FC2000F7BDF7DDFFDDFFFEFFFEFFFEFFDEF7BEE7
:10FC3000FFDEFFFEFFFFFFFFFFFFFFFFFFFFFFFFF6
:10FC4000FFFFFFFFFFFFFFFFFFFFFFFFFFFFFFFFC4
:10FC5000F73CC124C207FF9EFFFFFFFFFFFFFFFF2E
:10FC6000FFFFFFFFFFFFFFFFFFFFFFFFFFFFFFFFA4
:10FC7000FFFFFFFFFFFFFFFFFFFFFFFFFFFFFFFF94
:10FC8000FFFFFFFFFFFFFFFF647964795C595C5958
:10FC90005C395C395C395C5964796CBA649A647912
:10FCA000649A5C795C595C595C795C7A6479957981
:10FCB000BE7CADFA8D1774B86CDA6D1C751C753C82
:10FCC000753C753C6D1C751C751C6D1B6CFB6CDBF1
:10FCD0006CDB64DB64DB64BB64BB649A5C7A5439C0
:10FCE00054194BF94BB843B843B843983B57439822
:10FCF0003B143A0B5B2FA4916A89086349C7728849
:10FD000018C5294631A831A731A731A7318731A7B6
:10FD100031A731A74209524A4209292639A8316739
:10FD20004A2A318739A84A2A41C89BABCDD4C59409
:10FD3000CDF5CDD5D6365AAB18C520E518C520E58A
:10FD400020E520E520C53167420A7B8FAD132905E8
:10FD500018C429464A2A42095AAB6B2D8BD041C898
:10FD60009C70F6F8CD76EE5BE63BE63ADDD9CD56F3
:10FD7000DE18DE179BAE628B5AAB4A2A5A8B8BF188
:10FD80009C72D65C9C7482A98B2A39A8526A524B09
:10FD90005A6B5A6B5A8C62AC624A7ACB520A62CD69
:10FDA00083B083B083CF4A293987290539C84A4BA4
:10FDB000B4D1B46E630DF79EF3B1F3B1FF9E4A4B1D
:10FDC0008BF0AFBE0556DFBEAD15A5575BD332F045
:10FDD000328E328E328E32AF3ACF326E7D325BF15E
:10FDE0003AF043304B8F85B164114B504B504BEE82
:10FDF0006D4F7DD08E118E118DB195D5A71CC79CEE
:10FE0000F7D9CF17C6F6D758DF79B637ADD7B5F7DC
:10FE1000B5D8CEB8E79AE799E799E7B9EFB9F7D936
:10FE2000F7D9F7DAFFFAF7BAD719EF9BFFFDEFBB67
:10FE3000CF3ADF5ADF7BD73BDF5BDF7BD71AD6DADF
:10FE4000DF3BE79CEF9CE79CEF9CEF9CEF9CEF9CDB
:10FE5000EFBDF7DDFFDEFFFEFFFEFFFEFFFEFFFE54
:10FE6000FFDEFFDEFFFFFFFFFFFFFFFFFFDFFFFF04
:10FE7000FFFFFF5DEB70EC32FFBFFFFFFFFFFFFFF7
:10FE8000FFDFDC71E4F3FFFFFFFFFFFFFFFFFFFF7A
:10FE9000FFFFFFFFFFFFFFFFFFFFFFFFFFFFFFFF72
:10FEA000FFFFFFFFFFFFFFFFFFFFFFFFFFFFFFFF62
:10FEB000FFFFFFFFFFFFFFFF5C585C596479647927
:10FEC0006479647964796479649A6CDA74FB74FB9C
:10FED00074FB6CDA5C795C795C596C98ADFAADDADC
:10FEE0007C756436647964DB64BA64BA64BA6CDBCA
:10FEF0006D1B751B751C753C751C751C6D1C6D1B75
:10FF00006CFB6CFB6CDB649A649A649A5C59545980
:10FF10005C5954194BF84BF94BF943B84397437765
:10FF200043B82A0D6B4E7B6E18A418C582C95A2798
:10FF3000210639A8318731A731A731A731A731A7C9
:10FF400031A731A7420941E92126314741E9294733
:10FF500042093187318741E94A2A2947528A734D3C
:10FF6000524A39C97BAE6B0D49E82105292620E4A8
:10FF7000290631672105290641C983F0A49162064B
:10FF800020E520C441C84A2A524A5AAB6B0D41C9E8
:10FF90009430F6F8CD76E65BE61AE63AE61AFFBF4D
:10FFA000E71C62ED4209526B522941E8314639A7FC
:10FFB0007B8E9451D65CA410A38993EE4A0A524BCF
:10FFC000526B5A6B524B732E93EE72ED39887B6FE6
:10FFD000838F8BF0736E39C82905318739C852ACCD
:10FFE000A492AC9028E5632EF7BEF77D6B4E2148B6
:10FFF0008C53DFBE9F1CEFBEEF9FF79EE75DEF7E49
:020000040804EE
:10000000E75DE75DE75DE75DE75DE75DEF9DEF5D80
:10001000E75DE75DEF7DEF9DEF7DE75DE77EAE9508
:100020007E108E1185D18DF29E789F3E971CC73928
:10003000F7D9F7D9EFB9E799EFBAC698ADD7B6189F
:10004000A5569D36B617CEF9D739DF59E779F7D9D6
:10005000FFFAF7DAFFFAFFFBF7DBDF5AF7DCF7DC32
:10006000DF7BDF7BD73ADF3BD73BD71BE77DEFBC9E
:10007000EFDCEFBCEFBCEFBCEF9CEF7CEF7CEF7DE7
:10008000F7BDFFDEFFFEFFFEFFFEFFFEFFFEFFFEF1
:10009000FFFEF7BEFFDEFFFFFFFFFFFFFFFFFFFFDB
:1000A000FFFFF5D8E108E18AFEFCFFFFFFFFFFFF3D
:1000B000FFFFFFFFFFFFFFFFFFFFFFFFFFFFFFFF50
:1000C000FFFFFFFFFFFFFFFFFFFFFFFFFFFFFFFF40
:1000D000FFFFFFFFFFFFFFFFFFFFFFFFFFFFFFFF30
:1000E000FFFFFFFFFFFFFFFF5C385C585C595C5966
:1000F0006479647964796CBA6CDA6CFA74FB751B98
:100100006CDA5C79649A5C7974B8B61A94F66BF41C
:1001100074DA7D5C751B64BA649A64BA64BA6CDB89
:100120006D1B751B751B6D1B6D1B751B751C751B66
:10013000751B6CFB6CFB64BA649A647A5C7A5C5ADB
:10014000543954194BD84BB843B843B843B74398C4
:100150004BB774136B2E210518C42105A3AA418641
:10016000296731A7318731A831A731A731A731A736
:10017000318739C839E929672105420941C829264B
:1001800041E931873187318742094A2A292639C90D
:100190004A4A526B4A2A422AC531728818E52926F2
:1001A0003187318720E5290641E97BAF83CF7A8704
:1001B00051E618C529264A2A4A6B528A528B41E9D0
:1001C0008BEFF6F7CD76E65BE61AE61AFF7ECE38C1
:1001D00041C829463987314639A749E95A8A8C30BE
:1001E00062EC62CB734D9C73E54FB42C4209526BA9
:1001F000524B5A6B524A62CC941141C9398783D011
:100200007B6F734E4A2A29262905318731875ACDBB
:100210009C7193EF396721065ACD6B9153307C5412
:100220008474BE19E6FCF7BFC5F752075A685A68CE
:100230005A485A685A685A685A685A485A485A482E
:100240005A685A485A485A485A685A47732BF79E70
:1002500096138DD19E769EDB973E96DC9E15BEB59D
:10026000FFFBFFFFF79DF79DF79DF7BEDF3CADD786
:10027000A5979D5695359D56A5B7AE17BE57C6B8DE
:10028000CED8D6D9E779F7DAFFFBFFFBE79BEFBCC7
:10029000E77BD71AD6DAD6BADEFBFFDFDEFBF7BE86
:1002A000FFFEF7DCF7BDF7DDFFDDF7DDEF9DEF9D2E
:1002B000F7DDF7DEFFDEFFFEFFFEFFFEFFDEF7BE2F
:1002C000F7BEF7BEFFDEFFFFFFFFF79EBD95DEBA6C
:1002D000FFFFFF9EF453F4F5FFDFFFFFFFFFFFFF7B
:1002E000FFFFFFFFFFFFFFFFFFFFFFFFFFFFFFFF1E
:1002F000FFFFFFFFFFFFFFFFFFFFFFFFFFFFFFFF0E
:10030000FFFFFFFFFFFFFFFFFFFFFFFFFFFFFFFFFD
:10031000FFFFFFFFFFFFFFFF5C185C385C385C5895
:100320005C58647964996C996CBA6CDA74FA74FBF1
:1003300074FB74FB6CFB84F8B5FA94F67C75751B42
:100340007D7C7D3B751B6CFB6CDA64BA64BA6CFB1C
:100350006D1B6CDA64BA64BA649A64BA64BA64BA3B
:1003600064BA6CDB6CDB6CDB64BB649A5C7A5C3912
:10037000541954184BF853F94BF84BB843B84396FB
:1003800084958C7339A818C418A451E783092106F1
:1003900031A731873187318731A731A731A731A7FD
:1003A00031A739C839A829472947526B39A820E510
:1003B00039E93187318731A73187420941E8296717
:1003C0004A4A4A4B4A4A4A2A526B934A41A731A8A1
:1003D00041C9318720E529264A0A83D06AEC93086F
:1003E0007A87314620E531674A2A42094A2A4A0A71
:1003F0008BCFF6D7CD76E63AE61AFF5DBD9639A8E3
:1004000039C8294629464A09524A5AAC9471BD74E2
:10041000732D4A2A4A29528B8BAEB3EB62CB4A0A20
:10042000526B524A524A7B4E62CC1883522A8BD06E
:1004300062AC526B292618A33146424A52EE6B4FEA
:100440009C1083D0422B6BD26C147455C67BDF3D5D
:10045000DF7ED73ECEDDEFBFD678626862A96268E4
:1004600062A962895A6862895A8862EA5AA95A68F6
:100470005A685A695AAA5A8962895A687B6CF79EE7
:100480008D547CF28D348D548D758CF49573AE95AE
:10049000F7DE83CE52075A6852275A69E6FBCEBB75
:1004A000A5979D77B5F8C619BDD9CE7ADEFBDEBA21
:1004B000DEDADEFADEFAEF7BFFFBFFFCFFFCF7DCA7
:1004C000EF7BD699CE9ACE99FFFFA4B23943732B16
:1004D000F7BEFFFDFFFDFFFDFFFDFFDDF7DDEF9D3B
:1004E000F7BDF7DEFFDEFFDEFFDEF7BEF7BEF7BECD
:1004F000F7BEF7BEFFDEFFFFFFBE6B0B312349A542
:10050000D679FFFFFFFFFFFFFFFFFFFFEFDFF7FFE2
:10051000FFFFFFFFFFFFFFFFFFFFFFFFFFFFFFFFEB
:10052000FFFFFFFFFFFFFFFFFFFFFFFFFFFFFFFFDB
:10053000FFFFFFFFFFFFFFFFFFFFFFFFFFFFFFFFCB
:10054000FFFFFFFFFFFFFFFF5C185C385C385C3883
:100550005C585C585C5964996CB96CBA74DA751B58
:100560007D3B7D1B8D59B5F98496A5B97D3A755CA7
:100570007D3B7D3B753B751B751B6CFB6CDA6CFA28
:100580006CDA649A649A64BA649A649A649A649A13
:1005900064BA64BA64BA64BA5C7A5C3954395C5936
:1005A0005C595C395C595439543954194BB77C3314
:1005B0009CF66B4F210520E510A45A075A07210627
:1005C0003187294629462946318731A731A731A7E6
:1005D00031A731A831A8292639C8526B316720E5E7
:1005E00039A83187318731A731A731A7420939E9C5
:1005F000294739C84A2A4A2A420939C84A0A4A4A6E
:100600004A4A2947292629265AAC630D6269B3CA8A
:10061000B3AA6206210620C4292639A8420941E965
:100620005A49B48FCDB8EE9CF71CD61839C841E9A9
:10063000420939A84A09524A41E939A839C83187DB
:10064000316741C84A2A39A839C9AC4ED5D44A4A7B
:100650004A2A628B7B0D8BF04A4B39EB7B906AEC1C
:10066000524A39A820E54A6C63706BD27BB07B4D4F
:100670009CB473D174556BF38C94EF3CFFFFF7DFA0
:10068000E75EEF7ED73E8D7AB63AE75DE73DFFFF46
:10069000E6FBEF7DF7DFEF7EFF9EDC72F6BAF7BE7A
:1006A000F79EFF9BF691FFDDF7BEEF7DEFBEAE57E5
:1006B0007D1285138D338D338CF38CB49D74AE75A0
:1006C000F7DE62893103418441A52902AD33E75E3B
:1006D000AD98BE19DE7CF69DF6BDF6DCFEFDFEFD96
:1006E000FEFDFF1DFF3DFF5DF77CE75AE77BEF9CBA
:1006F000EF7CD6DACEBAD6BAFFFF6B0B416449C69F
:10070000E73CFFFEFFFDFFFDFFDDFFFDF7BDE75C02
:10071000EF7DF7BDF7BEF7BEF7BEEFBEF7BEFFFF3A
:10072000FFFFFFFFFFFFFFFFEF7D49C649E63944AA
:10073000AD13FFFFFFFFFFFFFFFFFFFF3619565A04
:10074000FFFFFFFFFFFFFFFFFFFFFFFFFFFFFFFFB9
:10075000FFFFFFFFFFFFFFFFFFFFFFFFFFFFFFFFA9
:10076000FFFFFFFFFFFFFFFFFFFFFFFFFFFFFFFF99
:10077000FFFFFFFFFFFFFFFF5C385C185C385C5831
:100780005C585C385C385C386C9974FA74FA7D3B60
:10079000751B8D39B61A7476A5B9957A753B7D3B74
:1007A000753B753B751B751B751B6CFB6CDA6CBA66
:1007B00064BA647A647A649A649A647A647A647AC9
:1007C000647A647A5C7A5C595C5A5C7A647A649A7A
:1007D000649A5C7A5C5A5C59545A4BB67C1394B553
:1007E0006BB2632F398718C418C441A6624718E555
:1007F0002125212621262126316731A731A731A7BE
:1008000031A731A7318729464A2A4A2A210520E5FE
:1008100031A83187318731A831A731A731A839C92B
:10082000294620C4316739C839C8420A4A4A4A4B66
:1008300039A821262926316762EC4A2A5208B3A931
:10084000C4AEBCAF49E841E9294620E520E418E5FB
:100850005A06BBEA732DB535F6FC6AED39C84A2A4B
:1008600041C839A7524A420920E518A320A320A372
:1008700018A418C420E5292629675A28FED6AD12E7
:10088000628B834DB53383CF5B5274158CB75AEFAF
:1008900049E931876B9184748C94AD565AEE7C96FD
:1008A00074349D16AD76528CF79EA71F8E9EEFDF97
:1008B000FFDFD73D7D3932F211ED19ED5372EF5C58
:1008C00049A5838DCE9B8D37F5D6A000D34DC6DCD0
:1008D000BE5CFE8FDC80FEF4BEDA755085928572B8
:1008E0008D538D738D749574953494D49D55AE55F8
:1008F000DF5BEF7DD659BDB649E63944AD34FFDF45
:10090000E69CEEBDD65BEEFDFF7DF69CFEFCFF7D1A
:10091000FF7DFF9EFF3DFF1DEF3CC699CEBAD6FB83
:10092000DF1BD6FBCEDACEBAFFFF7B4C41845207E9
:10093000E73CFFFEFFFDFFFDFFDDFFDDEF7DE73C58
:10094000EF5DEF7DEF9DF7BEF7BEFFDFFFFFEF5DD1
:10095000EF7DEF7DEF5DEF7DDEDA51E649C6416464
:10096000A4D2EF7DEF5DEF7DEF7DEF5D9EDBBF7E7F
:10097000FFFFFFFFFFBCFFBBFFFFFF9AFFDDFFFF95
:10098000FFFFFFFFFFFFFFFFFFFFFFFFFFFFFFFF77
:10099000FFFFFFFFFFFFFFFFFFFFFFFFFFFFFFFF67
:1009A000FFFFFFFFFFFFFFFF643854185C185C383F
:1009B00064585C385C3864586C996CBA74FA7D1A67
:1009C0009559B61A74B8853AADFA6C9974FA6CDA1E
:1009D0006CBA6CBA74FB751B751B6CFA6CBA649AB2
:1009E000649A64795C79647A649A647A5C79649ACA
:1009F0006CBA54395C59649A649A649A6CDB64BA30
:100A000064BB64BB649A5C7A53D673D184536350DD
:100A100052EF73F2526A18A418E52946728821052C
:100A200020E52105210521263187318731A731A70E
:100A300031A731A8316739A8524A398718C420E54F
:100A400031A83167296731A8318731A8294731A8F2
:100A500039A820E520E52946420A4A6B5AAC420AE9
:100A60002926210520E541E9528B420939C89B49D5
:100A7000ABEBD5F46AA94A2A526B4A2A41E92967A5
:100A800041A6ABEC49E820E5524A41E94A2A4A2A04
:100A9000316639A841C818C4414492E7B3EAABEAC9
:100AA0006A2528C318C42105292631679C70A42F04
:100AB0007AECCDF59C7141E952CE84347BF46B9392
:100AC0004A4C5B0E94B59CF58C94F79ED6BBC67BC6
:100AD000E73CFFFFFFFFB576E79F5E1E4DFECF7F31
:100AE000EFBE8DBA6CB86C977CB864169D7ADEDA6E
:100AF000394462A9E73DBEBDED75A801D32DE79F3E
:100B0000DF5FF66EDCC0FED4D77B9E73A6B59E3346
:100B10009613BED6B6759594953494F49D15AE157E
:100B2000B696C6B8DF5CEF5C49C63943AD34FFFF0B
:100B3000EEDDF6DDEEBDEF3DFFFEFF5DFFDEFFFE0D
:100B4000FFDEFF9EFEFDF6DCEEDCEF7CDF3BEF9E82
:100B5000E73CD6DACEBACEBAFFFF734C416451E619
:100B6000EF3CFFDEF7DDFFFDFFDDFFFFEF7DE75C24
:100B7000EF7DEF9DF7BEF7DEF7DEFFFF83AD49A502
:100B8000520651E651E6520649E641C549C549C5F6
:100B900051E649E649E649E651E652065A27DEBAE9
:100BA000FFFFFFFFFFBCFDE5FE29FE07FFFFFFFF84
:100BB000FFFFFFFFFFFFFFFFFFFFFFFFFFFFFFFF45
:100BC000FFFFFFFFFFFFFFFFFFFFFFFFFFFFFFFF35
:100BD000FFFFFFFFFFFFFFFF64595C1853F75BF750
:100BE0005C386458647864796C996C996C9984F970
:100BF000B61A7CD86CBAADFA8D3964796C796458C0
:100C0000645864796CBA6CBA6CBA6CBA649A6499B8
:100C10005C795C795C79647A647A64795C59859DE5
:100C20009E3E751B647A6CDB6CDB64BA6CDB6CFB20
:100C300064BA64BB64BB64167C1273D15B0F5B0F38
:100C40005B106350730C20E520E521066247418666
:100C500018C52105210529463188318831A831A8D8
:100C600031A831A831874209420920E520E5210554
:100C700031A83167292631A83187316729262967AC
:100C80002967296720E54209528C5ACC5ACC29475A
:100C900020E528E5290641E94A0939A83167834B4F
:100CA000ABEBD5F4A44F4A2A524A524A4A4A420967
:100CB00039C9836C9BED292620E44A2A4A2A39C87F
:100CC0002925294618C54144BC4CD5B1DE13FF99EE
:100CD000F6D582E8188320E420E5294649E88B6DA3
:100CE000D6368BEF41C94A2A5A6A732E73B36BD436
:100CF0007CB894D694B59CF58474E73DFFFFFFFF64
:100D0000FFFFFFFFFFFFE71CE71CC79FAF1FFFFFB1
:100D1000DF5EA63CAE5CF7DFEF7DEF5DEF7DCE38AA
:100D2000418562A9EF3CEF7DD4F3A821C2ECEF7DB1
:100D3000EF7DEE0DE4E1EE71EF7DEF5CEF3CF7DE71
:100D4000D738EF98FFF9AE3595349D549D16A5958B
:100D5000ADF68D34A617E6FB49E63943AD33FFDF28
:100D6000F6DDF71DFF5DF73DFFBDFFBDFFBEFFFEDA
:100D7000FFDEFF7DFF3DF73DFF5DFF9EFFFFDEBA1B
:100D8000FFDFE75CCE9ACEBAFFFF734C4164520698
:100D9000E73CE75DF7BDFFDDFFFFF71CFFBEF79EF9
:100DA000EF5DEF7DF7DEF7DEF7DEFFFF7B8D49A518
:100DB0005227520752275A27520741C649C549C5EB
:100DC0005206522752074A075227520649C6D67979
:100DD000FFFFFFFFFF9AF581F540FDC4FFBCFFFF59
:100DE000FFFFFFFFFFFFFFFFFFFFFFFFFFFFFFFF13
:100DF000FFFFFFFFFFFFFFFFFFFFFFFFFFDFFFDF43
:100E0000FFDFFFDFFFDFFFFF64385C175C175C1755
:100E10005C175C5864996C996C9964997498ADD915
:100E200074B864997498B63B6C5864595C385C38F3
:100E300064586479647964796479647964796479EB
:100E4000647964796479647A649A5C795C79859D63
:100E5000A65F859D649A6CDB6CFB6CFB6CBA64BA14
:100E600064BB5C595B93632E52CE52CE5B0F52EF44
:100E70004A8E426C7B6E49C718E5210649C751E787
:100E800018C520E52105318731883188318831A89E
:100E900031A831A831A84209292618C418C421054F
:100EA00039A831872105318731A82946210629260D
:100EB0002926294631875AAC5AAC62ED39A820E57B
:100EC00020E5290539A7294739874A2929465A693A
:100ED000C552DE56CDD44A4941E941E941E94A4A81
:100EE000420A936AD5B3C557526B318842093146DD
:100EF0002105292620E49B48D52ED54ED52ED5B1E7
:100F0000FFDAEEB5418518A420E4212541A862ABA3
:100F1000FF79BD7341E95A6B7AEC6A8B5ACE6C1635
:100F2000A5DC94D68CB594D58C74EF5DFFFFFFDF04
:100F3000FFFFFFFFFFFFFFFFAD76D65AEF5DEF7EAD
:100F4000D71EA5FCE77FAD3341A549C641A5418425
:100F500039444164498541C56944B86290C341C57B
:100F60003965ABC3FD828B24396549E649C68BEFF1
:100F7000FFFFEFB8E738ADF69D74A555A556A5550A
:100F800095358D74C6FAE73D41A62904A515FFFFE6
:100F9000FFBFFFFFFFFFFFFFFFFFFFFFFF9EFFDE23
:100FA000FF9DFFBEFFFEFFFEFF9DFFFFB5953102D7
:100FB00083AEFFDFE75CCEDAFFFF734C416452067D
:100FC000E73CEF9EF7BDFFFFDD75A0A3C32DFFFF3C
:100FD000EF5DEF5DEF7DF7BEF7BEFFDFFFFFEF5D7B
:100FE000DEBAD699D699DEBAC61749E649C6416433
:100FF0009470DEBAD699D69AD699E71CF79EFFFF71
:10100000FFFFFFFEFE6BFD82F560F582FEAFFFFF86
:10101000FFFFFFFFFFFFFFFFFFFFFFFFFFFFFFFFE0
:10102000FFFFFFFFFFFFFFFFFFFFFFDFFFDFFFDF30
:10103000FFDFFFDFFFFFFFFF6C995BF75C175C17BB
:101040005C175C175C3864586CD96C98A5997CD88F
:101050006C9953D784F89D9953B75C185C185C3829
:101060005C585C585C595C79647964795C795C792A
:10107000647964795C795C595C795C795C795C79D8
:10108000753B64BA64BA64BA64BA64BA64BA5C9A06
:1010900053D663504A4A292620E52926210620E511
:1010A0002126422B6BD17B0B3167212639866227A3
:1010B00018C420E529263187318731883188318865
:1010C0003187318739A8316718C418C418C431670B
:1010D00031A8318820E5292631A8292620E52126B6
:1010E0002105210542095AAC5ACD4A4A20E5292654
:1010F0003188520849A752494A2A41E94A0A4A080E
:10110000CDB4DE15DE355A8A318741E94A4A526B41
:1011100041E9C4EFD5B4E69C732E294739C820E5D0
:10112000292618C54985CCCCD54EC4ACCD0EC4EE0D
:10113000E674FFDA628810A420E418C4526B41E917
:1011400083CEF75972CB7ACB7AEC5A4A39A8630F1F
:101150009D3794D68CB694B58C94EF5DFFFFFFFF5E
:10116000FFFFFFFFFFFFFFFFD6BB8412AD77DEFC62
:10117000AE5D9DBCEFBF6AEA39446AEA7B4C83AE40
:101180007B8D7B8D83AE736C832CD28BAB4C736C5D
:101190007B4DAC6BFE2A940C6B0C6B0B418549E6C6
:1011A000EF5DB5F894F69D56A5B5A575A5559DB40A
:1011B0009E15BED8FFDDEE0DB403ABE3D549F64D69
:1011C000F64DF64DF64DF64DF64CFF58FFFFFF7D00
:1011D000FFDEFFFEFFFEFFBEFF5DFFDFD67949C6E3
:1011E00039237B8DFFFFEF9DFFFF7B4C416452064F
:1011F000E73CEF7DFFFFDCF4A8C3A041CBF0FFFF8D
:10120000F7BEF7BEEF9DEF9EF7BEF7BEFFFFB554EA
:1012100049E6522752075227520641C549C549C5DA
:1012200051E652065206520749E67B8DFFFFFFFF4B
:10123000FFFFFFFFFFFFFF79F5C4FFDDFFFFFFFFAB
:10124000FFFFFFFFFFFFFFFFFFFFFFFFFFFFFFFFAE
:10125000FFFFFFFFFFFFFFFFFFFFFFDFFFDFFFDFFE
:10126000FFDFFFDFFFDFFFFF64385BF75BF75BF754
:101270005BF753F753F753F753D78CF87C975BF72B
:10128000643753B69559747653D75C185C385C58FC
:101290005C585C585C585C585C585C595C595C59AB
:1012A0005C5964795C795C595C595C79649A64BA7C
:1012B000649A64BA64BA64BA5C9A5C586C985B715C
:1012C0005AAC526A420A290618C418A4294752ADDA
:1012D0006BB2741463B2734E526C214729266A684C
:1012E000210518E529673187318731A831672967DA
:1012F0003187318731A8210518C518C4294631A87E
:1013000031883187210518E52967292620E521063E
:1013100021052926420A526C528C29472105318722
:1013200039A8316739A8B512DE579430526B41E9BC
:10133000C573DE35DE56732C4A2A526B524B4A4B2C
:10134000524AE632C554D5FA7B8F3167292620E50B
:10135000292618A449A5CD0DCD4FC4CDB46CC4EE3B
:10136000C52FCD5049A518C420E410A35AED7B8F9A
:101370003966838EACB16ACB49E94A0941E9528B9F
:101380009D1794F68CD694B594D5EF7DFFFFFFFFA3
:10139000F7DFFFFFBF5DAF3DFFFF9CF5CE59EF7D4F
:1013A000AE1C9DBCEFBF732B3123D699FFFF945029
:1013B000DEDBE71C9450FFDFFFFFAD75AD54FFFF90
:1013C000E73DFFFFE71CF7BEFFFFE71C41A55227E3
:1013D000EF7DAE169D54A5D6ADB6ADD5A635AE768D
:1013E0009E55E79EFE6EED00F582F582F541ED21FA
:1013F000ED21ED21ED21ED21ED00ED64FFDDFFDEBE
:10140000FFBEFFDEFFFEFFBEFF9EFF9DFFFFCE582B
:1014100049C639237B8DFFDFFFFF732B41845206C2
:10142000E73CFFFFD4B2A0A3A082CBF0FFFFFFDE1A
:10143000FFDEFFDFF7BEF79EF79EF7BEFFFF940FBC
:10144000394351E651E651E649E641C549C549C52A
:1014500051E649E651E649E639645A48FFDEFFFFA6
:10146000FFFFFFFFFFFFFFFFFF9AFFFFFFFFFFFFF1
:10147000FFFFFFFFFFFFFFFFFFFFFFFFFFFFFFFF7C
:10148000FFFFFFFFFFFFFFFFFFFFFFDFFFDFFFDFCC
:10149000FFDFFFDFFFDFFFDF5BF753D653D653D607
:1014A00053D653D653B6539663F68CD64B7553B674
:1014B00053B653D68CD764165C185C185C385C58ED
:1014C0005C585C585C585C585C585C795C595C5959
:1014D0005C585C585C585C595C595C5964996499D7
:1014E000649A649A5C795C386C778D1873D1526B0E
:1014F0004A4A4A4B292618A4294752CD7C34847580
:10150000741473D373F45B0F5B30318818E5624752
:1015100041A618E531873187318829672126294678
:1015200031673187296720E518C4212631A8318722
:101530003188316720E518C420E5294620E520E5FB
:1015400020E5296739C94A2B420A20E518C4292613
:1015500039C939C841E94A2A734DBD94D6569C70A1
:10156000BD32E676E676732C39A9420A420A41EA90
:10157000628AF694C596DE3AA4B45B2F210520E575
:10158000316721054185BC6BC4CDB44CB48DBCCE54
:10159000BCCE8B2828E3210518E41083736F8C32AE
:1015A00031454A29FF7AACF239A84A2A4A0941E969
:1015B0008CB59D378CD68C949D15F79EFFFFFFFF51
:1015C000DF9E3E3915B74639E7BED6BBD69AEF5DEA
:1015D000B63CA5FCF7DF732B3103DEBAD679206069
:1015E000AD13ACF32080D679FFFF5A685206EF5D49
:1015F00063D0E77D62AA5A68F7BEE71C418552278F
:10160000EF7DBEB7A615ADF6ADD6B696B6B7AE773A
:10161000B6B7EFDFF62BED00F563F562ED42ED2294
:10162000ED22ED22ED22ED22ED21ED43FFBCFF7E08
:10163000FF5DFFBEFFFEFFDEFFDEFFDEFFBEFFFF42
:10164000CE5949C639237B6CFFDF7B4C416452067F
:10165000EFBEDC92A082A082D431FFFFFFFFFFFF2C
:10166000FFFFFFDFFFDFF7BEF79EF7BEFFFF9450DF
:1016700031028C2FFFFFFFFFE73C49E649C6396482
:10168000AD13FFFFFFFFCE38394462A9FFDFFFFF34
:10169000FFFFFFFFFFFFFFFFFFFFFFFFFFFFFFFF5A
:1016A000FFFFFFFFFFFFFFFFFFFFFFFFFFFFFFFF4A
:1016B000FFFFFFFFFFFFFFFFFFFFFFDFFFDFFFDF9A
:1016C000FFDFFFDFFFDFFFFF53D653B653B653B63E
:1016D00053B553B553B5539584965BB553D65BF765
:1016E00053D65BF684B664165C185C185C385C38BC
:1016F0005C585C385C585C585C585C595C585C5869
:101700005C3864796CB964795C585C596499649A02
:101710005C795C376C7795599D796B704A2A4A4A97
:101720004A4A3187294752CD7C3384957C547C3496
:101730007C3473F474146B925B71422B18C4398639
:101740006A67210531873187294621062126292606
:1017500031673167210620E520E5318731A83188DE
:101760003187294620E518C518C42105210618E54A
:1017700020E5296739C9420A318820C418C410A35A
:101780002946316739A8526A420941E9630D83AE9F
:10179000BD12E697DE359C508BEF8BEF83CF6B2D20
:1017A0008BADF6B5B515CDB9DE3A5AEE31672106E7
:1017B00039C8316618A46A25ABE9AC0AA3CAB46D6E
:1017C000B46C51A43187294620E418A48C5383F2C9
:1017D00020C4108483AEFFBA83CE39C94A4A39A8DF
:1017E00052AD9D588CB68C539D15F79EFFFFFFFFA1
:1017F000FFFF3619055605977EDBFFDEAD77D6591C
:10180000BE5CA5DCF7DF732B3923D6BA83CE28E282
:10181000E73CAD133123D699FFFF62CA6289E75DC9
:101820009D76FFFFC6173103734CDEDA41A55227C0
:10183000EF5DCEF8C6B7AE16C6D7E799E799DF7960
:10184000D779E7BDFF9BEDC8D4A3D4A3E545F5C781
:10185000F5C7F5C7F5C7F5C7F5C7FEF4FFFFFFBD30
:10186000FFBEF79DF79DFF9EFFBEFFFEFFFFFFDE61
:10187000FFFFD67949E6392383AE730B41645247A3
:10188000BB6DA882A082D492FFFFEF9EEF9EFFDF88
:10189000FFFFFFFFFFFFFFFFF7BEF7BEFFFF945004
:1018A0003103734CBD95BD95AD3349C649C64184DE
:1018B0008BCEB595B5959C7139646289FFDFFFFFCA
:1018C000FFFFFFFFFFFFFFFFFFFFFFFFFFFFFFFF28
:1018D000FFFFFFFFFFFFFFFFFFFFFFFFFFFFFFFF18
:1018E000FFFFFFFFFFFFFFFFFFFFFFFFFFFFFFFF08
:1018F000FFFFFFFFFFFFFFFF53D653B553955395EF
:10190000539553954B756C156C354B9653D65C17A8
:101910005C3864168CD65BF65C185C175C385C38F7
:101920006458649964796458647964796C996C99A1
:1019300064795C5964795C795C79649A5C795C3827
:1019400074779559A5DB84754A6B420A4A6B41E965
:1019500039A852AD73F28CB584957C547C347C34B8
:101960007C347C3473D36BB2639263B2296718C43E
:10197000728841E82967292620E5210521052926C5
:1019800029472946210521053167296729673187BC
:101990002967212618C518C418A418A4210520E514
:1019A00020E5316739E939C92926210518C418A36A
:1019B00010A3210531674A2A4A4A4A4A4A2A39A8C5
:1019C000ACF2E676D615B4F2D616E677EEB7E6B701
:1019D000CDF5E696CD97D61AD5B86AED2967318749
:1019E00039C939C818C4290469E58AC68B0782C772
:1019F00051E6398739C92925210539A7A4F3A4B1AE
:101A0000940F94109452DE77DE364A09420A4A2A2D
:101A1000292673B195178413A516F7BEFFFFFFFFA4
:101A2000E7BE5E7A35F8565AFFFFEF9EAD77D69A3D
:101A3000C69DAE1CF7DF6AEA28C2D6999C917B4C02
:101A4000FFFF9CB23123D699FFFFDEDADEBAFFFF3B
:101A5000FFFF7B8D9CB2BDD74A07C617418549C69B
:101A6000EF7DF7DBE799DF38E779E779DF39D739B9
:101A7000C6F9C719EFDEE71C41C63124AD14FFFFDC
:101A8000EF9EF7BEF7BFF7DFF7DFF7DFFFFEFFFFE1
:101A9000FFFEFFFEFFDEEF5DE71CE73CDF1CD6DB51
:101AA000CE9AFFFFD6795A48418449C549E68165F7
:101AB000A8A3A904DCF3FFFFF7BEEF9EEF9EEF9E05
:101AC000F7BFFFDFFFFFFFFFFFFFF7BEFFFF943011
:101AD0004164418430E230E2310249C541A549E622
:101AE000416430E230E2392341856289FFDFFFFF44
:101AF000FFFFFFDDFFFFFFFFFFFFFFFFFFFFFFFF18
:101B0000FFFFFFFFFFFFFFFFFFFFFFFFFFFFFFFFE5
:101B1000FFFFFFFFFFFFFFFFFFFFFFFFFFFFFFFFD5
:101B2000FFFFFFFFFFFFFFFF5BF65BD653B653B52A
:101B300053955395539574345BD653F653B653B6B9
:101B40005C376C5784D664165C185C1764586CB9A3
:101B50006C997CF97D1A6CB96C996CB96CB96CB9DB
:101B600074DA6CB9647964BA64BA5C586C568D38AE
:101B7000A5DB8CF75AEE39C94A4B4A4B39A8422AA1
:101B80006BD27C548CB584757C7484547C547C54A6
:101B90007C7573F36BD2743573F46BF352EE106390
:101BA0005A288B2A18C520E520E520E5210529467D
:101BB000294729462106296731A831A831672926F6
:101BC000210518E518C420E5298820E510A318E5AB
:101BD00020E5318839CA31882105294618A418C45E
:101BE00010A318A4292641E9420A4A4A526A420926
:101BF000B512DE56D5D46AEC41E9524A526B4A2AF4
:101C0000BD53E677CDD9EEFCE65BE65A7BF26391F5
:101C100041C84A4A398720E5318751E8628A736DA5
:101C2000528C39C831672946294672ECE699F77C0F
:101C3000DE98D615E677E6DBEF3CA4B241E941E950
:101C400039A841C96B918433A536FFDFFFFFFFFF41
:101C5000FFFFFFFFF7FFC77DFFFFF7BFF79EFFDE28
:101C6000FFFEEF7DE79FAD335A89F77DE77DDF1CEF
:101C7000E77E9C9128C252485A485A895A895A4844
:101C80005A6831035248FFFFF7BEFFDF732C83AE63
:101C9000FFFFF7DAEFB9EFB9EF9ABE57AD96ADD7C0
:101CA000ADD7A5B7BE59E6FB49E63123B554DF3DB4
:101CB000A597B619BE5AC67AC65AC69ADF1CEF7DDA
:101CC000FFDEFFFFFFDEDEFBC67AC679C679CE9A5D
:101CD000CE79D6BAFFFF8BEE418449E66944B0C4A1
:101CE000A8E4B1A6FFBEFFDEF7DDF7DEF7DEF7BE44
:101CF000F7BEF7BEF7BFFFDFFFFFFFDFFFFF945028
:101D0000394362A98BEF8BEF83AE49C641C649A523
:101D1000730A8BEF8C0F7B4C41646289FFDFFFFFFE
:101D2000FFFFFDA3FE8DFFFFFFFFFFFFFFFFFFFF94
:101D3000FFFFFFFFFFFFFFFFFFFFFFFFFFFFFFFFB3
:101D4000FFFFFFFFFFFFFFFFFFFFFFFFFFFFFFFFA3
:101D5000FFFFFFFFFFFFFFFF5C375C175C175C179F
:101D60005BF753D663D563D453D65C375BF753D652
:101D700053D664168CD764365C3853F75C3874D904
:101D80007CF97CF97D1A7D3A7D1A6CB96CB974D9ED
:101D900074FA6CDA6CFA6CB96C568CF79D9A8CF705
:101DA0006370420A41E9528B422A39A85B0E84953E
:101DB0007C548CD584957C757C75847584757C3455
:101DC000632F6BB27C7574347C766371426B31889F
:101DD00020C472672904106318A3188318A320E491
:101DE00018C4108318A42105292629462926296705
:101DF000212618E4212639EA4A8E422C212618E4AD
:101E000020E5318839CA316818E4294710A318C47D
:101E100018C418A418C431A8420A4A2A4A4A4209D6
:101E2000BD32D5D4C55262CB4A2A524A4A4A41E908
:101E3000D615D636D63AF71CE69BEE7BDE198454CF
:101E400052EE4A2A524B4A4A3187420A6B4E73AFCE
:101E50004A0A41E939A831875A8BB493A3EFD617C0
:101E6000FFDFEF5CD616D5D4E6B8FFFFDEBB6AED28
:101E7000314749E94A0A634FA557FFDFFFFFFFFFDC
:101E8000FFFFF7DFEF7EEF9FE77EEF9EFFFFFE4A4B
:101E9000FDE5F7BDBE9EDF3DE75D9D974370439135
:101EA000A619D67962A96B0B732B6AEA6B0B732B9D
:101EB00062CA62A9A4F3FFFFEFBAF7DCFFFFFFFFDE
:101EC000FFFCF7DAEFBAEF99CED8B617B5F8BE181F
:101ED000B5F8ADF8C69AE6FB49C63943AD34EFDE36
:101EE000C6B9CEDACEDACED9CEB9CEB9C69AC67ACE
:101EF000CE9AD6DBCE9AC679C679C67ACEBACE9AB3
:101F0000C679FFFFB554418449E649A5C575B9E8CE
:101F1000A0C3A0A3BAABFFFFFFDEFFFEFFFEFFFEE4
:101F2000FFFFFFDFF7BFF7BFF7DFF7BFFFFF9450FB
:101F300030E29470FFFFFFFFFFDE49E649C63944F7
:101F4000B574FFFFFFFFD6BA394362A9FFDFFFFF79
:101F5000FFFFFEF3FF57FFFFFFFFFFFFFFFFFFFF46
:101F6000FFFFFFFFFFFFFFFFFFFFFFFFFFFFFFFF81
:101F7000FFFFFFFFFFFFFFFFFFFFFFFFFFFFFFFF71
:101F8000FFFFFFFFFFFFFFFF5C3864385C385C3801
:101F90005C375417743563F653F75BF76CB86437E6
:101FA00053D65BD58CD77497649864586C987CF939
:101FB0007CF97D19857B8E5E8E3E7D3A74FA74FACB
:101FC000751A6CDA6C9784B695388CD66370526B40
:101FD00041E94A2A528C41E9420A73F28CF77C3378
:101FE00094F684958475849584957C136350424B54
:101FF0005B307C967C5584B65B30637194F5747568
:10200000639273B083CF424C424B426C4AAD4ACE8E
:102010004ACE52EF530F5B505B3063716C137414F4
:10202000639252EF52CF426D3A0B31EA31A9212629
:1020300020E5318839CA316810A3318818C418C422
:1020400018C420E518C420E539C84A2A4A2A4A2A71
:10205000C573C4F0B4B0526B4A2A524A4A2A526B32
:10206000EED7CDD6E69BF73CEF1CE65BE63AB4B480
:102070007B8F422A5AAB5AAC4229526A5A8B83CF81
:1020800083F0630E528B6AEDAC31C536CD76B470F9
:10209000D615F7BEFFFFEF1BD5D4D5F5FFBEF7BEB3
:1020A0007B4D41C9526B4A0A8C73FFFFFFFFFFFF54
:1020B000F7BFCEDDBE7DBE7DBE7DD71EFFFCFE0719
:1020C000F582FFDAAE1A226D3B2F332F4BF25433D9
:1020D0005C73DF3CFFFFE71C94507B6C83ADBDB6A7
:1020E000FFFFFFFFE75DB617C697E77AEF9AEF9A13
:1020F000E779C6B8C698EFBAEF9AEF9ACED9BE394B
:10210000C679BE78D71BE6FB49C63143AD34F7FF2D
:10211000DF5BF7FCDF7BD73ACF1ACEFAD71ACEBAFD
:10212000C659C659C659C679C679CE9ACE9AC679C5
:10213000F7DFD679418549E63944ACF3FFFFEE9AE3
:10214000A904A904A082CBCFFFFFFFDEFFFEFFFEA4
:10215000FFFFFFFFF7DFF7BFF7DFF7BEFFFF942FAB
:1021600039435A68732B732B6B0B49C649C549A574
:102170006289732B732B6ACA41856288FFDFFFFF78
:10218000FFFFFFFFFFFFFFFFFFFFFFDFFFFFFFDF9F
:10219000FFDFFFDFFFFFFFFFFFFFFFFFFFFFFFFF8F
:1021A000FFFFFFFFFFFFFFFFFFFFFFFFFFFFFFFF3F
:1021B000FFFFFFFFFFFFFFFF645864385C385C38A7
:1021C0005C385C378CD65C175C175C38647874F9C3
:1021D000649853B68CD774B774F96CB87CF97CF9F1
:1021E0007D197D3A857A8E1D8E1D7D5B7D1A753B2E
:1021F00074D9747684B68475634F526B4A6B4A2ADD
:102200004A4B526B39C8528D84958CF774139D16C6
:102210008CD6849584B57C135B2F4A8C420B5B3043
:1022200084B67C7584B652CE31EB9D79BE3A7C96ED
:10223000959B8D5984D784D77CD77CD77CB7745530
:102240006C356C147C9684756C146416637052AD96
:1022500052CE4A8D5AEF52AE4A4D39EB39CA214619
:1022600021473168420B39A908623147292610A35A
:1022700018C4210520E52105210539A84A2A5A6AF2
:10228000CD73B3CAA40E4A2A4A4A4A4A420A6B0D7F
:10229000F718B514D63ACDD8FF9DE69ABCF5BCF335
:1022A000BCD3A472730D5A6A4A4A62ED736F9CB133
:1022B0008C107B6E834DD598D5D7C553DE99EE9A99
:1022C000CD94D5F5F77CFFFFF79DD616D5F5DE99B1
:1022D000F6F8730C4A0A526B526BDEDBFFFFF7DF36
:1022E000D6FDBE5CB63CB65DB65DBE5DDF3EFFDDD5
:1022F000FFDBDF3E9DBA5BF343504BB14BD14BF25A
:102300009DB8E77DAD1349C628E231033102394457
:1023100062CADEDAC67A8CD49D15A575A5D6BEB87C
:10232000B678B658E75AFFFBF7DBF7DBEFBBC679A9
:10233000C679CED9EFBCE6FB49C63944AD34FFFFC0
:10234000D73AEF9BF7DCDF7BF7DCEFBCDF5BD73BFB
:10235000C69AD6DAD6FAC69AC679CE9AC679E77DF3
:10236000EF5D520749C539648BEFFFFFEF9CFFFF1C
:10237000E5B6A0A3A925A082DCF3FFFFFFDEFFFEE8
:10238000FFFFFFFFF7BFF7BFF7DFF7BEFFFF9C714F
:102390003102416431033103312349A549C549C69E
:1023A0004164310339033923312362A9FFDFFFFF81
:1023B000FFDFFFFFFFFFFFFFFFFFFFFFFFDFFFDF8D
:1023C000FFDFFFDFFFDFFFDFFFDFFFDFFFFFFFFFDD
:1023D000FFFFFFFFFFFFFFFFFFFFFFFFFFFFFFFF0D
:1023E000FFFFFFFFFFFFFFFF643864375C585C5856
:1023F0005C386C77A5995C3764586C986C986CD98C
:10240000857A6CB88CF86C3564787D5A7D3A7D3A63
:10241000857A857A859A859B7D3A7D1A751A74B876
:102420007C757C13632F4A6B4A6B528C4A4A4A4B29
:10243000526B39C9632F8CD68CF673F28CB59D37ED
:1024400084957C34632F4A8C4A8C4A4B5B2F84B62C
:10245000849684964A8C21276416BE5AA59984B620
:102460007C7552EE424B422B422B422B422B420BAD
:1024700039EA528D8C9584125BD763F6630E52CE87
:1024800052AE52EF63715ACF528E420C39EB4AB1C1
:1024900031CB10A329264A0B18E41082292618C430
:1024A00018C42105212629462926210529475A8AAB
:1024B000BCAFB3A98BAD420A524A524B41E98C0FD3
:1024C000F718BD36DE3AD5D8D5F8C597C556AC71E4
:1024D000CD76BCF4CD77AC51A47393CF9410AC936C
:1024E000A430DE59CDD7AC30F73CF79DCDD4DE57C4
:1024F000DE59D5B5D615F77DFFFFFFDEDE57BD33BC
:10250000F6F85A6B49EA5A8C4A2A62EDF79EE77E42
:10251000BE7DB63CAE1CAE1CAE3CB63DA5FCBE19A5
:10252000C65A955B959CA5FD9DBB7CF87D16DF3D4D
:10253000DEDA732B3964418583AEC5F77B8D49E6BE
:102540003123732BF7DF9D76A5979D76BE98DF7AB2
:10255000C6D9EFBBF7DBF7DBF7DBF7DBF7DBCEB991
:10256000C699D6FAEFBDE71B49C63143AD34F7BE75
:10257000CEB9DF3AE75BDF5BEF7BF7BCF7BCE77C0C
:10258000CEDAF79DD71ADF5ACEBAC679D6FBFFDF6F
:102590006AEA418541856AEAFFDFE75CDF3BE75B8A
:1025A000FFFFD492A062A924A8A3E5F7FFFFFFDEF6
:1025B000FFFFF79EF7BFF7BFFFDFFFFFFFFFFFFF44
:1025C000CE79CE58CE58D659C5D649E649C64164CB
:1025D0009450D679CE58CE59CE38EF7DFFFFFFFF0D
:1025E000FFFFFFFFFFFFF7FFD77FEFDFFFFFFFDFFB
:1025F000FFDFFFDFFFDFF7BEFFDFFFFFFFFFFFFFB4
:10260000FFFFFFFFFFFFFFFFFFFFFFFFFFFFFFFFDA
:10261000FFFFFFFFFFFFFFFF6457645764586478B4
:1026200054178D18ADFA5C376CB874D974D97D190C
:10263000855A85798D597C556C987D3A859A7D5A55
:10264000855A857A859A857A7D3A6CF97C967C12D2
:10265000632F528C4A4B52AC52AC4A4B4A4B526B92
:1026600039C9637095178CD674137C54A5997C7402
:102670006B7152AD4A6C52AD4A6C5B0F84B684B636
:102680007C75422B20C443339559BE3A8D1795185B
:10269000635052CE52AD4A8C4A8D4A8D4A8D4A8D36
:1026A0004A4C6BB194B56BB3541A6BF4630E5B2F49
:1026B00052AD63506B925B104A4C426C5B94320C8F
:1026C0001082108210832105316718C410A310A452
:1026D00018A42105294629462947294610C46A68B5
:1026E000BBEAC42B6AEC420A4A4A524B41C9B513B1
:1026F000E697C597F73DEEDBBD15D5B8AC71C5556E
:10270000C556BCF5CD76B491D5D9CD56BCD3DDFA3E
:10271000C534D616FFFFC555BCD1FFDEF79DCDD41D
:10272000D636D5F8CD74D5F4FFBDFFDFD658EED838
:10273000ACD2398949EA5A6B5A8C4A0A83F1D71EBE
:10274000BE5CB65CAE1CA5DCA5DCAE3CB63D9CD543
:102750008C32955A959C8D7B959CD6FEFFDFA4B15B
:1027600049A5392341844185A4D2FFBEB55449A56A
:102770003943A4F2EF9E9D779D97ADF8EF9AEF9ABB
:10278000E79AF7DBF7DBF7DBF7FBF7DBDF5AD73945
:10279000CED9CED9EFBCE6FB49E63944AD34EF9E45
:1027A000BE38C699C679C679C659C679C69ACEBA10
:1027B000CEDAF7BDEF9CF7DCEF7BCE9AFFFF8BEE16
:1027C000394441A55207EF5CE73CCE58D6BAD6DB78
:1027D000E75CFFFFC36DA082A904A925F6DBFFFF1C
:1027E000FFDEF7BFF7BFFFDFFFDFDEBADEBADEDAFC
:1027F000E71CE71CE71BE71CD67949E649C63964A4
:10280000A4B1E71CE6FBE71CE71CDEFBDEBAD69AA8
:10281000E71CFFFFFFFFDF9F4DDDAF1EFFFFF7BE91
:10282000F7BEF7BEF7BEFFDFFFDFFFFFFFFFFFFFD3
:10283000FFFFFFFFFFFFFFFFFFFFFFFFFFFFFFFFA8
:10284000FFFFFFFFFFFFFFFF645864586458647880
:102850005C17ADFBAE1B5C5774F97D197D5985592A
:102860007D59857A8D387C558D188D9A857A8D9A0B
:10287000855A855A857A857B7D197C336B6F52AD7D
:102880005ACD52AD630D4A4B4A4B4A6B526B422BA9
:1028900063918CF68CD67C546C14AD9873F252CE46
:1028A000528D52AD52AD528C52CE84968CF7741428
:1028B00039C918A43A8E6479B5F9A5B98D18637031
:1028C00052AD63504A6C4A8C4A6C4A6C4A6D4A6CF1
:1028D0004A8D8433843353B6541A73F36B70633068
:1028E00052CE6B9273F45ACF5B30747731EB106237
:1028F000108310A310A3108318A318E418C418A3FE
:1029000018A42105294629462946294721068B086E
:10291000BB88B40B4A2A4A2A4A4A4A4A41E9D61590
:10292000CDD5CDD8FF5DCD97D5B9BCD3B492DDF967
:10293000B4D3D5F9C4F4B492D5B8C535BCD2DDD87A
:10294000BCF4C512F77DFFDFBCF2D5F5FFFFF79DA4
:10295000D5F5D616CD97D573CD94DE57F6F8E63576
:102960008B2B41A949C9524B5A6C5A8C4A0A94D6AE
:10297000C6BEB61CCEDDDF9FCEFEB63CB63DA5166C
:1029800083F195599DDC853B959CF79E628928E2F1
:1029900039648C0F9C71520739645227396449C6D7
:1029A000C5F7FFFFA5B795769DB7BE98EFBAEFBA0A
:1029B000F7DBF7FBF7DAF7DAF7BAD738D739E79A60
:1029C000DF39CEF9E77BE71B418428C2AD34EF9EA7
:1029D000C678CEBAC679C659C638C638BE59C69A60
:1029E000DF1BF7BDF7BCEF9BDF3AFFFFAD133943A9
:1029F00049E64184D659F7BEC638D679D6BAD6FC50
:102A0000E77CF7BDFFDFBA49A8A3A8C3B1E8FF9EE2
:102A1000FFDEF7BEF79EFFFF8C0F31024184396461
:102A20003944416439643964416449C541A549C6A2
:102A300041853964394439443944396439643964E5
:102A40003964D679FFFFEFBFB71EDF9FFFFFF7BEE8
:102A5000F7BEFFDFFFDFFFDFFFDFFFFFFFFFFFFF4F
:102A6000FFFFFFFFFFFFFFFFFFFFFFFFFFFFFFFF76
:102A7000FFFFFFFFFFFFFFFF64786458647864582E
:102A80006437CEBDADFB64977D197D59857A857A13
:102A9000857A8D7A8D597C548D1795BB95BB8DBAEF
:102AA0008D9A857A8D9B84F77C12736F5ACD734F04
:102AB000528D736AEEEC8C30420B41EA3A0B63D3D1
:102AC0008CD68CD6847564159D3773914A8C52AD23
:102AD00052AD52AD52AD528D7C758D186B91294718
:102AE00020E531885C597CD8BE3A95596B914A4BA8
:102AF0006B915B0F4A6C4A8D4A8C4A8D4A8D4A6CA9
:102B00005AEE8454639253F95C397C136B905B30BA
:102B10005ACE6BD36BD36BF37CF931A9108318E4D5
:102B200010A310A310A3108310A3108318A318C41C
:102B300018A42105296729663167294639869B49EA
:102B4000C3E98B0939EA4A2A4A2A4A2A4A29EEB7AE
:102B5000B512D659E679C578D5F8B4F2DE3AD5D8AB
:102B6000C535E65BBCD2C534D5F9CDB7CDD4F75D5C
:102B7000D5F8BCB1E698FFFFEF1CC573E6D9FFFF9F
:102B8000F77CD5F4D616C514CCCED5B28BF07B2D00
:102B9000CC6D628B41A949C95A6C5A6C5A6B5A8CDC
:102BA000B5FBBE7DF79EFD56FE7AEF9FAE3DA516A6
:102BB0007BB09D389DDC853A74F5EF9D838D6AEA84
:102BC000CE18FFFFF79E734C3964394341A549E69F
:102BD0008C0FE71BE77EB6599DD7C6D9EFBBE79AA6
:102BE000E79AF7DAFFFCFFFFFFFFFFFFFFFFFFFFA2
:102BF000FFFFFFFFFFFFFFFFA4D27B8DF79EFFFFCC
:102C0000FFFFFFFFFFFFFFFFFFFFF7DFFFFFE79D76
:102C1000E75BFFFEF7BDE77BFFFFCE38416449E687
:102C20003944AD34FFFFCE79D6BAD6BAD6BBDF3C35
:102C3000EF9DF7BCFFFFF73CB166A8E4A0A3C2CBB1
:102C4000FFFFF7BFF79EFFFFAD135A486AC962A99D
:102C500062A962A962A962A9628949C641A549A57A
:102C60005A4862A962A962A962A962A962A962A975
:102C700062CAE6FBFFFFFFDFFFFFFFFFFFDFFFDFB3
:102C8000FFDFFFDFFFDFFFDFFFDFFFDFFFFFFFFF14
:102C9000FFFFFFFFFFFFFFFFFFFFFFFFFFFFFFFF44
:102CA000FFFFFFFFFFFFFFFF6478647864786478BC
:102CB0007497D6FEA5B96C977D598579855A7D594B
:102CC000855A8D9A95DB7C759D588D9A95DB95BAC2
:102CD0008D9A8D9B84D68C327BB0630E739062ED9F
:102CE000528CD673FFF7FFDACE0F7BAB74758495E9
:102CF0008CD6849564157C967BD14A8D52CE52CD6C
:102D000052AD52CD4A6C73F38D385B0F21062926E4
:102D1000292653535C7A9D38B61B73D34A4B5B0FFD
:102D200073D252AD4A8D4A8D4A8C4A8D4A8D4A6C77
:102D3000635073B153955C5B5C397C546B91633029
:102D40005B0F5AEF84D785392967108320E520E58A
:102D500018C418A410A310A318A318C418C418C426
:102D600018C420E531672967294621265A27A36A16
:102D7000B3A95208420A420A4A2A4A2A49C8BCF060
:102D80009C50D639CDB7E6FCC5D6DEBAFF9FC575D7
:102D9000D5F8EEBBC574DE58D5D8CDD8CDB4F77C08
:102DA000F77EB491D5F5FFDFFFFFE678CDB4F79D50
:102DB000FFFFEF1BD5F5BCF1BBEC949473D26330ED
:102DC0009B4BBC9049EA39684A0A5A8C5A6C5A6B38
:102DD0008413C6FFFF1CE108F3D1E7DFA5FC9CF5D7
:102DE0007B6F9517A61C8D7B5BB095B5EFDEFFFF63
:102DF000FFFFA4F349C631026AEA9CB25207394385
:102E000039444A07AD13F7BEE7BDCEFAD6F9E79AC3
:102E1000DF7AF7DCF79E947183AE83CE83CE83CEC8
:102E200083CE83CE83CE83CE8C0F8C0F83CE83AEA6
:102E300083CE83CE8BCE83CE8BEE83EE83CEDEDA53
:102E4000F7BEF7BDF7BEF7DEE71B41C641C6394402
:102E50008C0FFFFFD6DBDEFCDF1CD6DBD6BBD6DB60
:102E6000DF5CF7BDFFFDFFFFEE79A8E4A904A082B7
:102E7000CBEFFFFFF7BFFFDFFFFFFFFFFFFFFFFF0E
:102E8000FFFFFFFFFFFFFFFFEF5C49E649C6396424
:102E9000AD33FFFFFFDFFFFFFFFFFFFFFFFFFFFF80
:102EA000FFFFFFFFFFDFFFDFF7DFFFDFFFFFFFDFDA
:102EB000FFDFFFDFFFDFFFDFFFDFFFDFFFDFFFFF02
:102EC000FFFFFFFFFFFFFFFFFFFFFFFFFFFFFFFF12
:102ED000FFFFFFFFFFFFFFFF649864986C98647822
:102EE0007CB7CEBD9D5774F8857A857A85597D3932
:102EF0007D3995BA9DFB8538A5989D998DBA95BB6E
:102F00008D9A84D6945373905ACD7BB06B2E4A6CB5
:102F1000C5F6FFFEFFBDF72FF705FF69EF5594F7E4
:102F200084956C356C77843252CE52CE52CE52CECE
:102F300052CE4A8C63718D184A8D20E52947292687
:102F4000424C649A6437B5FA8CD64A8C528D6BB277
:102F50006371528D528D528D4A8D4A8D4A8D4A8DA4
:102F6000632F5B10647A649A5C5A7C5473B163700B
:102F70005AEE7CB6959B296718A318E520E5210534
:102F800018A418C410A318A318A418A418C42105C1
:102F900020E518E52946316651C6294672AA932ACA
:102FA00082A739C942094209420A420A62489B6A19
:102FB000736EB535E6DCD699C5D6F7BFF75DBCF3C1
:102FC000E67AEEDBC5B4E6DAD5D8D5F8CDF5E6FA83
:102FD000FFFFC555BCF1EF5CFFFFFF9ED5D4DE9827
:102FE000FFFFFFFFE6D9D5D4A4B3AE3CB63BA5BAEC
:102FF0007BB1C4F18BF0312841885A6C5A6C5A8CE1
:1030000062CCA5BAFFBFFE7AFF1CCEFE9DBB8C53DF
:103010007B9094D6A61D95594A4A8492EFBEBDB6C0
:103020005A6828C249E6AD14F79EEFDEEF3C8C0FDC
:1030300041853964396462CACE58F7BEB639CEF9D3
:10304000DF79FFFEB57528E241853964416441842A
:103050004164416439644184396439643964396450
:1030600039643964416439644184418439236AEAAA
:10307000FFFFF79CFFDEFFFF6B0B398541856AEA96
:10308000FFDFEF7DE75CE75DD6BBD6BAD6BBD6BB2C
:10309000D6DCDF1CE73DE71CFFFFE575A082A92514
:1030A000A082E5B6FFFFFFBFFFDFFFFFFFFFFFFFCF
:1030B000FFFFFFFFFFFFFFFFEF5C49E649E63964D2
:1030C000AD13FFFFFFDFFFFFFFFFFFFFFFFFFFBEAF
:1030D000FFFFF597FFFFFFFFFFFFFFFFFFFFFFDF92
:1030E000FFDFFFDFFFDFFFDFFFDEFFDFFFFFFFFFB1
:1030F000FFFFFFFFFFFFFFFFFFFFFFFFFFFFFFFFE0
:10310000FFFFFFFFFFFFFFFF6C986C986C986478DF
:1031100084D6BE5B9D378518857A857A8D7A8D9A9F
:1031200095BA95DB95DA95DB9579B5FA8D7995BBEE
:1031300084B58C526B4F528C7BB0738F52ACB5748C
:10314000FFFAF776F72DEEC5EEC7F708CE94847632
:103150006BD36CB984546B7052EE632F52CE52EE27
:1031600052AD5B2F84B7422B20E6294729273188AF
:103170005BD55C7A7477ADB85B0F4A8D5AEE7413E9
:103180005B0F52AD52AD528D528D528D4A8D4A8D8C
:103190005ACD63D4649B649A647A7C757C125AEF2E
:1031A0007CB69E1D31A8108320E518C4210620E5B9
:1031B00018A418C410A318A418A418C42105210524
:1031C000210518C529466AAA82A8622872EB8B09D4
:1031D0005A4839C841E941E9420A41E9AC0CAC0D11
:1031E000420AC597E6FCBD95E6FBFFFFE69AAC9266
:1031F000EEFCEF1CC5B5EF3CD5D8D639D636DE98F7
:10320000FFFFE6FBB450D617FFFFFFFFE699CDB4F2
:10321000F7BEFFFFFFDFDE77BD32A4F6A5BAB61B0F
:10322000A5799C51DE5641A939484A0A5A8C5A8CD4
:10323000730C6BD2751AAE7DC6DDA61C8D18945327
:10324000E75DEF9EBEBD8D17424ADEFC9C7120A15A
:1032500039649C70EF7DFFFFB6D895F5BED9F7FFB6
:10326000CE596AEA3964290328E2DEDBD71CB61896
:10327000CED9E77DCE383944416439644184416414
:10328000416439644184416439643964396439641E
:1032900039643964416439644164418439237BAEC3
:1032A000FFFFF77BF79CF7BE522731025227EF3C16
:1032B000FFDEF79DFFFFFFDFD6FCCEBBD6BBD6DB24
:1032C000D6DCDEFCDF1DE73DEF5DFFFFD451A062E1
:1032D000A041DD14FFFFFFBFFFFFFFFFFFFFFFFF68
:1032E000FFFFFFFFFFFFFFFFF79D5206394431024A
:1032F000BD95FFFFFFDFFFDFFFFFFFDFFFFFF5B83B
:10330000EAEEEA2CF619FFDFFFFFFFDFFFDFFFDF4A
:10331000FFDFFFDFFFDFFFDFFFDFFFDFFFDFFFFF9D
:10332000FFFFFFFFFFFFFFFFFFFFFFFFFFFFFFFFAD
:10333000FFFFFFFFFFFFFFFF6C986CB86CB86CB825
:103340008CD6B5D9A53785188D7A8559857A95BAE1
:1033500095BA95DA95DA9DDB95BA9D99A5998494ED
:1033600084116B705ACE7B907BB0630D62EEB573A7
:10337000FFABF704EEA4EEC6EEC7F72C94D45B0FB8
:103380006C9874977BF25AEE6B915B0E5AEE52CEAC
:1033900052CE73F33A0A210629672947292652CECD
:1033A00064BA5C7984B78C9352CD528D6B7173F390
:1033B00052CE52AD52AD52AD528D52AD52AD52AE13
:1033C0006BB26C59649B6C9A649A747684336BF319
:1033D000AE5E422B108320E518C42105212618E497
:1033E00018A418A418A418A418A418E521052125C8
:1033F0002105210572EB82C8934A7AC97AA882E92D
:103400003187318839C84A0A39C9732DF6757B4C22
:103410005AACEF1DC5D6C617FFDFFFFFD5F8AC725B
:10342000FFBFEF3CC5B5F7BED5F8DE9ADE98D636BD
:10343000FFFFFFFFC554C4D1F75DFFFFF73CCD731D
:10344000E6FAFFFFFFFFD679E676DE78C5F99D58EC
:103450009D597BB2EEB893F0310749EA5A8C5A6C09
:103460006ACC94304C175C58853AA63D7C34D6BB68
:10347000E450DBCEF7FF7C744228D6BA9C91734CA3
:10348000D679DF1D95358D349DB5B676BEB6C6D7D7
:10349000EFBCF7BEB55483CEACF3EF5DBE17ADB64F
:1034A000B5F7CEF9F7DECE38B575BD95BD95BD95AE
:1034B000BD95BD95BD95BD95BD95BD95BD95BD957C
:1034C000BD95BD95BD95BD95BD95BD95BDB6EF7D31
:1034D000E77BEF5AF75AFFBDCE189450DEFBFFFF93
:1034E000F7BDFFDEEF5DDEFCE71DF79EE75DDEFC6E
:1034F000DEDCDEFCE73DEF5DEF7EF79EFFDFDD55B6
:10350000DD35FFBEF7BEFFBFFFFFFFFFFFFFFFFF81
:10351000FFDFFFDFFFDFFFDFFFFFC5F7730B9C71EE
:10352000FFBEFFDFFFDFFFFFFFFFFFDFFFFFFEBB91
:10353000E189E1CBEB90FF5DFFFFFFDFFFDFFFDF06
:10354000FFDFFFDFFFDFFFDFFFDFFFDFFFDFFFFF6B
:10355000FFFFFFFFFFFFFFFFFFFFFFFFFFFFFFFF7B
:10356000FFFFFFFFFFFFFFFF6CB86CB874D86CB8AB
:103570008CD6AD98A5578D178D7A8D598D7A95BAC1
:103580008D9A95BA95DA95DA9DFB8D9A8CB47BD09D
:103590006BB16BB27B9083D16B2E6B2E5ACD4A4CA4
:1035A0007BACD608F706F707FF6AB59052CF6415D3
:1035B0006CBA7C546B7073D16B705AEE5AEE52EF4A
:1035C0005B3039C9292631682967292741C9641622
:1035D00064BA5C5984957C1252CE52AD73F36BD2AF
:1035E00052CD52CD52AD52AD52AD52AD5B0F6B715B
:1035F00074356CBA6CBB6CBA647A641773F1A63D0F
:103600005B701063210518E418C42105210518C456
:1036100018A418A418C418A418C42105212521260B
:1036200021055A6A934A9B07CD10B4D09B6A9BED43
:1036300041E8298739E8420941E9DE36D61539A83B
:10364000BD77E6DBB534E6FBFFFFFFBFC556ACB385
:10365000FFFFE71BC5B5FFBEE6FCF77EE6DACDF55A
:10366000FFDFFFFFDE79BCD1CD96F77EFFFFD5F5FA
:10367000D636FFFFDE9AE6B7DE15D5F6EF1BBD7432
:1036800094748434C596E677396841A95A6C5A8C8B
:1036900062CCAC8F74965C586498857A6B70D6DB7C
:1036A000ECB2E450EFFF639052ABB65AFFFFFFFF5E
:1036B000F7FFADF9B639BE9BBE9BC6FBD73CD75CC6
:1036C000CF1BDF3CFFFFFFFFFFFFEFBEDF7CDF7D97
:1036D000DF5CEFFEF7FFFFFFFFFFFFFFFFFFFFFFD6
:1036E000FFFFFFFFFFFFFFFFFFFFFFFFFFFFFFFFEA
:1036F000FFFFFFFFFFFFFFFFFFFFFFFFFFFFFFFFDA
:10370000F7FEFFFFFFFFFFFFFFFFFFFFFFFFFFFFD2
:10371000FFFFF7FFEFDFFFFFFFFFFFFFFFFFFFFFF1
:10372000FFFFFFFFFFFFFFFFFFFFF7FFFFFFFFFFB1
:10373000FFFFFFFFFFFFFFFFFFFFFFFFFFFFFFFF99
:10374000FFFFFFFFFFFFFFFFFFFFFFFFFFFFFFFF89
:10375000FFFFFFFFFFFFFFFFFFFFFFFFFFFFFE5A1F
:10376000F494EB0FFF5DFFFFFFDFFFDFFFDFFFDF05
:10377000FFDFFFDFFFDFFFDFFFDFFFDFFFFFFFFF19
:10378000FFFFFFFFFFFFFFFFFFFFFFFFFFFFFFFF49
:10379000FFFFFFFFFFFFFFFF74F874F874F87CF879
:1037A0008CF6AD98AD778CF78D59959A957A959A58
:1037B00095DA95DA95BA9DDA95BA8CD5739073D26D
:1037C00073F3738F7BD0736F6B2E62EE528C420A51
:1037D00018A54AAEA5D5C5EEC6116B7063B374FAD1
:1037E0006C567BF273D17BF25B2F5B0E5B104AF061
:1037F0003188294731682967294729475AEF5C7979
:103800005C5953D68C9473D152CD5AEE7C546B9143
:1038100052CD52CE52CD52AD52AD5ACE6BB273D2C2
:103820007457649A6C9A6479649A4B9585188D18CC
:103830002105210520E518E420E5212620E518C40E
:1038400018A418C418C418C421252125292620E449
:10385000524A8B0AAB68BB89ABECD615CDB4E67681
:10386000B4F139A8422A31879C70FF9A62EC4A0968
:10387000D638C5B7BD75F7BEFFFFF77EB4F4B4F414
:10388000FFFFE71BC5D5F7BEFFFFFFFFEF1BCDB462
:10389000F7BEFFFFFFDF9BCE7AA8934AD638DE78CB
:1038A000BD12CDF6EED7E697D5F8E699C594F6F8B1
:1038B00083F29CF78434F6D8836E3148524B5A8C8D
:1038C000732DBCF194F654585C58643573709CD5D4
:1038D000DF7EE77EAE3B6BB0E75DF638DCD3DCD352
:1038E000E4F3FEFBF5F7ECF3ED54ED34ED34E4D303
:1038F000F5D7F69AE4F3DCD2E4F3E514ED14E4F33F
:10390000FE9AF618E4B2E4F3DCF3E4F3DCB2E53457
:10391000F69AE534DCB2E513E4F3E4F3E4F3E4F31C
:10392000E4F3E4F3E4F3E514DCB2E575F69AE4F3CA
:10393000E4F3E514E514E4F3E4B2F659F638E4B23E
:10394000E4F3E513E514E4D3E514F69AE534E4D2A0
:10395000E514E513E513E4B2F638FE9AE4D3E4D3B4
:10396000E4F3E513E4F3E4D3F69AED96DCB2E51361
:10397000E4F3E514DCB2EDB6FEBAE4F3DCD3E4F331
:10398000E4F3E4F3E4D3F659F618E4B2E514F71CD3
:10399000FFFFFF3DFFBEFFDFFFDEFFDFFFDFFFDFDB
:1039A000FFDEFFDEFFDFFFDFFFDFFFDFFFDFFFFF09
:1039B000FFFFFFFFFFFFFFFFFFFFFFFFFFFFFFFF17
:1039C000FFFFFFFFFFFFFFFF7D197D398D5985390F
:1039D0008CD6AD98AD9895378518959A959A959A05
:1039E000959A95BA9DDA95BA84B5736F7C5484F72D
:1039F0006B4F7BB07BB06B4F6B2E5AAD4A4B294758
:103A000039EA6C98643852F06B7163916CB96CB997
:103A100074147BF27C136B91632F5B2F537331888B
:103A20002947316831683168294741E963F55C59B4
:103A30004BD74B758C946BB152CD632F847563500B
:103A400052CE52CE52CD52CD52AD6BB273F37C13E7
:103A50006C78647A6479647A5C186C149DBB3A0A59
:103A60002105292620E518E420E5212618E418C4BC
:103A700018A418C418C421252126294620E4422B65
:103A8000A40E9BABB368C4AEEEB7EEB7E677DE56D6
:103A900062CB39E939C95A8BFF39B53318E6A470BE
:103AA000DE36A492D659FFDFFFFFEF1DB4F5BD351A
:103AB000FF9EE71BC5D5F7BEFFFFFFFFF77DCDB427
:103AC000F75CFFFFFFFFBD1372268AC7D4ACDE355B
:103AD000D615F6F8D615B471EEDBDEB9F6F8ACF40F
:103AE0008434AD784AB1BD55D5F639684A0A5A8C46
:103AF000730DBD33A5154B755C167C3483D184D60C
:103B00007CB68CB595BADF3DED13B8C2B8E3B8E327
:103B1000E555C5F7DE59CA69B882B8E3B8A2C2074D
:103B2000D5F7E6DBCC91C103B8C3B8E3B8A2D43073
:103B3000C5F7E6BAD34DB882B903B8A2C1A6DDD69F
:103B4000C5F7E617C124B040B861B861B861B86183
:103B5000B861B861B861B020C9E7EE9ACDF7E596D3
:103B6000B903B8C3B8E3B8A2CBCFC5B6C5D6CB4D61
:103B7000B882B8E3B8C2C145EE38D659EE79C186ED
:103B8000B8A2B8E3B882CB0BC5B6C5B6D430B8A2DC
:103B9000B8E3B8E3B8C3E595D659EEBACA69B8A296
:103BA000B903B882CA69E679BDB6E555B8E3B8C3CA
:103BB000B8E3B8C2C3AEE6FBDE9AC2CBB8A2C186F8
:103BC000F699FFFFFFDEFFBEFFDEFFDEFFDEFFDE5A
:103BD000FFBEFFBEFFDEFFDFFFDFFFDFFFDFFFDF38
:103BE000FFDFFFFFFFFFFFFFFFFFFFFFFFFFFFFF05
:103BF000FFFFFFFFFFFFFFFF74F88D5995797D18D8
:103C000084B6AD98AD98A5997CD88D799D9A9D9AEA
:103C10009D999D9995BA84D6739074348D386B4F65
:103C20007B8F7BB0738F6B4F5AED5ACD31A83188A3
:103C300063D474FA5B5173B16BB164576CB9647837
:103C40007C137C127C126B70630F5BD53A2C294776
:103C5000318831683168318829675AEE53F753D774
:103C60004BB75BD68C746B9152AD637084755B0FF0
:103C700052CE52CE52CD52AD5B2F7C5474137C5435
:103C8000647964796C9A647974769579637120E5C6
:103C900029462926210518E42105210518C418C440
:103CA00018A418E4212621262946210531E99494F7
:103CB000AB68AC0C936BCD31F718F719FF598BCE6D
:103CC00039A84A2A39C9CDD5EED894532106732C88
:103CD000FF79C594CDF7F79EFFFFD63A8B6DB514EB
:103CE000F73DDE99C5D5F79EFFFFFFFFFFDECDD57F
:103CF000E6DAFFFFFFFFE69A9BF0B4B3B40CE613DD
:103D0000DE56C513C515BC92A3ACDDB2BD957C14BF
:103D1000A5178C9631AD732FFF5962AC41CA5A6B0F
:103D200062CCBD54B5353A9274358C958C536CB8D1
:103D300074969D36AE7DF79EC1E7C145B924D32C5C
:103D4000FFFF8C30B5F7F638B8E3C1A6C104E5B67D
:103D5000BE38DEBAC69ADBAEB904C165CA28FFFF19
:103D60008C30B5D7FF7DB944C1A6B8E3ECF3DF7D55
:103D700083CFF7DFF679DCB2E513E4F3E4F3E4F3A1
:103D8000E4F3E4F3E513DCB2FF1CE77D9CB2FFFF34
:103D9000D3AEB904C165C207FFFFB596C638FF7D33
:103DA000C185C186B903DC71FFFF6B0CF7FFE4F33B
:103DB000B8E3C1A6C145F71CCE9AB596F7FFCA482D
:103DC000C145B924D30CFFFFAD55F7FFF638B90351
:103DD000C1A6B8E3EDD7BE18CE59C679DB8EB904BB
:103DE000C145D269DEDB8C51A535E69AC1A6B8C3C0
:103DF000DBEFFFFFF79DF7BEF7BEF7BEF7BEFFBED6
:103E0000FFBEFFBEFFBEFFDEFFDEFFDEFFDEFFDE2A
:103E1000FFDFFFFFFFFFFFFFFFFFFFFFFFFFFFFFD2
:103E2000FFFFFFFFFFFFFFFF8559957995798D59BA
:103E300084D6AD77AD98B61A84F7851995599D79D2
:103E40009D79957984F77BB074548D79634F736F46
:103E500073907BB0738F630E6B4F41EA316752EF03
:103E600074FA64376B917BD163D46CB964996C56E6
:103E700084327C137BF2632F5BF5533131673188D9
:103E8000318831883188294741E963D35C595C58CE
:103E9000543964378C946BB152AD6BB284545AEE82
:103EA00052EE52EE52CE52CE73F384757C337C7652
:103EB0006CBA6CBA74FB6CB8955974552967212695
:103EC00029462926212620E52105210518C418A404
:103ED00018C4292629462946294621057CD8AC90B4
:103EE000A306A3ECE676C511C532DE158BAD39C944
:103EF0004A4A39A98C10FF38BD76AD1731662906BC
:103F0000BD53FF99E676CE16D617ABCC7A25B4D33F
:103F1000F73DE699C5B5F77DFFFFFFDFFFFFD657F9
:103F2000D636FFFFFFFFD658C555CD78BCB2BC9240
:103F3000D597BC50E679D67A8AA8A3EE8CD78C7533
:103F4000B5B95B323A0E39ECE698A4B241A95A6B86
:103F500062ACCDB5ACF44AB19CF68C958CB564D905
:103F600074758CF78D9AEF9ED2AAB8C3B904CA288B
:103F7000F79E9CF3F7FFE4B2B8C2C165B8C2E4B2E1
:103F8000C69AB596E71CCA69B903B924C185EEDAA9
:103F90009D14BE18E5D6B8E3C165B8C3DBAEDF3CFF
:103FA0008C71E75DDC30CA48CAAACA8ACA8ACA8A42
:103FB000CA8ACA8ACAAACA28E4F3DF3C9CF3F79EDD
:103FC000CA8AB8E3C144B924FF5DCE9AD71CFE99D2
:103FD000B8E3C145B8C3DB6DCE9A9CD3C659DBCEDE
:103FE000B8C2C165B8C3F618E77DC659FF9EB9656A
:103FF000C124B904C208FFFFB596EFFFE4F3B8C2CD
:10400000C165B8C2E4B2CEBAB5B6CE79D269B8E36A
:10401000B924C9A6CDB6BE38ADB6DD95C124B8A2C7
:10402000E4D2FFFFF79DF7BEF79DF79DF79DF79D43
:10403000F79EFFBEFFBEFFDEFFDFFFDFFFFFFFFFDC
:10404000FFFFFFFFFFFFFFFFFFFFFFFFFFFFFFFF80
:10405000FFFFFFFFFFFFFFFF855995999D798D7940
:1040600084F7A557ADB8BE5B951884F885188D38D0
:1040700095798D387BD174138D7A6B91734E7390D3
:1040800073907BB0736F7BB0528C29683A0B6C775E
:1040900074B963D47BF1639264786C9864787C34EF
:1040A000843384337BD15BB35C3639C93168318862
:1040B0003188318831682968632E64575C79647966
:1040C0005C996C778C736B704A6C73F37C545AEE0A
:1040D0005AEE5AEE52AD63708495847584547CD840
:1040E0007D3C7D3B7D5C7CF89539422B2105294642
:1040F000292621262926210520E518E418A418A43C
:104100002126296629462946212531C99D57AB48D4
:10411000A3ABEED8F718F719FF399C4F39C84A4AB4
:10412000420A5AABF718C594CE3CAD1639862966BB
:1041300041C9CDB5E696F739E5F2BB887ACAB4F441
:10414000F73DE6BAC5B4EF5CFFFFFFFFFFFFEEDA15
:10415000CDB4E6DAD617EED7D5D3C555C515C4B15B
:10416000EE9BEF1CCDD4FFDECDD783F28CB6AD78BD
:1041700094D73A2F424F31ADACD3E69741EA62ACC7
:1041800062ACD616A4B484559D169CD57C3553B626
:104190007C547CB75C37B63BFEFACA69C1C7C1869E
:1041A000D3CEEE59ED95C1E7C1C7C1E7C1C6C9E796
:1041B000E534DDF7DBEFC185C1E7C1E7C186CAEBB6
:1041C000EE38E5D6C228C1A6C1C7C1C7C1A6DC91D9
:1041D000E618DC71C165C185C185C165C165C16570
:1041E000C185C165C185C165C1C6DCF3E638DC1097
:1041F000C185C1E7C1E7C186CAEBE618E5D7CA8920
:10420000C186C1E7C1C7C1A6D430EE79D471C1A6B9
:10421000C1C7C1C7C1A6CA49E5B6E618D32CC18536
:10422000C1C7C1E7C185D3CEE638E555C1E7C1C6F0
:10423000C1C7C1C6C1E7E555DDF7DBEFC185C1E701
:10424000C1C7C186CACAEE38F638CA49C186D38EFC
:10425000FFBEFFBEF79DF79EF79DF79DF79DF79D6B
:10426000F79DF79EFFBEFFDEFFDFFFFFFFFFFFFFB3
:10427000FFFFFFFFFFFFFFFFFFFFFFFFFFFFFFFF4E
:10428000FFFFFFFFFFFFFFFF8D3995799D9A95791D
:104290007CD89516B5D9C69CA5997CB77CD884F8EE
:1042A0008D397BF273D28D5A74136B0E738F736FCB
:1042B00073907B907BD06B2E318831885B936C99A7
:1042C00064576BB273B163F56C99649864577C1250
:1042D0007C3384336BB264784A8D316831A931A85C
:1042E000318839A9422B5ACE8475647964996499CE
:1042F0005C996C578C947CB4639084537BF352AD7F
:104300005AEE52CE5AEE7C5484B684758CB5853AFA
:10431000855C857C74D99559639021052947294688
:1043200029462946212620E518C418E418C4210589
:104330002966294621262126212631679308A38A4A
:10434000DE56EED7EED8FF59A49041C94A4A4A2A10
:1043500041E9D616DE56BDB8E6FDA4D5316639C7AB
:104360004A2AD5B9C556BD54BCB0AC10C557BD56C8
:10437000FF5DEF1BC5B4E6BAEF7DDE78DE99D61798
:10438000BD32D615FF38EE97CDD6DE57CDB7C4D1A6
:10439000E6D9FFFFE6B9D615FFDEACF394B5BDFA5A
:1043A0005313425042503A0F7350FF5962CC730D71
:1043B0006B0DDE57A51594F794F6A5364AAF426EFD
:1043C00073B16BB35BD56416B63BEF7EF75DF77DDB
:1043D000EF1BF73CEF1BF75DF75DF75DF77DF77DB2
:1043E000F73CF73CF71BF77DF77DF77DF77DF73C52
:1043F000F71CF71CF75DFF9DFF9DFF7DF77DF71C08
:10440000FF5CF71CFF7DFF9EFF9EFF9DFF9DFF9DB4
:10441000FF9DFF9DFF9EFF9EF77DF71CF73CF71C5D
:10442000FF9DFF7DFF7DFF9DF75CF71BF71BF75D91
:10443000FF9EFF7CFF9DFF9EFF3CF73CFF3CFF9DE6
:10444000FF9DFF9DFF9EFF5DF73CFF3CF73CFF9EFD
:10445000FF9DFF9DFF9EF73CFF5CF73CFF7DFF9EAD
:10446000FF9DFF9EFF7DF71CFF5DF73CFF9EFF9DBC
:10447000FF9DFF9EFF5DF73CF71CFF5DFF9EFFFF6A
:10448000FFFFFFBEF7BEF79DF79DF79DF79DF79DD8
:10449000F79EF79EFFBEFFDEFFFFFFFFFFFFFFFF60
:1044A000FFFFFFFFFFFFFFFFFFFFFFFFFFFFFFFF1C
:1044B000FFFFFFFFFFFFFFFF8518957995798D5965
:1044C00084F884B6B5FAC67CB61A7C977CD87CD8BA
:1044D00074136B9185197CB6630E736F736F736F72
:1044E000738F73907BB039E931684AAE6C586C7841
:1044F000641673D163B264996C9864996C357BF2DD
:10450000843373D264785372318831A931A93188E8
:10451000420B63305B0F7BF27C975C796499649902
:104520005CBA6436847376FD7EDD96BB85B86370B5
:1045300052CE52CE6B708CB684B6849594F77D3A89
:104540007D3B751B6C789D5839E929673187316748
:104550002946212521052126210518E418A4212614
:1045600021262126212621262126210551C6CD31AD
:10457000E634E634FF189C4F39A84A2A524A39A932
:10458000A4D2F6F8B576E73ED69B9CB439A641E7AF
:104590005AABE65BCD98BD37AC72C577CD77938DBE
:1045A000CDB7E6DBBD54C553E633E5F1E5F2E6965B
:1045B000F6F7EEF7C553C535FFDFE6B8DE99BCD395
:1045C000D5B4FFFFFFDFDE56D617E656CDD67415FD
:1045D0003A514271427042304A4EF6F89C51524A6A
:1045E00083AFEEB89CD594F7B5D87C133A2D4AAF7B
:1045F00073D25B7263D563F553B56416749674F524
:104600007D358575853484B38CB39574EFFAF7FBEB
:10461000BE98A596ADF7B638BE58BE79C6B9CEFAE3
:10462000CEDACEB9C699E79AEF9ACED9D6F9DF5A43
:10463000E79BE79BF7FCFFFCFFFDFFFDF7FDF7FDA8
:10464000FFFEFFFEF7DEE79EEFBEEFDEDF5DDF3D44
:10465000D71CDF1CDF1CEF5BEEF9D5B3D592DE561D
:10466000FFFFFFDBFFFEFFFFFFFFFFFFFFFFFFFF7F
:10467000FFFFFFFFFFFFFFFFFFFFFFFFFFFFFFFF4A
:10468000FFFFFFFFFFDFFFFFFFFFFFFFFFFFFFFF5A
:10469000FFFFFFFFFFFFFFFFFFFFFFFFFFFFFFFF2A
:1046A000FFFFFFFFFFFFFFFFFFFFFFFFFFFFFFDE3B
:1046B000FFDEFFDEFFDEFFBEF79DF79DF79DF79D56
:1046C000FF9EFFBEFFBEFFBEFFDEFFFFFFFFFFFF3F
:1046D000FFFFFFFFFFFFFFFFFFFFFFFFFFFFFFFFEA
:1046E000FFFFFFFFFFFFFFFF747784F88D3884F82A
:1046F00084F87C97A578C69CC67B8CF774B8743513
:104700005B0F74577CB863506B4E6B6F736F736F36
:10471000736F7BB052AC2947422B64166C78645897
:104720006C1573B05C156CB96498647874347C1241
:104730007C126415645741EA31A931A931A952CEDE
:104740006BB26BB25B3094D56C7864996499649960
:104750005C7964377BF2567C4EDE6E9D7EFE865A17
:10476000632E4A8D73F48CB684B684B69D5874FA61
:10477000751A751B7C978C31318731A83187294692
:1047800029262966294718E5108418C43146316660
:104790002904314631463146316741E851E77267B5
:1047A000BC6DD572838D39A84A4A524A39C97B6D8E
:1047B000FF39B554D6DDEF5ED67C943241C741E86F
:1047C00062CCE67AC537C535AC71D5FAC5368B2BC8
:1047D000A3CBC42CD591EE53CD72B491CD75C53415
:1047E000BCF3D597A3EFD616FFFFF77CDE98CDB7C5
:1047F000BC70F73BFFFFDEBABD33FF59AD1542D3A6
:104800004A91422F422E422E31ADCDB5CDD53168E1
:10481000A491E6778C95B5D9AD77424D424D4A8E3D
:1048200073D25B725BB453945BD55BF563F564152F
:104830006C3674557C547C5274119D74DF38ADB560
:1048400094F39D34A596ADD7B637CEF8D739E7990E
:10485000CED8C698C657CE77CE98D6F8DF59EF9AFD
:10486000EF9AEF9AFFFBFFDBFFFCFFFCFFDCF7DCBE
:10487000F79DE75CE77DF7DEFFFEFFFEFFFEF7BE7C
:10488000EF7DE75DDF1DE73BE657C4D1CD0FCD10CF
:10489000E6B9FFFFFFDFFFFFFFFFFFFFFFFFFFDFC7
:1048A000FFBEFFBEFFDEFFDEFFDFFFDFFFFFFFDF3C
:1048B000FFDFFFDFFFDFFFBFFFDFFFDFFFFFFFDF08
:1048C000FFDFFFDFFFDFFFDFFFDFFFDEFFDEFFDEFB
:1048D000FFDEFFDEFFDEFFDEFFDEFFDEFFDEFFDFEF
:1048E000FFDFFFDEFFDEFFDEFFBEF7BEF7BDFFBE70
:1048F000FFBEF79DFFBEFFBEFFBEFFDEFFFFFFFF57
:10490000FFFFFFFFFFFFFFFFFFFFFFFFFFFFFFFFB7
:10491000FFFFFFFFFFFFFFFF747774777C987CB881
:10492000749874987CB7BE3BC69CADB974565AEF68
:104930006BF574996393630E6B6F6B4F736F736F4B
:1049400073906B4F318839EA63926C586C78645875
:10495000741463706458649864B864777C137C1230
:104960006BB264984ACE31A831A939EA6350741306
:1049700073F36B9273D295375C5864995C785C588A
:104980005C58643784546C74669C66FE66BD6EBD6C
:104990009699B5D4A57695178CB68CD69D7974FA70
:1049A0007D1B751B84547B4C3187318729463167C9
:1049B0003187212631665A6983AD93CD8B499BECB3
:1049C000ACB0936B6A8872A972897A8859E721061C
:1049D000314639A841C94A4A4A4A420A5A8BEED856
:1049E000CDB5BDDAEF5EEF3DE6DD83B041C741E70F
:1049F00062ECCDB7CD98AC71C555EEDCC5B6B4B39D
:104A0000AC71B3CAD530C555BCF4BCB2E65BCD764B
:104A1000C4D2DDF9CDD6D5F4F75CFFFFE698DE9978
:104A2000BC91CD54CD73E654FF58DE56528E3A7089
:104A3000426F3A0E422E39ED296C9C52DDD441C9A9
:104A4000D636BD96A578C63A63713A2D428F52F09C
:104A500073F35353535353735B935BD464166C5685
:104A6000747674757C9684D79557953684938CD3D9
:104A70009D75A596AE16B697CF18FFFAF7FAE7BA66
:104A8000CEF8CE99CEB9C657CED8E799EFBAE79A05
:104A9000EFBAF7DBFFFBFFFCFFFCFFFCFFFCF7BC02
:104AA000E77CF7BDFFFEFFFEFFFEFFFEFFFEFFFF00
:104AB000FFFFFFFFFFFFF79DE698C512CD10CD3039
:104AC000CD53FFDEFFFFFFFFFFFFFFFFFFDFFFDE36
:104AD000FFDEFFDEFFFFFFFFFFDFFFFFFFDFFFDF88
:104AE000FFFFFFFFFFFFFFFFFFFFFFFFFFFFFFFFD6
:104AF000FFFFFFFFFFDFFFDFFFDFFFDFFFDFFFDE87
:104B0000FFDFFFDFFFDFFFDEFFDEFFDEFFDEFFDEBA
:104B1000FFDEFFDEFFDEFFDEFFDEFFDEFFDEFFBECD
:104B2000FFBEFFDEFFDEFFBEFFBEFFDEFFDEFFFEDD
:104B3000FFFFFFFFFFFFFFFFFFFFFFFFFFFFFFFF85
:104B4000FFFFFFFFFFFFFFFF7C9774977477749858
:104B5000749874776C578CF7C67BC69C6B915B52CC
:104B600074986C16630E6B4E6B4F6B4F736F736F55
:104B700073B0422A31A9637163F6643764375C17F6
:104B800073F25B726479647864786C567BF173902D
:104B900053725B9339C931A9422B73D37C3474149B
:104BA000741463928CB584F85C3864585C585C5813
:104BB0005C585C1794F77391530F6D785EBD5EFE81
:104BC0005EFF977DFFF8CE7784978CF79D9974FAF6
:104BD0007D1B74FA8C326AAA294631A739C831A8DC
:104BE00031676A88938B838B9C0DBCCFD5F4EE968E
:104BF000E5D2CCEFC4CE8B0982A859E629263167CD
:104C000041E94A2A4A4A4A2A4A2A41E9D636E676F8
:104C1000A516D6BDE73DEF3DF75E7BAF39A742084D
:104C2000526ACDB8C535B4D2E6DBFFBFCDF6D61893
:104C3000D5D8AC92C557CD98C554C533FF9EE6BABA
:104C4000C4F2CD97F79ED5F5DE98FFFFF75CDE78CE
:104C5000B4F3AC0DD44ADDB2A4B33A2D31ED3A0D24
:104C600039ED31CD31CD4A4E6B93A4D4CD11836D46
:104C7000EED8AD77C67B94B53A2D428F42B05B72C9
:104C800063B34313537353735B935BB463F56C3635
:104C9000747774B77CB784D79558B61AB63AAE18FD
:104CA000B639B657B6B7BED7C718F7DAFFFAF7DA8C
:104CB000CED8CEB8DF39CE98CED8EFDAF7BAE79AA9
:104CC000F7FBFFFBFFFBFFFBF7DBFFFCFFFCF7DD68
:104CD000FFFEFFFEFFFEFFFEFFFEFFFEFFFEFFFFEB
:104CE000FFFFFFFFFFFFF7BDEEFAC4F2CD30CCEFC0
:104CF000C4D1EF3CFFFFFFFFFFDFFFDFFFFFFFFE41
:104D0000FFDEFFFFFFFFFFFFFFFFFFDFFFFFFFFFF4
:104D1000FFFFFFFFFFFFFFFFFFDFFFFFFFFFFFFFC3
:104D2000FFFFFFFFFFDFFFDFFFDFFFDEFFDEFFDE56
:104D3000FFDEFFDEFFDFFFDEFFDFFFDEFFBEFFDEA9
:104D4000FFDEFFDEFFDEFFDEFFDEFFDEFFFFFFFF39
:104D5000FFFFFFFFFFFFFFFFFFDEFFDEFFDEFFDEE7
:104D6000FFFFFFFFFFFFFFFFFFFFFFFFFFFFFFFF53
:104D7000FFFFFFFFFFFFFFFF7C977CB874977497DE
:104D80007497747774776C369D58AD9863707477A8
:104D90006C585B51630D6B4F6B4F6B6F6B6F6B2E72
:104DA000528C2968637063D35BF664175C176416D2
:104DB00073F25BD564375BF65BF76BF46BB16B70CA
:104DC0005331424C31884A6C74147C557C347C34A9
:104DD0007C346BB2A5786C775C385C585C585C5856
:104DE00064585C588CF794D54AAF7BD284D564B5AF
:104DF000655775FAAE3895178CD78CF7A5BA74D964
:104E00007D1B74D9838E5A2839A841E939E949E7CD
:104E10006A2762486AA9A40DE635EED7F6B6F6759C
:104E2000DDB1B44C7AC982E97288314639C84A2A60
:104E30004A2A4A2A4A2A4A2A39C8BD73F6D7B536B9
:104E4000BDFBD69CEF3DEF3DF77E7BAF39C74208F7
:104E50005208C536BD13CDD7FFDFF79EC5B5DE9A24
:104E6000DE59C554CD77CD97C574D637FFFFEF1BFC
:104E7000BCB1E6DBFFFFDE78D5F5F75CFFFFE6B9F6
:104E8000BD54BCAEBC6FCD347BB2196B29CC31CDD7
:104E9000424E63528CB7AD99A599A515C46EDDF548
:104EA000CDF6BE1AAD98426E426F42AF42B05B5132
:104EB00053314312537353935BB45BD563F564363C
:104EC000749774B87CF8851885188D38A5FAC69B38
:104ED000CEDBB698B6B7BEF8CF59EFBAFFFBF7FBFB
:104EE000C698CED8E7BAE77AD719F7DAE77AEF9A11
:104EF000FFFBFFFBF7DBFFFBF7DBF7BBFFDCFFFE96
:104F0000FFFEFFFEFFFEFFFEFFFEFFFEFFFEFFFEB9
:104F1000FFFFFFFFFFFFFFDEE698C533D593D5B354
:104F2000D5F6F79EFFFFFFDEFFDEFFFFFFFFFFDF8F
:104F3000FFDFFFFFFFFFFFDFFFDFFFDFFFFFFFFF01
:104F4000FFFFFFFFFFFFFFDFFFDFFFFFFFFFFFFFB1
:104F5000FFFFFFDFFFDFFFDFFFDFFFDEFFDEFFDE44
:104F6000FFDEFFDEFFDEFFDEFFDEFFDEFFBEFFBE99
:104F7000FFDEFFDEFFDEFFDEFFDFFFFFFFFFFFFFE5
:104F8000FFFFFFFFFFFFFFFFFFFFFFFFFFDEFFDE73
:104F9000FFFEFFFFFFFFFFFFFFFFFFFFFFFFFFFF22
:104FA000FFFFFFFFFFFFFFFF7CD88D187CB87477F1
:104FB000747774777477747774576330C67C9559B7
:104FC00063F55ACD6B4F6B2F6B2E6B2E5ACD52CD96
:104FD00031885AEE74345BB464175BF65BF65BD5CC
:104FE00073F25BB55BD65BD653D66BB3635163701C
:104FF0004A6C31A94A6C7C5584767C557C557C552D
:1050000074347C13ADB95C175C385C585C586478B8
:105010006C986CB984D7ADB963927C3494B6528DD8
:10502000630F94D78CD78CF78CF78CF7ADFA7CF99B
:105030007D3B74D98B6C626939E9420A49E85A07A9
:1050400041E8836BD550F6B5E5F2DDF2CD718B6B9F
:105050005A0749E8628A6AA939A8420A4A4A4A2A8A
:105060004A2A4A2A4A2A39A8A491FF38B535C63CAB
:10507000C5FAD65BEF5DEF3CF77E734E39C739A7B3
:1050800072479B6BBD13EEFCFFFFE6FBC5B5EF1C43
:10509000E6DBC574D5B9CDD7C553E6FAFFFFEF1BE4
:1050A000C553FFDFFFFFEF3CCDB4EE99FFDFF77C88
:1050B000C5B593AEBCF4D594B51353117C35951892
:1050C000B61BC69DB61BA5589D389CB5DD10D5D422
:1050D000B597BE1A4ACF3A4E428F42B03A4E5B0F56
:1050E00042AF4B324B5253945BD55BF66416643639
:1050F0006C9774D87CF885188D79959995999DD978
:10510000B65BB698B6B7D759DF9AEFDAFFFBE75927
:10511000BE37CED8D759E7BADF39E77AE77AF7DA78
:10512000FFFBFFFBF7DBF7DBFFFBEFBCFFFEFFFD49
:10513000FFFEFFFEFFFEFFFEFFFEFFFEFFFEFFFF86
:10514000FFFFFFFEFFFFF7BEDE57DE14E635E63455
:10515000E676F73BF79DFFFEFFDFFFFFFFFFFFFF58
:10516000FFDFFFDFFFDFFFDFFFDFFFFFFFFFFFFFEF
:10517000FFFFFFFFFFFFFFDFFFDFFFFFFFFFFFFF7F
:10518000FFFFFFDFFFDFFFDFFFDFFFDFFFDFFFDE10
:10519000FFDEFFDEFFDEFFDEFFDEFFDEFFBEFFBE67
:1051A000FFDEFFDEFFDEFFFFFFFFFFFFFFFFFFFF72
:1051B000FFFFFFFFFFFFFFFFFFFFFFDFFFBEFFDE81
:1051C000FFFFFFFFFFFFFFFFFFFFFFFFFFFFFFFFEF
:1051D000FFFFFFFFFFFFFFFF8D38957885187CD814
:1051E00074977498749774B95B935B72A5BAC6BDD3
:1051F0005B505ACD6B4F630E5AEE52AD5ACD4A4BAF
:10520000422B847563B35BF65BF65BB553B55BB35A
:105210007C3453B553B553B553946BB253105B0EF6
:1052200039C9422B7C558496847684767C757C754E
:1052300074148CB5A59953B65C385C38645864789E
:1052400064786C9974B7B5D98CD67C55A5585B0F2A
:1052500073F395589518951895178CF7B63B8539C3
:105260007D3B74B88B2A5A49422A41C849C84A2A08
:105270009BECE5D1DDD1B40C9349730B4A0939C9D4
:1052800041E95229628A41E94A2A4A2A4A2A4A2A93
:105290004A2A4A2A39A88BCEFF59BD74BDDBCE3CC1
:1052A000C61BC5F9EF3DEF3CF75D62EC3186294640
:1052B00051C7C44CC575F75EFFFFCE38D658EF1DF9
:1052C000D679BD34D5D9CDD7C574EF5DFFFFEF5C7E
:1052D000CDD5FFBEFFFFFFDFCDF5D595F75DEF7DA7
:1052E000BD739C0DBCCFDE56C5F7BE7DC6DECEDEDF
:1052F000BE7DA5999D179D38AD99B5B9C4CFB5555B
:10530000C63A5310320E428F426F322E3A2D52AEB1
:105310003A8F4B324B32539453B45BD564366C772F
:105320006C9874D87D1885598D7995999DD99DFA79
:10533000A5DAA617BEF7F7FAEFDAFFFBEF9ABDF68C
:10534000BDF6D6F8D739E79ADF3AD739E79AF7BBEF
:10535000FFFBFFFBEF7BDF3AE75BF7BDFFFEFFFEE6
:10536000FFFEFFFEFFFEFFFEFFFEFFFEFFFEFFFF54
:10537000FFFEFFFFF7BEDE36DDF4DDF4DDF4DDF326
:10538000DDD3E614F73BFFDEFFDFFFDFFFFFFFFFAC
:10539000FFDFFFDEFFDFFFDFFFFFFFFFFFFFFFFF9E
:1053A000FFDFFFFFFFDFFFDFFFDFFFFFFFFFFFFF8D
:1053B000FFFFFFDFFFDFFFDFFFDFFFDFFFDEFFDEDF
:1053C000FFDEFFDEFFDEFFDFFFDEFFBEFFDEFFDE14
:1053D000FFDEFFDEFFFFFFFFFFFFFFFFFFDFFFFF3F
:1053E000FFFFFFFFFFFFFFDFF79EFFBEFFDEFFDED9
:1053F000FFFFFFFFFFFFFFFFFFFFFFFFFFFFFFFFBD
:10540000FFFFFFFEFFFFFFFF84F88D5995798D594F
:105410007D1874B874986C7752F06C5764377C754B
:105420005ACD632E632E5ACD5ACD52AD5ACD39CABC
:1054300074137C555B945BF65BD553B453945B93C8
:1054400074135394539453955B93639252F04A4B65
:1054500039CA73F38CD784968496849684968496FE
:105460007414A5788D1853F75C385C185C38643870
:10547000643864586477A578A5997C55ADB86B708D
:1054800084759D599518951895388CF7BE5C957A5A
:10549000751A74988B0A626941E94A09422A7AEAC4
:1054A000D54FB4AF520851E8522941E941E941C80A
:1054B00041C84A09420A4A2A4A2A4A2A4A2A4A2A00
:1054C0004A2A39C96B0CFF59CDB4AD37CE5CC5FA49
:1054D000D67CBD98E71CEF5DEF3C528A316620E533
:1054E0005A6CCD11DE35D67AEF7EBD75C5D7D6178D
:1054F000D636B4B1B4B4CDD7C595F79EFFFFF79EAD
:10550000CDB4F77DFFFFEF7EC511CD31D5D4D635B3
:10551000FF59B4D0A536B61BB65CC6BDBE9DADFA6C
:105520009D389D38AD99BE3BCEBCC67BBDB7BE1A7B
:105530005B11320E426F3A4E320D320D4AAF3A2DA8
:1055400042D04B324B53537453B45BD564166C98B2
:1055500074D87D197D5985798D9995BA9DDA9DFA12
:10556000A61AA619CF38FFFBDF5AD6FADF1BDF1BBE
:10557000CE78CE98DF59E7BAD73ACEB9E79BEF9B02
:10558000F7DBFFFBE77BCEBADF3BFFFEFFFEFFFE54
:10559000FFFEFFFEFFFEFFFEFFFEFFFEFFFEFFFF22
:1055A000FFFEFFFFDE57D5B3DE16DDD4DDD3DDD33E
:1055B000DDF4DE14F73AF7BEFFDEFFDFFFFFFFFF8B
:1055C000FFDFFFDFFFDFFFDFFFDFFFDFFFDFFFFFCB
:1055D000FFFFFFDFFFDFFFDFFFDFFFDFFFFFFFFF7B
:1055E000FFDFFFFFFFDFFFDFFFDFFFDFFFDFFFDEAC
:1055F000FFDEFFDEFFDEFFDEFFDEFFDEFFDEFFDEC3
:10560000FFDEFFDFFFFFFFFFFFFFFFFFFFFFFFFFEB
:10561000FFDFFFDFF79EF79DFFDFFFFFFFFFFFDEEE
:10562000FFDEFFFFFFFFFFFFFFFEFFDEFFFEFFFECF
:10563000FFDEFFFFFFFFFFFF8D5995799DB995991B
:105640008D597CF8749863B363D46C576C7852CFDF
:1056500052AC6B4F5AED5ACD52CD5AEE422B5B0FE6
:105660008CD76BD35BD55BF65BD65BD553956BB1B3
:105670007BD04B74539453945B9363924A8E39C995
:105680005B308CD784B684B684B684B68496849610
:105690007434B5FA747753D75BF75BD65BD75C1776
:1056A0005C176458647884D7BDFA6C56A558845446
:1056B0008CB69D59953895389D5994F7B63BA5DB26
:1056C0006CB96CB9830A6248526B62CD49E892E8C2
:1056D000936B41A8420A4A4B4A2A4A2A4A094A2A53
:1056E0004A2A4A2A4A2A4A2A4A2A4A2A4A2A4A2A1A
:1056F00041E95249EEB7CDD4A4D5BDBAC61BC61AEE
:10570000DEDCBD98DE9AF77DD61939A8212618A5CA
:1057100062CDD5D9D5D5E6B7D636D615E676DE35FF
:10572000DE36C46B9B4AD618CDB5FFDFFFFFF7BE50
:10573000C573F73BEF7EBCD0E54EF652DDF1EE745B
:10574000C5736B4EBEDFBEBEBEBEB65CA599A57866
:10575000B5FAC67CCEDDD6DDCE9CCE7BAD994AD1E6
:10576000322F426F3A4E31ED31ED322D4A8E320CEE
:1057700043124B534B73539453B55BD55BF564574E
:1057800074F97D197D5985798D9995BA95DA9DFAC7
:10579000A61AA619C6D8CEDABE7ABE5ABE5AD6DB2B
:1057A000D6DABE38C6B9D75AD73AC679D6FAE79B01
:1057B000F7DBE75BCEBACEDBF7DDFFFEFFFEFFFED9
:1057C000FFFEFFFEFFFEFFFEFFFEFFFEFFFFFFFEF0
:1057D000FFFFEF3BC4EFCD10D592D592D5B3DDD30B
:1057E000DDF4DE15E656F79DF7BEFFDFFFDEFFFFB7
:1057F000FFFFFFFFFFFFFFDFFFDFFFFFFFDFFFDF39
:10580000FFDFFFDFFFDFFFFFFFFFFFDFFFDFFFFF48
:10581000FFFFFFDFFFDFFFDFFFDFFFDFFFDFFFDF78
:10582000FFDEFFDEFFDEFFDEFFDEFFDEFFDEFFDF8F
:10583000FFFFFFFFFFFFFFFFFFFFFFFFFFFFFFFF78
:10584000FFFFFFFFFFFFFFFFFFFFFFFFFFFFFFFF68
:10585000FFDEFFDEFFBEFFBEFFBEFFBEFFDEFFDEE0
:10586000FFDEFFDEFFFFFFFF9D999DB99DB99DB94A
:1058700095998D797CD87C556C576C7863D44A6B3C
:10588000630E630E52CD5ACD5ACD52AD4A6C8496FA
:1058900084755BB46416641664165BF54B758C52A4
:1058A0009CB1433453944B7463B25B7239EB4A4CF2
:1058B000849684D684B684B684B684B684B684B618
:1058C0008475B61A63F553D65BF65BF75C176438DC
:1058D00064586CB86CB86C57BDF97CB784B7A557E1
:1058E00095179D5895389538A5999D79A5BAC69C68
:1058F00074D96CDA832B6A675AAC526B51C77A88B9
:1059000052294A2A4A4A4A2A4A2A4A2A4A2A4A2AD0
:105910004A2A4A2A4A2A4A2A4A2A4A2A4A2A39E939
:105920005A8BE677DE35314539C99C95CE1BD65B5F
:10593000CE3ACE1AC5D8F77EA4D529253166294599
:1059400041E8DDFAB4D5D5F5EE97D615CDD7BD36FD
:10595000A451AC509BCFBD75B4F3EF7EFFFFFFDFCA
:10596000CD94C574DE77EDD1CC8DC534B470CD96B1
:1059700041C92105B61AD73FBE5BBE3BC69CD6DDEA
:10598000D6FDD6DDD6FDCEBCBE1A84763A713A2F4E
:10599000426F3A4E320E320E320D3A4D3A4E3A9036
:1059A00042F24B334B74539553B55BD55C16645739
:1059B0006CD87D397D5985798D9995BA9DDA9DFA96
:1059C000A61AAE3AAE3AB67BBE9BC6BBC69AC65ABC
:1059D000BE38BE38BE39CEDAE79CCEDAC679D6DA22
:1059E000DF5BC69ACEBBE77DFFFEFFFEFFFEFFFE3C
:1059F000FFFEFFFEFFDEFFFEFFFEFFFEFFFFFFDEFE
:105A0000FFFFD67993CDCCEEC4CDCD51D5B4DDD446
:105A1000DDF4DE15DDF4EEFAF79EF79DFFDFFFBE45
:105A2000F77DEEDAEEDAFF9DEF1BEEFBF77DF77DFB
:105A3000FFBEFFFFFFDFFFDFFFFFFFFFFFDFFFFF17
:105A4000FFFFFFFFFFDFFFDFFFDFFFDFFFDFFFDF26
:105A5000FFDFFFDEFFDEFFDEFFDEFFDEFFDFFFFF3B
:105A6000FFFFFFFFFFFFFFFFFFFFFFFFFFFFFFFF46
:105A7000FFFFFFFFFFFFFFFFFFFFFFFFFFFEFFDE58
:105A8000FFDEFFBDFF9DFFBDFFBDFFBEFFBEFFDE12
:105A9000FFDEFFFFFFFFFFFE95799D999D999D9980
:105AA0009DB99DB995388CF774B874B84AAE4A4B15
:105AB000632E5ACD5ACD52CD5AEE4A6B6BB18CF74C
:105AC000743464366C3764166C5764365BD673F284
:105AD00084114B5453944B736BD3531039CA73F3E3
:105AE0008CF784B684D784D684D684B684B684965C
:105AF0008CB6B61A5BD55C176417643864385C17CB
:105B000064586CB875196CD89D58A5996416AD98F1
:105B1000A59995389D589D59ADDAADFAA599CEDD78
:105B20008D396CFB8B6D8AC85A8B522A51C7626AB9
:105B3000522A4A2A4A4A4A4A4A2A4A2A4A2A4A2A7D
:105B40004A2A4A2A4A2A4A2A4A2A4A2A39C95A073A
:105B5000D550DE77398610A418C420E57BB1CE1B62
:105B6000C5DADE9BBDB8FF9EA4B4294639C7398685
:105B70004A09AC72A431C556AC71BD56D63BB4B31C
:105B8000ACB3CDB993D08AA7BBEAD5D4D658D658F2
:105B9000BD33D5F4FFBACD52B430EE9CCD33FF5DAA
:105BA000736F18C46B2EB5F9D71ECEDDD6FDD6FDAA
:105BB000DF1DD6FDBE1A8C9553113A504291429189
:105BC0003A70322F320E322E3A4E424D3A9142D234
:105BD0003AB042F24B33537453B55BF664166437F4
:105BE0006C987D398559857A8D9995BA9DDA9DFA9B
:105BF000A61AAE3AB65ABE7BBE9BC69BCEBBCEDBC8
:105C0000CEBABE38BE59CEBAF7DDE77CC6BAC69A60
:105C1000C69AC6BAE77DFFFEFFFEFFFEFFFEFFFE4F
:105C2000FFFEFFFEFFFEFFFEFFFEFFFEF7BDFFDEF5
:105C3000CE59736F6AECC4CED52ECCCDCD2FD5B452
:105C4000DE15DE15DDF4EED9F79EF7BEFFBDEE984A
:105C5000E658E659E657DDF6D595CD15D575E61724
:105C6000EE98EED9F77DFFDFFFDFFFDFFFDFFFFFFD
:105C7000FFFFFFFFFFDFFFDFFFDFFFDFFFDEFFDEF6
:105C8000FFDEFFDEFFDEFFDEFFDEFFDFFFFFFFFFE9
:105C9000FFFFFFFFFFFFFFFFFFFFFFFFFFFFFFFF14
:105CA000FFFFFFFFFFFFFFFFFFFFFFFEFFDEFFDE47
:105CB000FFBDF79DF79DFFBEFFBEFFDEFFDEFFDEEF
:105CC000FFDEFFDEFFDEFFFE955995589D99A599F1
:105CD000A5999D799D5895588D59745631A952AC06
:105CE0005AEE52CD5AED5ACD52CD52AD84B684B64D
:105CF0006C146C576C3664366416641564367456CE
:105D00007C754B7353944B736BF3422B5B0F8CF886
:105D10008CD78CD78CD78CD78CD78CB78CD77C76FC
:105D20008CB6ADDA5BD65C175BF75BF75C17643853
:105D30006C786CB874D86C787477B5F96C779538E2
:105D4000BE3B95389D599D59ADDAB61AADDAC69C61
:105D5000B61B64167B2D9B28524A522949E85A49A2
:105D6000524A4A2A4A4A4A4A4A2A4A2A4A2A4A2A2B
:105D70004A2A4A2A4A2A4A2A4A2A39A87B4CE570E2
:105D8000B44D292610A4210520E518C410A431889B
:105D90006B0E9454A4D5D65A6B4E21053166294614
:105DA00039A7836DCD50C532BD12DDF5D530C46C39
:105DB000B42DA431A4318B0AB3AADD91F718F6D71C
:105DC000FF38F738C553B4B3B491E69ACDB5DE5871
:105DD00083D021265A8B736EB5D9DF5ED71DCE9C3A
:105DE000A57974144AD03A4F3A6F4290428F322EBE
:105DF000320E320D2A0E3A4F4AD042D342F442F3C9
:105E000042D242B042F04B5353955BF6641664574E
:105E10006C9875197D39857A8D9A95BA9DDA9DFAB7
:105E2000A61AAE3AAE5AB67BBE7BC69BCEBBD6DBBD
:105E3000D6FBC679BE59C69AEF9DFFDDDF3CC69AF8
:105E4000C69ADF3CFFFEFFFEFFFEFFFEFFFEFFFEE9
:105E5000FFFEFFFEFFFEFFFEFFDEF7BDFFDDFFDE04
:105E60008C745AD05AAB72EC7B2C836CAC2DCD0E5B
:105E7000D593DE36DDB3E657E6FBF79DE677E636EB
:105E8000DE16E659E619DD77E659EEDAE6BAEEBA3D
:105E9000F73BEE98F6FAFFDEFFDFFFDFFFDFFFDF05
:105EA000FFDFFFDFFFFFFFDFFFDFFFDFFFDEFFBE04
:105EB000FFBEFFDEFFDEFFDFFFDEFFFFFFFFFFFFB6
:105EC000FFFFFFFFFFFFFFFFFFFFFFFFFFFFFFFFE2
:105ED000FFFFFFFFFFFFFFFEFFDEFFDEFFDEFFDE57
:105EE000FFBEFFBEFFBDFFBDFFBEFFDEFFBEFFDE8C
:105EF000FFDEFFDEFFFEFFDE84F884F885189D9943
:105F0000A5B99D78A599957995BA6BD2318852AD8E
:105F100052CD5ACD5ACD5AEE528C6BD28CF77C753D
:105F200063F5747774776C776C766C776C777C96A6
:105F300094F65373539453946BB14A6C8CD78CF78B
:105F40008CF78CD78CD78CD78CD78CD78CD77435D3
:105F500094F79D9953B6641764576458641764178F
:105F600064376458645864585C179D589D5974B8D8
:105F7000BE3BA5999D599D59ADDAB61BB61ABE3BDD
:105F8000D71E7413626AB389522949E949E84A095C
:105F90005A6A4A2A4A4A4A2A4A2A4A2A4A2A4A2AF1
:105FA0004A2A4A2A4A2A420941C9A470FEB69C2FAD
:105FB00020E518A420E518E518C418C418C410A3D7
:105FC000106210A320E529473166316539A739A64B
:105FD00039C720E56ACADDF2DDF2C50FA3CC8AE934
:105FE0006248ACB4BD14CDF8B4D4B492D5F7CDD5D5
:105FF000D5F6ACB39AE8E54FEE95E697DE16EEB728
:106000008BEF212639C962EC738F8C966C16533452
:106010003A71322F3A6F4290429042903A4F322F6B
:106020003A703AD243145333433443554B75433497
:1060300042F33A4E3A0B42D04B535BB56416647848
:106040006CB875197D3985798D9A95BA9DDA9DFA66
:10605000A61AAE3AAE5AB67BBE7BC69BCEBBD6DC8A
:10606000E73CF7BDEF7DE75DF7BDFFDDF7BDCEDBBC
:10607000D6FCF7DEFFFEFFFEFFFEFFFEFFFEFFFE8B
:10608000FFFEFFFEFFDEF7BDFFBDFFDEFFDEFFDE32
:10609000F7BEB598528D526B5AAC526B524AA3ED73
:1060A000CD0ECD30D551CD32D5F6D594D572CD5358
:1060B000BCF4D577EE7AF77DFFDEF73CFF9DF77DE8
:1060C000FFDEFFDEFFBEFFBEFFDEFFDFFFDFFFDF25
:1060D000FFDFFFDEFFDFFFDFFFDFFFDFFFDEFFBEF3
:1060E000FFDEFFDEFFDFFFFFFFFFFFFFFFFFFFFF22
:1060F000FFFFFFFFFFFFFFFFFFFFFFFFFFFFFFFFB0
:10610000FFFFFFFEFFFEFFDEFFDEFFBEFFDEFFDE66
:10611000FFDEFFDEFFDEFFBEFFBEFFBEF79DF79D89
:10612000FFBEFFDEFFDEFFDE84F884F87CB8851852
:10613000A599A599A5999D999D79637139EA52AD63
:1061400052ED5ACD52ED52CD5AEE84B68CD77455DD
:106150006C7774976C776C77747774776C567C7502
:10616000B5D95BB453945B9452AD7C3495388CF7BD
:106170008CF78CF78CF78CD78CD78CD78CF76BF48B
:106180009D58953953B6641764376C586437641753
:10619000641764176437643864387457ADB97498F9
:1061A0009D79BE5B9D599D59A5B9BE3BBE3BB61AB4
:1061B000CEDDBE9D526BB3896AAA41E95A4A524A62
:1061C000522A4A2A4A4A4A2A4A2A4A2A4A2A4A2A07
:1061D0004A2A4A2A39C94A29C594F6F783AE31C9F1
:1061E00020E520E518E418C421052105210520E556
:1061F00020E518E418C431676AED6B0D294639872C
:106200007B8F6B0D18C5292639A718C5310549663E
:106210002926A451BD34FFBFC5B7B4D3CDB8B4B29D
:10622000B4B3CDD86A896AAA7B2BAC90CDD4ACD25A
:10623000528B3167316739E962ED62ED3AB13A93D9
:106240003A903A903A90429042B13AB142F34B744C
:10625000439553F6641554364C164BF65437543761
:1062600054574B734B734BB44B315332645864984F
:1062700074D975197D3985598D9A95BA9DDA9DFA2B
:10628000A61AAE3BB65AB65BBE7BC69BCEBBDEFC47
:10629000EF9DFFFEFFFEFFFEFFFEFFFEFFFEE77D20
:1062A000F7BDFFFEFFFEFFFEFFFEFFFEFFFEFFFE4F
:1062B000F7DEF7BDF7BDFFBDFFDEFFDEFFDEFFDE71
:1062C000FFFEFFFF8CB752D0630E732E628C526BB1
:1062D000AC4FC4AFBCAFC4AFC513BC93C4F3BCB325
:1062E000C4F4DE18EF1BE6BAEEBBEEDCFFBEFFBE69
:1062F000FFBEFFBEFFDEFFDEFFDEFFDFFFDFFFDEF4
:10630000FFDEFFDFFFDFFFDFFFDFFFDEFFDEFFDEA1
:10631000FFDEFFDEFFDFFFFFFFFFFFFFFFFFFFFFEF
:10632000FFFFFFFFFFFFFFFFFFFFFFFFFFFFFFFF7D
:10633000FFFFFFFFFFDEFFDEFFDEFFBEFFBEFFBE93
:10634000FFDEFFDEFFDEFFDEFFDEFFBEEF5DE71CF0
:10635000EF5CFF9DFFBEFFDE955984F884F884F85A
:106360009D58ADDAA599A5B98CD6635039EA52ADDE
:106370005AED5ACD5AEE52AD6BD28D1884D6745563
:106380008518749763D55BB55BB463F563F56BF4FF
:10639000C69B7C7553B55373637095598D188D18D2
:1063A0008D188CF78CF78CF78CD78CD7951763F4F6
:1063B0009D798D185BF7643764376C586C58643777
:1063C0006417641763F764176C38641794F795388B
:1063D0006C78B61AADFA95389D79B63BBE5BBE5B5C
:1063E000BE3BDF5F94D5B46EA49039C95A8B522A54
:1063F0004A2A4A2A4A2A4A2A4A2A4A2A4A2A4A2AFD
:106400004A4A39C862CCE697EE9762CB31A9422B53
:1064100018C418C418C418E4210521262126210512
:10642000210521052105526C6B2E5AAB21253167C0
:10643000630D4A29212518E518C518C5416659A7D5
:1064400041C7CD50AC90C574CD51DDD1D5F3E676C2
:10645000E697EEB77B0C316762AB5A0831684A2A7F
:106460004209316741E8316741E962ED7B8E4AF0CC
:106470003AD243134B3453B553F64BF65416547675
:1064800074D77CD65C775497549754985CB85CB8B2
:1064900064F9653A65195C77541553D45BF56477F4
:1064A0006CD975197D3985598D9A95BA9DDA9DDA21
:1064B000A5FAAE1AB63BBE5BBE7BC69BCE9BDF1C6D
:1064C000F7BDFFFEFFFEFFFEFFFEFFFEFFFEFFFE2D
:1064D000FFFEFFFEFFFEFFFEFFFEFFDEF7BEF7BD85
:1064E000F7BDF7BDFFBDFFDEFFDEFFDEFFDEFFDE37
:1064F000FFDEFFFEEF7D63B5739293F1836F730E42
:106500008B6FAC71AC0EAC0FABF0B472BCB3D5B644
:10651000EEFBE699D5D7F71BFFBDFFDEFFDEFFDF01
:10652000FFDFFFDFFFDFFFDFFFDFFFDFFFDEFFDE7D
:10653000FFDFFFDFFFDEFFDEFFDEFFDEFFDEFFDE71
:10654000FFDEFFDEFFFFFFFFFFFFFFFFFFFFFFFF9D
:10655000FFFFFFFFFFFFFFFFFFFFFFFFFFFFFFFF4B
:10656000FFFFFFFFFFFEFFDEFFDEFFBEFFDEFFDE01
:10657000FFDEFFDEFFDEFFDEFFDEFFDEFF9DEF5C06
:10658000F77DFFBEFFDEFFDEA5999D799559A599A0
:10659000A579B61BA579A5B9847463703A0A52AC83
:1065A0005AEE5AEE5AEE5AEE84B68CF884B67C96C1
:1065B00084F86C165B945BB45BB463F55BD56C15C7
:1065C000C67BB5FA5BB55B728CD7953895188D187C
:1065D00095188D188D188CF78CF78CD79D796416CB
:1065E000A5BA84F864576C5764376C586C58643794
:1065F0006C376C586C586C7874B87CD974B8A558E2
:106600007CF87C97BE3BADDA9538ADDABE7BBE5BDD
:10661000BE5BC69CCEFEBD74DE144209526B524B6B
:106620004A2A4A4A4A2A4A2A4A2A4A2A4A2A4A4A8A
:1066300039A87B8EF739D6155AAC4ACE7C9652CE05
:1066400018A318C418C418C418E42105212621254C
:106650002105210520E52126296729463188316752
:106660002105296741C941E939C821266A26A3497C
:1066700029057AAAA40D9B49B46D7B6C526A5AAB6A
:10668000A4B1BD537B2C4A2A938C834B422A5AAC2B
:1066900039A839A841E839C841E939A9942F9D366C
:1066A000751B855A7D1964B75C965C96751795586D
:1066B0007CF75C975CB764B764D86CF8753975394A
:1066C000755A7D7A7D9A755A6CF864765C155C15FE
:1066D000645674D87D3985598D9A959A9DDA9DDADC
:1066E000A61AAE1AB63ABE5BBE7BC69BCEBBE75DB2
:1066F000F7DEFFFEFFFEFFFEFFFEFFFEFFFEFFFEDA
:10670000FFFEFFFEFFFEF7DEF7DEF7BDF79DF7BDEC
:10671000FFBDFFBEFFDEFFDEFFDEFFDEFFDEFFDED2
:10672000FFFEFFDEFFFFADDA6352C596D638D5F81F
:10673000C576A49394329C12BCD4DE38E699E699CF
:10674000E699EF3BFFBDFFBDFF9DF77CF77CF79E11
:10675000FFDEFFDFFFDFFFDFFFDEFFDEFFDEFFDE4E
:10676000FFDEFFDFFFDFFFDEFFDEFFDEFFBEFFDE5F
:10677000FFDEFFDEFFFFFFFFFFFFFFFFFFFFFFFF6B
:10678000FFFFFFFFFFFFFFFFFFFFFFFFFFFFFFFF19
:10679000FFFFFFFFFFFFFFDEFFDEFFFEFFFEFFFE4E
:1067A000FFFEFFDEFFDEFFDEFFDEFFDEFFDEFFDEE1
:1067B000FFBEFFDEFFDEFFDEA599A5B9ADB9A5B925
:1067C000A599B63BA5799D787C336391420A528C9A
:1067D0005AEE5AEE52CD63508D188CF784967CB7E2
:1067E0008CD874365BB45BB45BB55BB563F66C3662
:1067F000B61AD73E7455741495599538953895380E
:106800009518951895188D188CF79559A5DA641672
:10681000ADDA7CB86C7874B86C786C586C586C785D
:106820006C78749874B87CF97D19853A855A7CD750
:1068300094F752EF6B91BE5BA5BA9538BE5BC69CD0
:10684000C67BC69C94D66B2EFEF883CF41C9524AB4
:106850004A2A4A2A4A2A4A2A4A2A4A4A4A2A39C8EB
:106860009450FF59C5B474137CB7957A7C5529268A
:1068700018C418C418A418C418E520E52105212659
:106880002125212521052105294639C94A2A4A2AD7
:106890004A0A4A2A4A4A4A2A526B31888B2AC48DAC
:1068A00021056A278BAD4A2A41E941E94A2A4A2A49
:1068B00041E941E9420A3188AC4E8BCE4A2A4A4A24
:1068C00039A8420931A739C831A829678BCD6B7027
:1068D0007C95859974F77D178D79A5FA9DB974F724
:1068E0006CF774F87D387D588D9985798D9A8D9ADD
:1068F000859A859A857A755A755A75396CB7645632
:1069000064356C5674D785188D59959A9DB99DDA62
:10691000A5FAAE3AB63ABE5BBE7BC69BD6BBEF7D50
:10692000FFFEFFFEFFFEFFFEFFFEFFFEFFFEFFFE7F
:10693000FFFEFFFEFFDEEF9DEF9DF7BDF7BDFFBD44
:10694000FFDEFFDEFFDEFFDEFFDEFFDEFFDEFFFE3F
:10695000FFDEF79DFFDEFFFFA578C619F73BDE9946
:10696000C5D7CDD7EF3CDE59E6DAF77CF73BE699A1
:10697000F75CFF9DFFDEFFBEFF9DF79DF79EF7BE14
:10698000FFBEFFBEFFDEFFDEFFDEFFDEFFDFFFDE5E
:10699000FFDEFFDEFFDEFFDEFFBEFFBEFFBEFFDE6F
:1069A000FFDFFFDFFFFFFFFFFFFFFFFFFFFFFFFF37
:1069B000FFFFFFFFFFFFFFFFFFFFFFFFFFFEFFFEE9
:1069C000FFFEFFFEFFFFFFFFFFFFFFFFFFFFFFFFD9
:1069D000FFFEFFDEFFDEFFDEFFDEFFFFFFFFFFFF4C
:1069E000FFDFFFDEFFDEFFBEA599A5999D999D798A
:1069F000ADDAB63BA5799D177C136BB1422B4A8C5F
:106A00005B0E5B0E52AD73F395388CF77C9584D793
:106A10008CD78CD86C3663F563F55BD56416641639
:106A2000ADDAD71EB61A84D7955995399538953869
:106A30009538955995598D188CF7B63C9D796437E2
:106A4000ADDA84D86C786C786C586C586C78749823
:106A500074B874B974B874987CF9855A7CB75B3093
:106A60006B9184744A8D6350A57894D78496ADB9A0
:106A7000C67C94B54A8D5B51C595EED8524A4A2AD8
:106A80004A4A4A2A4A2A4A2A4A4A420941E9B53325
:106A9000FF59B5347C758D397C545B0F3167210605
:106AA00018C418C418C418C418C421052105210528
:106AB000212521252145296631A741E94A0A4A2A8B
:106AC0004A2A4A2A4A2A4A2A4A4A2106AC8FCD93A0
:106AD000190541E84A094A2A524A524B4A4A4A4A47
:106AE0004A4A4A2A420A41E9D616734D4A4B39C8E6
:106AF0002927316739C84A6C422A72EA62CC4A2A8D
:106B00004A28636FC69CCEBCB65B9DDA8D998D9981
:106B100095B995999DDA95B995B995B98D9A8DBA2A
:106B20008DBA8DBA8D9A859A857A857A859A7D39BE
:106B30006CB76C556C55743484D695999DBA9DDAB2
:106B4000A5FAAE1AB63ABE5BBE7BC67BD6DCF7BEF4
:106B5000FFFEFFFEFFFEFFFEFFFEFFFEFFFEFFFE4D
:106B6000F7BDF79DF77DF79DF7BDFFBDFFBDFFBDED
:106B7000FFDEFFDEFFDEFFDEFFDEFFDEFFDEFFDE2D
:106B8000FFDEF77DDEBAEF1BE6FBE73CFFBEFF9DB5
:106B9000FFBDFFBDFF9DEF3CD639F73CFFBDFFDEDB
:106BA000FFBDF77CF75CF79DFFDEFFDEFFBEF7BEA3
:106BB000FFDFFFDFFFDFFFDFFFDEFFDEFFDEFFDEE9
:106BC000FFDEFFDEFFDEFFBEFFBEFFBEFFDEFFDF3C
:106BD000FFDFFFDFFFFFFFFFFFFFFFFFFFFFFFFF05
:106BE000FFFFFFFFFFFFFFFFFFFFFFFFFFFFFFFFB5
:106BF000FFFEFFDEFFFEFFFFFFFFFFFFFFFFFFFFC8
:106C0000FFDEFFDEFFDEFFDEFFDEFFFEFFFFFFFF3A
:106C1000FFFFFFFFFFDEFFBE9D599D589D799D58E8
:106C2000B61AB63B9D5894F673F36BB24A8D4A6C14
:106C30005B0E5B0E528D849595388CF77C758CD7E6
:106C40008CF895188D1884D884D76C366C576416D8
:106C50009538CF1EA5B98D3895599559955995599F
:106C60009538A5999D798D189D59BE9D8D186C7884
:106C7000A5BA84D86C786C786C786C78749874B891
:106C800074B97CD974B874B974B863D352CE52EE67
:106C90004A8D6B70845452AE4AAD73D273B25AEFC0
:106CA0005B0F5B306BD25B2F5ACCF6F8C5B441C991
:106CB0004A4A4A2A4A2A524A41E9526AD636FF3992
:106CC000A4F47C756BB1424B29473188318820E5AB
:106CD00018E418A418C418E418C418C418E5210549
:106CE0002125212529462966318741E94A2A4A2A50
:106CF0004A2A4A2A4A2A4A2A31A818C4C5B4BD7366
:106D000029474A2A4A2A4A4A4A4A4A4A4A4A4A2A67
:106D10004A2A4A2A4A2A6B2DD636526B42092947FB
:106D200029263187316731A85ACC6B2D3188526AB8
:106D3000526A4A086B6FA5FAA5FAA5FAAE1AAE1AFE
:106D4000A5FAA5FAA5DAA5FA9DDA9DDA95B995BA5C
:106D500095DA9DDA95BA95BA8D9A8D9A8D9A8D9A13
:106D6000859A7CF8749674967474847395589DB95A
:106D7000A5D9ADFAB63ABE5AC67BC65BDEDCF7DEF5
:106D8000FFFEFFFEFFFEFFFEFFFEFFDEF7BEF79DEC
:106D9000EF5CF79CF7BDFFBDFFBDFFBDFFBDFFDE94
:106DA000FFDEFFDEFFDEFFDEFFDEFFDEFFDEFFDEFB
:106DB000FFDEF7BDE71BEF3CEF7DF7BEF7BEF79DAB
:106DC000FF9DFFBDF77DEF1BE6DBF77DF77DFFBD88
:106DD000F77DF79DF79DF79DF79EFFBEFFDEFFBE97
:106DE000FFDEFFDEFFDEFFDEFFDEFFDEFFDEFFBEDB
:106DF000FFBEFFBEFFBEFFBEFFDEFFDEFFDEFFDE2B
:106E0000FFDFFFDFFFDFFFFFFFFFFFFFFFFFFFFFF2
:106E1000FFFFFFFFFFFFFFFFFFFFFFFFFFFFFFFF82
:106E2000FFFEFFFEFFFFFFFFFFFFFFFFFFFFFFFE75
:106E3000FFDEFFDEFFFFFFFEFFDEFFDEFFDEFFDE29
:106E4000FFDEFFBEFFBEFFBE9538953895388D1723
:106E5000B61BB61B8D1794D66BD26BD252CE424B5B
:106E60005B0E52ED52EE8D188D388CF77C768CF8D7
:106E70008D18953895589558955895388D1874975C
:106E80007456BE9D9538955995599559955995596A
:106E90009559ADDA9D798D18B63CBE9D7CD7749816
:106EA000A59984F87498749874D874D97CF97D196C
:106EB0007CF97D19855A84B75B0F52CD52CE52AD05
:106EC0004AAD4A6C5AEF5AEF4A8D4A6D52AD52CED6
:106ED00063515B0F420A39C939EA7B8EFF9A9C9154
:106EE00039A8524A524A39C96AECEED8E6B7736FEC
:106EF0004AAD39C9292620E529473A0A210529271B
:106F000018C418C418A318E420E518E418C421050F
:106F1000212521252946296739A842094A2A4A2AD2
:106F20004A2A4A2A4A0A41E931A820E5DE76ACF22B
:106F300031884A4A4A4A524B4A4A4A4A4A4A4A4A83
:106F4000526B5A8B41EAA491B53339C92946294776
:106F5000316739A72947318739C9420931674A4919
:106F60005269526A49E86B6FBE7BB63AB63AAE3A9E
:106F7000AE1AAE1AAE1AA61AA61AA5FA9DDA95BAD4
:106F800095BA95BA8D9A8D9A8D9A8D9A8D9A8D9A79
:106F9000959A95BA8D797CF77CD67CB684B5951791
:106FA000A598ADFAB5FAB61ABE5AC65AE71CFFDE66
:106FB000FFFEFFFEFFFEFFFEF7BDEF7CEF7CF77CE0
:106FC000F79DFFBDFFBDFFBDFFBDFFBEFFDEFFDEC6
:106FD000FFDEFFDEFFDEFFDEFFDEFFDEFFDEFFDEC9
:106FE000FFDEFFDEFFFEFFFFFFDFFFDEFFDFEF7DE7
:106FF000EF1BF77CEEFBDEBAE6FBFFBEF79DF79DCD
:10700000F79DF77DF7BEF7BEF7BEFFDEFFDEFFBEE2
:10701000FFBEFFBEFFDEFFBEFFBEFFBEFFBEFFBE68
:10702000FFDEFFBEFFBEFFBEFFBEFFDEFFDEFFDEF8
:10703000FFDEFFDEFFDFFFDFFFFFFFFFFFFFFFFFE2
:10704000FFFFFFFFFFFFFFFFFFFFFFFFFFFFFFFF50
:10705000FFFFFFFFFFFFFFFFFFFFFFFFFFFFFFFF40
:10706000FFFFFFFFFFFEFFDEFFDEFFBEFFBEFFBE36
:10707000FFBEFF9DF77DF79D9538951895388D18C3
:10708000BE3BB61B8CD68CB56BB273F352EF422B62
:107090005B2F52AC6B9195598D388CF784B695382F
:1070A0009518953895589558955895588D387CB8B9
:1070B0006C378CD79559957995799D799D799559A6
:1070C0009D79B61B9D799559C6BEB63B7CB774D8E1
:1070D000A5998D397D197D197CF97CF97CF97CF9AC
:1070E0007D1A7CD9639252AD52CD52CD4AAD4AAD94
:1070F0004AAD4AAD4A8D4A8D52AD4A8D5B0F635001
:10710000422B2967316731A831A8212783AEFF7947
:10711000943039A839C883AEFF7AC5B44A4A296881
:10712000292621262106296731882106210520E507
:1071300018A418E518C418A320E520E518E518E4FC
:1071400021252946316739A841E94A2A4A2A4A2A8B
:107150004A2A4A2A420A4A4A39C92946F718943023
:1071600039C9526B524B4A4A524B524B524B526B9B
:107170004A2A420A4A2ACE156B2D2126210531675B
:107180004A09318739A839C8318841E82967420955
:1071900052694A49526A49E873D0C6BCB65AB65BCE
:1071A000B65BB63BAE1AAE1AA5FA9DDA95999599DB
:1071B00095998D998D998D9A959A959A95BA95BA32
:1071C00095BA95BA95DA9DDA95798D3784D58C94F0
:1071D0009D57A598ADB8B5D8BDF9C63AE73DFFFEB5
:1071E000FFFEFFDEF7BEEF7DEF7CF79CF79DF79D7E
:1071F000FFBDFFBDFFBDFFBDFFDEFFDEFFDEFFDE2B
:10720000FFDEFFDEFFDEFFDEFFDEFFDEFFDEFFDE96
:10721000FFDEFFDEFFDEFFDEFFDEF7BEF7BEFFBEF6
:10722000F77DF77DEF5DF7BEF77DF79DF79EEF7D6C
:10723000EF5DF77DF79EF79EFFDEFFBEFFBEFFBE50
:10724000FFBEFFBEFFBEFFBEFFBEFFBEFFBEFFBE56
:10725000FFDEFFBEFFBEFFBEFFBEFFBEFFDEFFDEE6
:10726000FFDEFFFEFFDFFFFFFFFFFFFFFFFFFFFF70
:10727000FFFFFFFFFFFFFFFFFFFFFFFFFFFFFFFF1E
:10728000FFFFFFFFFFFFFFFFFFFFFFFFFFFFFFFF0E
:10729000FFFFFFDEFFDEFFDEFFDEFFBEFFDEFFBE25
:1072A000F79DF77DFFDEFFFF9D589D389D389518AF
:1072B000BE5CADFA8CD68CB56BB273F35B30422BEF
:1072C0005B2F4A8C7C75955995388CD795179558B6
:1072D0009538955895589D59955995388D188D180C
:1072E0007CB874569D79957A9D7A9D7A9D7A955948
:1072F000A5BAB63B9D59ADFBCEFEA5DA7CD87D196B
:107300009D998D597CF97CD974B874D974D97CD97C
:1073100074565B0F52AD52AD4AAD4AAD4AAD4AAD5F
:107320004AAD4AAD52AD4AAD4A8D5B3052AE296787
:107330002926294729472927294621062926ACB28B
:10734000FF59B533ACF2FF9AA491210521062926F5
:107350002926292649C74A6B210620E5210518E57B
:1073600018A418A418C4108318C420E518E518E55B
:10737000292639A839C839C941E94A2A4A2A4A2A54
:107380004A2A4A2A4A2A524B31884A29FF7A736D7F
:10739000420A526B41E94A4A524B524B526B4A2ABB
:1073A0006B2D9C916B0CBD1121262126292631873E
:1073B00042082947420962ED316739C8318739A847
:1073C00052694A494A49526A41E78452C6DCBE5A68
:1073D000B63BAE3AAE1AAE1AA5DA9DB99599959913
:1073E0009599959995999599959A95BA9DBA9DBAB9
:1073F0009DDA9DDA9DDA9DDAA5FAA5FA9DB89D364B
:107400009D58A578AD76B5D8BDD8C619E73DFFDE45
:10741000F79DEF5CEF5CF77CF79DF79DF79DFFBD57
:10742000FFBDFFBDFFBDFFBEF7BCFFDCFFDEFFDE23
:10743000FFDEFFDEFFDEFFDEFFDEFFDEFFDEFFDE64
:10744000FFDEFFDEFFDEFFDEFFDEF7BEF7BEFFDEA4
:10745000F7BEEF5CFFBEFFBEFFBEF7BEF79DEF7D40
:10746000EF7DEF5DF79DF79DF79DF7BEFFBEFFBE79
:10747000FFBEFFBEFFBEFFBEFFBEFFBEFFBEFFBE24
:10748000FFBEFFBEF79EFFBEFFBEFFDEFFDEFFDEDC
:10749000FFDEFFDFFFFEFFFEFFFEFFFFFFFFFFFF40
:1074A000FFFFFFFFFFFFFFFFFFFFFFFFFFFFFFFFEC
:1074B000FFFFFFFFFFFFFFFFFFFFFFFFFFFFFFFFDC
:1074C000FFDEFFDEFFDEFFDEFFBEFFDEFFBDF79D5E
:1074D000FFBDFFFFFFDEEF5C9D589D589D588D1747
:1074E000BE5BB61B94D684746BD273F36371422B6C
:1074F0005B0E52AD8CF7953895388CD79D589D7999
:107500009D799558955995799579955995598D38CD
:1075100084D88CF89DBA9D9A9DBA9D9A9D9A9D7922
:10752000ADDABE3B9D79BE7DCEFE9DBA851985390B
:107530009D9995597D197CF974B87498749863B3C2
:1075400052AD4AAD4A8D4A8C4A8D4A8D4A8D4AAD1C
:107550004AAD4AAD4A8D4A8D5AEF39EA21062926AD
:107560002927212629472946292639C9734E9411EE
:107570009C50FF59FF7A83CE18E5294629462126DB
:10758000292649C751E739CA20E6212620E520E50A
:1075900018C418A318C418A310A318E521052105C1
:1075A0002105318739C841C941E94A2A4A2A4A2A6C
:1075B0004A2A4A2A4A2A526B29476B2CFF5962CC25
:1075C0004A0A39A84209526B524B524B526B420A3B
:1075D000AC6FE6359C0D7B2B18E5294739A739A7F9
:1075E0003187294752496B0D5AAC31662926294605
:1075F0004A294A494A4952494A2939C794F5BE9C01
:10760000AE1AB63AAE1AAE1AA5D99DB99D999D99F2
:107610009D999D999D999D999DB99DBA9DDAA5DAEF
:10762000A5DAA5FAA5FAA5FAAE1AAE1BAE3BADFADD
:10763000A598A577A535AD54BDB7D65AE71CEF7D03
:10764000EF5DF79DF79DF79DF79DF7BDFFBDFFBD72
:10765000FFBDFFBDFFBEFFDDCF7C9F1BE7BBFFDC97
:10766000FFDEFFDEFFDEFFBEFFDEFFDEFFDEFFDE52
:10767000FFBEF7BEFFDEFFDEFFBEF7BEF7BEF79D23
:10768000EF3CEF5DFFBEF7BEF7BEF7BEF7BEF7BE3D
:10769000F79DF7BEFFBEF7BEF79EF7BEFFBEFFBE6B
:1076A000FFBEFFBEFFBEFFBEFFBEFFBEFFBEFFBEF2
:1076B000FFBEF79EF79EFFBEFFDEFFDEFFDEFFDEB2
:1076C000FFDEFFFEFFFEFFFEFFFEFFFFFFFFFFFFEF
:1076D000FFFFFFFFFFFFFFFFFFFFFFFFFFFFFFFFBA
:1076E000FFFFFFFFFFFFFFFFFFFFFFFFFFFFFFFEAB
:1076F000FFFEFFDEFFBDFFBDFFBDFF9DFFBDFFFF26
:10770000FFFFF77DEF3CF79DA599A5999D788D1713
:10771000BE3BBE5B9D177C546BD273F36BB2424B86
:1077200052AD52EE9538953895388CD79D789D9905
:107730009D799D799D799D799D999D798D1984D8A3
:107740007C9795399DBB9D9AA5BA9DBA9D9A9D7AC5
:10775000B61BB63BA5DAC6DEC6DE9D9A853A855ACB
:1077600095799579853985197CF974985B514A8C9E
:107770004A8D4A8D4A8D4A8D4A8D4A8D4A8D4A8C52
:107780004A6C424B424B4AAD2968210629462927BB
:107790002927294729062926526B6B0D6B0D943139
:1077A0006B0E526A5AAB18E5294629262106210696
:1077B000294620E5190639C92906294718E520E593
:1077C00018C518A418E418E418A318C4210520E566
:1077D00020E5294641C941E942094A2A4A2A4A2A5A
:1077E0004A2A4A2A4A2A526B2106A4B1E6973987C7
:1077F000296739C8526B524B526B526B4A4A31A8B7
:1078000041A651E77B2B318731A839A74A2939A7EF
:10781000294729475AAB62CB422A526A2947210697
:10782000316641E74A084A084A0931874208ADD81B
:10783000BE7BB61AAE1AADFAA5D99DB99DB99DB950
:107840009DB99DB9A5B9A5B9A5D9A5DAA5FAADFA8D
:10785000A5FAADFAADFBAE1AB61AB63BB63BB63BCF
:10786000BE5ABDF9BD96BDB7D67AEF5DF77CF79DE0
:10787000FFBEFFBDFFBDFFBDFFBDFFBEFFBEFFBD25
:10788000FFBEFFBEF7BEFFFCB75C6EBD86FCCF7BC4
:10789000FFDEF7BEFFBEFFBEFFBEFFBEFFBEFFBEE8
:1078A000FFBEFFBEFFDEFFBEF7BEF7BEF79DEF3C9B
:1078B000E6BAE6FBF7BEF79DF79EF79DF79DF79EAC
:1078C000FFBEFFBEFFBEFFBEFFBEFFBEFFBEFFBED0
:1078D000FFBEFFBEFFDEFFDEFFDEFFBEFFBEFFBE60
:1078E000FFBEFFBEFFBEFFBEFFDEFFDEFFDEFFDE30
:1078F000FFDEFFFEFFFEFFFEFFFEFFFFFFFFFFFEBE
:10790000FFFFFFFFFFFFFFFFFFFFFFFFFFFFFFFF87
:10791000FFFEFFFEFFFFFFFFFFDEFFDEFFDEFFDEFD
:10792000FFBEFFBEFFBEFFBDFF9DFFDEFFFFF77D79
:10793000E71BF77DFFFFFFFFA5B9A5B9A59995380E
:10794000B63BBE3B9D377C3473F373F373F34A8CC1
:10795000424B5B509559953895388D17A599A59947
:10796000A599A5999D7995598D598D197CB87CB8A3
:1079700074779D9A9DBB9DBAA5DBA5DBA5BA9DBA80
:10798000BE5CB63BB63CC6DEC6DE95798539853A27
:107990008D599D797D19853A7CB85B0F4A8C4A8D4B
:1079A0004A8D4A8C4A6C4A6C424B422B420A39EA55
:1079B00039EA39C94A8D424B20E52947294629270A
:1079C00029472105420A84746B6F62EC62EC524ACB
:1079D000294720E5210529462106210620E520E545
:1079E00018C518A42126524A29052147210618E462
:1079F00018C418A418C420E518E518A418E5210532
:107A000021052105318741E94A0A4A2A4A2A4A2A98
:107A10004A2A4A2A4A2A4A4A2106D615BD731084A0
:107A200029464A4A524B4A4A420A39E931A839A8FA
:107A300029676248C48D422939A84A08420839A7F3
:107A4000296731A839E95A8A838C4209526B422A44
:107A500031A831A7318639A739C741E839875ACCCF
:107A6000B63AAE1AAE1AADFAA5FAA5DAA5DAA5DAD3
:107A7000A5FAADFAADDAADDAADFAADFAAE1AB61ACC
:107A8000B61AB61AB63BB63BB63BBE5BBE5BC65B30
:107A9000D69BE6FCEEFBEEBAF678EDD5FEF7FFDE00
:107AA000FFBEFFBDFFBEFFBEFFBDFFBDFFBEFFBEF1
:107AB000FFBDFFBEF7BEFFDEA73D76DD76DDC75D0D
:107AC000FFDEF79EFFBEF7BEF7BEF7BEF7BEF7BEFE
:107AD000F7BEF7BEF7BEF7BEF7BEF7BEF7BEF79E1E
:107AE000EF3CEF3CF7BEF79DF79DF79DF79DF79DA7
:107AF000F79DFFBEFFBEFFBEFFBEFFBEFFBEFFBEC7
:107B0000FFDEFFDEFFDEFFDEFFDEFFDEFFDEFFDE8D
:107B1000FFBEFFBEFFDEFFDEFFDEFFDEFFDEFFDEBD
:107B2000FFDEFFDEFFFEFFFEFFFEFFFEFFFEFFFEAD
:107B3000FFFFFFFFFFFFFFFFFFFFFFFFFFFFFFFF55
:107B4000FFDEFFDEFFDEFFDEFFBEFFBEFFDEFFBEAD
:107B5000FFBEFFDEFFBEFFDEFFFEF79DEF3CEF3C0A
:107B6000FFDEFFFFFFFFFFFFA5B9A5B9A5B9A57807
:107B7000B61BB61A9D177433741373F3741352CE75
:107B8000424B741395598D389D799D799D79A599AE
:107B90009D9995798D1884F88D3984F87CB87CB8D6
:107BA0007C97A5DB9DBBA5DBA5FBA5DBA5DBA5DB4A
:107BB000BE7CB65CC69DCEDEC6DE8D598539851984
:107BC00085199D79855A7CB752EE4A6C4A8C426C75
:107BD000424B422B3A0A39EA39EA39EA39EA39EAB8
:107BE0003A0A39C94A8D422B2106294629462927B6
:107BF00020C54A8C9D9A7C135ACC4A6B316721264A
:107C00002946294629262106210620E518C520E512
:107C100018C429472926292618E52106210618C552
:107C2000210620E418C418C4210518E418C420E56E
:107C300021252125212639E94A2A4A2A4A2A4A2A7F
:107C40004A2A4A2A4A4A41E939A7FF39736D290568
:107C50005ACB39E94A4A524B4A2A4A2A4A2A39C84F
:107C600031676B0CFF9A62EC316739C839A839E982
:107C700041E9294639C839C8734C420839E95A8B59
:107C8000528B5ACC5AEC4A49420839C841E93986E4
:107C90008473BE7CAE1AAE1AADFAADFAADFAAE1A66
:107CA000B61AB63AB61AB61AB61AB61ABE1ABE3B03
:107CB000BE3BBE3ABE3BC65BCE7BD69CDEFCEF1C19
:107CC000F7DFF6B9E410E410E3CFE3EFF6FAFFFFD5
:107CD000FFBEFFBEFFBEFFBEFFBEFFBDFFBEFFBEBD
:107CE000FFBEFFBEFFBEFFDD8EFC66BD86DCF7BDBE
:107CF000FFBEFFBEFFBEF7BEF7BEF7BEF7BEF7BEC4
:107D0000F7BEF7BEF7BEF7BEF7BEF7BDF79EF79E0C
:107D1000F79EF79EF79EF79DF79DF79DF79DF79DC0
:107D2000F79DF79DF79EF7BEFFBEFFBEFFBEFFDECD
:107D3000FFDEFFDEFFFFFFFFFFDFFFDEFFDEFFDE18
:107D4000FFDEFFDEFFDEFFDEFFDEFFDEFFDEFFDE4B
:107D5000FFDEFFDEFFFEFFFEFFFEFFFEFFFEFFFF7A
:107D6000FFFFFFFFFFFFFFFFFFFFFFFEFFDEFFFF45
:107D7000FFFEFFDEFFBEFFBDFF9DFFBDFFBDFFBEDF
:107D8000FFDEFFDEFFFEFFBEEF5CEF3CFFBEFFFF4E
:107D9000FFFFFFFFFFFFFFFFA599A599A5989D781D
:107DA000ADDAADD9951674137413741374345B5033
:107DB0005AEE8CD695598D38A5FBA5999D79A59934
:107DC0009D9995598D398D188D1884F884D87CD853
:107DD00084F8AE1C9DBAAE1BADFBADFBA5DBADFBC5
:107DE000BE7CBE7CC6DECEDEC6BD85197D197D1982
:107DF0007CF99539747652CE4A6C424B420A3A0A63
:107E00003A0A3A0A3A0A3A0A39EA39EA39EA39EAD6
:107E100039EA39C94AAD39E92106292729662106F7
:107E2000422B6B4F630D4A6A420A2926294629468E
:107E300029262106210620E620C518C520E518A41C
:107E4000296831A820E52946210518E518C42948E4
:107E5000212618C418C518C518E52926212618E5B5
:107E600021053167318741E94A0A4A2A4A2A4A2AC2
:107E70004A2A4A2A526B3167732CFF593166B48FF4
:107E8000FFBB5AAB4A2A526B526B4209318739C841
:107E9000526B4A6BD5517B0A294739C839E9524B95
:107EA0004A2A212629673187292731A84209736D7B
:107EB00062CC5ACCB533630D528B526A4A494A2977
:107EC0008C73C69CBE3BBE3BBE3BB63AB61ABE3BAD
:107ED000BE3BBE3BBE3BBE3BBE3BC63BC65BCE5B7A
:107EE000CE5BD67CDEBCE6FDEF3DEF7DF7BEF7FF57
:107EF000F77CECB2E38FE3EFE3EFF699FFFFFFBE11
:107F0000FFBDFFBDFFBDFFBDFFBDFFBDFFBEFFBE8F
:107F1000FFBEFFBEFFBEF7BDDF7DCF5DDF7DFFBED5
:107F2000FFBEFFBEFFBEF7BEF7BEF79DF7BEF79ED2
:107F3000F7BEF7BDF79EF79DF79DF79DF79EF79E5D
:107F4000F79DF79DF79DF79DF79DF79DF79DF79D91
:107F5000F79DF79DF79DF79DF7BEF79DFFBEFFDEEE
:107F6000FFDEFFDFFFFFFFFFFFFFFFFFFFFFFFDE83
:107F7000FFDEFFDEFFDEFFDEFFDEFFDEFFDEFFDE19
:107F8000FFDEFFDEFFFEFFFEFFFEFFFEFFFEFFFE49
:107F9000FFDEFFDEFFDEFFFEFFFEFFDEFFDEFFFE99
:107FA000FFFEFFDEFFBEFFBEFF9DFFBDFFBEFFDE8B
:107FB000FFFEFFBEEF5CEF5CF79DFFFFFFFFFFFFE3
:107FC000FFFFFFFFFFFFFFFFA599A598A599A599C2
:107FD000A599AD99951674137433741374346BB2F8
:107FE0007C33953895599559B65CA5B99D799D997D
:107FF0009D7995798D398D1884F884F884F884F802
:108000008D38AE3C9DBAB63CAE1CADFBADFBB63B6D
:10801000C69CC6BDCEDECEDEC6BD84F87CF97CF93A
:108020007CF98496632F420A422B3A0A39EA39EAEC
:108030003A0A3A0A3A0A3A0A3A0A39EA39EA39EA83
:1080400039EA39E94A6C31A829262926316620C542
:108050006B91634F420931A9292629462926210619
:108060002106210620E518C520E5212618C4296827
:1080700039CA210520E52106210518C521062988D0
:1080800018C418E518C4294720E518E4294631A783
:1080900039C842094A2A4A2A4A2A4A2A4A2A4A2ADC
:1080A0004A2A4A2A526B2946B4D1ACB018A4830A92
:1080B00093EE526B4A4A42093187296741E9528B54
:1080C0005A8B4A2A9BABA3CC296741E94A4A526B97
:1080D00041E92947296739A841C941E939A85A8B9B
:1080E00062CC528C8C30A4D14A2A5A8B524AA55663
:1080F000D6BCCE7BCE7BCE7BCE7BC67BC65BC63B67
:10810000C65BC65BCE5BCE5BD67BDE7CDEBCE6DDD3
:10811000E71DEF3DEF7DEF9DEF9EF7BEF71AED34C3
:10812000EB8EE32DE3AFE492F6BAFFFFFFBEFFBE96
:10813000FFBDF79DF79DFFBDFFBEFFBEFFBEFFBEAB
:10814000FFBEFFBEF79DF79DFF9EFFBEFFBEFFBEB9
:10815000FFBEFFBEF7BEF79DF79DF79DF79DF79D0C
:10816000F79DF79DF79EF79DF79DF79DF79DF79D6E
:10817000F79DF79DF77DF77DF77DF79DF77DF77DFF
:10818000F77DF79DF79DF79DF7BDFFBDFFBEFFDEB5
:10819000FFDEFFFEFFFFFFFFFFFFFFFFFFDFFFDE52
:1081A000FFDEFFDEFFDEFFDEFFBEFFDEFFDEFFDE07
:1081B000FFDEFFDEFFDEFFDEFFDEFFDEFFDEFFDED7
:1081C000FFDEFFDEFFFEFFDEFFDEFFDEFFDEFFFE87
:1081D000FFFFFFFEFFDEFFBEFFDEFFDEFFDEFFBDB7
:1081E000F77DEF5CF77DFFDEFFFFFFFFFFFFFFFF87
:1081F000FFFFFFFFFFFFFFFF9D58A578A598ADB9D2
:10820000A578A5789517743374347434743473F383
:10821000951795588D389D7ABE9DA59995589D794D
:1082200095798D398D398D1984F884F885197CF804
:108230009559B63C9DBBB65CB63CAE1BAE1BB61B9F
:10824000BE7CC6BDCEFECEFEC69D85197D19853A83
:1082500074555AEE635039EA39EA3A0A39EA39EA8A
:1082600039EA3A0A3A0A3A0A39EA39EA39EA39EA93
:1082700039EA39C93A0A420A2947292729672926AA
:108280003168424B294729262946292621062106FD
:1082900020E518C418E52106294621052947422B67
:1082A00020E6210620E5294720E618E520E620E51E
:1082B00018C420E520E418C4210518E518C52126B6
:1082C00031A741E94A2A4A2A4A2A4A2A4A2A4A2AF4
:1082D0004A2A4A4A4A2A3987A3CC49C721263187E4
:1082E00041C841E93187296639C84A4A528B526BE5
:1082F000528B4A2A83EFCDB431674A4A524B526BB4
:1083000041E918A431873187316731872126420836
:10831000734C5A8B5ACCBD73734D526B524A83F0D7
:10832000E6FDD6BCDEBCD6BCD6BCD69CD69CD67CE4
:10833000D67CDE7CDE9CE6BCE6DDEF1DEF5DEF7DEE
:10834000EF7DEF5DEF5DF77DF678ECB2EB2CE2AB05
:10835000E32CEC30F637F79DFFDEFFBEFFDEFFBDFE
:10836000F79DF79DFFBDFFBEFFBEFFBEFFBEFFBE78
:10837000FFBEF7BDF7BEF7BDF7BEF7BEF7BEFFBE47
:10838000FFBEF7BEF7BEF7BEF79DF79DF79DF79DC1
:10839000F79EF79EF79EF79DF79DF77DF79DF77D7A
:1083A000F77DF77DF77DF77DF77DF77DF77DF79D0D
:1083B000F79DF79DF7BDF79DFFBEFFBEFFBEFFDE39
:1083C000FFFEFFFEFFFFFFFFFFFFFFDEFFDEFFDE22
:1083D000FFBEFFDEFFBEFFBEFFBEFFBEFFBEFFBE95
:1083E000FFDEFFDEFFDEFFDEFFDEFFBEFFBEFFDEE5
:1083F000FFDEFFDEFFDEFFDEFFDEFFDEFFDEFFDE95
:10840000FFFEFFDEFFBEFFBDFF9DFF9DEF3CEF1BAC
:10841000F77DFFDEFFFFFFDEFFDEFFFFFFFFFFFF59
:10842000FFFFFFFFFFFFFFFF326D326D326D326DD8
:10843000326D326D326D326D3A6C3A6C3A8C3ACCA8
:108440003AED3B0D3B2E3B2E3B2E3B2D3B0D42ECA4
:1084500042CC4ACC4ACC52CC4ACC4AAC4AAC4AADCB
:108460004ACD4ACD42CE42AE428D426C3A2B39E9DA
:1084700031A72946210520E418E418C418C418E4DB
:1084800020E420E42104292431453165398539A6C9
:1084900041C641C641C641C641A6398539653964E0
:1084A00031443124312429042924312431453965CA
:1084B000398639A639A639863186316631663986DC
:1084C00041C74A2852695ACB630C6B4D736E738E49
:1084D000738E6B6E630C528A420839A7318639A7B6
:1084E00041E852495A8A62CB6AEC6AEC6B0C6B2CFD
:1084F0006B0C6B0C6AEB6ACB6ACA6ACA6ACA6ACA34
:108500006AEA6AEB730B730B732C732C732C732C4A
:10851000732C732C732C734C736D7B8D7BAE7BCE65
:108520007BCE7BAE7B8D734C732C732C732B732B98
:10853000732B732B6B0B62EB5AAA4A4A420931C95F
:1085400029892968214821482968296831A939E9F8
:108550004A29524952695A695A8A5AAA5ACB5AEC3C
:108560005ACC52AC4A6B422A39E931A929A929A926
:1085700029A931C931CA31EA31EA31EA320B320B69
:10858000320B322B3A4B3A4C3A6C3A6C428C428C5E
:10859000428C4AAC4AAC4ACC52EC530C5B0C5B2C80
:1085A0005B2C5B2C5B2C5B4C634C636C638D6BAD09
:1085B00073CD73ED7BEE7C0E7BEE73EE73CD73CDDE
:1085C00073AD73AD73AD73CD73CD7BED7C0E7C0E4F
:1085D0007C0E842E842E842E844F844F844F8C4FA7
:1085E0008C4F8C4F8C4F844F844F842F8430843039
:1085F0008430845084508C508C508C508C508C50D3
:10860000845084508430843084308430840F7BCE16
:108610007BAD7B6C732B730A730A732B7B4C7B8D46
:1086200083CE840F8C308C508C518C518C518C515A
:108630008C518C508C508C508C508C508C508C5059
:108640008C518C518C518C518C518C518C518C5142
:108650008C518C518C518C51326D326D326D326D2A
:10866000326D326D326D326D3A6C3A6C3A8C3AAC96
:108670003AAC3ACD3B0D3B0D3B2E3B2D432D430DEC
:108680004B0C4B0C52EC52EC52CC52CC4ACD4ACD56
:108690004ACD4ACE42CE42AD428D426C3A2A39C8CA
:1086A00031872945210520E418E418E420E420E47A
:1086B000210429243145396539A641C64A07522784
:1086C0005227524752475227520649E641A5418553
:1086D00039653944312431242904290429242925E0
:1086E000314531653166316631663166318639C76B
:1086F0004A0852695AAA62EB6B2D736E738E73AF80
:1087000073AF736E630C528A420839A7318639867B
:1087100041E752295A8A62CB6AEC6B0C732D734D78
:10872000734D732C6B0C6AEB6ACB6ACA6ACA6ACA4D
:108730006AEB6AEB6B0B730C732C734C734C734CBE
:10874000732C732C734C734D7B6D7B8D7BAE7BCE0A
:108750007BCE7BAE7B8D736D732C730B6AEB72EAF1
:10876000730A6AEB62CA5AAA526A420939C931A924
:108770002989296829682969298931A939C94209BA
:108780004A2952495A695A8A5AAA62CB62CB5AEC90
:108790005ACC528B424B3A0A31C929A9298929A9B5
:1087A00029A929C931CA29CA29EA29EA29EB320BA0
:1087B000320B322B322B3A4C3A4C3A6C3A6C428C9C
:1087C000428C42AC4AAC4ACC52EC52EC5B0C5B2C77
:1087D0005B2C5B2C5B4C5B4C636C638C63AD6BCD37
:1087E00073ED740D7C0E7C0E7C0E7BEE73CD73CD21
:1087F00073CD73CD73CD73CD73ED7BEE7C0E7C0E9C
:10880000842E842E842E844E844F844F8C4F8C4F24
:108810008C4F8C4F8C4F844F844F844F84508450A6
:1088200084508C508C508C508C508C508C508C5070
:108830008C508C508C508C5084308430840F83EE5C
:108840007BAD7B6C732B730A730A732B734C7B8D1C
:1088500083CE840F84308C508C518C518C518C5130
:108860008C518C518C508C508C508C518C518C5123
:108870008C518C518C518C518C518C518C518C5110
:108880008C518C518C518C51324D324D324D326D58
:10889000326D326D326D3A6D3A6C3A6C3A6C3A8C9C
:1088A0003A8C3AAC3ACC3AED3B0D3B0D430D432D9F
:1088B0004B2D532D530C530C52EC52CC52CD4ACD70
:1088C0004ACD4ACE42CE42AD428C424B3A0931C8E3
:1088D00031662925210520E420E420E4210429042F
:1088E00029243165398541C64A0752275A685A8872
:1088F0006288628862885A475A27520649C641A54B
:1089000041653944312429242904290429042925CD
:1089100029252925294529453166318639A7420867
:1089200052495AAA62EB6B0C6B4D736E738F73AF27
:1089300073AF736E630C528A420839A6318639864A
:1089400041C74A285A6A62CB6B0C732D734D736D05
:10895000736D734D732C6B2C6B0B6AEB6AEB6AEBCC
:108960006AEB6AEB730C732C734D736D7B6D736DD7
:10897000734D734D7B6D7B8D7B8D7BAE7BAE7BCEE4
:1089800083CE7BCE7BAE736D732C6B0B6AEA6ACAA7
:108990006ACA62CA62AA526A4A2939E931C931A946
:1089A0002989298931A931A931CA39EA420A4A2AD1
:1089B000524A5A6A5A8A62AA62CA62CB62EB5ACC9B
:1089C00052AB4A6B3A2A31C929A9298829882989B1
:1089D00029A929A929CA29CA29CA29EA29EA320BB7
:1089E000320B322B322B3A4C3A4C3A6C3A6C428C6A
:1089F000428C42AC4AAC4ACD52ED530D530D5B2D27
:108A00005B2D5B4D634D636D638D638D6BAD6BCD86
:108A100073ED7C0E7C2E7C0E7C0E7BEE73CD73CDC5
:108A200073CD73CD73CD73ED7BED7C0E7C0E7C2E00
:108A3000842E842E844E844E844F844F844F844FE2
:108A4000844F844F844F844F844F845084508C5083
:108A50008C508C508C508C508C508C508C508C5036
:108A60008C508C508C508C508C508430840F83EF01
:108A70007BAD7B6C732B730A730A732B734C7B8DEA
:108A800083CE840F84308C508C518C518C518C51FE
:108A90008C518C518C508C508C508C518C518C51F1
:108AA0008C518C518C518C518C518C518C518C51DE
:108AB0008C518C518C518C51324D324D324D324D46
:108AC000326D326D326D3A6D3A6D3A6C426C426C79
:108AD000426B3A8B3A8C3AAC3ACC3ACC42EC42ED0F
:108AE0004B0D530D530D52ED52EC52CD52CD4ACD9C
:108AF0004ACD4ACE42CE42AD426C424B3A0931A7F2
:108B00003166292521052104210421042904292471
:108B10003165398541C64A0752475A68628862A959
:108B200062A962A862885A475227520649C641A5DF
:108B300039653945312429242904210421052105D9
:108B40002925292529252946316639A741E84A4999
:108B50005A8A62CB630C6B2D6B4E736E73AF7BAF17
:108B600073AF736E630C528A420839A63166398638
:108B700041C74A085A6962CB6B2C734D7B8E7B8E42
:108B80007B8E736D736D734C732C6B0C6B0C6AEC7A
:108B90006B0C6B0C732C734D736D7B8E7B8E7B8D8E
:108BA0007B8D7B8D7B8E7BAE7BAE7BAE7BAE7BAEDF
:108BB0007BCE7BCE7BAE736D732C6AEB6ACA6AC9BF
:108BC0006AA962AA5A8A526A422A39E931C931C964
:108BD00031CA31EA39EA3A0A422B424B4A4B4A6BD4
:108BE000528B5AAA62AA62CA62CB62EB5ACB52ABD0
:108BF0004A6B422A39EA31A9298929882988298991
:108C000029A929A929C929CA29CA29EA29EA29EBAE
:108C1000320B322B322B324C3A4C3A6C3A6C428C3F
:108C200042AD42AD4ACD4ACD4AED530D530D5B2DB9
:108C30005B4D5B4D636D638D638D63AD6BCD73ED8C
:108C4000740D7C0E7C2E7C0E7C0E7BED73CD73CD73
:108C500073CD73CD73ED73ED7BEE7C0E7C0E7C2EAD
:108C6000842E842E844E844E844F844F844F844FB0
:108C7000844F844F844F844F8C4F8C508C508C5039
:108C80008C508C508C508C508C508C508C508C5004
:108C90008C508C518C518C508C508C30840F83EEC6
:108CA0007BAD7B6C734B732B732B732B7B4C7B8D4E
:108CB00083CE83EF84308C308C508C518C518C510E
:108CC0008C518C518C518C518C518C518C518C51BC
:108CD0008C518C518C518C518C518C518C518C51AC
:108CE0008C518C518C518C51324D324D324D324D14
:108CF000324D326D326D3A6D3A6D428C428C426C1F
:108D0000426B426B426B428B3A8C3AAC42AC42CCE7
:108D10004AEC4AEC52ED52ED52CD52CD52CD52CDED
:108D20004ACD4ACE4ACE42AD426C424A39E931A7D9
:108D30003166292529052104290429243144316576
:108D4000398541C64A0652475A68628862A862A9B4
:108D500062885A685A48522749E649C641A539856A
:108D6000396531453124292429052105210521258D
:108D7000292529252945316639A741E74A285A8AF4
:108D800062CB630C6B2D6B4D6B6E738E73AF7BAFD1
:108D900073AF736E630C528A41E831863165316579
:108DA00041A64A085A6962CB732C736D7B8E7BAEE9
:108DB0007BAE738E736D734D734D732C6B0C6B0C9C
:108DC0006B0C730C732C736D7B8E7BAE7BAE7BAEAA
:108DD0007BAE7BAE7BAE7BCE7BCE7BCE7BAE7BAEEB
:108DE0007BAE7BAE7BAE7B6D732C6B0B6ACA62C9AC
:108DF00062AA62AA5A8A526A4A4A422A3A0A3A2B12
:108E0000422B424B424B4A6C4A6C4A8C528C52ACBD
:108E10005AAB62CB62CB62CB62CB62CB5AAB4A8B92
:108E2000424A39EA31C9298929682168296829888B
:108E3000298929A929A929CA29CA29CA29EB2A0BBA
:108E4000320B322B322C324C3A4C3A6C3A8C428DEB
:108E500042AD42AD4ACD4ACD4AED530D532D5B2E66
:108E60005B4E5B4D636D638D63AD6BCD6BCD73ED11
:108E70007C0E7C2E7C2E7C0E7BEE73ED73CD73CD41
:108E800073CD73ED73EE7BEE7C0E7C0E7C0E7C2E30
:108E9000842E842E844E844E844F844F844F842F9E
:108EA000842F844F844F844F8C508C508C508C5026
:108EB0008C508C508C508C508C508C508C508C50D2
:108EC0008C508C518C508C508C508430840F83EE9D
:108ED0007BAD7B6C7B4B732B732B732B7B4C7B8C15
:108EE00083AE83EF840F8C308C508C508C518C511E
:108EF0008C518C518C518C518C518C518C518C518A
:108F00008C518C518C518C518C518C518C518C5179
:108F10008C518C518C518C51324D324D324D324DE1
:108F2000324D324D326D3A6D3A6D428D428C428CEB
:108F3000428C426B426B426B426B426B428B428C67
:108F40004AAC4ACC52CD52CD52CD52CD52CD52CD5B
:108F50004AEE4ACE4ACE42AD426C422A39E839A79F
:108F600031662925292529042924292531653985B2
:108F700041C649E652275A475A675A685A685A689A
:108F8000524852274A0749C641A63985398539656D
:108F90003145314529252925292529252925292511
:108FA000292529453166318641C74A2852695ACB5D
:108FB00062EC6B2C6B2D6B4E736E738E73AF7BAF4D
:108FC00073AE736D62EC526A41E8318631453165AA
:108FD00041A64A075A696AEB732C738D7BAE7BAE50
:108FE0007BAE738E736D736D734D732C6B0C6B0C4A
:108FF0006B0C732C734D736D7BAE7BCE7BCE7BCEB7
:109000007BAE7BAE7BCE83CF83CE7BCE7BAE7BAD88
:109010007BAD7BAD7B8D736D732C6B0B6ACA62CAA3
:1090200062CA62CA5AAB52AB528B4A8B4A6C4A8CA8
:109030004A8C4AAC52AC52CD52CD52CD5ACD5ACCBC
:109040005ACC62CB62CB62CB62CB5AAB528B424AD8
:109050003A0A31C929892168216821682168216873
:109060002988298929A929AA29CA29CA29EB2A0BC9
:10907000320B322B322C324C3A4C3A6C3A8D428DB8
:1090800042AD42CD4ACD4AED4AED530D532E532EFB
:109090005B4E5B4E636D638D63AD6BCD73ED740E94
:1090A0007C0E7C0E7C0E7C0E7BEE73CD73CD73CD6F
:1090B00073CD73ED73EE7BEE7C0E7C0E7C0E7C2EFE
:1090C000842E842E844E844F844F842F842F842FAB
:1090D000842F842F844F84508C508C508C508C5013
:1090E0008C508C508C508C508C508C508C508C50A0
:1090F0008C508C508C508C508C30842F83EF83CECE
:109100007B8D7B6C7B4B734B732B7B4B7B6B7B8C9B
:109110007BAD83EE840F84308C308C508C518C511D
:109120008C518C518C518C518C518C518C518C5157
:109130008C518C518C518C518C518C518C518C5147
:109140008C518C518C518C51324D324D324D324DAF
:10915000324D324D326D3A6D3A6D428D428D4A8CB0
:109160004A8C4A8C4A8B426B426B426B426B428BFD
:109170004AAC4AAC4ACD52CD52CD52CD52CD52ED31
:1091800052EE4AEE4ACE42AD426C422A39E839A745
:10919000316629452925292529253145398541A6C5
:1091A00049E65206522752275227522752274A078A
:1091B00049E741C639A639863965316531453145BA
:1091C000294529252925292529252925292529250F
:1091D00029452946318639C74A0852695AAA62EB9D
:1091E0006B0C6B2D6B4E6B4E736E738E738F7BAFF0
:1091F000738E6B4D62EC4A6939C73166294531453A
:1092000039A64A075A696AEB734C7B8D7BAE7BAEFD
:109210007B8E738D736D736D734C732C6B0C6B0C39
:109220006B0C732C734D7B8E7BAE7BCF83EF7BCF30
:109230007BCE7BCE83CF83EF83CE7BCE7BAD7B8D0E
:109240007B8D7B8D7B8D736C732C6B0B62EA62CA9A
:1092500062CB62EB62EC5AEC5AEC52CD52CD52CD5D
:1092600052ED52ED5AED5AED5B0D5B0D5B0D5B0D52
:1092700062EC62EC62EB62CB5AAB528B424A3A0A26
:1092800031C929892168216821482148216821683C
:109290002188218929A929A929CA29CA29EB2A0BA8
:1092A000320B322B322C324C3A6C3A6D3A8D42AD45
:1092B00042AD42CD4ACD4AED4B0E530E532E532EA6
:1092C0005B4E5B4E5B6E638D63AD6BCD73EE740E68
:1092D0007C0E7C0E7C0E7BEE73CE73CD73AD73CDA6
:1092E00073CD73ED73EE73EE7BEE7C0E7C0E7C0E15
:1092F000842E842E842E842F842F842F842F842FD9
:10930000842F842F842F84508C508C508C508C5000
:109310008C508C508C508C508C508C508C508C506D
:109320008C508C508C508C308430840F83CE7BAD2D
:109330007B8C7B6C7B4B734B7B2B7B4B7B4B7B6CA2
:109340007BAD83CE83EF842F8C308C508C508C512E
:109350008C518C518C518C518C518C518C518C5125
:109360008C518C518C518C518C518C518C518C5115
:109370008C518C518C518C51324D324D324D324D7D
:10938000324D324D324D3A6D3A6D428D428D4AAC7E
:109390004AAC4AAC4A8C4A8B4A6B426B426B4A6B72
:1093A0004A8C4AAC4ACD52CD52CD52CD52ED52EEFE
:1093B00052EE4AEE4ACE4AAD426C422A39E839A70B
:1093C000316629452925292531453165398541C62B
:1093D00049E649E64A0749E649E649C641C641A683
:1093E0003986396631653145314529452925292593
:1093F00029252925292529252925292529252925FD
:109400002946316639A741E84A495A8A62CB62EC5B
:109410006B0D6B2D6B4E6B4E736E736E738F73AFE4
:10942000738E6B4D5ACB4A4939C731652925314571
:1094300039A64A085A896AEB734C738D7B8E7B8EF2
:10944000738D736D736D734C732C6B0C6B0B6AEBBC
:109450006B0C732C734D7B8E7BCE83EF83EF83EF8E
:109460007BCE7BCE83CE83CE83CE7BAD7B8D7B6C60
:109470007B6C7B6C7B6C734C6B2B6B0B62EB62EBD2
:1094800062EB630C632D632D5B2E5B2E5B2E5B2EDC
:109490005B2E5B2E5B2E5B2E5B2E632E632E632D6D
:1094A000630D62EC5ACC5AAB526B4A4A3A0A31C944
:1094B00029892168214821482148214821482168DB
:1094C0002168218921A929AA29CA29CA29EB2A0B9D
:1094D000320B322B322C324C3A6C3A8D3A8D42ADF3
:1094E00042CD42CD4AEE4AEE4B0E4B0E532E532E3A
:1094F0005B2E5B4E5B6E638E63AD6BCE73EE73EE75
:109500007BEE7BEE7BEE73CE73CE73AD73AD73AD3E
:1095100073CD73CD73EE73EE73EE7BEE7C0E7C0E2B
:109520007C2E842E842E842F842F840F7C0F840F16
:10953000842F842F843084508C508C508C508C50CD
:109540008C508C508C508C508C508C508C508C503B
:109550008C508C508C508430840F83CE7BAD7B8CB0
:109560007B6C7B4B732B732B7B2B7B4B7B4B7B6CF9
:109570007B8C83AD83EE840F84308C308C508C5187
:109580008C518C518C518C518C518C518C518C51F3
:109590008C518C518C518C518C518C518C518C51E3
:1095A0008C518C518C518C51322D322D322D324DAB
:1095B000324D324D324D3A6D3A6D3A8D428D4AAD53
:1095C0004AAD4AAC4AAC4A8C4A8C4A6B4A6B4A8CCC
:1095D0004AAC4AAC52CD52CD52CD52CD52ED52EEA4
:1095E00052EE52EE4ACE4AAD426C422A39E839A7D1
:1095F000316631452945294531453965398541A6C9
:1096000041C641C641C641A639A63986398631656B
:109610003165294529252925292529252925292572
:109620002925292529252925292529252945294689
:10963000316639A641E74A2852695A8A5ACB62EC08
:10964000630D6B2D6B4E6B4E736E736E738E738EDC
:10965000736E6B2D5AAB4A2939A729452925314507
:1096600039A64A085A896AEB734C736D738D738DF2
:10967000736D736D734C732C6B0B6AEB6AEB6ACB77
:109680006AEB6B0C734D7B8E7BCE83EF83EF83EFA6
:109690007BCE7BCE7BCE7BCE7BAE7B8D7B6C7B4BC8
:1096A000734B734B734B732B6B0B62EB62CB62EBA5
:1096B000630C632D634E634E634E634E634E634E85
:1096C000634E634E634E634E634E634E632E632E52
:1096D000630D5AEC52AC4A8B424A3A0A31C9298985
:1096E00021682148214821472147214721482168F5
:1096F0002168218921A929AA29CA29CA29EB2A0B6B
:10970000320B322B322C324C3A6C3A8D3AAD42ADA0
:1097100042CD42CE4AEE4AEE4B0E4B0E532E532E06
:10972000532E5B4E5B6E638E63AE6BAE73CE73EE89
:1097300073EE73CE73CE73CE73AE73AD73AD73AD84
:1097400073AD73CE73EE73EE73EE73EE73EE7C0E49
:109750007C0E7C0E7C2E7C0E7C0E7C0F7C0F7C0F96
:10976000842F842F84508C508C508C508C508C5073
:109770008C508C508C508C508C508C508C508C5009
:109780008C508C508430840F83CE7BAD7B6C734BBC
:10979000732B732B732A732A732A7B2B7B4B7B6B64
:1097A0007B8C83AD83CE840F84108C308C508C5096
:1097B0008C518C518C508C508C308C308C308C3047
:1097C0008C308C308C308C308C508C508C518C5137
:1097D0008C518C518C518C51322C322C322D322D9B
:1097E000324D324D324D3A6D3A6D3A8D428D4AAD21
:1097F0004AAD4AAD4AAC4AAC4A8C4A8C4A8C4AAC17
:109800004AAC52CD52CD52CD52CD52ED52ED530E07
:10981000530E52EE4AEE4AAD426C422A39E839A75D
:10982000316631453145314531453965398541A587
:1098300041A639A6398639863165316531452945D4
:109840002945292529252925292529252925292588
:10985000292529252925292529252925294531662F
:10986000398641C742074A28524952695A8A5ACB17
:1098700062EC630D6B2E6B4E6B4E736E736E736E7C
:10988000736E630C528A4208318629252925314599
:1098900039A74A085A8A6AEB732C734C736D736D3F
:1098A000734C734C732C732B6AEB6ACA62CA62AA3C
:1098B0006ACA6AEB732C738D7BAE83CF83EF7BCE4A
:1098C0007BAE7BAE7BAE7BAD7B8D7B6C7B4B732BA2
:1098D000732B732B730B6B0A62CA5ACA5AAA5ACBE0
:1098E0005AEC632D634E636E636F636F636F636FD8
:1098F000634F634E634E634E634E634E632E632D20
:109900005AED52CC4A8B424B3A0A31C92989216817
:10991000214821481927192719272147214821685B
:109920002168218921A929AA29CA29CB29EB2A0B37
:10993000320B322C322C324C3A6D3A8D3AAD42CD4C
:1099400042CD42EE4AEE4B0E4B0E4B0E532E532E93
:10995000532E5B4E5B6E636E638E6BAE6BAE6BCEE7
:1099600073CE73CE73AE73AE73AE73AE6B8E6BADE0
:1099700073AD73CE73CE73CE73EE73EE73EE73EE80
:109980007BEE7C0E7C0E7C0E7C0F7C0F7C0F7C0FA4
:10999000842F843084508C508C508C508C508C5040
:1099A0008C508C508C508C508C508C508C508C50D7
:1099B0008C508430840F7BEF7BAD736C732B730AF8
:1099C000730A730A730A730A732A732A7B2B7B4BFD
:1099D0007B6C7B8D83CD83EE840F84308C308C3018
:1099E0008C508C308C308C308C308430843084308F
:1099F00084308430843084308C308C308C308C30A7
:109A00008C308C518C518C51322C322C322C322C8B
:109A1000324D324D324D3A6D3A6D3A8D428D42ADF6
:109A20004AAD4ACD4AAC4AAC4AAC4AAC4AAC4AAC64
:109A300052CD52CD52CD52CD52ED52ED530E5B0E62
:109A40005B0E530E52EE4ACD428C422A41E839A7B2
:109A5000398631653145314531453165396539657D
:109A60003965396531653145294529452925292536
:109A70002925292529252925292529252925292576
:109A8000292529252925292529252945316639868C
:109A900039A741E74A074A084A284A284A49526AE8
:109AA0005AAB5ACC630D6B2E6B4E6B4E736E736E4E
:109AB0006B2D62EC526A41E831662925290529455A
:109AC00039A74A085A6A62CB6B0B732C734C734CE0
:109AD000732C732C6B2B6B0B6ACA62AA62AA628905
:109AE00062AA6ACA6B0B734C7BAE7BCE7BCE7BCEFD
:109AF0007BAE7B8D7B8D7B8D7B6C734B732B730A65
:109B0000730A730A6AEA62CA5AAA5289528A52AB23
:109B10005ACC5B2D634E636F6B6F6B6F636F636FBC
:109B2000636F636F636E634E634E632E5B0E5AED1D
:109B300052CC4A6C424B3A0A31C9298921682148E2
:109B40002148192719271927192721482148216851
:109B50002169218921A929AA29CA29CB29EB2A0B04
:109B6000320B322C322C324C3A6D3A8D3AAD42CD1A
:109B700042CE42EE4AEE4B0E4B0E4B0E532E532E60
:109B8000532E5B4E5B4E5B6E638E638E6BAE6BAE25
:109B90006BAE6BAE6BAE6BAE6BAE6B8E6B8E6B8E5D
:109BA0006BAE73AE73CE73CE73CE73CE73EE73EEB5
:109BB00073EE7BEE7BEE7BEE7BEF7BEF7C0F7C0F1F
:109BC000843084308C508C508C508C508C508C5005
:109BD0008C508C508C508C508C508C508C508C50A5
:109BE0008C30843083EF7BAE736C6B2B6AEA6AE94E
:109BF0006AC96AE972E9730A730A732A732B7B4B89
:109C00007B6B7B8C83AD83CE83EF84108430843078
:109C100084308430843084108410840F840F83EF68
:109C200083EF83EF83EF83EF8410841084108430FC
:109C30008C308C308C308C30322C322C322C322CBC
:109C4000324D324D324D3A6D3A6D3A8D428D42ADC4
:109C50004AAD4AAD4AAD4AAC4AAC4AAC52CC52CD00
:109C600052CD52CD52ED52ED52ED530D5B0E5B0EC7
:109C70005B2E5B0E52EE4ACD4A8C424A41E839A730
:109C8000398631653145314531453145314531659B
:109C900031653145294529452925292529252925A4
:109CA0002925292529252925292529252925292544
:109CB000292529252925292529453166318639A6D1
:109CC00041C741E741E741E739C739C739C84209C8
:109CD0004A4A528B5ACC62ED630D6B2D6B2D6B2D66
:109CE000630D5ACB4A4939C7294621052104294524
:109CF000398649E85A6962AA6AEB6B0B732B732C9D
:109D0000732B6B0B6AEB6ACB62CA62AA62896289A7
:109D1000628962AA6AEB732C7B6D7BAD7BAE7BAEF6
:109D20007B8D7B8D7B6C736C734B732B730A730A07
:109D3000730A730A6AEA62CA5A894A494A494A6AEC
:109D400052AB5AED632E636E6B6F6B8F6B6F6B6FE5
:109D50006B6F636E634E632E5B2E5B0D52CD4AAC10
:109D60004A6C422B39EA31CA2989216921481948AC
:109D700019281928192819482148214821682168DB
:109D80002169218921A921AA29CA29CA29EB29EBFC
:109D9000320B322C322C324C3A6D3A8D3AAD42CDE8
:109DA00042CE42EE4AEE4B0E4B0E4B0E532E532E2E
:109DB000532E5B4E5B4E5B6E636E638E638E6B8E5B
:109DC0006BAE6BAE6BAE6BAE6B8E6B8E6B8E6B8E4B
:109DD0006BAE6BAE73CE73CE73CE73EE73CE73CEAB
:109DE00073CE73CE73CE73EF7BEF7BEF7C0F842F3C
:109DF000843084508C508C508C508C508C508C50B3
:109E00008C508C508C508C508C508C508C508C5072
:109E10008430840F7BCE736D6B2C62CA62A962A9F9
:109E200062A86AA86AC96AE972E9730A732A7B2B75
:109E30007B4B7B6C7B8D83CE83EE840F84108410F0
:109E40008410840F83EF83EF83CF83CF83CF83CFBF
:109E500083CF83CF83CF83CF83CF83EF83EF840FF1
:109E600084108C308C308C30322C322C322C322CB2
:109E7000324D324D324D3A6D3A6D3A8D428D42AD92
:109E80004AAD4AAD4AAD4AAD4ACD52CD52CD52CD82
:109E900052ED52ED52ED52ED52ED5B0E5B0E5B2E2C
:109EA0005B2E5B2E530E52CD4A8C424A41E839A7B5
:109EB0003986316531453145314531453145314589
:109EC00031452945294529252925292529252925BA
:109ED0002925292529252925292529252925292512
:109EE00029252925294529453166398639A641C6BE
:109EF00041C741C739A63986316629462966318767
:109F000039C842094A4A528B5AAC62CC62EC62ECC4
:109F10005ACC528A4A0939A7294521042104292506
:109F2000398641C752295A8962CA6AEB6B0B6B0B9F
:109F30006AEB6AEB6ACA62AA628A62895A695A69DA
:109F4000626962896ACA730B734C7B6D7B8D7B8DF2
:109F50007B8D7B6C734C734B732B730B730A730A7F
:109F6000730B6B0B6AEB62AA52694A2842084229BA
:109F70004A6A52CC5B0D634E636E636F636F636FAF
:109F8000634E634E5B2E5B0D52CD52AC4A8C424BFE
:109F90003A0B31EA29A92989216921481948194828
:109FA000192819481948214821482168216921693F
:109FB00021892189218921AA29CA29CA29EB29EBCA
:109FC000320B322C322C324C3A6D3A8D3AAD42CDB6
:109FD00042CE42EE4AEE4B0E4B0E4B0E532E532EFC
:109FE000532E5B4E5B4E5B6E636E638E638E638E31
:109FF0006B8E6B8E6BAE6BAE6BAE6BAE6B8E6B8E19
:10A000006BAE73AE73CE73CE73EF73EF73EF73CF2C
:10A0100073CE73CE73CF73EF7BEF7C0F840F8430DE
:10A0200084508C508C508C508C508C508C508C5058
:10A030008C508C508C508C508C508C508C50843068
:10A0400084307BEF738E6B2D62EB5A8A5A695A68A3
:10A050005A68626862886AA96AC972EA730A732ACE
:10A060007B4B7B4C7B8C7BAD83CE83EF83EF83EF8D
:10A0700083EF83CE83CE83AE83AE83AE83AE83AED7
:10A0800083AE83AE83AE83AE83CE83CF83EF83EF85
:10A09000840F84108C308C30322C322C322C324D88
:10A0A000324D324D324D3A6D3A6D3A6D3A8D428DA8
:10A0B00042AD4AAD4AAD4ACD4ACD52CD52CD52ED18
:10A0C00052ED52ED52ED52ED5B0E5B0E5B2E5B2EB0
:10A0D0005B2E5B2E5B0E52ED4AAC4A4A420841C7EA
:10A0E00039863965314531453125312529252945BF
:10A0F00029452945292529252925292529252925B0
:10A1000029252925292529252925292529252925DF
:10A110002945294531663166398639A641A641C6A9
:10A1200041A6398631652925210420E42104212511
:10A13000296631A739E842094A4A526A528B528B42
:10A14000526A4A2941E8318629252104210429251A
:10A15000316641A74A0852495A8962AA62CA6ACA44
:10A160006ACA62AA62A962895A695A695A695A69AD
:10A170005A69628962A96AEA732B734C7B6C7B6CA7
:10A18000736C734C732B732B730A72EA72EA72EA64
:10A19000730B6B0B6AEB5AAA5249420839C739E86C
:10A1A00042094A6A52CC5B0D632E634E634E632EA6
:10A1B0005B0E5AED52CD4AAC4A6C424B3A2B31EA17
:10A1C00031CA29A9298921692169214819481948D1
:10A1D0001948194821682169216921692189218942
:10A1E0002189218A218921AA21AA29CA29CA29EBE0
:10A1F0002A0B320C322C324C3A6D3A8D3AAD42CDAC
:10A2000042CE42EE4AEE4B0E4B0E532E532E532EA1
:10A21000532E5B4E5B4E5B6E5B6E636E638E638E26
:10A220006B8E6B8E6BAE6BAE73AE73AE73AE73AE86
:10A2300073AE73CE73CF73EF7BEF7BEF7BEF73EF78
:10A2400073CF73CF73CF73EF7BEF7C0F8430843089
:10A2500084508C508C508C508C508C508C508C5026
:10A260008C508C508C508C508C508C508C50843036
:10A2700084107BCF738E632C5AAB526952285228BC
:10A2800052275A475A48626862886AC96AE9730A5B
:10A29000732B734B7B6C7B8C7BAD7BAE83CE83CE81
:10A2A00083AE7BAE7B8D7B8D7B8D7B8E7B8E7B8E21
:10A2B0007B8E7B8E7BAE7BAE83AE83CE83CF83EFF4
:10A2C00083EF840F84108430322C322C324C324D88
:10A2D000324D324D324D3A4D3A6D3A6D3A8D3A8D9E
:10A2E000428D42AD4AAD4AAD4ACD52CD52ED52ED0E
:10A2F00052ED52ED52ED5B0E5B0E5B2E5B2E5B2E34
:10A30000634E5B4E5B2E52ED52AC4A4A420841C747
:10A3100039863965314531252925292529252925DC
:10A3200029252925292529252925292529252925BD
:10A33000292529252925292529252925292529458D
:10A3400029453166318639A641C741C641C641A675
:10A3500039853145292420E418C318A318C318C42B
:10A36000210529252966318739C841E84209420972
:10A37000420941E839A7296621252104210429043D
:10A380003145398641C74A0852485A695A89628913
:10A3900062895A695A485A485A485A495A495A6920
:10A3A0005A69628962A96ACA730B732B734C734C26
:10A3B000734C732B730B6AEA6ACA6ACA6ACA6AEA7E
:10A3C0006AEB6AEB62EB5AAA4A4941E839A731A71E
:10A3D00039C842294A6A52AC5AEC5AED5AED52ED4C
:10A3E00052CD4A8C426C424B3A2B31EA31CA29A9F0
:10A3F00029A92189216921692169216921692169A5
:10A400002169216921892189218A21AA21AA21AAD8
:10A4100021AA21AA21AA21AA21AA29CA29CA29EB4B
:10A420002A0B320B322C324C3A6D3A8D3AAD42AD9A
:10A4300042CE42EE4AEE4B0E4B0E532E532E532E6F
:10A44000534E5B4E5B4E5B6E5B6E636E638E638ED4
:10A450006B8E6B8E6BAF6BAF73AF73AF73CF73CE0F
:10A4600073CF73CF7BEF7BEF7C0F7C0F7C0F7BEF89
:10A4700073EF73EF73EF7BEF7C0F84308430845085
:10A480008C508C508C508C508C508C508C508C50EC
:10A490008C508C508C508C508C508C508C50843004
:10A4A00084107BCF738E630C5AAB52494A284A08FA
:10A4B0004A074A07520752275A6862886AA96AE916
:10A4C000730A732A732B734C7B6C7B8D7B8D7B8D16
:10A4D0007B6D7B6D7B6D7B6D7B6D7B6D7B6D7B8E1B
:10A4E0007B8E7BAE83AE83AE83CE83CF83EF83EF51
:10A4F00083EF840F84108430324C324C324C324D16
:10A50000324D324D324D3A4D3A6D3A6D3A6D3A6DAB
:10A51000428D428D42AD4AAD4ACD52CD52ED52ED03
:10A5200052ED530E530E5B0E5B0E5B2E5B2E634E95
:10A53000634E634E5B2E5B0D52CC4A6A4A2941C77B
:10A5400041A6396531453145292529252925292562
:10A55000292529252925292529252925292529258B
:10A56000292529252925292529252925294529661A
:10A570003166398639C741C741E741C741A63985A8
:10A580003145290420E318A310A31083108310A3DE
:10A5900018C318E421042125294631663187318703
:10A5A00031873187316629452104210421042104A2
:10A5B0002925316539A641C74A0752275228522812
:10A5C00052275207520751E7520752285A495A69EF
:10A5D000628962AA6AAA6ACA6AEB730B732B732C2C
:10A5E000732B6B0B6AEA6ACA62A962A962A962CA82
:10A5F00062CA62CA62CA5A894A2839C73186316634
:10A60000318739C842094A4A4A8B4A8C4A8C4A6C7B
:10A61000426C3A2B3A0B31EA31CA29CA29A9298955
:10A6200021892189218921692189218921892189FA
:10A6300021A921AA21AA21CA21CA21CB21CB21CB20
:10A6400021CB21CA21CA21AA29CA29CA29CA29EB90
:10A6500029EB320B322C324C3A6D3A8D3AAD42AD89
:10A6600042CE42EE4AEE4B0E4B0E532E532E532E3D
:10A67000534E5B4E5B4E5B6E5B6E636E636E638EC2
:10A680006B8E6B8F6BAF73AF73CF73CF73CF7BEF6B
:10A690007BEF7BEF7C0F7C0F843084307C0F7C0F52
:10A6A0007BEF7BEF7C0F7C0F8430843084508C50A8
:10A6B0008C508C508C508C508C508C508C508C50BA
:10A6C0008C508C508C508C508C508C508C508430D2
:10A6D00084107BEF73AE6B2D5ACC526A4A2941E845
:10A6E00041E741E749E74A0752275A4862886AA981
:10A6F0006AC972EA730A732B732B734C734C734CD5
:10A70000734C732C732C734C7B4D7B6D7B6E7B8EEB
:10A7100083AE83AE83CE83CF83CF83EF83EF840F6B
:10A72000840F84108C308C30324D324D324D324D8E
:10A73000324D324D324D324D3A4D3A4D3A6D3A6DC1
:10A740003A6D428D428D4AAD4ACD4ACD52ED52ED21
:10A75000530D530E5B0E5B0E5B0E5B2E5B2E634E3A
:10A76000634E634E634E5B2E5AEC528B4A4949E866
:10A7700041C63986396531452945292529252925A7
:10A780002925292529252925292529252925292559
:10A790002925292529252925294529453166318657
:10A7A00039A741C741E74A0841E741C739A63145C2
:10A7B000290418E318A310831082108210821083DA
:10A7C000108310A318C318C418E4210421052925F7
:10A7D000294529452945292521042104210421044D
:10A7E000292529453165398639A641C641C641C664
:10A7F00041C641A641A641A649C74A0752485A69DF
:10A8000062AA62AA6ACA6ACA6AEB6B0B6B0B6B0B11
:10A810006B0B6AEB62CA62895A685A485A685A894D
:10A820005A895AA95A895249420839A73166294595
:10A830002966318739C839E9422A422A422B3A2B04
:10A840003A0B31EB31CA29CA29AA29A929A921A978
:10A850002189218921AA21AA21AA21AA29CA29CA92
:10A8600029CA29EA29EB29EB29EB29EB2A0B2A0B28
:10A8700029EB29EB29EB29EA29CA29EA29EA29EB5C
:10A880002A0B320B322C324C3A6D3A8D3AAD42AD36
:10A8900042CE42EE4AEE4B0E4B0E530E532E532E2B
:10A8A000532E5B4E5B4E5B6E5B6E636E636E638EB0
:10A8B0006B8E6B8F6BAF73AF73CF7BEF7BEF7C0FC8
:10A8C0007C0F840F84308430843084308430843032
:10A8D0007C107C0F7C108430843084508C508C50E1
:10A8E0008C508C508C508C508C508C508C508C5088
:10A8F0008C508C508C508C508C508C508C508430A0
:10A900008430840F7BCF6B6E630C52AB4A4A420992
:10A9100041E841C841C749E74A0752285A48628975
:10A9200062A96AC96ACA6AEA6AEB730B730B730B92
:10A93000730B730C732C732C7B4D7B6D7B8E7BAEFA
:10A9400083AE83CF83CF83EF83EF840F840F841094
:10A950008C308C308C308C30324D324D324D324D0B
:10A96000324D324D324D324D324D3A4D3A4D3A4DD7
:10A970003A6D426D428D4AAD4AAD4ACD52CD52ED4F
:10A9800052ED530E5B0E5B0E5B0E5B2E5B2E634E29
:10A99000634E634E634E632E5B0D5ACB526A4A2858
:10A9A00049E741A6398631653145294529252925BB
:10A9B0002925292529252925292529252925292527
:10A9C000292529252925294529453166318639C773
:10A9D00041E74A084A284A2841E839C7316629250B
:10A9E00020E418A31083108210821082108210823B
:10A9F00010831083108310A310A318C318C418E485
:10AA000021052125212521052104210421042104DA
:10AA10002925292529452945314531653165316586
:10AA2000396539653965396541A649E752285A695A
:10AA300062AA62AA62CA6ACA6ACA6AEA6AEB6AEB6C
:10AA40006AEB62CA62895A695228522752275228F1
:10AA5000524852484A28420839C731862945292593
:10AA600029252946316731A739C839E939EA31EA58
:10AA700031EA29CA29CA29CA29AA29AA29AA29CA76
:10AA800029CA29CA29CA29CA29EB29EB2A0B2A0B68
:10AA90002A0B2A0B2A2B2A2C2A2C2A2C2A2C2A2C49
:10AAA0002A2C2A2C2A2B2A0B2A0B2A0B2A0B2A0B9C
:10AAB0002A0B322B322C324C3A6C3A8D3AAD42ADE5
:10AAC00042CD42CE4AEE4B0E4B0E530E532E532E1A
:10AAD000532E5B4E5B4E5B4E5B6E636E636E638E9E
:10AAE0006B8F6BAF6BAF73CF73CF7BEF7C0F84300B
:10AAF0008430843084308430845084308430843096
:10AB00008430843084308430845084508C508C5015
:10AB10008C508C508C508C508C508C508C508C5055
:10AB20008C508C508C508C508C508C508C508C5045
:10AB3000843084307BEF73AF6B4E5AEC528B4A4AB1
:10AB4000420941E841E849E84A0852285A485A6906
:10AB5000628962A96AA96ACA6ACA6ACB6AEB6AEBA5
:10AB6000730B730C732C734C7B4D7B8D7BAE83AE60
:10AB700083CF83EF83EF840F841084308C308C304C
:10AB80008C308C308C308C303A4D3A4D3A4D3A4DB9
:10AB90003A4D324D3A4D3A4D3A4D3A4D3A4D3A4D85
:10ABA0003A6D3A6D428D42AD4AAD4ACD4ACD52CD55
:10ABB00052ED52ED52ED5B0D5B0E5B2E5B2E634E44
:10ABC000634E636E636E634E632D5AEC5AAB5269EB
:10ABD0004A2841E739A631863145294529252925C5
:10ABE00029252925292529252925292529252925F5
:10ABF0002925292529452946316639A739C742081B
:10AC00004A284A494A494A2841E839A7294621049D
:10AC100018C310A31082106210621082108210827A
:10AC20001082108310831083108310A310A318C404
:10AC300018E4210421052105210421042104210413
:10AC40002105210521252925292429042924292410
:10AC50002924312431243945398541C64A075A48C7
:10AC60005A89628962A962A962A962AA62AA62AAD1
:10AC700062AA5A895A6952284A0749E749E749E7C7
:10AC800049E741E741E739C73186294529252105AB
:10AC90002105212529462966318731A831C931C9C5
:10ACA00031EA29EA29EA29EA29EA29EA29EB29EB02
:10ACB0002A0B2A0B2A0B322B322B322B324B324CE3
:10ACC000324C324C324C324C324C326C326C326D33
:10ACD000326C326C326C324C324C324C324C322B45
:10ACE000322C322C324C324C3A6C3A8D3A8D42AD89
:10ACF00042CD42CD4AEE4AEE4B0E530E532E532E0A
:10AD0000532E5B4E5B4E5B4E5B6E636E636E638E6B
:10AD10006B8F6BAF6BAF73CF7BEF7C0F8410843086
:10AD20008430845084508C5084508450845084509B
:10AD300084308430845084508C508C508C508C5093
:10AD40008C508C508C508C508C508C508C508C5023
:10AD50008C508C508C508C508C508C508C508C5013
:10AD60008C50843084107BEF73AE6B4D5AEC528B59
:10AD70004A4A4A2A4A294A29522952495A695A6949
:10AD80006289628962A962AA6AAA6ACB6AEB6AEBE3
:10AD9000730C732C732C7B4D7B6D7B8E83AE83CFBA
:10ADA00083EF83EF840F84108C308C308C308C30A8
:10ADB0008C308C508C508C503A4D3A4D3A4D3A4D27
:10ADC0003A4D3A4D3A4D3A4D3A4D3A4D3A4D3A6D2B
:10ADD0003A6D3A8D428D428D4AAD4AAD4AAD4ACD6B
:10ADE00052CD52CD52ED52ED5B0D5B0E5B2E632EBC
:10ADF000634E634E636E634E632E630D5ACB5A8A65
:10AE000052494A0841C739A63166294529452925AD
:10AE100029252925292529252925292529252925C2
:10AE2000294529452966318639A741E74A084A4913
:10AE3000524952694A49422939C83187294518E49B
:10AE400018A31083106210621062108210821082A8
:10AE500010831083108310831083108310A318A312
:10AE600018C418E42104210421042104210421042C
:10AE70002105210521042104210420E420E42104EA
:10AE80002904290431243944396541A649E7522768
:10AE900052485A485A695A695A49526952695A6914
:10AEA0005269524952284A0841C741C641A641C683
:10AEB00041C639A639A6316629452925210521042F
:10AEC0002104210521252946316731A731C831E9FF
:10AED00031EA320A320B320B322B322B322B322B2D
:10AEE000324C324C324C326C3A6C3A6C3A6C326CBA
:10AEF000326C326C328C328D328D328D328D3A8D95
:10AF00003AAD3AAD3AAD3A8D3A8D328C326C326C04
:10AF1000324C324C324C326C3A6C3A8D3A8D3AADFE
:10AF200042AD42CD4AED4AEE4B0E530E532E532EF8
:10AF3000532E5B4E5B4E5B4E5B6E636E636E638E39
:10AF40006B8F6BAF73AF73CF7BEF7C10843084302B
:10AF500084508C508C508C508C508C508C508C5019
:10AF6000845084508C508C508C508C508C508C5011
:10AF70008C508C5084508C308430845084308C5071
:10AF80008C308C508C508C508C508C508C508C5001
:10AF90008C508450843084107BCF738E632D5AEC98
:10AFA00052AB526B526A526A5A8A5A8A5A8A62AAB7
:10AFB00062AA62AA62AA62CA6ACB6AEB6AEB730CE3
:10AFC000732C734C7B6D7B8D7BAE83AE83CF83EF15
:10AFD00083EF840F841084308C308C308C308C3034
:10AFE0008C508C508C508C503A4D3A4D3A4D3A4DD5
:10AFF0003A4D3A4D3A4D3A4D3A4D3A6D3A6D3A6DB9
:10B000003A6D428D428D428D42AD42AD4AAC4AAC62
:10B010004AAC4AAC52CC52CD52ED5B0D5B0E5B2E6E
:10B02000634E634E634E634E632E5B0D5ACC5AAB38
:10B03000526952494A0839C731863166294529255E
:10B040002925292529252925292529252925294570
:10B0500029453166318639A741E84A284A4952696B
:10B06000526A4A6A4A49420939C82967212518E4BF
:10B0700010A31083106208620862106210821082AE
:10B0800010831083108310831083108310A310A3E8
:10B0900018C318E418E420E420E420E42104210487
:10B0A0002105210521052104210420E420E42104B7
:10B0B00029043124314439453965398541A649E7A8
:10B0C00049E74A074A074A074A074A084A084A0816
:10B0D0004A084A0841E741C739A739A639A639A61F
:10B0E00039A639863166294529252105210420E420
:10B0F00021042105212529452966318731C839E9EF
:10B100003A0A3A2A3A2B3A4B3A6C3A6C3A6C3A8CF5
:10B110003A8C3A8C3A8C3A8C3A8C3AAC3AAC3AAC9F
:10B120003AAC3AAD3AAD3AAD3AAD3AAD3ACD3ACDA8
:10B130003ACD3ACD3ACE3ACD3ACD3AAD3AAD3A8D56
:10B140003A8D3A6C3A6C3A6C3A6C3A6C3A8D3A8D6C
:10B1500042AD42CD42CD4AED4AEE4B0E530E532E38
:10B16000532E5B4E5B4E5B4E636E636E636E638EFF
:10B170006B8F6BAF73AF73CF7BEF841084308450D1
:10B180008C508C508C508C508C508C508C508C50DF
:10B190008C508C508C508C508C508C508C508450D7
:10B1A0008430843084308430843084308C308C50CF
:10B1B0008C508C508C508C508C508C508C508C50AF
:10B1C0008C508C508430843084107BCF6B6E632D18
:10B1D00062ED5ACC5ACC62CC62EB62EB62EB62EB72
:10B1E00062EB6AEB6AEB6AEB6AEB730C732C734DE0
:10B1F0007B6D7B8D7B8E7BAE83CE83CF83EF840F85
:10B20000840F841084308C308C308C308C308C30B7
:10B210008C508C508C508C513A6D3A6D3A4D3A6D41
:10B220003A6D3A6D3A6D3A6D3A6D3A6D3A6D3A8DC6
:10B230003A8D428D428D428D428C428C426C426BE3
:10B24000426B4A8B4A8C4AAC52CC52CD5AED5B0DC4
:10B250005B2E5B2E632E632E5B0D5AEC5ACC52ABE9
:10B26000528A52694A2841E739A731662946294559
:10B2700029252925292529252925294529452946FD
:10B280003166318639C742084A285269528A528A41
:10B290004A6A4A4A422939E931A82966210518C46F
:10B2A00010A310821062086208621062108210827D
:10B2B0001082108310831083108310A310A310A397
:10B2C00018C318C418E420E420E421042105210552
:10B2D0002105210521052105210521052104290438
:10B2E000292531453965396539653965398541A67D
:10B2F00041A641C641C641C739A739A739A739C7B1
:10B3000039C739C739A739A639A639A639A639A602
:10B3100039A63186316629252105210420E420E45F
:10B3200020E42105210529252966318631A739C860
:10B330003A093A2A3A4B3A6B428C42AC42AD42CD82
:10B3400042CD42CD42CD42CD42CD42CD42CD42CD85
:10B3500042CD42CD42CD42CD42CD42CD42EE42EE33
:10B3600042EE42EE42EE42EE42EE42CE3ACD3ACDCF
:10B370003AAD3AAD3A8D3A8D3A8C3A8C3A8C3A8D58
:10B3800042AD42AD42CD4ACD4AED4B0D530E532E48
:10B39000532E5B2E5B4E5B4E636E636E636E638EED
:10B3A0006B8F6BAF73AF73CF7BEF8410843084509F
:10B3B0008C508C508C508C508C508C508C508C50AD
:10B3C0008C508C508C508C508C50845084508430D5
:10B3D0008430843084308430843084308C308C509D
:10B3E0008C508C508C508C508C508C508C508C507D
:10B3F0008C508C508450843084107BEF73AF6B6E14
:10B400006B4E6B2D6B2D6B2D6B4D6B4D732D6B2C14
:10B410006B2C6B2C6B2C732C732C734D736D7B8D81
:10B420007BAE7BAE83CE83CE83EF83EF840F840F1E
:10B43000841084308C308C308C308C308C308C305C
:10B440008C508C508C518C513A6D3A6D3A6D3A6DEE
:10B450003A6D3A6D3A6D3A6D3A6D3A8D3A8D3A8D54
:10B46000428D428D428C426C426C424B424B424B6D
:10B47000424A424B424B4A6B4A8C4AAC52CC52CD68
:10B4800052ED5AED5AED5AED52CC52AC528B528AD3
:10B49000526A52694A494A0841C739863166294584
:10B4A0002945292529252925294529452946316662
:10B4B00039A639C742084A495269528A528A4A6AA9
:10B4C0004A4A422939E931C82987214618E518C472
:10B4D00010831062086208620862086210621082BB
:10B4E00010821083108310A310A310A310A310A325
:10B4F00018C318C318E418E420E421052105210528
:10B5000021052105210521052105210521252925C3
:10B5100031653985398539853965396531653965EB
:10B52000396639863986316631663166316631660B
:10B530003186318631863186398639A639A739A7D1
:10B5400039A6318629452925210520E420E420E477
:10B5500020E421052105292529453166318731C798
:10B5600039E83A093A2A426B428C4ACC4ACD4AED34
:10B570004AED4AED4AED4AED4AED4AED4AED42ED1B
:10B5800042ED42ED42ED4AED4AEE4AEE4AEE4AEE17
:10B590004B0E4B0E4B0E430E42EE42EE42EE42CEAF
:10B5A00042CD42CD3AAD3AAD3A8D3A8D3A8C3A8C95
:10B5B000428C42AC42AD4ACD4ACD4AED530D530EBA
:10B5C000532E5B2E5B4E5B4E634E636E636E638EDB
:10B5D0006B8F6BAF73AF7BCF7C10843084308C501B
:10B5E0008C508C508C508C508C508C508C508C507B
:10B5F0008C508C508C508450843084308430843013
:10B6000084308430843084308C308C308C508C503A
:10B610008C508C508C508C508C508C508C508C504A
:10B620008C508C50845084308430840F7BCF73AF27
:10B63000738E738E738E738E738E7B8E7B8E738EF2
:10B64000736D736D736D736D7B6D7B8E7BAE7BAE37
:10B6500083CE83EF83EF83EF840F840F84108430D5
:10B6600084308C308C308C308C308C308C308C3002
:10B670008C508C508C508C513A6D3A6D3A6D3A6DBD
:10B680003A6D3A6D3A8D3A8D3A8D3A8D428D428DB2
:10B69000428D3A6C3A6C3A4B3A2B3A2A3A0A3A0AB9
:10B6A0003A0A3A0A3A2A422A424B426B4A6B4A8B7E
:10B6B0004AAC52AC52AC4AAC4A8B4A6B4A4A4A4AF0
:10B6C0004A494A494A494A28420839C731863166B7
:10B6D000294529452925294529452966318639A73E
:10B6E00041C742084A2952495269526A4A4A424964
:10B6F000420939E931A829872946210518E410A310
:10B700001083106208620862086208621062108288
:10B7100010821082108310A310A310A310A310A3F3
:10B7200018C318C318E420E42104210521052105CC
:10B7300021252925212521252125212529252945A1
:10B74000316639A641C639A639863165314531455C
:10B750003145316531463146294629462946294633
:10B760002946294631663166318639A739C739C736
:10B7700039A631662945210520E418E418E418E4C7
:10B7800020E42105210529252945296631663187CF
:10B7900031A731C83A09424A428B4ACC4AED530D8F
:10B7A000530D530E530E530E4B0D4B0D4B0D4B0DB6
:10B7B0004B0D4B0E4B0E4B0E4B0E4B0E4B0E4B0EC2
:10B7C0004B0E4B0E4B0E4B0E4B0E4B0E42EE42EE03
:10B7D00042EE42CE42CD42CD42AD42AD42AD42AC50
:10B7E000428C42AC42AC42AC4ACD4ACD4AED530DFC
:10B7F000530E5B2E5B2E5B4E634E636E636E636E09
:10B800006B8E6BAF73AF7BCF7C10843084308C50E9
:10B810008C508C508C508C508C508C508C508C5048
:10B820008C50845084308430843084308430843030
:10B830008430843084308C308C308C508C508C50E0
:10B840008C508C508C508C508C508C508C508C5018
:10B850008C508C50843084308430841083EF7BCFC4
:10B860007BCF7BCF7BCF7BCF7BCF7BCF7BCF7BCE89
:10B870007BAE7BAE7BAE7BAE7BAE7BAE83CF83EF0E
:10B8800083EF840F840F840F840F841084308430FE
:10B8900084308C308C308C308C308C308C308C50B0
:10B8A0008C508C508C508C513A6D3A6D3A6D3A8D6B
:10B8B0003A8D3A8D3A8D428D428D428D428D3A6C51
:10B8C0003A6C3A4C3A2B3A2A3A0A31E931E931C911
:10B8D00039C939E939E939E93A093A2A422A424A61
:10B8E000424B424B424B424A422A3A093A0939E911
:10B8F00042094A294A494A484A2841E739A7318634
:10B9000029662945294529463166318639A741C727
:10B9100042084A284A494A494A494A29420939E8D3
:10B9200031C8318729672146210518E418C41083DE
:10B930001082086208620862086208620862106287
:10B94000108210821082108310A310A310A318A3DA
:10B9500018C318C418E420E4210521052125292550
:10B960002925292529252125212521252925316537
:10B97000398641C641C741C63986316629452945C0
:10B980002945294529452945294529452945294547
:10B990002945294629463166398639C741C739C7FD
:10B9A00039A631662925210418E418E418E418E4BE
:10B9B00020E421052105292529252945294629662F
:10B9C000318631A739C83A09424A4A8B52CC530DC5
:10B9D000530D532E532E532E532E532E532E532E80
:10B9E000532E532E532E532E532E530E4B0E4B0EBF
:10B9F0004B0E4B0E4B0E4B0E4B0E4B0E4B0E4AEEA0
:10BA00004AEE4AEE42EE42EE42CD42CD42CD42AD4A
:10BA100042AD42AC42AC42AC4ACC4ACC4AED52EDCB
:10BA2000530D5B0D5B2E5B2E634E634E636E636E38
:10BA30006B8E6BAF73AF7BEF7C10843084308C5097
:10BA40008C508C508C508C508C508C508C5084303E
:10BA50008430843084308430843084308430843046
:10BA600084308C308C308C308C508C508C508C507E
:10BA70008C508C508C508C508C508C508C508C50E6
:10BA80008C508C508430843084308410841083EF48
:10BA90007BEF83EF83EF840F840F840F83EF83EFBB
:10BAA00083EF83EF83CF83CF83CF83CF83EF83EF86
:10BAB000840F840F840F8410841084308430843089
:10BAC000843084308C308C308C308C308C308C5086
:10BAD0008C508C508C508C503A8D3A8D3A8D3A8DDA
:10BAE0003A8D428D428D428D428D428D3A6C3A4C58
:10BAF0003A4B3A2B3A0A31E931C931C831A831A859
:10BB000031A831C831C831C831C939E939E939E911
:10BB100039E93A0939E939E939C931C831A831A7D0
:10BB200039C741E842084A284A284A0841C739A784
:10BB30003186316631663166318639A741E7420880
:10BB40004A284A284A294A28420839E831A7318731
:10BB5000296729462126210518E418C410A310835B
:10BB60001062086208620862086208620862106275
:10BB7000108210821082108310A310A310A318C388
:10BB800018C318C418E421042105210529252925F5
:10BB90002925292529252125212521252925316604
:10BBA00039A641E741E741C739A63166294529252C
:10BBB0002925294529452945294529452945294535
:10BBC000294529462966318639A739C741C739C76A
:10BBD00031862945210520E418E418C418E418E446
:10BBE00018E4210421052125292529252925294570
:10BBF0002965316631A739C84229426A4AAB52ECFD
:10BC00005B0D5B2E5B2E5B4E5B4E5B2E5B2E5B2ECD
:10BC1000532E532E532E532E532E532E532E530E3C
:10BC2000530E4B0E4B0E4B0E4B0E4B0E4B0E4B0E44
:10BC30004B0E4B0E4AEE4AEE4AEE4AEE4ACD42CD4C
:10BC400042CD42AD42AC4AAC4AAC4ACC4ACC52EDB1
:10BC500052ED530D5B2D5B2E5B4E634E634E636E58
:10BC60006B8E738F73AF7BEF8410843084308C5075
:10BC70008C508C508C508C50845084308430843064
:10BC800084308430843084308430843084308C300C
:10BC90008C308C308C308C508C508C508C508C5024
:10BCA0008C508C508C508C508C508C508C508C50B4
:10BCB0008C508C5084508430843084308430841094
:10BCC0008410841084108410841084108410840FD5
:10BCD000840F83EF83EF83EF83EF83EF83EF840F92
:10BCE0008410841084108430843084308430843014
:10BCF000843084308C308C308C308C308C308C5054
:10BD00008C508C508C508C503A8D3A8D428D428D97
:10BD1000428D428D428D428D3A6C3A6C3A4B3A2BB1
:10BD20003A0A31EA31C931C831A829A829882988B5
:10BD3000318831A831A831A831A831A831A831A85B
:10BD400031A831A831A831A8298729672967296630
:10BD5000316631A739C742084A284A28420841C7F4
:10BD600039A73986318639A739C741E742084A28B9
:10BD70004A284A0841E839C731A731862946212691
:10BD80002125210518E518C418C410A310831083B9
:10BD90001062086208620862086208620862106243
:10BDA000108210821082108310A310A318A318C34E
:10BDB00018C418E420E42105210521252925292579
:10BDC00029252925292521252125212529453166B2
:10BDD00039A741E7420741E739A7316629452925B7
:10BDE0002925294529452945294529452945294602
:10BDF000294629463166318639A739C739C739A658
:10BE000031662925210418E418C418C418E418E47C
:10BE100020E420E4210521052105210521252925EE
:10BE200029452945316631A739C842294A6A52ABAA
:10BE300052EC5B2D5B2E5B4E5B4E5B4E5B4E5B4E66
:10BE40005B4E5B4E5B2E5B2E532E532E532E530EAA
:10BE5000530E530E530E4B0E4B0E4B0E4B0E4B0E02
:10BE60004B0E4B0E4B0E4B0E4B0E4AEE4AEE4AED6E
:10BE70004AED4ACD4ACD4ACD4ACC4ACC4ACC52CCE6
:10BE800052ED52ED5B0D5B2D5B2E634E634E636E88
:10BE90006B6E738E73AF7BEF84108430843084506C
:10BEA0008C508C5084508430843084308430843082
:10BEB00084308430843084308430843084308C30DA
:10BEC00084308C308C308C508C508C508C508C50FA
:10BED0008C508C508C508C508C508C508C508C5082
:10BEE0008C508C508C50843084308430843084303A
:10BEF00084308430843084308430843084108410E2
:10BF0000840F840F83EF83EF83EF840F840F8410FB
:10BF100084108430843084308430843084308430A1
:10BF20008430843084308C308C308C308C308C3049
:10BF30008C308C308C308C30428D428D428D428DD5
:10BF4000428D428D428D3A6C3A4C3A4B3A2A320A33
:10BF500031E931C931A82988298729872987298783
:10BF60002987298729872987298729872987298751
:10BF700029872987296729672946212621252125FF
:10BF800029252966318639C742084A284A284A089D
:10BF900041E741C741C741E741E74A084A0842082B
:10BFA00041E739C731A7316629462125210520E51A
:10BFB00018E418E418C418A410A3108310831062A6
:10BFC0001062086208620862086208620862106211
:10BFD000108210821082108310A310A318C318C3FC
:10BFE00018E418E420E42105210521252925292527
:10BFF0002925292529252125212529252945318658
:10C0000039C74207420841E739A731662946292541
:10C0100029252945294629462946294629462946CA
:10C0200031663166318639A739C739C739A73186B4
:10C030002945210520E418E418C418C418E418E4BC
:10C0400020E42104210521052104210421042104E7
:10C05000292529452945316631A739C842294A6A27
:10C0600052CB530D5B2D5B4E5B4E5B4E5B4E5B4E7E
:10C070005B4E5B4E5B4E5B2E532E532E532E530E58
:10C08000530E530E530E530E4B0E4B0E4B0E4B0EC8
:10C090004B0E4B0E4B0E4B0E4B0E4B0E4B0E4B0ED8
:10C0A0004AEE4AED4AED4AED4ACD4ACC4ACC52CC52
:10C0B00052ED52ED5B0D5B0D5B2D632D634E634EB8
:10C0C0006B6E738E73AF7BEF84108430843084305A
:10C0D00084308430843084308430843084308430C0
:10C0E000843084308430843084308C3084308430A8
:10C0F000843084308430843084508C508C508C5008
:10C100008C508C508C508C508C508C508C508C504F
:10C110008C508C508C508C508C30843084308430D7
:10C12000843084308430843084308430843084108F
:10C130008410840F840F840F840F84108410841063
:10C1400084308430841084108410843084308430AF
:10C150008430843084308C308C308C308C308C3017
:10C160008C308C308C308C3042AD428D428D428D83
:10C170003A8D3A6C3A6C3A4B3A2B3A0A31E931C96A
:10C1800031A829A829872987298729672967296745
:10C19000296729672967296729672967296729671F
:10C1A00029472946212621252105210518E520E5D5
:10C1B00021052125296639A641E74A284A484A48E7
:10C1C0004A284A284A084A084A084A08420741C7F2
:10C1D00039A6316629452125210520E418E418E413
:10C1E00018C418C418A410A31083108310831062FD
:10C1F00008620862086208620862086208621062E7
:10C20000108210821082108310A318A318C318C4C0
:10C2100018E420E4210521052125292529252925A2
:10C220002925292529252925292529252945318615
:10C2300041C74208420841E739A731662945292507
:10C240002925294529462946294629462946316670
:10C250003166318639A739C739C739C7398631655B
:10C26000292520E418E418C418C418E418E420E4CC
:10C270002104210521052104210420E421042104B5
:10C280002104292529452945316631A739E8422964
:10C290004A8A52CC5B0D5B2D5B4E5B4E5B4E5B4E18
:10C2A0005B4E5B4E5B4E5B2E5B2E532E530E530E3E
:10C2B000530E530E530E530E530E530E530E530E76
:10C2C000530E530E530E530E530E530E530E530E66
:10C2D000530E530E530E530D52ED52ED52ED52EDDF
:10C2E00052ED52ED5B0D5B0D5B0D632D632D634DC8
:10C2F0006B6E738E73AF7BEF841084308430843028
:10C30000843084308430843084308430843084308D
:10C310008430843084308C308C308430843084306D
:10C320008430843084308430843084508C508C50FD
:10C330008C508C508C508C508C508C508C508C501D
:10C340008C508C508C508C508C508C508C508C500D
:10C350008C30843084308430843084308430841055
:10C3600084108410841084108410841084308430ED
:10C37000843084308430841084308430843084303D
:10C3800084308430843084308C308C308C308C30ED
:10C390008C308C308C308C30428D428D428D3A6D99
:10C3A0003A6C3A4C3A2B3A0A31EA31C931C829A8D9
:10C3B00029882987296729672967296729672967BC
:10C3C0002967296729672967296729672946214637
:10C3D00021262125210518E518E418E418C418E4DD
:10C3E00018E421052925316639C74A084A485249C7
:10C3F0005249524952484A284A0841E739C73186CA
:10C4000029452925210418E418C418C418C418C4DF
:10C4100018C418C418A310A31083108310621062EC
:10C4200008620862086208620862086208621062B4
:10C43000108210821082108310A318C318C418E44D
:10C4400020E420E421052105212529252925292568
:10C45000292529252925292529252925316639A692
:10C4600041E74A08420841C73186296629452925FE
:10C47000292529252945294629462946294631665F
:10C48000318639A639C741C741C739A63166294522
:10C49000210420E418E418C418E418E420E421047A
:10C4A0002105210521052105210420E420E42104A2
:10C4B00021042124292529452945316631A739E858
:10C4C00042294A8B52CC5B0D5B2E5B4E5B4E5B4E22
:10C4D0005B4E5B4E5B4E5B2E5B2E532E530E530E0C
:10C4E000530E530E530E530E530E530E530E530E44
:10C4F000530E530E530E532E532E532E532E532E94
:10C50000532E532E532E532E530E530D530D530DA6
:10C51000530D5B0D5B0D5B0D5B0D632D632D6B4D43
:10C520006B6E738E73AF7BEF841084108430843015
:10C53000843084308430843084308430843084305B
:10C5400084308C308C308C308C308430843084302B
:10C5500084307C307C30843084308430845084500B
:10C560008C508C508C508C508C508C508C508C50EB
:10C570008C508C508C508C508C508C508C508C50DB
:10C580008C508C30843084308430843084308410FB
:10C59000841084108410843084308430843084305B
:10C5A00084308430843084308430843084308430EB
:10C5B00084308430843084308C308C308C308C30BB
:10C5C0008C308C308C308C30428D428D3A6C3A6C91
:10C5D0003A4B3A2B320A31E931C931A829882987E7
:10C5E00029672967296729672967296729672967CB
:10C5F0002967296729672967294621462126212697
:10C60000210518E518E418C418C418C418C418C4BF
:10C6100018E421052925316639A741E84A285249FD
:10C62000524952494A484A2841E739A731662945C3
:10C63000210418E418C418C318C318C318C418C4B4
:10C6400018C418C410A310A31083108310621062C2
:10C65000086208620862086208620862086208628A
:10C66000108210821082108310A318C318C418E41B
:10C6700020E421052105210529252925292529250C
:10C68000292529252925292529252945316639A73F
:10C6900041E74A08420739C7318629462925292515
:10C6A000292529252945294529452946294631662F
:10C6B000318639A641C741C739A639863165292552
:10C6C00020E418E418E418C418E418E420E4210471
:10C6D0002125292529252125210420E420E420E401
:10C6E000210421042124292529452945316631A722
:10C6F00039E842494A8B52EC5B2D5B4E5B4E5B4EF8
:10C700005B4E5B4E5B2E5B2E5B2E532E530E530EF9
:10C71000530E530E530E530E530E530E530E530E11
:10C72000530E532E532E532E532E532E532E532E21
:10C730005B2E5B2E5B2E5B2E5B2E5B2E5B2E5B2DB2
:10C740005B2D5B0D5B0D5B0D630D632D632D6B4DE1
:10C750006B6D738E7BAE7BEF840F841084308430DE
:10C7600084308430843084308430843084308C3021
:10C770008C308C308C308C308C30843084307C30F9
:10C780007C30742F742F7C307C3084308430845023
:10C790008C508C508C508C508C508C508C508C50B9
:10C7A0008C508C508C508C508C508C508C508C50A9
:10C7B0008C508430843084308430843084108410F1
:10C7C0008410841084308430843084308430843009
:10C7D00084308430843084308430843084308430B9
:10C7E00084308430843084308C308C308C308C3089
:10C7F0008C308C308C308C303A8D3A6C3A4C3A2BF1
:10C80000320B31EA31C931A829882987296729677C
:10C8100029672967296729672967296629472946DA
:10C82000294629462946214621462126210518E583
:10C8300018E418C418C418C418C418C418C418E4D8
:10C8400020E5210529453166398741C742084A0854
:10C850004A284A284A0841C739A63166292520E4D2
:10C8600018C418C318A318A318A318A318C318C46E
:10C8700018C418A410A310831083108310621062D0
:10C880000862086208620862086208620862086258
:10C89000106210821082108310A318C318C418E409
:10C8A00020E42105210521252925292529252925BA
:10C8B000292529252925292529252945318639C7CD
:10C8C00041E7420841E739A731662945292529254D
:10C8D0002925292529452945294529452945316500
:10C8E000318639A641C641C639A63165294521049C
:10C8F00020E418E418E418E418E418E420E421051E
:10C9000029252925292529252105210420E420E49C
:10C9100020E42104210429242924292529452966E4
:10C9200031A739E842494AAB52EC5B2D5B2E5B4E96
:10C930005B4E5B4E5B2E5B2E5B2E532E532E530EA7
:10C94000530E530E530E530E530E530E530E532EBF
:10C95000532E5B2E5B2E5B2E5B2E5B2E5B2E5B2E97
:10C960005B2E5B4E5B4E5B4E5B4E5B4E5B4E5B4E9F
:10C97000632E632D632D632D632D632D6B2D6B4D06
:10C98000736D738E7BAE7BEF840F841084308430A4
:10C990008430843084308430843084308C308C30E7
:10C9A0008C308C308C308C308430843084307C30CF
:10C9B000740F6C0F6C0F740F74307C3084308430C3
:10C9C00084308C308C308C308C508C508C508C500F
:10C9D0008C508C508C308C308C308C508C508C30F7
:10C9E0008C308430843084308430841084108410FF
:10C9F00084108410843084308430843084308430D7
:10CA00008430843084308430843084308430843086
:10CA10008430843084308C308C308C308C308C304E
:10CA20008C308C308C308C303A6C3A4C3A2B320A49
:10CA300031E931C929A82988296729672967296720
:10CA4000294629462946294621462146214621468E
:10CA500021462146214621262126210518E518E4F4
:10CA600018C418C418A418C418C418E420E5210573
:10CA70002125292529463166318639A739C739C785
:10CA800041C739C739A631862945210520E418C395
:10CA900018A310A310A310A310A318A318A318C3BE
:10CAA00018C418A310A3108310831083106210629F
:10CAB0000862086208620862086208620862086226
:10CAC000106210821082108310A318A318C418E4F7
:10CAD00020E4210521052125292529252925292588
:10CAE000292529252925292529252946318639C79A
:10CAF0004207420741E739A6296629252925292524
:10CB00002925292529252925292529252925294595
:10CB10003165398639A639A639A6316529452104FA
:10CB200020E420E418E418E418E418E420E42105E3
:10CB3000292529252945292521252104210420E409
:10CB400020E421042104210429242924292529451C
:10CB5000296631A73A08424A52AB52EC5B2D5B4E34
:10CB60005B4E5B4E5B2E5B2E5B2E5B2E532E532E4D
:10CB7000532E5B2E5B2E5B2E5B2E5B2E5B2E5B2E75
:10CB80005B2E5B2E5B2E5B2E5B2E5B2E5B4E5B4E1D
:10CB90005B4E5B4E5B4E634E634E634E634E634E25
:10CBA000634E634E6B4D6B4D6B2D6B2D6B2C734D2C
:10CBB000734D7B8D7BAE83EF840F840F8430843084
:10CBC000843084308430843084308C308C308C30AD
:10CBD0008C308C308C308C30843084307C307430AD
:10CBE0006C0F640F640F6C0F6C1074307C308430E9
:10CBF000843084308C308C308C308C308C508C3045
:10CC00008C308C308C308C308C308C308C3084304C
:10CC100084308430843084308430841084108410D4
:10CC200084108410843084308430843084308430A4
:10CC30008430843084308430843084308430843054
:10CC400084308C308C308C308C308C308C308C300C
:10CC50008C308C308C508C503A2B3A2B320A31C9A4
:10CC600031A8298829872967296729462946214625
:10CC700021462146214621462146212621262126DC
:10CC80002126212621262126210518E518E418C48D
:10CC900018C418A418A418C418E42105212529468D
:10CCA0002946294629663166316631663166316624
:10CCB0003166316529452925210418E418C310A3DC
:10CCC0001083108310831083108310A318A318A35C
:10CCD00018A318A310A3108310831083106210628E
:10CCE00010620862086208620862086208620862EC
:10CCF000106210821082108310A318A318C418E4C5
:10CD000020E421052105292529252925292529254D
:10CD100029252925292529252945316639A641C7EF
:10CD20004207420739C73186296529252925292542
:10CD3000292529252925292529252125292529258B
:10CD400031453165398639A639A631652945210431
:10CD5000210420E420E418E418E418E420E4210489
:10CD60002125292529452945292521252105210474
:10CD7000210421042125292529252925292529259D
:10CD80002945316631C742294A6A52CC5B0D5B2E78
:10CD90005B4E5B4E5B4E5B2E5B2E5B2E5B2E5B2EEB
:10CDA0005B2E5B2E5B2E5B2E5B2E5B2E5B2E5B2E3B
:10CDB0005B2E5B2E5B4E5B4E5B4E5B4E634E634E5B
:10CDC000634E634E636E636E636E636F6B6E6B6E0A
:10CDD0006B6E6B6E6B6E734D732D732C732C732C8B
:10CDE0007B4C7B6D83AE83CE840F842F8430843064
:10CDF00084308C308C308C308C308C308C308C305B
:10CE00008C308C308C308C30843084307C3074109A
:10CE10006C1063EF63EF63EF6C1074107C30843040
:10CE2000843084308C308C308C308C308C308C3032
:10CE30008430843084308430843084308430843052
:10CE400084308430843084308430841084108410A2
:10CE50008410841084308430843084308430843072
:10CE60008430843084308430843084308430843022
:10CE70008C308C308C308C308C308C308C308C30D2
:10CE80008C508C508C508C50320A31E931C929A811
:10CE900029882967296729462146214621462126D6
:10CEA000212621262126212621262126212621264A
:10CEB000212621262126210518E518E418C418C4C6
:10CEC00018A318A418C418E42105212529462966A9
:10CED00029662966296629462946294529252925BD
:10CEE0002105210420E418E418C418A310A310831A
:10CEF0001083108310831083108310A318A318A32A
:10CF000018A310A310A31083108310831083106242
:10CF100010621062106208620862086208621062A1
:10CF2000108210821082108310A318A318C318E473
:10CF300020E421052105292529252925292529251B
:10CF400029252925292529252945316639A641E79D
:10CF5000420741E739C739863165294529452945C1
:10CF600029252925292529252125210521052925A9
:10CF700029453165398639A639A6318529452925BE
:10CF80002104210420E420E418E418E420E421042E
:10CF90002105292529252925292529252125212559
:10CFA00021252925292529452945292529252925D9
:10CFB00029252945318739E8424A52AB5AED5B2D84
:10CFC0005B4E5B4E5B4E5B4E5B2E5B2E5B2E5B2E99
:10CFD0005B2E5B2E5B2E5B2E5B2E5B2E5B2E634EE1
:10CFE000634E634E634E634E634E634E634E636E99
:10CFF000636E636F6B6F6B8F6B8F6B8F6B8F738FCA
:10D00000738E738E736E734D732C730C7B0C7B0C51
:10D010007B2C836D838D83CE840F842F84308C3062
:10D020008C308C308C308C308C308C308C308C3020
:10D030008C308C308C308C30843084307C30741068
:10D040006C1063F05BF063F06C1074107C30843013
:10D05000843084308C308430843084308430843028
:10D060008430843084308430843084308430843020
:10D070008430843084308430843084108410841070
:10D080008410841084308430843084308430843040
:10D0900084308430843084308430843084308430F0
:10D0A0008C308C308C308C308C308C308C508C5060
:10D0B0008C508C508C508C5031C931A829882987CC
:10D0C0002967294621462146212621262126212677
:10D0D000212621262125212521252105212521253E
:10D0E000212521262125210518E518C418C418A3D7
:10D0F00018A318C418C418E52125294629662967EC
:10D1000029662966294629252105210520E418E4F8
:10D1100018C418C418C318A310A310831083108355
:10D120001083108310831083108310A310A310A307
:10D1300010A310A310831083108310831083108317
:10D14000106210621062106210621062106210822F
:10D15000108210821083108310A318A318C418E43F
:10D1600020E42105210529252925292529252925E9
:10D1700029252925292529252945316639A741E76A
:10D18000420741E741C739A631863166294529451D
:10D190002945292529252125210521052105212587
:10D1A0002945316539A641C639A639863165292513
:10D1B00021042104210420E420E418E418E420E4FC
:10D1C0002104210521252925292529252925292548
:10D1D000294529452945296529652965294529457F
:10D1E00029452945318639C842294A8B5AEC5B2D9D
:10D1F000634E634E634E634E634E5B4E5B4E5B4EBF
:10D20000634E634E634E634E634E634E634E634E96
:10D21000634E634E634E636E636E6B6F6B6F6B6FCB
:10D220006B6F6B8F6B8F6B8F73AF73AF73AF73AFAE
:10D230007B8E7B8E7B6D7B2C7B0C7AEB7AEB7AEB97
:10D24000830C834C838D83CE840F8C308C308C3058
:10D250008C308C308C308C308C308C308C308C30EE
:10D260008C308C308C308C30843084307C30741036
:10D270006C1063F063F063F06C1074107C308430D9
:10D2800084308430843084308430843084308430FE
:10D2900084308430843084308430843084308430EE
:10D2A000843084308430843084308430841084101E
:10D2B00084108430843084308430843084308430EE
:10D2C00084308430843084308430843084308430BE
:10D2D0008C308C308C308C308C308C308C508C502E
:10D2E0008C508C508C518C5129872987296729466D
:10D2F00021462146212621262126212621252125B8
:10D3000021252105210521052105210521052105CD
:10D31000210521252105210518E418C418C418A3E6
:10D3200018A318C418E42105212629462966296670
:10D33000296629462125210520E418E418C418C3CC
:10D3400018A310A310A310831083108310831083DD
:10D35000108310831083108310A310A310A310A3B5
:10D3600010A3108310831083108310831083108305
:10D37000108210621062106210621082108210829D
:10D3800010821083108310A318A318C318C418E4C4
:10D3900020E42105210529252925292529252925B7
:10D3A00029252925292529452945318639A741E7F8
:10D3B00041E741E741C739A63986318631662946BA
:10D3C000294529252925212521052105210529254D
:10D3D0002945316639A641C641C639A63165292598
:10D3E000210521042104210420E420E418E418E4A8
:10D3F00020E4210421042105212529252925294569
:10D400002945316631663186318631863166296536
:10D4100029452966318639C8422952AB5AEC632D19
:10D42000634E636E636E634E634E634E634E634E34
:10D43000634E634E634E634E634E634E634E6B6E3C
:10D440006B6E6B6E6B6F6B6F6B8F6B8F6B8F6B8F8E
:10D45000738F73AF73AF73AF73AF7BAF7BAF7B8EE5
:10D460007B8E7B6D7B2C7B0C7AEB7ACB7ACB82EB41
:10D47000830C834D83AE83CE840F8C308C308C3004
:10D480008C308C308C308C308C308C308C308C30BC
:10D490008C308C308C308C308430843084307C10F4
:10D4A00074106C106C106C1074107C3084308430EC
:10D4B00084308C30843084308430843084308430C4
:10D4C00084308430843084308430843084308430BC
:10D4D00084308430843084308430843084308410CC
:10D4E00084108430843084308430843084308430BC
:10D4F000843084308430843084308430843084308C
:10D5000084308C308C308C308C308C308C508C5003
:10D510008C508C518C518C512967294621462146CB
:10D5200021262126212621252125212521252105E8
:10D5300021052105210521052105210521052105BB
:10D54000210521052105190518E418C418C418A3DC
:10D5500018C418C418E4210521262946296629463D
:10D5600029462125210518E418C418C418A310A3BE
:10D5700010A31083108310831083108310831083F3
:10D5800010831083108310A310A310A310A310A363
:10D5900010831083108310831083108310831083F3
:10D5A000108210821062106210821082108210832A
:10D5B0001083108310A310A318C318C418E420E428
:10D5C0002104210521252925292529252925292544
:10D5D00029252925292529452945318639A641C7E7
:10D5E00041C741C639C639A639A6318631662945B3
:10D5F0002925292521252105210521052125292543
:10D600002945316639A641C641C639A63165294545
:10D610002925210521052105210520E418E418E428
:10D6200018E418E420E421042104210529252945D2
:10D6300029663166318639A739A739A731863186FF
:10D640003166316631A739E84A4A52AB5B0D634E09
:10D65000636E6B6E636E636E636E636E636E636E3A
:10D66000636E636E6B6E6B6E6B6E6B6E6B6E6B6F01
:10D670006B6F6B8F6B8F738F738F73AF73AF73AF72
:10D6800073AF7BAF7BAF7BAF7BAF7BAE7B8E7B6DB6
:10D69000834D832C82EB7ACB7ACA7ACA82CB82EB17
:10D6A000832C836D83AE83EF8C0F8C308C308C3069
:10D6B0008C308C308C308C308C308C308C308C308A
:10D6C0008C308C308C308C308430843084307C30A2
:10D6D0007C107410741074107C308430843084306A
:10D6E00084308C3084308430843084308430843092
:10D6F000843084308430843084308430843084308A
:10D700008430843084308430843084308430843079
:10D7100084308430843084108410843084308410C9
:10D720008410843084308430843084308430843079
:10D7300084308C308C308C308C308C308C508C50D1
:10D740008C508C518C518C5121462126212621262A
:10D750002125212521252105210521052105210539
:10D760002105210521052105210521052105210589
:10D7700021052105210518E518E418C418C418A3CB
:10D7800018C418C418E4210521252146294621255D
:10D79000210520E418E418C418A310A310A31083D3
:10D7A00010831083108310831083108310831083E1
:10D7B000108310A310A310A310A310A310A3108311
:10D7C00010831083108310831083108310831083C1
:10D7D00010821082106210821082108210831083D7
:10D7E0001083108310A318A318C318E420E42104A5
:10D7F0002105210529252925292529252925292509
:10D8000029252925292529453145316639A639A6F5
:10D8100039A639A63986398631863166316529457A
:10D820002925210521052105210521252925292530
:10D830002946316639A641C741C639A631862945F0
:10D840002925212521252105210520E418E418C4D6
:10D8500018C418E418E418E420E42104212529451B
:10D860002966318639A639C739C739C739C739A6B4
:10D870003186318639A742084A6A5ACC632D6B4EED
:10D880006B6E6B8F6B8F6B6F6B6F6B6F6B6F6B6F89
:10D890006B6F6B6F6B6F6B6F6B6F6B6F738F738F68
:10D8A000738F738F73AF73AF73AF7BAF7BCF7BCF50
:10D8B0007BCF7BCF7BCF7BAF7BAE836E834D832CC7
:10D8C00082EB82CB82AA82AA82AA82CB82EB832CB1
:10D8D000836D83AE83EF8C0F8C308C308C308C302A
:10D8E0008C308C308C308C308C308C308C308C3058
:10D8F0008C308C308C308C30843084308430843068
:10D900007C307C307C307C30843084308430843097
:10D910008C3084308430843084308430843084305F
:10D920008430843084308430843084308430843057
:10D930008430843084308430843084308430843047
:10D9400084308430841084108410841084108410F7
:10D950008410841084308430843084308430843067
:10D9600084308C308C308C308C308C308C508C509F
:10D970008C508C518C518C5121262125212521251B
:10D980002105210521052105210521052105210567
:10D990002105210521052105210521052105210557
:10D9A00021052105210518E518E418C418C418A498
:10D9B00018C418C418E421052105212521052105D5
:10D9C00018E418C418C418A310A310A3108310835C
:10D9D00010831083108310831083108310831083AF
:10D9E00010A310A310A310A310A310A310831083DF
:10D9F000108310831083108310831083108310838F
:10DA000010821082106210821082108310831083A3
:10DA10001083108310A318C318C418E4210421052F
:10DA200021052125292529252925292529252925B6
:10DA30002925292529252945314531653986398604
:10DA4000398531653165316531653165294529256E
:10DA500021052105210521052125292529252945DE
:10DA60002966316639A641C741C739A6398631656D
:10DA70002945292521252105210520E418E418C47C
:10DA800018C418C418C418E418E420E42105292592
:10DA90002965318639A739C741E741E739C739A731
:10DAA00039A739A739C84229528B5AEC632E6B6EBD
:10DAB0006B8F6B8F6B8F6B8F6B8F6B8F6B6F6B6FD6
:10DAC0006B6F6B6F736F738F738F738F738F738FB6
:10DAD00073AF73AF7BAF7BCF7BCF7BCF7BCF7BEF46
:10DAE0007BEF7BEF83CF83AE838D834D830C82CB23
:10DAF00082AA828A828A828A82AA82EB832C836D9E
:10DB000083AE83CF840F8C308C308C308C308C3053
:10DB10008C308C308C308C308C308C308C308C3025
:10DB20008C308C308C308C30843084308430843035
:10DB300084308430843084308430843084308C303D
:10DB40008C3084308430843084308430843084302D
:10DB50008430843084308430843084308430843025
:10DB60008430843084308430843084308410841055
:10DB70008410841084108410841084108410841005
:10DB80008410841084308430843084308430843035
:10DB90008C308C308C308C308C308C508C508C5045
:10DBA0008C508C518C518C5121252125210521052A
:10DBB0002105210521052105210521052105210535
:10DBC0002105210521052105210521052105210525
:10DBD00021052105190518E518E418C418C418A46E
:10DBE00018C418C418E418E521052105210518E416
:10DBF00018C418C418A310A310A310A31083108373
:10DC0000108310831083108310831083108310A35C
:10DC100010A310A310A418A310A310A310831083A3
:10DC2000108310831083108310831083108310835C
:10DC300010621062106210821082108210831083B2
:10DC40001083108310A318C318C420E421042105F5
:10DC5000212529252925292529252925292529255C
:10DC60002925292529252925294531653165396544
:10DC7000316531452945294529452945292521056C
:10DC800021042104210521052125292529252946AD
:10DC90003166318639A641C741C739C639863166F2
:10DCA0002945292529252125210520E418E418C422
:10DCB00018C418C418C418C418E420E42104292581
:10DCC0002965318639A639C741E741E741E739C7B8
:10DCD00039A739A739C84A2952AB630C6B4E6B6E12
:10DCE000738F738F738F738F738F738F738F738F24
:10DCF000738F738F738F738F738F738F738F73AFF4
:10DD00007BAF7BCF7BCF7BD07BD07BF07BF083F076
:10DD100083EF83EF83CF83AE836D832C82CB828AA4
:10DD2000826982498269828982CA830B834C838E8D
:10DD300083CE83EF8C108C308C308C308C308C30D8
:10DD40008C308C308C308C308C308C308C308C30F3
:10DD50008C308C308C308C30843084308430843003
:10DD60008430843084308430843084308C308C3003
:10DD70008430843084308430843084308430843003
:10DD800084308430843084308430843084308430F3
:10DD900084308410841084108410841084108410C3
:10DDA00084108410841084108410841084108410D3
:10DDB0008410841084308430843084308430843003
:10DDC0008C308C308C308C308C508C508C508C50F3
:10DDD0008C508C518C518C510000000001020304C6
:10DDE00001020304060708090001020304050607EF
:10DDF000080C101418203040010002000400060036
:10DE000008000A000C001000200040008000000103
:10DE100001010103070100000804020408010101D7
:10DE2000A2000000F9A2000083F9A2006E83F9A20B
:10DE30004E6E83F9444E6E8315444E6E2915444E42
:10DE4000FC29154427FC29155727FC29D15727FC05
:10DE5000F5D1572734F5D157DD34F5D1C0DD34F590
:10DE6000DBC0DD3462DBC0DD9562DBC0999562DB2F
:10DE70003C999562433C999590433C994190433C31
:10DE8000000000000000F03F000000000000F0BFB4
:10DE9000000000000000F0BF000000000000F03FA4
:10DEA00083C8C96D305F6441182D4454FB21F93F8C
:10DEB000000000000000F03F1C620CFDFFFFDFBF10
:10DEC000198F06E15355A53F9D359AE887C056BF87
:10DED000C3F87B024393F93E03A695595455C5BF39
:10DEE000C40B23057610813F24CF7437EB9429BFF0
:10DEF000000000000000F03F000000000000F0BF44
:10DF0000000000000000F0BF000000000000F03F33
:10DF100083C8C96D305F6441182D4454FB21F93F1B
:10DF2000000000000000F0BF1C620CFDFFFFDF3F9F
:10DF3000198F06E15355A5BF9D359AE887C0563F16
:10DF4000C3F87B024393F9BE03A695595455C5BF48
:10DF5000C40B23057610813F24CF7437EB9429BF7F
:10DF60002E006E6600696E69747900616E0052451C
:10DF7000454E54206D616C6C6F63207375636365EF
:10DF800065646564002F646174612F6A656E6B69F6
:10DF90006E732F776F726B73706163652F474E5589
:10DFA0002D746F6F6C636861696E2F61726D2D31B6
:10DFB000352F7372632F6E65776C69622D63796795
:10DFC00077696E2F6E65776C69622F6C6962632F5B
:10DFD000737472696E672F737472746F6B2E630043
:10DFE0004300504F534958002C2066756E63746986
:10DFF0006F6E3A2000617373657274696F6E2022D0
:10E00000257322206661696C65643A2066696C65D7
:10E0100020222573222C206C696E652025642573CF
:10E0200025730A0042616C6C6F63207375636365CE
:10E0300065646564002F646174612F6A656E6B6945
:10E040006E732F776F726B73706163652F474E55D8
:10E050002D746F6F6C636861696E2F61726D2D3105
:10E06000352F7372632F6E65776C69622D637967E4
:10E0700077696E2F6E65776C69622F6C6962632FAA
:10E080007374646C69622F6764746F612D67657463
:10E090006865782E63002F646174612F6A656E6B0A
:10E0A000696E732F776F726B73706163652F474E64
:10E0B000552D746F6F6C636861696E2F61726D2D81
:10E0C00031352F7372632F6E65776C69622D6379BA
:10E0D0006777696E2F6E65776C69622F6C69626312
:10E0E0002F7374646C69622F6D707265632E6300A8
:10E0F000232D302B2000686C4C0065666745464731
:10E1000000303132333435363738394142434445B3
:10E110004600303132333435363738396162636422
:10E12000656600412D46612D663839303132333411
:10E130003536375D002B2D00303000785800000058
:10E1400034000000CEFBFFFFCB0300000100000005
:10E150000000000035000000CEFBFFFFCB030000F5
:10E160000100000000000000BC89D897B2D29C3C9E
:10E1700033A7A8D523F649393DA7F444FD0FA532AE
:10E180009D978CCF08BA5B25436FAC642806681155
:10E190000020202020202020202028282828282077
:10E1A000202020202020202020202020202020206F
:10E1B00020881010101010101010101010101010D7
:10E1C00010040404040404040404041010101010C7
:10E1D0001010414141414141010101010101010191
:10E1E00001010101010101010101010110101010E3
:10E1F0001010424242424242020202020202020263
:10E2000002020202020202020202020210101010B6
:10E2100020000000000000000000000000000000DE
:10E2200000000000000000000000000000000000EE
:10E2300000000000000000000000000000000000DE
:10E2400000000000000000000000000000000000CE
:10E2500000000000000000000000000000000000BE
:10E2600000000000000000000000000000000000AE
:10E27000000000000000000000000000000000009E
:10E28000000000000000000000000000000000008E
:10E290000000000005000000190000007D000000E3
:10E2A0000080E03779C34143176E05B5B5B8934692
:10E2B000F5F93FE9034F384D321D30F94877825A5E
:10E2C0003CBF737FDD4F1575000000000000F03F7C
:10E2D0000000000000002440000000000000594041
:10E2E0000000000000408F40000000000088C34094
:10E2F00000000000006AF8400000000080842E4109
:10E3000000000000D01263410000000084D7974154
:10E310000000000065CDCD41000000205FA002425A
:10E32000000000E876483742000000A2941A6D42CF
:10E33000000040E59C30A2420000901EC4BCD642C2
:10E3400000003426F56B0C430080E03779C341436D
:10E3500000A0D8855734764300C84E676DC1AB43E3
:10E36000003D9160E458E143408CB5781DAF154401
:10E3700050EFE2D6E41A4B4492D54D06CFF08044DC
:10E38000F64AE1C7022DB544B49DD9794378EA44F1
:08E39000401FFB7F01000000AB
:04E39800B5070008BD
:04E39C008D070008E1
:10E3A00039140108611401086F140108F5140108FB
:10E3B0004D1601086D16010891160108F1160108A5
:10E3C000B5160108191701083D170108791701084A
:10E3D00012010002020200408304405700020102C1
:10E3E00003010000040309041A03000000000000F8
:10E3F000000000000000000000000000000000001D
:10E4000000000000E7416B3A58A08B3A7D04017C84
:10E41000000240AB03410005530806580407000002
:10E420000F000810820911000A15800B16000C1845
:10E43000010D00000090D0030090D00310000000F8
:10E44000010000000A060002000000400100000078
:10E4500039280208292A02082D2B02080000000092
:10E46000332E0208C52C0208C32D0208000000004C
:10E470000000000000000000192F0208A92E020869
:10E48000892F0208F92F020809024300020100C087
:10E4900032090400000102020100052400100105F8
:10E4A000240100010424020205240600010705825C
:10E4B0000308001009040100020A0000000705011A
:10E4C0000240000007058102400000810182000037
:10E4D0000000000003000000F06A0120430000007B
:10E4E000000000000000000000000000000000002C
:10E4F00000000000000000000000000043000000D9
:10E50000000000000000000000000000000000000B
:10E5100000000000000000000000000043000000B8
:10E5200000000000000000000000000000000000EB
:10E530000000000000000000000000004300000098
:10E5400000000000000000000000000000000000CB
:10E550000000000000000000000000004300000078
:10E5600000000000000000000000000000000000AB
:10E570000000000000000000000000004300000058
:10E58000000000000000000000000000000000008B
:10E590000000000000000000000000004300000038
:10E5A000000000000000000000000000000000006B
:10E5B000000000000000000000000000EB5B02080B
:10E5C000295202080000000090E1040860DF0408FE
:10E5D00023E0040823E0040823E0040823E00408FF
:10E5E00023E0040823E0040823E0040823E00408EF
:10E5F00023E00408FFFFFFFFFFFFFFFFFFFFFFFF18
:10E60000FFFF0000010041534349490000000000A2
:10E6100000000000000000000000000000000000FA
:10E620000000000000004153434949000000000081
:10E6300000000000000000000000000000000000DA
:10E640000000000000000000AC02002000000000FC
:10E65000F06A0120586B0120C06B0120000000000F
:10E6600000000000000000000000000000000000AA
:10E67000000000000000000000000000000000009A
:10E68000000000000000000000000000000000008A
:08E69000000000000000000082
:04000005080007D90F
:00000001FF
