:020000040800F2
:10000000000002204104000895040008950400083F
:1000100095040008950400089504000800000000FD
:10002000000000000000000000000000950400082F
:10003000950400080000000095040008251700083A
:10004000950400089504000895040008950400082C
:10005000950400089504000895040008950400081C
:10006000950400089504000895040008950400080C
:1000700095040008950400089504000895040008FC
:1000800095040008950400089504000895040008EC
:1000900095040008950400089504000895040008DC
:1000A00095040008950400089504000895040008CC
:1000B00095040008950400089504000895040008BC
:1000C00095040008950400089504000895040008AC
:1000D000950400089504000895040008950400089C
:1000E000950400089504000800000000950400082D
:1000F000950400089504000895040008950400087C
:10010000950400089504000895040008950400086B
:10011000950400089504000895040008950400085B
:10012000950400089504000895040008950400084B
:10013000950400089504000895040008950400083B
:1001400000000000000000000000000000000000AF
:10015000950400089504000895040008950400081B
:10016000950400089504000895040008950400080B
:10017000950400089504000895040008000000009C
:1001800095040008950400089504000895040008EB
:1001900095040008950400089504000895040008DB
:1001A000950400089504000895040008000000006C
:1001B00095040008950400089504000895040008BB
:1001C00095040008950400080000000000000000ED
:1001D000000000000000000095040008000000007E
:1001E000000000000000000000000000000000000F
:1001F00000000000000000009504000895040008BD
:10020000950400089504000800000000950400080B
:10021000950400089504000895040008950400085A
:10022000950400080000000095040008000000008C
:1002300095040008950400080000000095040008DB
:10024000950400089504000895040008950400082A
:10025000950400089504000895040008950400081A
:10026000950400089504000895040008950400080A
:10027000950400089504000895040008000000009B
:1002800095040008950400089504000895040008EA
:10029000000000009504000895040008000000001C
:1002A000000000009504000895040008950400086B
:1002B00095040008950400089504000895040008BA
:0C02C0009504000895040008950400084F
:1002D000034613F8012B002AFBD1181A0138704786
:1002E00001F0FF01102A2BDB10F0070F08D010F8E7
:1002F000013B013A8B422DD010F0070F42B3F6D1EB
:10030000F0B441EA012141EA014122F007047FF003
:1003100000070023F0E80256083C85EA010586EA5A
:10032000010685FA47F5A3FA87F586FA47F6A5FA96
:1003300087F68EB9EED1F0BC01F0FF0102F00702A2
:1003400032B110F8013B013A83EA010313B1F8D14D
:100350000020704701387047002D06BF354603382E
:10036000073815F0010F07D1013015F4807F02BF67
:10037000013015F4C03F0130F0BC0138704700BFB8
:1003800053B94AB9002908BF00281CBF4FF0FF31FC
:100390004FF0FF3000F00CB8ADF1080C6DE904CE61
:1003A00008F020FCDDF804E0DDE9022304B070472A
:1003B000704700BF0348044B834202D0034B03B194
:1003C00018477047900000209000002000000000B7
:1003D0000548064B1B1AD90F01EBA301491002D0A7
:1003E000034B03B118477047900000209000002095
:1003F0000000000010B5064C237843B9FFF7DAFF80
:10040000044B13B10448AFF300800123237010BDE7
:10041000A000002000000000048F000808B5054B74
:100420001BB105490548AFF30080BDE80840FFF760
:10043000CFBF00BF00000000A4000020048F000810
:10044000DFF838D000F028F8002103E00C4B5B58AF
:10045000435004310B480C4B42189A42F6D30B4AD6
:1004600002E0002342F8043B094B9A42F9D302F020
:10047000FFF907F027FF00F06DFB70470000022036
:10048000889100080000002090000020A0000020BB
:1004900034440020FEE7000080B400AF084BDB6866
:1004A000074A43F00203D36000BF054B5B6803F4C7
:1004B0000053002BF9D000BF00BFBD4680BC704781
:1004C0000048025880B485B000AF87ED030AC7ED3D
:1004D000020A87ED011A97ED037AD7ED027AB4EE9E
:1004E000E77AF1EE10FA01D5BB680BE097ED037ADD
:1004F000D7ED017AB4EEE77AF1EE10FA01DD7B6810
:1005000000E0FB6807EE903AB0EE670A1437BD468C
:1005100080BC704780B586B000AF786002F0A4FA66
:1005200038613B690A3B7B6118E002F09DFAF86094
:10053000FA687B69D31A092B10D9FB687B6101F03B
:10054000C5FA034683F00103DBB2002B06D0094B4A
:1005500005221A60084B07221A7007E002F084FA9D
:1005600002463B69D31A7A689A42DED81837BD46EC
:1005700080BD00BFC0000020BC00002080B582B05C
:1005800000AF7860244A7B681360244B07221A70FE
:1005900001F09CFA01F0C2FA02F066FA1F4B1B78D8
:1005A000DBB219461C4B1A681D4BD3ED007A1D4B6C
:1005B00093ED007A1C4BD3ED006A1C4B93ED006A5F
:1005C0001B4BD3ED005A1B4B93ED005A1A4BF0EE28
:1005D000452AB0EE652AF0EE461AB0EE661AF0EE45
:1005E000470AB0EE670A01F055FB0C4B1B78DBB2F3
:1005F0001A46094B1B681946104601F0ABFB01F087
:1006000049FC01F063FA01F089FA4FF4FA7002F044
:1006100035FA00BFF5E700BFC0000020BC00002095
:10062000CC000020D0000020D4000020D800002002
:10063000DC000020E0000020C490000880B58EB0EF
:1006400000AF07F1140300221A605A609A6007F1A4
:10065000080300221A605A609A604FF000037B6022
:100660004FF000037B634FF000033B630023FB620A
:1006700028E03A1D07F1080107F11403184601F0BC
:10068000A5FED7ED077AF1EE677AC7ED087A97ED08
:100690000D7AD7ED087A77EE277AC7ED0D7AD7ED88
:1006A000087A67EEA77A97ED0C7A77EE277AC7ED8E
:1006B0000C7A7B68224A1360042002F0DFF9FB6A9F
:1006C0000133FB62FB6AB3F5FA7FD2D397ED0D7A63
:1006D000DFED1C6AC7EE267A1B4BC3ED007AD7ED1F
:1006E0000C7ADFED186A87EEA67A174BD3ED006A15
:1006F000154BD3ED007A66EEA77A77EE677AC7EDF1
:100700000A7A124B7B62D7ED0A7AF5EEC07AF1EEE7
:1007100010FA02D54FF00003BB62D7ED097A67EEFD
:10072000A77A97ED0A7AB4EEE77AF1EE10FA01DDD6
:10073000002300E0012318463837BD4680BD00BFC6
:10074000E00000200000FA43C8000020CDCC4C3D62
:1007500080B500AF01F0CEF90346002B20D0C821B0
:10076000082000F0FDFD0346002B19D001F0CCF964
:100770000346002B14D0C821082000F0F1FD0346E9
:10078000002B0DD001F0A2F90346002B08D0C821A0
:10079000082000F0E5FD0346002B01D0012300E016
:1007A000002303F00103DBB2184680BD80B596B08C
:1007B00000AF07F1200300221A605A609A6007F127
:1007C000140300221A605A609A604FF000033B61E4
:1007D0003B4600221A605A609A60DA6002F044F9DF
:1007E00078657B6D3B657B6D323BFB64C54B4FF0A1
:1007F00000021A60C44B4FF000021A60C34B4FF066
:1008000000021A60C24B4FF000021A6068E102F069
:100810002BF9F863FA6B3B6DD31A092B40F25F8119
:100820003B6D0A333B65FA6B3B6DD31A092B01D93B
:10083000FB6B3B65FA6B7B6DD31A07EE903AF8EED3
:10084000677A9FEDB47A67EE877AC7ED0E7AFB6B15
:100850007B659FEDB11ADFEDAF0A97ED0E0AFFF74A
:1008600031FE87ED0E0A07F1100207F1140107F1BE
:100870002003184601F0AAFD3B69A84A1360D7ED92
:100880000A7AB1EE677AA64BD3ED007A77EE677AF3
:10089000A44BC3ED007AA34B93ED007AD7ED0E7A0B
:1008A00027EE277A974BD3ED007A77EE277A954B90
:1008B000C3ED007A954BD3ED007AB0EE007A77EE77
:1008C000677AC7ED127AD7ED127AF5EEC07AF1EEBB
:1008D00010FA02D54FF00003BB64D7ED127A9FEDFA
:1008E000927A67EE877AB0EE670A07F07FFC87EDB1
:1008F0000D0AD7ED0D7A9FED8D7AF4EEC77AF1EE01
:1009000010FA02D57B6B7B6401E0894B7B64D7EDE9
:100910000E7A9FED867A67EE877AC7ED0C7A7A4B6E
:10092000D3ED007A97ED117AB4EEE77AF1EE10FA92
:1009300017DD754B93ED007AD7ED0C7A77EE277AB9
:10094000714BC3ED007A704BD3ED007A97ED117ABD
:10095000B4EEE77AF1EE10FA1AD56B4A7B6C1360AD
:1009600016E0694B93ED007AD7ED0C7A77EE677A53
:10097000654BC3ED007A644BD3ED007A97ED117AA5
:10098000B4EEE77AF1EE10FA02DD5F4A7B6C136099
:100990005D4BD3ED007AB6EE007A27EE877ADFED75
:1009A000656AC7EE267AC7ED107AD7ED107A9FED0B
:1009B0005F7AF4EEC77AF1EE10FA01DD5C4B3B642E
:1009C000504BD3ED007A9FED5C7A27EE877A554B3A
:1009D000D3ED007ADFED596A67EEA67A37EE677AD3
:1009E000D7ED107AF1EE677A97ED101AF0EE670AFC
:1009F000B0EE470AFFF766FDF0EE407A444BC3EDD8
:100A0000007A414BD3ED007AF1EE677AC7ED0B7AAD
:100A10003F4BD3ED007A3B461946B0EE671ADFED47
:100A2000480A97ED0B0A474800F09BFE034683F007
:100A30000103DBB2002B04D0434B06221A600023D3
:100A40005CE03B46184600F0EFFF034683F00103ED
:100A5000DBB2002B04D03C4B05221A6000234DE092
:100A6000294B93ED007AD7ED0E7A27EE277A274BA4
:100A7000D3ED007A77EE277A244BC3ED007AFA6B38
:100A8000FB6CD31A312B2BD9FB6BFB642F4B1B78E0
:100A9000DBB219462C4B1A68224BD3ED007A194B66
:100AA00093ED007A184BD3ED006A194B93ED006A71
:100AB000164BD3ED005A194B93ED005A3B46F0EE1E
:100AC000452AB0EE652AF0EE461AB0EE661AF0EE50
:100AD000470AB0EE670AF86B01F0DCF800E000BFEF
:100AE0000A4BD3ED007A9FED1A7AF4EEC77AF1EE55
:100AF00010FA3FF58CAE00F0E9FF03461846583770
:100B0000BD4680BDD0000020D4000020DC000020C5
:100B1000D80000206F12833ACDCC4C3DE00000207D
:100B2000C8000020CC0000203333333F3333B33EC2
:100B30003333B33E7B14AE3ECDCC0CC08FC2F53DFB
:100B400000000000A4900008C0000020BC000020AD
:100B5000EE7CFF3F80B500AF00F08EFA01F09AF90D
:100B600001F088F8544B00221A7000F0AFFF0346E2
:100B700083F00103DBB2002B07D100F0CFFF034667
:100B800083F00103DBB2002B02D00320FFF7F6FC59
:100B9000494B01221A7001F0ADFA03461A46474B41
:100BA0001A70464B1B78DBB2002B02D00120FFF7F6
:100BB000E5FC414B02221A70FFF740FD034683F02B
:100BC0000103DBB2002B02D00220FFF7D7FC3A4B27
:100BD00003221A70FFF7BCFD034683F00103DBB26A
:100BE000002B02D00420FFF7C9FC4FF4FA70FFF786
:100BF00091FC314B1B78DBB2072B04D1304B1B68C7
:100C00001846FFF7BBFC2C4B04221A70FFF7CEFDF1
:100C1000034683F00103DBB2002B0AD0284B1B688C
:100C2000002B02D0264B1B6800E005231846FFF777
:100C3000A5FC214B05221A704FF47A70FFF76AFC6D
:100C400000F06CFF1C4B06221A7001F00DFF1A4BCE
:100C50001B78DBB219461A4B1A681A4BD3ED007A8F
:100C6000194B93ED007A194BD3ED006A184B93EDB5
:100C7000006A184BF0EE462AB0EE662ADFED161A2F
:100C80009FED151AF0EE470AB0EE670A01F002F880
:100C9000094B1B78DBB21A46094B1B6819461046F4
:100CA00001F058F801F0F6F800F010FF4FF47A70F8
:100CB00001F0E4FE00BFF7E7BC000020C400002004
:100CC000C0000020CC000020D0000020DC0000206C
:100CD000E0000020D49000080000000080B400AFC5
:100CE00072B600BF00BFFDE780B59CB000AF07F152
:100CF00024034C220021184607F0D6FA3B1D20227F
:100D00000021184607F0D0FA022003F073F8002300
:100D10003B602B4B9B692A4A23F440439361284B49
:100D20009B6903F440433B603B6800BF244B9B69D5
:100D300003F40053B3F5005FF8D101237B624FF455
:100D40008033BB620223BB640223FB6402233B6546
:100D500028237B650123BB650623FB6502233B66D5
:100D60000C237B660023BB660023FB6607F124038C
:100D7000184603F079F80346002B01D0FFF7AEFFC9
:100D80003F237B600323BB600023FB6008233B61A0
:100D900040237B614023BB614FF48063FB614023B0
:100DA0003B623B1D0321184603F038FC0346002B31
:100DB00001D0FFF793FF00BF7037BD4680BD00BF75
:100DC0000048025880B588B000AF07F10C0300223C
:100DD0001A605A609A60DA601A611A4BD3F8E030F0
:100DE000184A43F00103C2F8E030164BD3F8E03064
:100DF00003F00103BB60BB68124BD3F8E030114A2B
:100E000043F00403C2F8E0300E4BD3F8E03003F0B7
:100E100004037B607B68012209210B4802F0D2FFAA
:100E20000923FB6001233B6100237B610323BB613A
:100E300007F10C031946044802F01CFE00BF2037DE
:100E4000BD4680BD004402580008025880B500AF7E
:100E5000284B294A1A60274B4FF480025A60254BD1
:100E600000229A60234B0722DA60224B4FF0007277
:100E70001A61204B4FF080725A611E4B4FF0806216
:100E80009A611C4B4FF08042DA611A4B00221A62C1
:100E9000184B00225A62174B00229A62154B00220F
:100EA000DA62144B4FF080425A63124B00229A636D
:100EB000104B0022DA630F4B00221A640D4B002204
:100EC0005A640C4B00229A640A4B0022DA64094BE4
:100ED00000221A65074B00225A65064B00229A65CC
:100EE000044805F091FC0346002B01D0FFF7F6FE05
:100EF00000BF80BD840100200038004080B500AFF5
:100F00001F4B204A1A601E4B4FF4E1325A601C4BB3
:100F100000229A601A4B0022DA60194B00221A61F3
:100F2000174B0C225A61164B00229A61144B002277
:100F3000DA61134B00221A62114B00225A62104BE5
:100F400000229A620E4806F087F80346002B13D160
:100F500000210B4807F082F80346002B0CD100213A
:100F6000074807F0B9F80346002B05D1044807F0FD
:100F70003DF80346002B01D0FFF7B0FE00BF80BD57
:100F80000C0200200010014080B582B002AF384B47
:100F9000384A1A60364B00229A60354B0022DA60DC
:100FA000334B01221A74324B00225A74304B002208
:100FB0009A742F4B01225A612D4B14229A612C4BAB
:100FC0003B22DA612A4B14221A62294B01225A620F
:100FD000274B01229A62264B0122DA62244B01221E
:100FE0001A63234B00225A63214B00229A63204B41
:100FF0000022DA631E4B00221A641D4B04225A643D
:101000001B4B00229A641A4B0422DA64184B00220C
:101010001A65174B04225A65154B00229A65144B2A
:101020000022DA65124B08221A66114B00225A661A
:101030000F4B04229A660E4801F02CFE0346002B4B
:1010400010D101230093012302220221084801F05C
:10105000FFFF0346002B05D1054802F025F80346A3
:10106000002B01D0FFF73AFE00BFBD4680BD00BF98
:10107000E400002000A0004080B584B000AF3B4BEE
:101080005B6903F40033002B1BD1BFF34F8F00BF0C
:10109000BFF36F8F00BF354B0022C3F85022BFF360
:1010A0004F8F00BFBFF36F8F00BF304B5B692F4A7C
:1010B00043F400335361BFF34F8F00BFBFF36F8F13
:1010C00000E000BF294B5B6903F48033002B38D16B
:1010D000264B0022C3F88420BFF34F8F00BF234B61
:1010E000D3F88030FB60FB685B0BC3F30E03BB607F
:1010F000FB68DB08C3F309037B60BB685A0143F656
:10110000E07313407A68920718491343C1F86032BC
:101110007B685A1E7A60002BEFD1BB685A1EBA60FA
:10112000002BE5D1BFF34F8F00BF104B5B690F4A17
:1011300043F480335361BFF34F8F00BFBFF36F8F12
:1011400000E000BF01F00CFCFFF7CEFDFFF73AFE18
:10115000FFF77CFEFFF7D2FE054B00221A70FFF767
:1011600013FF00BF1037BD4680BD00BF00ED00E09B
:10117000AC02002080B584B000AF78607B68002BA3
:1011800013D07868FFF7A4F8F860FB68B3F5803FE8
:1011900002D34FF6FF73FB60FB689AB24FF47A7389
:1011A0007968044805F0A8FF00E000BF1037BD468D
:1011B00080BD00BF0C02002080B58AB000AF78600F
:1011C00007F1140300221A605A609A60DA601A610B
:1011D0007B68002B34D07B681B681B4A93422FD15D
:1011E0001A4BD3F8F030194A43F01003C2F8F0302C
:1011F000164BD3F8F03003F010033B613B69134BFF
:10120000D3F8E030114A43F00103C2F8E0300F4B4D
:10121000D3F8E03003F00103FB60FB684FF4C063D8
:101220007B610223BB610023FB6102233B62072336
:101230007B6207F114031946054802F01BFC00E02D
:1012400000BF2837BD4680BD001001400044025851
:101250000000025880B58CB000AF3B1D2C2200214D
:10126000184607F021F83B1D19460E4801F0CDFF46
:101270000346002B06D00C4B1B6801330A4A13604F
:1012800000230AE0BB69002B06D0084B1B68013322
:10129000064A1360002300E0012318463037BD469C
:1012A00080BD00BFE4000020A0020020A4020020B6
:1012B00080B584B000AF264B1B68D3F8CC30BB6040
:1012C0000023FB60BB68002B04D1224B00221A7064
:1012D000012338E0B9681E4801F077FF0346002B70
:1012E00009D01D4B1B6801331B4A1360194B0122A7
:1012F0001A70002327E001F0B7FB786017E0FB6865
:101300000133FB6001F0B0FB02467B68D31A012B6E
:1013100003D8FB68114A934209D90F4B1B6801336C
:101320000D4A13600B4B01221A7000230BE0084B8F
:101330001B68D3F8CC20BB681340002BDFD1054BD2
:1013400000221A70012318461037BD4680BD00BF29
:10135000E4000020AC020020A80200203F0D0300A2
:1013600080B584B000AF7860396001F07DFBF86033
:101370007B68002B02D07B68082B16D9002322E063
:10138000134B1B7883F00103DBB2002B0DD0FFF76A
:1013900061FF0346002B08D00E4801F085FF02468E
:1013A0007B68934201D801230DE001F05DFB02460A
:1013B000FB68D31A3A689A42E2D8074B1B6801339C
:1013C000054A1360002318461037BD4680BD00BF94
:1013D000AC020020E4000020A002002080B58EB006
:1013E00000AF786000237B637B68002B15D0444BF3
:1013F0001B78002B11D1FFF72DFF034683F001036B
:10140000DBB2002B09D132210420FFF7A9FF0346EC
:1014100083F00103DBB2002B06D03A4B1B6801338B
:10142000384A1360002367E000233B6318E03B6BFE
:10143000DB007A6813445B68002B07D03B6BDB0052
:101440007A6813441B88B3F5006F06D32D4B1B68D5
:1014500001332C4A136000234EE03B6B01333B63A6
:101460003B6B032BE3D900233B6341E007F10C0303
:1014700024220021184606F017FF3B6BDB007A6838
:1014800013441B88FB6000233B6100237B614FF406
:101490000023BB610023FB6100233B6200237B62CE
:1014A0000023BB623B6BDB007A6813445A6807F188
:1014B0000C031946144801F021FE0346002B0DD001
:1014C000104B1B6801330F4A13607B6B002B03D05A
:1014D000796B0D4801F079FE00230DE00A4801F018
:1014E00068FE02467B6B13437B633B6B01333B63BC
:1014F0003B6B032BBAD9012318463837BD4680BD54
:10150000AC020020A0020020E400002080B5BAB0A8
:1015100000AF786007F1D40300221A605A609A6025
:10152000DA601A6107F11803B8220021184606F0A4
:10153000BBFE7B68002B63D07B681B68324A9342FA
:101540005ED14FF480524FF00003C7E90623002319
:101550007B6707F11803184603F0C0FB0346002B16
:1015600001D0FFF7BBFB294BD3F8E830274A43F4FF
:101570008043C2F8E830254BD3F8E83003F48043C9
:101580007B617B69214BD3F8E030204A43F00203B2
:10159000C2F8E0301D4BD3F8E03003F002033B61AA
:1015A0003B691A4BD3F8E030184A43F00403C2F801
:1015B000E030164BD3F8E03003F00403FB60FB6827
:1015C0000623C7F8D4300223C7F8D8300023C7F861
:1015D000DC300323C7F8E0300523C7F8E43007F117
:1015E000D40319460A4802F045FA4FF40053C7F8ED
:1015F000D43007F1D4031946064802F03BFA00E064
:1016000000BFE837BD4680BD0038004000440258A6
:10161000000802580004025880B5B8B000AF7860E6
:1016200007F1CC0300221A605A609A60DA601A61EE
:1016300007F11003B8220021184606F035FE7B683A
:10164000002B4BD07B681B68264A934246D14FF44F
:1016500000424FF00003C7E904234FF08053FB67BB
:1016600007F11003184603F039FB0346002B01D0A5
:10167000FFF734FB1C4BD3F8EC301B4A43F4807368
:10168000C2F8EC30184BD3F8EC3003F48073FB60F5
:10169000FB68154BD3F8E030134A43F00803C2F857
:1016A000E030114BD3F8E03003F00803BB60BB68B7
:1016B0000323C7F8CC300223C7F8D0300023C7F883
:1016C000D4300023C7F8D8300923C7F8DC3007F13D
:1016D000CC031946054802F0CDF900E000BFE03721
:1016E000BD4680BD00A0004000440258000C0258D6
:1016F00080B483B000AF0A4BD3F8F430084A43F00B
:101700000203C2F8F430064BD3F8F43003F00203BE
:101710007B607B6800BF0C37BD4680BC704700BF54
:101720000044025880B500AF01F08CF900BF80BDC5
:1017300080B483B000AF87ED010AD7ED017AF5EEF2
:10174000C07AF1EE10FA04D5D7ED017AF1EE677A9E
:1017500001E0D7ED017AB0EE670A0C37BD4680BCD8
:10176000704780B58CB000AF786187ED040AC7ED93
:10177000030A87ED021A79604FF00003FB624FF015
:101780007E53BB627B69002B12D07B68002B0FD08D
:101790007B69D3ED007AF5EEC07AF1EE10FA07D945
:1017A0007B69D3ED037AF5EEC07AF1EE10FA01D839
:1017B0000023BAE07B6993ED017A7B69D3ED027A6D
:1017C00077EE277AC7ED087A97ED047AD7ED037A9A
:1017D00037EE677AD7ED086AD7ED027A66EEA77A18
:1017E00077EE676A7B6993ED007AC6EE877A7B684D
:1017F000C3ED007A97ED047AD7ED037A37EE277AB6
:10180000D7ED086AD7ED027A66EEA77A77EE276AF7
:101810007B6993ED007A7B680433C6EE877AC3ED6B
:10182000007A97ED047AD7ED037A37EE277AD7ED71
:10183000086AD7ED027A66EEA77A77EE676A7B6967
:1018400093ED007A7B680833C6EE877AC3ED007AA1
:1018500097ED047AD7ED037A37EE677AD7ED086A09
:10186000D7ED027A66EEA77A77EE276A7B6993ED69
:10187000007A7B680C33C6EE877AC3ED007A0023CA
:101880007B6219E07B6A9B007A681344D3ED007A8F
:10189000B0EE670AFFF74CFF87ED070A97ED077A6E
:1018A000D7ED0B7AB4EEE77AF1EE10FA01DDFB69C1
:1018B000FB627B6A01337B627B6A032BE2DD7B691F
:1018C000D3ED037A97ED0B7AB4EEE77AF1EE10FAE6
:1018D00008DD7B69D3ED036A97ED0B7AC6EE877A54
:1018E000C7ED0A7A00237B621BE07B6A9B007A6863
:1018F000134493ED007A7A697B6A04339B001344A6
:10190000D3ED006AD7ED0A7A66EEA77A7B6A9B0070
:101910007A68134467EE277AC3ED007A7B6A013355
:101920007B627B6A032BE0DD012318463037BD461E
:1019300080BD000080B594B000AF78600B467B801E
:1019400007F10C0320220021184606F0ADFC00230D
:10195000FB6427E01A4AFB6C32F813207B8813449F
:101960009AB2FB6CDB0050333B4423F8442C07F164
:101970002C02FB6CDB001A44FB6CDB0050333B4455
:1019800043F8402C07F12C02FB6CDB001A447B6807
:10199000104698470346082B01D000230BE0FB6C50
:1019A0000133FB64FB6C032BD4DD07F10C031846F9
:1019B000FFF714FD034618465037BD4680BD00BFF3
:1019C000E490000880B584B000AF78600023FB602D
:1019D00011E000217868FFF7ADFF034683F00103B3
:1019E000DBB2002B01D000231AE0022001F046F800
:1019F000FB680133FB60FB68092BEAD90023FB601D
:101A00000AE04FF400717868FFF794FF022001F0BC
:101A100035F8FB680133FB60FB68022BF1D9012329
:101A200018461037BD4680BD80B594B000AF7860D1
:101A300007F10C0320220021184606F035FC7B68D4
:101A4000002B01D100233BE00023FB642FE01E4A62
:101A5000FB6C32F8133003F500739AB2FB6CDB00B9
:101A600050333B4423F8442C07F12C02FB6CDB0081
:101A70001A44FB6CDB0050333B4443F8402CFB6CB6
:101A80009B007A681344D3ED007A07F12C02FB6CBB
:101A9000DB0013441846B0EE670A00F0CEFE0346A2
:101AA000082B01D000230BE0FB6C0133FB64FB6CC3
:101AB000032BCCDD07F10C031846FFF78FFC034620
:101AC00018465037BD4680BDE490000880B500AF91
:101AD000FFF7EEFB034683F00103DBB2002B01D0DE
:101AE000002303E00248FFF79FFF0346184680BD2E
:101AF000EC90000880B500AF0248FFF763FF034693
:101B0000184680BDCD27000880B500AF0248FFF71A
:101B100059FF0346184680BDE727000880B500AF8F
:101B20000248FFF74FFF0346184680BD0128000812
:101B300080B487B000AFF860B9607A6000237B6141
:101B40001DE0BA687B6913441B781A46FB68534052
:101B5000FB6000233B610CE0FB685A08FB6803F064
:101B6000010359420B4B0B405340FB603B6901336F
:101B70003B613B69072BEFD97B6901337B617A6954
:101B80007B689A42DDD3FB6818461C37BD4680BC93
:101B9000704700BF2083B8ED80B582B000AF786099
:101BA00039603B689B011A4679684FF0FF30FFF7B8
:101BB000BFFF0346DB4318460837BD4680BD80B5EE
:101BC00086B000AFF860B9607A60BB683B617B6843
:101BD00003F01F03002B01D0002319E000237B61D9
:101BE00011E0FA687B69D1183A697B6913441A4697
:101BF000012001F06DFD0346002B01D0002307E01A
:101C00007B6920337B617A697B689A42E9D301233F
:101C100018461837BD4680BD80B485B000AF87ED4B
:101C2000010AC7ED000A97ED017AD7ED007A67EE59
:101C3000277AC7ED037AD7ED037AF5EEC07AF1EE95
:101C400010FA08DBD7ED037AB6EE007A77EE877AE2
:101C5000FDEEE77A07E0D7ED037AB6EE007A77EE8D
:101C6000C77AFDEEE77A17EE903A18461437BD466C
:101C700080BC704780B400AF044B00221A60044B54
:101C800000221A7000BFBD4680BC7047C0420020D1
:101C9000C442002080B58CB000AF78623962FA612E
:101CA00087ED060AC7ED050A87ED041AC7ED031A8A
:101CB00087ED022AC7ED012A3B60224B1B68FF2BF0
:101CC0003CD83B68002B39D01E4B1B689B011E4A39
:101CD0001344FB62FB6A7A6A1A60FB6A3A6A5A60CA
:101CE000FB6AFA699A60174B1A68FB6ADA60FB6A4A
:101CF000BA691A61FB6A7A695A61FB6A3A699A6140
:101D0000FB6AFA68DA61FB6ABA681A62FB6A7A6887
:101D10005A62FB6A283310223968184606F0F8FA2E
:101D20000A4B1A68FB6A9A63094B1A68FB6ADA6302
:101D3000044B1B680133034A136000E000BF3037D7
:101D4000BD4680BDC0420020C0020020A00200208D
:101D5000A402002090B599B000AF7860396007F117
:101D60006003583B1F335B095C0107F14803002205
:101D70001A605A609A60DA601A61204620231A4677
:101D8000002106F091FA00237B643B4B1B78002B6B
:101D900001D001236CE0394B236001236360384B91
:101DA0001B68A3607B68E3603B6823613223636147
:101DB000334B1B6819463348FFF7EEFE0346A36119
:101DC0000023BB640123FB6407233B6501237B6580
:101DD0002023BB6501F0EAFC0346002B01D0002361
:101DE00046E007F1440207F148031146184601F0A6
:101DF0006DFD0346002B0CBF0123002387F85F30E5
:101E000097F85F30002B0ED01D4B1B68002B0AD0BB
:101E10001B4B1B689B011A461A491B48FFF7CFFE54
:101E2000034687F85F3097F85F30002B07D02022F9
:101E300021461648FFF7C3FE034687F85F3001F0DE
:101E4000D7FCBFF34F8F00BFBFF36F8F00BF104BA6
:101E50000022C3F85022BFF34F8F00BFBFF36F8F34
:101E600000BF00BF044A97F85F30137097F85F30E7
:101E700018466437BD4690BDC44200204C4F4732DF
:101E8000C0420020C002002020000E0800000E0802
:101E900000ED00E0F0B5E1B010AF8D4BC7F8383180
:101EA0008C4BC7F83431D7F838311B688A4A9342D3
:101EB00018D1D7F838315B68012B13D1D7F83831F6
:101EC0009B68B3F5807F0DD8D7F838319B681946E9
:101ED000D7F83401FFF760FE0246D7F838319B6926
:101EE0009A4203D07D48FFF745F9EDE0D7F8383145
:101EF0009C68D7F83831DB68D7F838211269D7F8F1
:101F00003811496907F12C00029101920093234690
:101F1000734A4FF4807106F095F9C7F83001D7F88D
:101F20003031002B04DD07F12C031846FFF722F9AE
:101F30006C48FFF71FF90023C7F83C31B9E0D7F828
:101F40003C319B01D7F834211344C7F82C31D7F822
:101F50002C31DB687B62D7F82C311D68D7F82C3127
:101F60005E68D7F82C319A683A62D7F82C31D3EDF5
:101F7000047ADFED5D0AB0EE670AFFF74DFEF86107
:101F8000D7F82C31D3ED057ADFED570AB0EE670AAA
:101F9000FFF742FEB861D7F82C31D3ED067ADFEDBA
:101FA000520AB0EE670AFFF737FE7861D7F82C3196
:101FB000D3ED077ADFED4C0AB0EE670AFFF72CFE8F
:101FC0003861D7F82C31D3ED087ADFED470AB0EE4F
:101FD000670AFFF721FEF860D7F82C31D3ED097AB4
:101FE000DFED410AB0EE670AFFF716FEB860D7F8DA
:101FF0002C31D3ED0A7ADFED3C0AB0EE670AFFF729
:102000000BFE7860D7F82C31D3ED0B7ADFED360A72
:10201000B0EE670AFFF700FE3860D7F82C31D3ED39
:102020000C7ADFED310AB0EE670AFFF7F5FD0446E2
:10203000D7F82C31D3ED0D7ADFED2B0AB0EE670A1D
:10204000FFF7EAFD0146D7F82C319A6BD7F82C310F
:10205000DB6B07F12C000E930D920C910B943968F9
:102060000A9179680991B9680891F9680791396905
:10207000069179690591B9690491F96903913A6A00
:102080000292019600957B6A184A4FF4807106F01F
:10209000D9F8C7F83001D7F83031002B04DD07F14B
:1020A0002C031846FFF766F8D7F83C310133C7F820
:1020B0003C31D7F838319B68D7F83C219A42FFF47D
:1020C0003EAF0B48FFF756F807F5A277BD46F0BDC7
:1020D00000000E0820000E084C4F47321C8F0008ED
:1020E000288F0008608F000800007A4408900008DC
:1020F0004C90000880B582B000AF0023FB7100F067
:10210000A0FA00F0A4FA00F011F803461A46FB7991
:102110001343FB7100F0C2F803461A46FB791343E0
:10212000FB71FB7918460837BD4680BD80B582B08B
:1021300000AF0023BB710023FB7100F0E7FA8020A1
:1021400000F014FB552000F011FB552000F00EFBB1
:102150000346BB7100F0E6FA962000F093FA00F017
:10216000D5FA802000F002FB552000F0FFFA552040
:1021700000F0FCFA0346BB7100F0D4FA962000F0A0
:1021800081FA00F0C3FAB6217E2000F009FA00F0CF
:10219000C9FA502000F061FA00F0B8FA802000F08F
:1021A000E5FA552000F0E2FA552000F0DFFA034688
:1021B000BB7100F0B7FA962000F064FA00F0A6FABE
:1021C000802000F0D3FA552000F0D0FA552000F01E
:1021D000CDFA0346BB7100F0A5FA962000F052FA42
:1021E000BB791E2B01D0FF2352E00023FB714BE093
:1021F00000F08CFAFA79284913465B0013440B442B
:102200001878FA79244913465B0013440B440133D0
:102210001B78194600F0C4F900F084FA962000F00B
:1022200031FA00F073FAFA791B4913465B00134444
:102230000B441B7863F07F03DBB2184600F096FA7C
:10224000552000F093FA552000F090FA0346BB7138
:1022500000F068FA962000F015FAFA790E49134654
:102260005B0013440B4401331B78BA799A4208D0BF
:10227000FA79094913465B0013440B4402331B7877
:1022800006E0FB790133FB71FB79052BB0D9002304
:1022900018460837BD4680BD0800002080B582B0D2
:1022A00000AF0023FB710023BB7100F047FABB1D98
:1022B0001946002000F088F900F04CFA962000F052
:1022C000E1F900F03BFABB1D1946002000F07CF953
:1022D00000F040FA962000F0D5F900F02FFAB62170
:1022E000142000F05DF900F035FA502000F0B5F947
:1022F00000F024FABB1D1946002000F065F900F03B
:1023000029FA962000F0BEF900F018FABB1D194614
:10231000002000F059F900F01DFA962000F0B2F903
:10232000BB790F2B01D0FF2349E00023FB7142E072
:1023300000F004FAFA79244913465B0013440B4475
:102340001878FA79204913465B0013440B44013393
:102350001B78194600F024F900F0FCF9962000F0F3
:1023600091F900F0EBF9FA79174913465B00134431
:102370000B441B78BA1D1146184600F025F900F0F1
:10238000E9F9962000F07EF9FA790F4913465B00CF
:1023900013440B4401331A78BB799A4208D0FA7976
:1023A000094913465B0013440B4402331B7806E0D3
:1023B000FB790133FB71FB79052BB9D90023184652
:1023C0000837BD4680BD00BF1C00002080B588B026
:1023D00000AFF860B9607A6007F1140300221A6058
:1023E0005A6000F093F9922000F0C0F907F114034D
:1023F00006221946122000F0FFF800F093F97B7DC9
:102400001BB21B021AB23B7D1BB21343FB83B7F90D
:102410001E3007EE903AB8EEE77A5F4BD3ED007AC4
:1024200067EE277ABB68C3ED007AFB7D1BB21B0207
:102430001AB2BB7D1BB21343FB83B7F91E3007EE04
:10244000903AB8EEE77A544BD3ED007ABB68043388
:1024500067EE277AC3ED007A7B7E1BB21B021AB2AD
:102460003B7E1BB21343FB83B7F91E3007EE903A55
:10247000B8EEE77A484BD3ED007ABB68083367EED5
:10248000277AC3ED007A00F059F907F11403082206
:102490001946002000F0B0F800F05CF93B7D0F2BEE
:1024A00043D1FB7D1BB21B021AB2BB7D1BB213438F
:1024B000FB83B7F91E3007EE903AB8EEE77A374B58
:1024C000D3ED007A67EE277AFB68C3ED007A7B7E56
:1024D0001BB21B021AB23B7E1BB21343FB83B7F93C
:1024E0001E3007EE903AB8EEE77A2C4BD3ED007A27
:1024F000FB68043367EE277AC3ED007AFB7E1BB2DC
:102500001B021AB2BB7E1BB21343FB83B7F91E300A
:1025100007EE903AB8EEE77A204BD3ED007AFB68ED
:10252000083367EE277AC3ED007A00F0EFF8A220B7
:1025300000F01CF907F1140302221946222000F0D2
:102540005BF800F0EFF83B7D1BB2DB001AB27B7D3D
:102550005B09DBB21BB21343FB83B7F91E30B3F543
:10256000806F04DBFB8BA3F500639BB2FB83B7F9A1
:102570001E3007EE903AF8EEE77AB4EE007A67EE96
:10258000877AB3EE077A77EE877A7B68C3ED007AB5
:1025900000BF2037BD4680BD0000002004000020A1
:1025A00080B582B000AF03460A46FB711346BB718B
:1025B000FB79184600F0DAF8BB79184600F0D6F837
:1025C00000BF0837BD4680BD80B582B000AF03466E
:1025D0003960FB71FB7963F07F03DBB2184600F0D2
:1025E000C5F8552000F0C2F803461A463B681A7039
:1025F00000BF0837BD4680BD80B582B000AF03463E
:102600003960FB711346BB71FB7963F07F03DBB26A
:10261000184600F0ABF80CE0552000F0A7F8034690
:102620001A463B681A703B6801333B60BB79013B3B
:10263000BB71BB79002BEFD100BF00BF0837BD468F
:1026400080BD80B400AF00BFBD4680BC704780B481
:1026500000AF00BFBD4680BC704780B582B000AF00
:102660000346FB8003E04FF47A7000F00BF8FB8820
:102670005A1EFA80002BF6D100BF00BF0837BD46B6
:1026800080BD000080B489B000AF0346FB8000230A
:102690007B610023FB6100233B610023BB610023BE
:1026A000FB60194B5B68FB60FA8813461B019B1AA1
:1026B0005B017B61144B9B68FB61134B9B683B6127
:1026C0003A69FB699A42F8D03A69FB699A4206D2A4
:1026D000FA693B69D31ABA691344BB6107E0FA6827
:1026E0003B69D21AFB691344BA691344BB613B6965
:1026F000FB61BA697B699A4200D2DEE700BF00BF86
:102700002437BD4680BC704710E000E080B500AFC4
:1027100000220121024801F055FB00BF80BD00BF2F
:102720000008025880B500AF01220121024801F0E3
:1027300049FB00BF80BD00BF0008025880B500AF54
:1027400000220821024801F03DFB00BF80BD00BF10
:102750000008025880B500AF01220821024801F0AC
:1027600031FB00BF80BD00BF0008025880B586B0B5
:1027700002AF0346FB7107F10F02F91D4FF47A73A4
:1027800000930123034804F063F9FB7B18461037DC
:10279000BD4680BD8401002080B582B000AF786066
:1027A0000B46FB707B68002B02D14FF0FF3309E032
:1027B0000722FF21786805F077FD7B680733FA78F8
:1027C0001A70082318460837BD4680BD80B582B010
:1027D00000AF7860FB217868FFF7DEFF03461846FC
:1027E0000837BD4680BD80B582B000AF7860FC215F
:1027F0007868FFF7D1FF034618460837BD4680BD0D
:1028000080B582B000AF7860FD217868FFF7C4FF23
:10281000034618460837BD4680BD80B485B000AF7A
:1028200087ED010A38607B68FB60FA683B681A60D4
:1028300000BF1437BD4680BC704780B582B000AF82
:1028400087ED010A38603B68002B02D14FF0FF335F
:102850000AE008220021386805F026FD386897ED67
:10286000010AFFF7DAFF082318460837BD4680BD86
:1028700080B400AF324BD3F88830314A43F4700350
:10288000C2F888302F4B1B6803F00F03062B07D8C4
:102890002C4B1B6823F00F032A4A43F007031360F5
:1028A000294B1B68284A43F001031360264B002282
:1028B0001A61254B1A682449244B13400B60214BA5
:1028C0001B6803F00803002B07D01E4B1B6823F086
:1028D0000F031C4A43F0070313601B4B00229A614D
:1028E000194B0022DA61184B00221A62164B184A63
:1028F0009A62154B174ADA62134B174A1A63124B46
:1029000000225A63104B144A9A630F4B0022DA6379
:102910000D4B114A1A640C4B00225A640A4B1B6877
:10292000094A23F480231360074B00221A660B4BDD
:1029300043F2D2021A6000BFBD4680BC704700BFA0
:1029400000ED00E000200052004402587FEDF6EA5E
:10295000000202020000FF0180020101004000525B
:1029600080B582B000AF032000F062F902F00CF8ED
:102970000246154B9B691B0A03F00F031349CB5CFE
:1029800003F01F0322FA03F37B600F4B9B6903F0F4
:102990000F030E4AD35C03F01F037A6822FA03F395
:1029A0000B4A13600B4A7B6813600F2000F014F889
:1029B0000346002B01D0012302E0FEF799FE00231D
:1029C00018460837BD4680BD00440258FC900008F8
:1029D000340000203000002080B582B000AF786065
:1029E000154B1B78002B01D1012321E0134B1A68F2
:1029F000114B1B7819464FF47A73B3FBF1F3B2FB1A
:102A0000F3F3184600F039F90346002B01D00123F7
:102A10000EE07B680F2B0AD8002279684FF0FF3058
:102A200000F011F9064A7B681360002300E00123DF
:102A300018460837BD4680BD3C000020300000200D
:102A40003800002080B400AF054B1B781A46054BB8
:102A50001B681344034A136000BFBD4680BC704727
:102A60003C000020C842002080B400AF024B1B682D
:102A70001846BD4680BC7047C842002080B584B06F
:102A800000AF7860FFF7F0FFB8607B68FB60FB6821
:102A9000B3F1FF3F05D00A4B1B781A46FB6813447D
:102AA000FB6000BFFFF7E0FF0246BB68D31AFA687D
:102AB0009A42F7D800BF00BF1037BD4680BD00BFA7
:102AC0003C00002080B485B000AF78607B6803F0E4
:102AD0000703FB600B4BDB68BB60BA684FF6FF0374
:102AE0001340BB60FB681A02BB681A43064B1343D2
:102AF000BB60044ABB68D36000BF1437BD4680BCCE
:102B0000704700BF00ED00E00000FA0580B400AFA0
:102B1000044BDB681B0A03F007031846BD4680BC64
:102B2000704700BF00ED00E080B483B000AF034603
:102B30003960FB80B7F90630002B0ADB3B68DAB25C
:102B40000C49B7F906301201D2B20B4483F80023C6
:102B50000AE03B68DAB20849FB8803F00F03043B44
:102B60001201D2B20B441A7600BF0C37BD4680BCAE
:102B7000704700BF00E100E000ED00E080B489B0E4
:102B800000AFF860B9607A60FB6803F007037B610F
:102B90007B69033B042B04D87B69C3F10703FB610A
:102BA00001E00423FB617B690433062B03D97B69B5
:102BB000033BBB6101E00023BB614FF0FF32FB69C7
:102BC00002FA03F3DA43BB681A40BB699A404FF03C
:102BD000FF31BB6901FA03F3D9437B680B40134310
:102BE00018462437BD4680BC7047000080B582B0CF
:102BF00000AF78607B68013BB3F1807F01D3012394
:102C00000FE00A4A7B68013B53600F214FF0FF3011
:102C1000FFF78AFF054B00229A60044B07221A60D7
:102C2000002318460837BD4680BD00BF10E000E015
:102C300080B582B000AF78607868FFF743FF00BFCF
:102C40000837BD4680BD80B586B000AF0346B96089
:102C50007A60FB81FFF75AFF78617A68B968786912
:102C6000FFF78CFF0246B7F90E3011461846FFF702
:102C70005BFF00BF1837BD4680BD80B582B000AF96
:102C800078607868FFF7B2FF034618460837BD46FC
:102C900080BD000080B598B000AF7860844A07F12D
:102CA0000C0311464C22184605F032FB7B68002BC2
:102CB00001D10123C6E17B681B687E4A934206D19D
:102CC0007B681B6803F580731A467B685A607B68D3
:102CD00093F89830DBB2002B06D17B68002283F892
:102CE00099207868FEF798FC7B681B689A697B6876
:102CF0001B6822F010029A61FFF7B6FEF86514E037
:102D0000FFF7B2FE0246FB6DD31A0A2B0DD97B6882
:102D1000D3F89C3043F001027B68C3F89C207B68A9
:102D2000032283F8982001238CE17B681B689B6950
:102D300003F00803082BE3D07B681B689A697B6863
:102D40001B6842F001029A61FFF78EFEF86514E0FD
:102D5000FFF78AFE0246FB6DD31A0A2B0DD97B685A
:102D6000D3F89C3043F001027B68C3F89C207B6859
:102D7000032283F89820012364E17B681B689B6928
:102D800003F00103002BE3D07B681B689A697B6822
:102D90001B6842F002029A617B681B7C012B08D100
:102DA0007B681B689A697B681B6822F040029A6105
:102DB00007E07B681B689A697B681B6842F04002E9
:102DC0009A617B685B7C012B08D17B681B689A69E0
:102DD0007B681B6842F480429A6107E07B681B684D
:102DE0009A697B681B6822F480429A617B689B7CAD
:102DF000012B08D17B681B689A697B681B6822F4E9
:102E000080529A6107E07B681B689A697B681B683F
:102E100042F480529A617B681B689B6923F440717D
:102E20007B689A687B681B680A439A617B681B68A9
:102E30009A697B681B6822F0A4029A617B681B6810
:102E40001A697B681B6822F010021A617B68DB68D4
:102E5000012B08D17B681B689A697B681B6842F06C
:102E600004029A6130E07B68DB68002B2CD07B6821
:102E7000DB68022B20D07B681B689A697B681B6823
:102E800042F080029A617B681B681A697B681B6844
:102E900042F010021A617B68DB68032B14D17B6857
:102EA0001B689A697B681B6842F020029A610BE0FC
:102EB0005890000800A000407B681B689A697B68F6
:102EC0001B6842F020029A617B689B69013B5A06AD
:102ED0007B68DB69013B1B021A437B681B6A013B71
:102EE00042EA03017B685B69013B1A047B681B684B
:102EF0000A43DA617B689B68B3F5407F15D17B6834
:102F00009B6A5A1E7B68DB6A013B1B021A437B6883
:102F10001B6B013B1B0142EA03017B685B6A013BBF
:102F20001A047B681B680A43DA607B681B6E002BFF
:102F30000AD07B681B68D3F8C0107B685A6E7B6828
:102F40001B680A43C3F8C0207B68DA6D7B681B6E80
:102F50001344002B11D07B681B68D3F8C83023F0D2
:102F600007017B689B6E9B0060333B4453F8542CF5
:102F70007B681B680A43C3F8C8207B681B6C002B66
:102F800011D07B681B68D3F8BC3023F007017B6845
:102F90005B6C9B0060333B4453F8542C7B681B688C
:102FA0000A43C3F8BC207B689B6C002B12D07B6863
:102FB0001B68D3F8BC3023F070017B68DB6C9B008E
:102FC00060333B4453F8543C1A017B681B680A4346
:102FD000C3F8BC207B681B6D002B12D07B681B687C
:102FE000D3F8BC3023F4E0617B685B6D9B006033F9
:102FF0003B4453F8543C1A027B681B680A43C3F8ED
:10300000BC207B681B68114A934207D17B685B68D0
:103010009A687B685B6822F003029A607B680022F2
:10302000C3F894207B680022C3F89C207B680122AF
:1030300083F89820786800F049F9034687F85B30F8
:1030400097F85B3018466037BD4680BD00A0004051
:1030500080B485B000AFF860B9607A603B60FB680F
:1030600093F89830DBB2012B10D1BB681A017B6852
:103070009B001A433B685B0042EA0301FB681B6844
:10308000BA690A43C3F88020002308E0FB68D3F83C
:103090009C3043F00402FB68C3F89C2001231846CF
:1030A0001437BD4680BC704780B483B000AF7860F1
:1030B0007B6893F89830DBB2012B11D17B68022238
:1030C00083F898207B681B689A697B681B6822F0EC
:1030D00001029A617B680022C3F89C20002308E06B
:1030E0007B68D3F89C3043F004027B68C3F89C20D3
:1030F000012318460C37BD4680BC704780B586B0AA
:1031000000AFF860B9607A60FB6893F89830DBB282
:10311000022B41D1FB681B68D3F8C03003F07C530D
:10312000002B09D1FB68D3F89C3043F02002FB68E8
:10313000C3F89C20012338E0FB681B68D3F8C43037
:1031400003F40013002B09D0FB68D3F89C3043F440
:103150000072FB68C3F89C20012326E0FB681B6813
:10316000D3F8C4301B0C03F01F037B617B697A68C2
:10317000B968F86800F02EFAFB681B6801217A69CB
:1031800001FA02F2C3F8D02001227B699A40FB6861
:10319000C3F89420002308E0FB68D3F89C3043F088
:1031A0000802FB68C3F89C20012318461837BD4667
:1031B00080BD80B483B000AF78607B68D3F8943072
:1031C00018460C37BD4680BC704780B483B000AF52
:1031D000786039607B6893F89830DBB2022B06D1B7
:1031E0007B681B683A68C3F8D420002308E07B683A
:1031F000D3F89C3043F008027B68C3F89C2001237D
:1032000018460C37BD4680BC704780B485B000AF0F
:10321000786039607B681B685B6CFB60FB6803F05F
:1032200007023B681A60FB681B0A03F007023B6851
:103230005A60FB6803F018023B689A60FB685B0900
:1032400003F001023B68DA60FB689B0903F00102AE
:103250003B681A61FB68DB0903F001023B685A61B5
:10326000FB68DB0A03F001023B689A61FB681B0BF9
:1032700003F001023B68DA61FB685B0B03F00102BB
:103280003B681A62FB689B0B03F001023B685A62C1
:10329000FB681B0C03F07F023B689A620023184610
:1032A0001437BD4680BC704780B485B000AF7860ED
:1032B0007B681B68D3F8C43003F03F03FB60FB68F6
:1032C00018461437BD4680BC7047000080B485B0F6
:1032D00000AF78607B685B6BBB607B681B68D3F872
:1032E0008420A74B1340BA6891007A6812680B4398
:1032F000C2F884307B681B68D3F8843023F47F01E4
:103300007B689B6B1A047B681B680A43C3F88420A4
:103310007B689B6BBA681344BB607B681B68D3F8FF
:103320008820974B1340BA6891007A6812680B4363
:10333000C2F888307B681B68D3F8883023F4FE011C
:103340007B68DB6B1A047B681B680A43C3F8882020
:103350007B68DB6B5B00BA681344BB607B681B68EF
:10336000D3F8A020864B1340BA6891007A6812689F
:103370000B43C2F8A0307B681B68D3F8A03023F45D
:10338000FE017B681B6C1A047B681B680A43C3F848
:10339000A0207B681B6C7A68526C02FB03F3BA684E
:1033A0001344BB607B681B68D3F8B020744B134098
:1033B000BA6891007A6812680B43C2F8B0307B6833
:1033C0001B68D3F8B03023F4FE017B689B6C1A04B1
:1033D0007B681B680A43C3F8B0207B689B6C7A68E3
:1033E000D26C02FB03F3BA681344BB607B681B68B2
:1033F000D3F8AC20624B1340BA6891007A68126827
:103400000B43C2F8AC307B681B6D7A68526D02FBCF
:1034100003F3BA681344BB607B681B68D3F8F020E1
:10342000574B1340BA6891007A6812680B43C2F890
:10343000F0307B681B68D3F8F03023F47C117B6894
:103440009B6D1A047B681B680A43C3F8F0207B68F5
:103450009B6D5B00BA681344BB607B681B68D3F844
:10346000C020474B1340BA6891007A6812680B433A
:10347000C2F8C0307B681B68D3F8C03023F47C11DD
:103480007B68DB6D1A047B681B680A43C3F8C020A5
:103490007B681B68D3F8C03023F07C517B681B6EBF
:1034A0001A067B681B680A43C3F8C0207B685A6B06
:1034B000344B13449A007B68DA667B68DA6E7B686B
:1034C0009B6B9B001A447B681A677B681A6F7B684A
:1034D000DB6BDB001A447B685A677B685A6F7B683A
:1034E0001B6C7968496C01FB03F39B001A447B68F1
:1034F0009A677B689A6F7B689B6C7968C96C01FBE3
:1035000003F39B001A447B68DA677B68DA6F7B6899
:103510001B6D7968496D01FB03F39B001A447B68BE
:10352000C3F880207B68D3F880207B689B6DDB002C
:103530001A447B68C3F884207B68D3F884207B68B6
:10354000DB6D7968896E01FB03F39B001A447B688D
:10355000C3F888207B68D3F888207B681B6E796865
:10356000896E01FB03F39B001A447B68C3F890202B
:103570007B68D3F89030044A934215D906E000BF27
:103580000300FFFF002B0010FCD300407B68D3F842
:103590009C3043F020027B68C3F89C207B680322A8
:1035A00083F89820012310E07B68DB6EFB6005E068
:1035B000FB6800221A60FB680433FB607B68D3F869
:1035C0009030FA689A42F3D3002318461437BD4668
:1035D00080BC704780B489B000AFF860B9607A6091
:1035E0003B60BB685B68002B0AD1BB681A69BB688B
:1035F0009B681A43BB681B689B041343FB610AE08A
:10360000BB681A69BB689B681A43BB681B68134395
:1036100043F08043FB61BB681B6A1A06BB68DB6929
:103620001A43BB689B691A43BB685B691A43BB6852
:10363000DB6813433B61FB68D3F88420FB689B6E17
:10364000396801FB03F39B001344BB61BB69FA6952
:103650001A60BB690433BB61BB693A691A60BB6914
:103660000433BB6100237B6120E07B6903337A680C
:1036700013441B781A067B69023379680B441B7864
:103680001B041A437B69013379680B441B781B02C6
:10369000134379687A690A4412781A43BB691A603D
:1036A000BB690433BB617B6904337B61BB68DB6846
:1036B0001B0C064AD35C1A467B699342D5D300BFE4
:1036C00000BF2437BD4680BC704700BF0C91000886
:1036D00080B58AB000AFF860B9607A60BB683B62C1
:1036E0007B68FB610823FB762E4B1B7D012B01D1F0
:1036F000022353E02B4B01221A75BB68B3F1006F14
:1037000015D3BB68B3F1016F11D201237B61254B47
:1037100000229A6179694CF2503000F081F803463A
:1037200087F8273097F82730002B02D031E00123AB
:1037300034E01D4BDB681C4A43F00203D360BFF347
:103740006F8F00BFBFF34F8F00BFFB691A683B6AE2
:103750001A603B6A04333B62FB690433FB61FB7E06
:10376000013BFB76FB7E002BEFD1BFF36F8F00BFD9
:10377000BFF34F8F00BF79694CF2503000F050F822
:10378000034687F82730084BDB68074A23F002031B
:10379000D360044B00221A7597F827301846283753
:1037A000BD4680BDCC4200200020005280B400AF56
:1037B0000C4BDB6803F00103002B0DD0094B0A4AC8
:1037C0005A60084B094A5A60064BDB6803F0010354
:1037D000002B01D0012300E000231846BD4680BC29
:1037E000704700BF0020005223016745AB89EFCD31
:1037F00080B400AF094BDB68084A43F00103D36093
:10380000064BDB6803F00103002B01D1012300E02C
:1038100000231846BD4680BC704700BF0020005200
:1038200080B586B000AF7860396004233B61002327
:103830007B61FFF719F9F86010E07B68B3F1FF3F97
:103840000CD0FFF711F90246FB68D31A7A689A4246
:1038500002D37B68002B01D103232DE0184B1A699A
:103860003B6913403A699A42E7D03B68012B04D187
:10387000134B1A69134B13407B617B6923F00043A0
:10388000002B0AD0104B9A697B6913430E4A93614F
:103890000B4A7B69536101230EE03B68012B0AD17F
:1038A000074B1B6903F48033B3F5803F03D1044B0E
:1038B0004FF480325A61002318461837BD4680BD48
:1038C000002000520000EE17CC42002080B584B0EA
:1038D00000AF786039600023FB733F4B1B7D012BE9
:1038E00001D1022374E03C4B01221A753A4B0022AD
:1038F0009A617B685B6803F00103002B09D001210A
:103900004CF25030FFF78CFF0346002B01D001230F
:10391000FB73FB7B002B57D17B681B68012B1ED1EF
:103920007B681A697B685B681946104600F05AF894
:103930007B685B6803F00103002B45D001214CF24A
:103940005030FFF76DFF0346002B01D00123FB73BE
:10395000224BDB68214A23F00803D36034E03B6844
:103960004FF0FF321A607B689B68BB6024E07B6885
:1039700059687B681B691A46B86800F057F87B687D
:103980005B6803F00103002B0CD001214CF2503096
:10399000FFF746FF0346FB73104BDA680F49104BE5
:1039A0001340CB60FB7B002B03D03B68BA681A60E6
:1039B0000AE0BB680133BB607B68DA687B689B68A0
:1039C0001344BA689A42D2D3034B00221A75FB7B88
:1039D00018461037BD4680BDCC4200200020005262
:1039E000FBF8FFFF80B483B000AF786039603B68BC
:1039F00003F00103002B11D00B4BDB680A4A23F0C4
:103A00003003D360084BDA6807497B681343CB6007
:103A1000054BDB68044A43F08803D36000BF0C37D2
:103A2000BD4680BC704700BF0020005280B485B006
:103A300000AFF860B9607A60BB6803F00103002B47
:103A400010D00B4BDB680A4A23F4E663D360084BC3
:103A5000DA68FB6819027B680B431343044A43F09E
:103A60008403D36000BF1437BD4680BC704700BFDD
:103A70000020005280B489B000AF78603960002324
:103A8000FB61864B7B618CE13B681A680121FB6915
:103A900001FA03F313403B613B69002B00F07E8188
:103AA0003B685B6803F00303012B05D03B685B6850
:103AB00003F00303022B30D17B689B68BB61FB6979
:103AC0005B00032202FA03F3DB43BA691340BB61D4
:103AD0003B68DA68FB695B0002FA03F3BA691343D7
:103AE000BB617B68BA699A607B685B68BB610122D5
:103AF000FB6902FA03F3DB43BA691340BB613B681D
:103B00005B681B0903F00102FB6902FA03F3BA695F
:103B10001343BB617B68BA695A603B685B6803F01A
:103B20000303032B17D07B68DB68BB61FB695B0079
:103B3000032202FA03F3DB43BA691340BB613B681B
:103B40009A68FB695B0002FA03F3BA691343BB612D
:103B50007B68BA69DA603B685B6803F00303022B99
:103B600023D1FB69DA087B68083253F82230BB6145
:103B7000FB6903F007039B000F2202FA03F3DB4308
:103B8000BA691340BB613B681A69FB6903F007031C
:103B90009B0002FA03F3BA691343BB61FB69DA08BD
:103BA0007B680832B96943F822107B681B68BB61E7
:103BB000FB695B00032202FA03F3DB43BA6913409B
:103BC000BB613B685B6803F00302FB695B0002FAC0
:103BD00003F3BA691343BB617B68BA691A603B6837
:103BE0005B6803F44033002B00F0D8802C4BD3F8F3
:103BF000F4302B4A43F00203C2F8F430284BD3F8D8
:103C0000F43003F00203FB60FB68264AFB699B0863
:103C1000023352F82330BB61FB6903F003039B00BE
:103C20000F2202FA03F3DB43BA691340BB617B68DE
:103C30001D4A93424AD07B681C4A93422BD07B6832
:103C40001B4A934225D07B681A4A93421FD07B6857
:103C5000194A934219D07B68184A934213D07B6863
:103C6000174A93420DD07B68164A934207D07B686F
:103C7000154A934201D1092329E00A2327E00723AB
:103C800025E0062323E0052321E004231FE003238E
:103C90001DE002231BE0012319E000BF8000005853
:103CA0000044025800040058000002580004025862
:103CB00000080258000C0258001002580014025864
:103CC00000180258001C0258002402580023FA6908
:103CD00002F0030292009340BA691343BB61384972
:103CE000FB699B080233BA6941F823204FF0B043C7
:103CF0001B68BB613B69DB43BA691340BB613B682E
:103D00005B6803F48013002B03D0BA693B6913434B
:103D1000BB614FF0B042BB6913604FF0B0435B68CA
:103D2000BB613B69DB43BA691340BB613B685B68BD
:103D300003F40013002B03D0BA693B691343BB6142
:103D40004FF0B042BB6953607B695B68BB613B6904
:103D5000DB43BA691340BB613B685B6803F4003323
:103D6000002B03D0BA693B691343BB617B69BA6915
:103D70005A607B691B68BB613B69DB43BA691340CE
:103D8000BB613B685B6803F48033002B03D0BA69E6
:103D90003B691343BB617B69BA691A60FB690133F4
:103DA000FB613B681A68FB6922FA03F3002B7FF47E
:103DB0006BAE00BF00BF2437BD4680BC704700BF5C
:103DC0000004005880B483B000AF78600B467B805D
:103DD00013467B707B78002B03D07A887B689A61CE
:103DE00003E07B881A047B689A6100BF0C37BD46EC
:103DF00080BC704780B584B000AF7860194BDB6839
:103E000003F00403042B0AD0164BDB6803F007030E
:103E10007A689A4201D001231FE000231DE0114B74
:103E2000DB6823F007020F497B681343CB60FEF782
:103E30001BFEF86009E0FEF717FE0246FB68D31A86
:103E4000B3F57A7F01D9012307E0064B5B6803F4E1
:103E50000053B3F5005FEED1002318461037BD467E
:103E600080BD00BF0048025880B58CB000AF7860BC
:103E70007B68002B01D10123C8E37B681B6803F03A
:103E80000103002B00F08780884B1B6903F0380387
:103E9000FB62864B9B6ABB62FB6A102B07D0FB6AF6
:103EA000182B10D1BB6A03F00303022B0BD17F4BFD
:103EB0001B6803F40033002B6CD07B685B68002B1D
:103EC00068D10123A2E37B685B68B3F5803F06D12C
:103ED000764B1B68754A43F4803313602EE07B6891
:103EE0005B68002B0CD1714B1B68704A23F4803344
:103EF00013606E4B1B686D4A23F4802313601DE032
:103F00007B685B68B3F5A02F0CD1684B1B68674AD0
:103F100043F480231360654B1B68644A43F4803389
:103F200013600BE0614B1B68604A23F4803313601D
:103F30005E4B1B685D4A23F4802313607B685B68DB
:103F4000002B13D0FEF790FD786208E0FEF78CFDA1
:103F500002467B6AD31A642B01D9032356E3534BE1
:103F60001B6803F40033002BF0D014E0FEF77CFD57
:103F7000786208E0FEF778FD02467B6AD31A642B6C
:103F800001D9032342E3494B1B6803F40033002BA0
:103F9000F0D100E000BF7B681B6803F00203002B38
:103FA00000F08C80414B1B6903F038033B623F4BB0
:103FB0009B6AFB613B6A002B07D03B6A182B37D109
:103FC000FB6903F00303002B32D1384B1B6803F06D
:103FD0000403002B05D07B68DB68002B01D1012393
:103FE00014E3324B1B6823F019027B68DB682F490E
:103FF00013430B60FEF738FD786208E0FEF734FDEE
:1040000002467B6AD31A022B01D90323FEE2274B17
:104010001B6803F00403002BF0D0244B5B6823F0F3
:10402000FE427B681B691B06204913434B6045E039
:104030007B68DB68002B26D01C4B1B6823F0190221
:104040007B68DB68194913430B60FEF70DFD78624E
:1040500008E0FEF709FD02467B6AD31A022B01D95C
:104060000323D3E2114B1B6803F00403002BF0D0B1
:104070000E4B5B6823F0FE427B681B691B060B49F5
:1040800013434B601AE0094B1B68084A23F00103F5
:104090001360FEF7E9FC78620AE0FEF7E5FC0246F1
:1040A0007B6AD31A022B03D90323AFE200440258E0
:1040B000964B1B6803F00403002BEED17B681B6852
:1040C00003F01003002B6AD0904B1B6903F03803F8
:1040D000BB618E4B9B6A7B61BB69082B07D0BB69B8
:1040E000182B1BD17B6903F00303012B16D1874BDF
:1040F0001B6803F48073002B05D07B68DB69802B81
:1041000001D0012382E2814BDB6823F07C527B6883
:104110001B6A1B067D491343CB6040E07B68DB696B
:10412000002B23D0794B1B68784A43F0800313603F
:10413000FEF79AFC786208E0FEF796FC02467B6A7E
:10414000D31A022B01D9032360E2704B1B6803F4DE
:104150008073002BF0D06D4BDB6823F07C527B68C2
:104160001B6A1B0669491343CB6018E0674B1B6849
:10417000664A23F080031360FEF776FC786208E05D
:10418000FEF772FC02467B6AD31A022B01D9032385
:104190003CE25E4B1B6803F48073002BF0D17B681C
:1041A0001B6803F00803002B36D07B685B69002B8B
:1041B00019D0564B5B6F554A43F001035367FEF726
:1041C00053FC786208E0FEF74FFC02467B6AD31A84
:1041D000022B01D9032319E24C4B5B6F03F002035E
:1041E000002BF0D018E0494B5B6F484A23F00103E5
:1041F0005367FEF739FC786208E0FEF735FC0246AB
:104200007B6AD31A022B01D90323FFE13F4B5B6F7B
:1042100003F00203002BF0D17B681B6803F020033E
:10422000002B36D07B689B69002B19D0374B1B685D
:10423000364A43F480531360FEF716FC786208E0B8
:10424000FEF712FC02467B6AD31A022B01D9032324
:10425000DCE12E4B1B6803F40053002BF0D018E078
:104260002A4B1B68294A23F480531360FEF7FCFB9A
:10427000786208E0FEF7F8FB02467B6AD31A022B4D
:1042800001D90323C2E1214B1B6803F40053002B27
:10429000F0D17B681B6803F00403002B00F08680DC
:1042A0001B4B1B681A4A43F480731360FEF7DCFB58
:1042B000786208E0FEF7D8FB02467B6AD31A642BCB
:1042C00001D90323A2E1124B1B6803F48073002B76
:1042D000F0D07B689B68012B06D10C4B1B6F0B4AFF
:1042E00043F00103136732E07B689B68002B11D118
:1042F000064B1B6F054A23F001031367034B1B6F2B
:10430000024A23F00403136721E000BF004402586F
:10431000004802587B689B68052B0CD1834B1B6FB0
:10432000824A43F004031367804B1B6F7F4A43F0BC
:10433000010313670BE07D4B1B6F7C4A23F00103E5
:1043400013677A4B1B6F794A23F0040313677B686A
:104350009B68002B15D0FEF787FB78620AE0FEF71A
:1043600083FB02467B6AD31A41F28832934201D919
:1043700003234BE16D4B1B6F03F00203002BEED0C8
:1043800014E0FEF771FB78620AE0FEF76DFB02466F
:104390007B6AD31A41F28832934201D9032335E173
:1043A000624B1B6F03F00203002BEED17B685B6A4C
:1043B000002B00F02A815D4B1B6903F03803182B9A
:1043C00000F0BA807B685B6A022B40F09580574B07
:1043D0001B68564A23F080731360FEF745FB786232
:1043E00008E0FEF741FB02467B6AD31A022B01D993
:1043F00003230BE14D4B1B6803F00073002BF0D13E
:104400004A4B9A6A4A4B13407A68916A7A68D26A30
:1044100012010A43454913438B627B681B6B013BC6
:10442000C3F308027B685B6B013B5B029BB21A43E0
:104430007B689B6B013B1B0403F4FE031A437B6800
:10444000DB6B013B1B0603F0FE43384913430B6350
:10445000364BDB6A354A23F00103D362334B5A6B88
:10446000344B13407A68926CD200304913434B634B
:104470002E4BDB6A23F00C027B681B6C2B49134329
:10448000CB622A4BDB6A23F002027B685B6C274914
:104490001343CB62254BDB6A244A43F48033D36257
:1044A000224BDB6A214A43F40033D3621F4BDB6AA1
:1044B0001E4A43F48023D3621C4BDB6A1B4A43F041
:1044C0000103D362194B1B68184A43F080731360D1
:1044D000FEF7CAFA786208E0FEF7C6FA02467B6A7F
:1044E000D31A022B01D9032390E0104B1B6803F071
:1044F0000073002BF0D088E00C4B1B680B4A23F0B4
:1045000080731360FEF7B0FA786208E0FEF7ACFA49
:1045100002467B6AD31A022B01D9032376E0034BB0
:104520001B6803F00073002BF0D16EE000440258CA
:104530000CFCFFFF0700FFFF364B9B6A3B61354BCE
:104540001B6BFB607B685B6A012B31D03B6903F01E
:1045500003027B689B6A9A422AD13B691B0903F0DC
:104560003F027B68DB6A9A4222D1FB68C3F30802F0
:104570007B681B6B013B9A421AD1FB685B0A03F014
:104580007F027B685B6B013B9A4211D1FB681B0C7D
:1045900003F07F027B689B6B013B9A4208D1FB686A
:1045A0001B0E03F07F027B68DB6B013B9A4201D05C
:1045B00001232BE0174B5B6BDB08C3F30C033B6160
:1045C0007B689B6C3A699A421FD0124BDB6A114A96
:1045D00023F00103D362FEF747FA786200BFFEF7CB
:1045E00043FA02467B6A9342F9D00A4B5A6B0A4B54
:1045F00013407A68926CD200064913434B63054B13
:10460000DB6A044A43F00103D362002318463037C3
:10461000BD4680BD004402580700FFFF80B586B04C
:1046200000AF786039607B68002B01D101239CE1E9
:104630008A4B1B6803F00F033A689A4210D9874BE4
:104640001B6823F00F0285493B6813430B60834BC3
:104650001B6803F00F033A689A4201D0012384E1FA
:104660007B681B6803F00403002B10D07B681A6979
:104670007B4B9B6903F070039A4208D9784B9B6986
:1046800023F070027B681B69754913438B617B685B
:104690001B6803F00803002B10D07B685A69704B2D
:1046A000DB6903F070039A4208D96D4BDB6923F094
:1046B00070027B685B696A491343CB617B681B6846
:1046C00003F01003002B10D07B689A69644BDB6900
:1046D00003F4E0639A4208D9614BDB6923F4E0629A
:1046E0007B689B695E491343CB617B681B6803F061
:1046F0002003002B10D07B68DA69594B1B6A03F04A
:1047000070039A4208D9564B1B6A23F070027B68EB
:10471000DB69534913430B627B681B6803F0020398
:10472000002B10D07B68DA684D4B9B6903F00F03B8
:104730009A4208D94A4B9B6923F00F027B68DB68D9
:10474000474913438B617B681B6803F00103002B0F
:1047500055D0434B9B6923F470627B689B6840494A
:1047600013438B617B685B68022B07D13C4B1B6852
:1047700003F40033002B21D10123F6E07B685B6852
:10478000032B07D1364B1B6803F00073002B15D1A8
:104790000123EAE07B685B68012B07D1304B1B6883
:1047A00003F48073002B09D10123DEE02C4B1B683E
:1047B00003F00403002B01D10123D6E0284B1B6931
:1047C00023F007027B685B68254913430B61FEF702
:1047D0004BF978610AE0FEF747F902467B69D31A84
:1047E00041F28832934201D90323BEE01C4B1B697E
:1047F00003F038027B685B68DB009A42EBD17B6890
:104800001B6803F00203002B10D07B68DA68144B9E
:104810009B6903F00F039A4208D2114B9B6923F066
:104820000F027B68DB680E4913438B610B4B1B68DF
:1048300003F00F033A689A4214D2084B1B6823F026
:104840000F0206493B6813430B60044B1B6803F0DF
:104850000F033A689A4205D0012386E000200052F7
:10486000004402587B681B6803F00403002B10D03F
:104870007B681A693F4B9B6903F070039A4208D228
:104880003C4B9B6923F070027B681B6939491343D9
:104890008B617B681B6803F00803002B10D07B68DA
:1048A0005A69344BDB6903F070039A4208D2314BEA
:1048B000DB6923F070027B685B692E491343CB618F
:1048C0007B681B6803F01003002B10D07B689A698B
:1048D000284BDB6903F4E0639A4208D2254BDB697D
:1048E00023F4E0627B689B6922491343CB617B68B8
:1048F0001B6803F02003002B10D07B68DA691D4B86
:104900001B6A03F070039A4208D21A4B1B6A23F009
:1049100070027B68DB69174913430B6200F034F8BF
:104920000246144B9B691B0A03F00F031249CB5C30
:1049300003F01F0322FA03F33B610E4B9B6903F064
:104940000F030D4AD35C03F01F033A6922FA03F305
:104950000A4A13600A4A3B6913600A4B1B681846EF
:10496000FEF73AF80346FB73FB7B18461837BD4643
:1049700080BD00BF00440258FC90000834000020B5
:10498000300000203800002080B489B000AF9D4B7B
:104990001B6903F03803182B25D0182B00F229814E
:1049A000102B1DD0102B00F22481002B02D0082BDD
:1049B00013D01EE1934B1B6803F02003002B09D09A
:1049C000904B1B68DB0803F003038F4A22FA03F3C2
:1049D000BB6111E18C4BBB610EE18C4BBB610BE108
:1049E0008B4BBB6108E1874B9B6A03F003037B6140
:1049F000844B9B6A1B0903F03F033B61814BDB6ADD
:104A000003F00103FB607F4B5B6BDB08C3F30C031C
:104A1000FA6802FB03F307EE903AF8EE677AC7ED07
:104A2000027A3B69002B00F0E1807B69022B00F0E9
:104A300083807B69022B00F2A1807B69002B03D06D
:104A40007B69012B56D099E06E4B1B6803F0200365
:104A5000002B2DD06B4B1B68DB0803F003036A4A65
:104A600022FA03F37B607B6807EE903AF8EE676A00
:104A70003B6907EE903AF8EE677A86EEA77A614BCB
:104A80001B6BC3F3080307EE903AF8EE676A97EDE5
:104A9000026ADFED605AC6EE257A76EEA77AF7EE67
:104AA000006A77EEA67A67EE277AC7ED077A87E085
:104AB0003B6907EE903AF8EE677ADFED576A86EECB
:104AC000A77A504B1B6BC3F3080307EE903AF8EE3E
:104AD000676A97ED026ADFED4F5AC6EE257A76EEE9
:104AE000A77AF7EE006A77EEA67A67EE277AC7ED27
:104AF000077A65E03B6907EE903AF8EE677ADFEDFA
:104B0000476A86EEA77A3F4B1B6BC3F3080307EE99
:104B1000903AF8EE676A97ED026ADFED3E5AC6EE0C
:104B2000257A76EEA77AF7EE006A77EEA67A67EE38
:104B3000277AC7ED077A43E03B6907EE903AF8EE33
:104B4000677ADFED376A86EEA77A2E4B1B6BC3F3CD
:104B5000080307EE903AF8EE676A97ED026ADFED18
:104B60002D5AC6EE257A76EEA77AF7EE006A77EE32
:104B7000A67A67EE277AC7ED077A21E03B6907EE50
:104B8000903AF8EE677ADFED256A86EEA77A1D4B3C
:104B90001B6BC3F3080307EE903AF8EE676A97EDD4
:104BA000026ADFED1C5AC6EE257A76EEA77AF7EE9A
:104BB000006A77EEA67A67EE277AC7ED077A00BF1C
:104BC000104B1B6B5B0A03F07F0301333B603B68B8
:104BD00007EE903AB8EE677AD7ED076AC6EE877AA5
:104BE000FCEEE77A17EE903ABB6105E00023BB616B
:104BF00002E0064BBB6100BFBB6918462437BD46C7
:104C000080BC7047004402580090D00300093D006A
:104C100000366E01000000460024744C0024744AE3
:104C2000001BB74B80B582B000AFFFF7ADFE024668
:104C3000104B9B691B0A03F00F030F49CB5C03F079
:104C40001F0322FA03F37B600A4B9B6903F00F03F7
:104C5000094AD35C03F01F037A6822FA03F3074A78
:104C60001360074A7B681360044B1B6818460837BB
:104C7000BD4680BD00440258FC900008340000206E
:104C80003000002080B500AFFFF7CCFF0246064B96
:104C9000DB691B0903F007030449CB5C03F01F0326
:104CA00022FA03F3184680BD00440258FC90000825
:104CB00080B500AFFFF7B6FF0246064BDB691B0A63
:104CC00003F007030449CB5C03F01F0322FA03F34C
:104CD000184680BD00440258FC9000082DE9B04FF2
:104CE000C6B000AFC7F80401002387F817310023CE
:104CF00087F81631D7F80431D3E9002302F00064B5
:104D0000002554EA050349D0D7F804315B6EB3F5AA
:104D1000401F2FD0B3F5401F28D8B3F5001F1AD07D
:104D2000B3F5001F22D8002B03D0B3F5801F07D0A6
:104D30001CE0AD4BDB6AAC4A43F40033D3621AE0AB
:104D4000D7F8043108330221184601F0F9FB034675
:104D500087F817310FE0D7F80431283302211846BD
:104D600001F0A0FC034687F8173104E0012387F81F
:104D7000173100E000BF97F81731002B0AD19A4B8A
:104D80001B6D23F44011D7F804315B6E964A0B4338
:104D9000136503E097F8173187F81631D7F8043117
:104DA000D3E9002302F480784FF0000958EA0903A0
:104DB0004AD0D7F804319B6D042B2FD0042B29D86F
:104DC000032B2DD0032B25D8022B18D0022B21D852
:104DD000002B02D0012B07D01CE0834BDB6A824AF8
:104DE00043F40033D3621CE0D7F8043108330021C8
:104DF000184601F0A5FB034687F8173111E0D7F8F4
:104E0000043128330021184601F04CFC034687F892
:104E1000173106E0012387F8173102E000BF00E0F8
:104E200000BF97F81731002B0AD16F4B1B6D23F091
:104E30000701D7F804319B6D6B4A0B43136503E000
:104E400097F8173187F81631D7F80431D3E90023E2
:104E500002F4806A4FF0000B5AEA0B035BD0D7F8DC
:104E60000431D3F8A430B3F5200F3BD0B3F5200FB5
:104E700034D8B3F5000F37D0B3F5000F2ED8B3F503
:104E8000C00F33D0B3F5C00F28D8B3F5800F1AD0B8
:104E9000B3F5800F22D8002B03D0B3F5001F07D045
:104EA0001CE0514BDB6A504A43F40033D3621EE0EE
:104EB000D7F8043108330021184601F041FB0346BE
:104EC00087F8173113E0D7F804312833002118464A
:104ED00001F0E8FB034687F8173108E0012387F863
:104EE000173104E000BF02E000BF00E000BF97F808
:104EF0001731002B0BD13C4B9B6D23F46001D7F88D
:104F00000431D3F8A430384A0B43936503E097F893
:104F1000173187F81631D7F80431D3E9002302F4AA
:104F20000063C7F8F8300023C7F8FC30D7E93E1219
:104F30000B4613435ED0D7F80431D3F8A830B3F151
:104F4000A06F3BD0B3F1A06F34D8B3F1806F37D0EE
:104F5000B3F1806F2ED8B3F1407F33D0B3F1407FEF
:104F600028D8B3F1007F1AD0B3F1007F22D8002BEC
:104F700003D0B3F1807F07D01CE01B4BDB6A1A4AD9
:104F800043F40033D3621EE0D7F804310833002124
:104F9000184601F0D5FA034687F8173113E0D7F821
:104FA000043128330021184601F07CFB034687F8C2
:104FB000173108E0012387F8173104E000BF02E051
:104FC00000BF00E000BF97F81731002B0ED1064B51
:104FD0009B6D23F0E061D7F80431D3F8A830024A82
:104FE0000B43936506E000BF0044025897F8173161
:104FF00087F81631D7F80431D3E9002302F00073A3
:10500000C7F8F0300023C7F8F430D7E93C120B465C
:1050100013433AD0D7F80431DB6C302B1FD0302B40
:1050200019D8202B0CD0202B15D8002B19D0102BE1
:1050300011D1AA4BDB6AA94A43F40033D36211E0D1
:10504000D7F8043108330221184601F079FA0346F3
:1050500087F8173106E0012387F8173102E000BF17
:1050600000E000BF97F81731002B0AD19B4BDB6C97
:1050700023F03001D7F80431DB6C984A0B43D3643A
:1050800003E097F8173187F81631D7F80431D3E9E0
:10509000002302F48053C7F8E8300023C7F8EC304F
:1050A000D7E93A120B46134351D0D7F80431DB6DE0
:1050B000B3F5804F35D0B3F5804F2ED8B3F5405FB0
:1050C00031D0B3F5405F28D8B3F5005F1AD0B3F5FF
:1050D000005F22D8002B03D0B3F5805F07D01CE01F
:1050E0007E4BDB6A7D4A43F40033D3621CE0D7F881
:1050F000043108330021184601F022FA034687F8EC
:10510000173111E0D7F8043128330021184601F097
:10511000C9FA034687F8173106E0012387F81731EB
:1051200002E000BF00E000BF97F81731002B0AD162
:105130006A4B1B6D23F4E041D7F80431DB6D674AFD
:105140000B43136503E097F8173187F81631D7F84A
:105150000431D3E9002302F40053C7F8E030002300
:10516000C7F8E430D7E938120B46134353D0D7F8C9
:1051700004311B6EB3F5A02F33D0B3F5A02F2CD87C
:10518000B3F5802F2FD0B3F5802F26D8B3F5403F4D
:105190002BD0B3F5403F20D8B3F5003F12D0B3F584
:1051A000003F1AD8002B22D0B3F5803F15D1D7F895
:1051B000043108330121184601F0C2F9034687F88B
:1051C000173115E0D7F8043128330121184601F0D2
:1051D00069FA034687F817310AE0012387F8173187
:1051E00006E000BF04E000BF02E000BF00E000BF37
:1051F00097F81731002B0AD1384B1B6D23F4E021AF
:10520000D7F804311B6E354A0B43136503E097F85A
:10521000173187F81631D7F80431D3E9002302F4A7
:105220008043C7F8D8300023C7F8DC30D7E93612FE
:105230000B46134358D0D7F80431D3F8AC30B3F150
:10524000A04F33D0B3F1A04F2CD8B3F1804F2FD063
:10525000B3F1804F26D8B3F1405F2BD0B3F1405F5C
:1052600020D8B3F1005F12D0B3F1005F1AD8002B41
:1052700022D0B3F1805F15D1D7F804310833012172
:10528000184601F05DF9034687F8173115E0D7F8A5
:10529000043128330121184601F004FA034687F847
:1052A00017310AE0012387F8173106E000BF04E058
:1052B00000BF02E000BF00E000BF97F81731002BED
:1052C0000ED1064B9B6D23F0E041D7F80431D3F8A3
:1052D000AC30024A0B43936506E000BF004402581D
:1052E00097F8173187F81631D7F80431D3E900233E
:1052F00002F40043C7F8D0300023C7F8D430D7E910
:1053000034120B46134337D0D7F80431DB6EB3F1B8
:10531000005F0ED0B3F1005F16D8002B18D0B3F1A8
:10532000805F11D1B24BDB6AB14A43F40033D362E0
:105330000FE0D7F8043108330121184601F000F9D5
:10534000034687F8173104E0012387F8173100E09E
:1053500000BF97F81731002B0AD1A54B1B6D23F026
:105360004051D7F80431DB6EA14A0B43136503E0CB
:1053700097F8173187F81631D7F80431D3E90023AD
:1053800002F08073C7F8C8300023C7F8CC30D7E9E3
:1053900032120B4613433AD0D7F804319B6C032BDF
:1053A0001FD0032B19D8022B0CD0022B15D8002BA1
:1053B00019D0012B11D18E4BDB6A8D4A43F4003397
:1053C000D36211E0D7F8043108330221184601F006
:1053D000B7F8034687F8173106E0012387F817313D
:1053E00002E000BF00E000BF97F81731002B0AD1A0
:1053F0007F4BDB6C23F00301D7F804319B6C7C4AB4
:105400000B43D36403E097F8173187F81631D7F8C8
:105410000431D3E9002302F48003C7F8C03000232D
:10542000C7F8C430D7E930120B46134300F0998017
:10543000704B1B686F4A43F480731360FDF714FBD5
:10544000C7F810010BE0FDF70FFB0246D7F810314B
:10545000D31A642B03D9032387F8173105E0654B72
:105460001B6803F48073002BEDD097F81731002BE5
:1054700073D15F4B1A6FD7F80431D3F8B030534073
:1054800003F44073002B15D0594B1B6F23F440736A
:10549000C7F80C31564B1B6F554A43F480331367E2
:1054A000534B1B6F524A23F480331367504AD7F88B
:1054B0000C311367D7F80431D3F8B030B3F5807FDF
:1054C00018D1FDF7D1FAC7F810010DE0FDF7CCFABD
:1054D0000246D7F81031D21A41F288339A4203D9E2
:1054E000032387F8173105E0414B1B6F03F00203DC
:1054F000002BEBD097F81731002B29D1D7F80431C6
:10550000D3F8B03003F44073B3F5407F0ED1384B7D
:105510001B6923F47C51D7F80431D3F8B0301A0951
:10552000354B1340324A0B43136105E0304B1B6986
:105530002F4A23F47C5313612D4B196FD7F8043194
:10554000D3F8B030C3F30B03294A0B43136708E0C9
:1055500097F8173187F8163103E097F8173187F875
:105560001631D7F80431D3E9002302F00103C7F85C
:10557000B8300023C7F8BC30D7E92E120B461343CE
:1055800050D0D7F804319B6F282B2BD0282B25D84F
:10559000202B29D0202B21D8182B27D0182B1DD811
:1055A000102B10D0102B19D8002B27D0082B15D179
:1055B000D7F8043108330121184600F0C1FF034633
:1055C00087F817311BE0D7F804312833012118463A
:1055D00001F068F8034687F8173110E0012387F8D7
:1055E00017310CE000BF0AE000BF08E000BF06E092
:1055F0000044025800480258CFFFFF0000BF97F850
:105600001731002B0AD1B44B5B6D23F03801D7F86A
:1056100004319B6FB04A0B43536503E097F8173191
:1056200087F81631D7F80431D3E9002302F00203DA
:10563000C7F8B0300023C7F8B430D7E92C120B46B6
:1056400013434AD0D7F804315B6F052B2BD0052BC1
:1056500025D8042B29D0042B21D8032B27D0032BAA
:105660001DD8022B10D0022B19D8002B21D0012BD2
:1056700015D1D7F8043108330121184600F060FF36
:10568000034687F8173115E0D7F804312833012194
:10569000184601F007F8034687F817310AE001239E
:1056A00087F8173106E000BF04E000BF02E000BF4A
:1056B00000E000BF97F81731002B0AD1864B5B6DD5
:1056C00023F00701D7F804315B6F834A0B4353651E
:1056D00003E097F8173187F81631D7F80431D3E98A
:1056E000002302F00403C7F8A8300023C7F8AC3049
:1056F000D7E92A120B4613434CD0D7F80431D3F81C
:105700009030052B2BD0052B25D8042B29D0042B2A
:1057100021D8032B27D0032B1DD8022B10D0022B0E
:1057200019D8002B21D0012B15D1D7F8043108331B
:105730000121184600F004FF034687F8173115E0F1
:10574000D7F8043128330121184600F0ABFF034697
:1057500087F817310AE0012387F8173106E000BF08
:1057600004E000BF02E000BF00E000BF97F817317F
:10577000002B0BD1584B9B6D23F00701D7F8043158
:10578000D3F89030544A0B43936503E097F81731F0
:1057900087F81631D7F80431D3E9002302F020034B
:1057A000C7F8A0300023C7F8A430D7E928120B4669
:1057B000134355D0D7F80431D3F88C30B3F1A04F50
:1057C00033D0B3F1A04F2CD8B3F1804F2FD0B3F129
:1057D000804F26D8B3F1405F2BD0B3F1405F20D883
:1057E000B3F1005F12D0B3F1005F1AD8002B22D0C2
:1057F000B3F1805F15D1D7F8043108330021184682
:1058000000F09EFE034687F8173115E0D7F8043103
:1058100028330221184600F045FF034687F8173168
:105820000AE0012387F8173106E000BF04E000BF5B
:1058300002E000BF00E000BF97F81731002B0BD14A
:10584000254B5B6D23F0E041D7F80431D3F88C3061
:10585000214A0B43536503E097F8173187F8163157
:10586000D7F80431D3E9002302F04003C7F8983099
:105870000023C7F89C30D7E926120B46134357D0B4
:10588000D7F80431D3F89830B3F5A05F35D0B3F52D
:10589000A05F2ED8B3F5805F31D0B3F5805F28D8F4
:1058A000B3F5406F2DD0B3F5406F22D8B3F5006F3C
:1058B00014D0B3F5006F1CD8002B24D0B3F5806F43
:1058C00017D1D7F8043108330021184600F038FE0C
:1058D000034687F8173117E000440258D7F804311F
:1058E00028330221184600F0DDFE034687F8173101
:1058F0000AE0012387F8173106E000BF04E000BF8B
:1059000002E000BF00E000BF97F81731002B0BD179
:10591000C04B9B6D23F4E051D7F80431D3F8983095
:10592000BC4A0B43936503E097F8173187F81631AB
:10593000D7F80431D3E9002302F08003C7F8903090
:105940000023C7F89430D7E924120B46134355D0EF
:10595000D7F80431D3F89C30B3F5204F33D0B3F5EA
:10596000204F2CD8B3F5004F2FD0B3F5004F26D8D9
:10597000B3F5C04F2BD0B3F5C04F20D8B3F5804F4F
:1059800012D0B3F5804F1AD8002B22D0B3F5005FA8
:1059900015D1D7F8043108330021184600F0D0FDA6
:1059A000034687F8173115E0D7F804312833022170
:1059B000184600F077FE034687F817310AE0012306
:1059C00087F8173106E000BF04E000BF02E000BF27
:1059D00000E000BF97F81731002B0BD18D4B9B6D6A
:1059E00023F46041D7F80431D3F89C30894A0B4343
:1059F000936503E097F8173187F81631D7F804312B
:105A0000D3E9002302F00803C7F888300023C7F861
:105A10008C30D7E922120B4613431ED0D7F804313D
:105A2000D3F88030B3F5805F0CD1D7F80431283338
:105A30000221184600F036FE0346002B02D0012357
:105A400087F81631734B5B6D23F44051D7F804315E
:105A5000D3F880306F4A0B435365D7F80431D3E94C
:105A6000002302F01003C7F880300023C7F8843009
:105A7000D7E920120B4613431ED0D7F80431D3F8D0
:105A80009430B3F5807F0CD1D7F80431283302214C
:105A9000184600F007FE0346002B02D0012387F8CA
:105AA00016315C4B9B6D23F44071D7F80431D3F869
:105AB0009430584A0B439365D7F80431D3E9002357
:105AC00002F40023BB670023FB67D7E91E120B46D5
:105AD00013433ED0D7F80431D3F8A030B3F5003FDC
:105AE00022D0B3F5003F1BD8002B03D0B3F5803F85
:105AF0000BD015E0D7F8043108330021184600F028
:105B00001FFD034687F817310FE0D7F8043128331B
:105B10000221184600F0C6FD034687F8173104E05D
:105B2000012387F8173100E000BF97F81731002BE9
:105B30000BD1384B9B6D23F44031D7F80431D3F8A7
:105B4000A030344A0B43936503E097F8173187F888
:105B50001631D7F80431D3E9002302F480233B67E0
:105B600000237B67D7E91C120B4613433BD0D7F8C1
:105B70000431D3F88430B3F5401F1FD0B3F5401F74
:105B800018D8B3F5801F03D0B3F5001F07D011E07C
:105B9000204BDB6A1F4A43F40033D3620FE0D7F88F
:105BA000043128330121184600F07CFD034687F8B4
:105BB000173104E0012387F8173100E000BF97F8A0
:105BC0001731002B0BD1134B5B6D23F44011D7F829
:105BD0000431D3F884300F4A0B43536503E097F840
:105BE000173187F81631D7F80431D3E9002302F4CE
:105BF0008033BB660023FB66D7E91A120B461343BA
:105C000033D0D7F804311B6D002B05D0B3F5803F9E
:105C100009D013E000440258424BDB6A414A43F486
:105C20000033D3620EE0D7F804310833022118465E
:105C300000F086FC034687F8173103E0012387F85C
:105C4000173100BF97F81731002B0AD1354BDB6CA9
:105C500023F48031D7F804311B6D324A0B43D364EF
:105C600003E097F8173187F81631D7F80431D3E9F4
:105C7000002302F000533B6600237B66D7E918122D
:105C80000B4613430CD0D7F80431283302211846B1
:105C900000F008FD0346002B02D0012387F81631DF
:105CA000D7F80431D3E9002302F40033BB650023A5
:105CB000FB65D7E916120B46134339D0D7F80431E8
:105CC000DB6FB3F5407F18D0B3F5407F11D8B3F543
:105CD000007F14D0B3F5007F0BD8002B11D0B3F5A3
:105CE000807F06D10F4BDB6A0E4A43F40033D36248
:105CF00008E0012387F8173104E000BF02E000BF8D
:105D000000E000BF97F81731002B0DD1054B5B6DFC
:105D100023F44071D7F80431DB6F024A0B4353651B
:105D200006E000BF0044025897F8173187F8163193
:105D3000D7F80431D3E9002302F480133B65002334
:105D40007B65D7E914120B46134309D09E4B1B6D9C
:105D500023F00041D7F804311B6F9B4A0B431365B6
:105D6000D7F80431D3E9002302F40013BB64002305
:105D7000FB64D7E912120B46134309D0924B1B6DFB
:105D800023F08071D7F804319B6E8F4A0B43136563
:105D9000D7F80431D3E9002302F080433B640023A9
:105DA0007B64D7E910120B4613430ED0864B1B6958
:105DB000854A23F400431361834B1969D7F80431F2
:105DC000D3F8B430804A0B431361D7F80431D3E9D8
:105DD000002302F00043BB630023FB63D7E90E12EC
:105DE0000B46134309D0784BDB6C23F04051D7F8B6
:105DF00004315B6D744A0B43D364D7F80431D3E9A3
:105E0000002302F400033B6300237B63D7E90C12F9
:105E10000B4613430AD06C4B5B6D23F44001D7F85B
:105E20000431D3F88830684A0B435365D7F80431FE
:105E3000D3E900230021B96203F00103FB62D7E933
:105E40000A120B46134311D0D7F80431083300214E
:105E5000184600F075FB034687F8173197F817319D
:105E6000002B03D097F8173187F81631D7F8043193
:105E7000D3E900230021396203F002037B62D7E9F2
:105E800008120B46134311D0D7F80431083301210F
:105E9000184600F055FB034687F8173197F817317D
:105EA000002B03D097F8173187F81631D7F8043153
:105EB000D3E900230021B96103F00403FB61D7E9B2
:105EC00006120B46134311D0D7F8043108330221D0
:105ED000184600F035FB034687F8173197F817315D
:105EE000002B03D097F8173187F81631D7F8043113
:105EF000D3E900230021396103F008037B61D7E96E
:105F000004120B46134311D0D7F804312833002173
:105F1000184600F0C7FB034687F8173197F817318A
:105F2000002B03D097F8173187F81631D7F80431D2
:105F3000D3E900230021B96003F01003FB60D7E927
:105F400002120B46134311D0D7F804312833012134
:105F5000184600F0A7FB034687F8173197F817316A
:105F6000002B03D097F8173187F81631D7F8043192
:105F7000D3E900230021396003F020037B60D7E9D7
:105F800000120B46134311D0D7F8043128330221F5
:105F9000184600F087FB034687F8173197F817314A
:105FA000002B03D097F8173187F8163197F8163180
:105FB000002B01D1002300E00123184607F58C7760
:105FC000BD46BDE8B08F00BF0044025880B500AFA9
:105FD000FEF728FE0246064B1B6A1B0903F0070367
:105FE0000449CB5C03F01F0322FA03F3184680BD7B
:105FF00000440258FC90000880B489B000AF78607B
:10600000A04B9B6A03F00303BB619E4B9B6A1B0B77
:1060100003F03F037B619B4BDB6A1B0903F0010329
:106020003B61984BDB6BDB08C3F30C033A6902FB63
:1060300003F307EE903AF8EE677AC7ED037A7B69CF
:10604000002B00F01181BB69022B00F08380BB693B
:10605000022B00F2A180BB69002B03D0BB69012B8E
:1060600056D099E0874B1B6803F02003002B2DD0FE
:10607000844B1B68DB0803F00303834A22FA03F313
:10608000BB60BB6807EE903AF8EE676A7B6907EE83
:10609000903AF8EE677A86EEA77A7A4B9B6BC3F359
:1060A000080307EE903AF8EE676A97ED036ADFEDB2
:1060B000775AC6EE257A76EEA77AF7EE006A77EE83
:1060C000A67A67EE277AC7ED077A87E07B6907EE45
:1060D000903AF8EE677ADFED6E6A86EEA77A694B42
:1060E0009B6BC3F3080307EE903AF8EE676A97EDEF
:1060F000036ADFED665AC6EE257A76EEA77AF7EEEA
:10610000006A77EEA67A67EE277AC7ED077A65E030
:106110007B6907EE903AF8EE677ADFED5E6A86EE0D
:10612000A77A584B9B6BC3F3080307EE903AF8EE3F
:10613000676A97ED036ADFED555AC6EE257A76EE6B
:10614000A77AF7EE006A77EEA67A67EE277AC7EDB0
:10615000077A43E07B6907EE903AF8EE677ADFED65
:106160004E6A86EEA77A474B9B6BC3F3080307EE94
:10617000903AF8EE676A97ED036ADFED445AC6EE8F
:10618000257A76EEA77AF7EE006A77EEA67A67EEC2
:10619000277AC7ED077A21E07B6907EE903AF8EE9F
:1061A000677ADFED3C6A86EEA77A364B9B6BC3F3CA
:1061B000080307EE903AF8EE676A97ED036ADFEDA1
:1061C000335AC6EE257A76EEA77AF7EE006A77EEB6
:1061D000A67A67EE277AC7ED077A00BF294B9B6B3B
:1061E0005B0A03F07F0307EE903AF8EE677AB7EEAA
:1061F000007A37EE877AD7ED076AC6EE877AFCEE2B
:10620000E77A17EE902A7B681A601E4B9B6B1B0C7B
:1062100003F07F0307EE903AF8EE677AB7EE007A64
:1062200037EE877AD7ED076AC6EE877AFCEEE77A13
:1062300017EE902A7B685A60124B9B6B1B0E03F083
:106240007F0307EE903AF8EE677AB7EE007A37EE02
:10625000877AD7ED076AC6EE877AFCEEE77A17EE03
:10626000902A7B689A6008E07B6800221A607B684D
:1062700000225A607B6800229A6000BF2437BD4626
:1062800080BC7047004402580090D00300000046D4
:106290000024744C0024744A001BB74B80B489B0AE
:1062A00000AF7860A04B9B6A03F00303BB619E4B79
:1062B0009B6A1B0D03F03F037B619B4BDB6A1B0A50
:1062C00003F001033B61984B5B6CDB08C3F30C03E9
:1062D0003A6902FB03F307EE903AF8EE677AC7EDEE
:1062E000037A7B69002B00F01181BB69022B00F05F
:1062F0008380BB69022B00F2A180BB69002B03D015
:10630000BB69012B56D099E0874B1B6803F0200333
:10631000002B2DD0844B1B68DB0803F00303834A5A
:1063200022FA03F3BB60BB6807EE903AF8EE676AA7
:106330007B6907EE903AF8EE677A86EEA77A7A4B99
:106340001B6CC3F3080307EE903AF8EE676A97ED0B
:10635000036ADFED775AC6EE257A76EEA77AF7EE76
:10636000006A77EEA67A67EE277AC7ED077A87E0AC
:106370007B6907EE903AF8EE677ADFED6E6A86EE9B
:10638000A77A694B1B6CC3F3080307EE903AF8EE4B
:10639000676A97ED036ADFED665AC6EE257A76EEF8
:1063A000A77AF7EE006A77EEA67A67EE277AC7ED4E
:1063B000077A65E07B6907EE903AF8EE677ADFEDE1
:1063C0005E6A86EEA77A584B1B6CC3F3080307EE90
:1063D000903AF8EE676A97ED036ADFED555AC6EE1C
:1063E000257A76EEA77AF7EE006A77EEA67A67EE60
:1063F000277AC7ED077A43E07B6907EE903AF8EE1B
:10640000677ADFED4E6A86EEA77A474B1B6CC3F3C3
:10641000080307EE903AF8EE676A97ED036ADFED3E
:10642000445AC6EE257A76EEA77AF7EE006A77EE42
:10643000A67A67EE277AC7ED077A21E07B6907EE37
:10644000903AF8EE677ADFED3C6A86EEA77A364B33
:106450001B6CC3F3080307EE903AF8EE676A97EDFA
:10646000036ADFED335AC6EE257A76EEA77AF7EEA9
:10647000006A77EEA67A67EE277AC7ED077A00BF43
:10648000294B1B6C5B0A03F07F0307EE903AF8EE92
:10649000677AB7EE007A37EE877AD7ED076AC6EEED
:1064A000877AFCEEE77A17EE902A7B681A601E4B1B
:1064B0001B6C1B0C03F07F0307EE903AF8EE677A33
:1064C000B7EE007A37EE877AD7ED076AC6EE877A9D
:1064D000FCEEE77A17EE902A7B685A60124B1B6C31
:1064E0001B0E03F07F0307EE903AF8EE677AB7EEE3
:1064F000007A37EE877AD7ED076AC6EE877AFCEE28
:10650000E77A17EE902A7B689A6008E07B680022A1
:106510001A607B6800225A607B6800229A6000BF84
:106520002437BD4680BC7047004402580090D00319
:10653000000000460024744C0024744A001BB74B32
:1065400080B584B000AF786039600023FB73534B93
:106550009B6A03F00303032B01D1012399E04F4B06
:106560001B684E4A23F080631360FCF77DFAB86025
:1065700008E0FCF779FA0246BB68D31A022B01D96E
:10658000032386E0454B1B6803F00063002BF0D12A
:10659000424B9B6A23F47C327B681B681B033F4998
:1065A00013438B627B685B68013BC3F308027B6823
:1065B0009B68013B5B029BB21A437B68DB68013B33
:1065C0001B0403F4FE031A437B681B69013B1B0693
:1065D00003F0FE43314913438B63304BDB6A23F0F6
:1065E000C0027B685B692D491343CB622B4BDB6A8E
:1065F00023F020027B689B6928491343CB62274B19
:10660000DB6A264A23F01003D362244BDA6B244B57
:1066100013407A68D269D20020491343CB631F4BE1
:10662000DB6A1E4A43F01003D3623B68002B06D19D
:106630001A4BDB6A194A43F40023D3620FE03B682C
:10664000012B06D1154BDB6A144A43F48013D36245
:1066500005E0124BDB6A114A43F40013D3620F4B7F
:106660001B680E4A43F080631360FCF7FDF9B860C5
:1066700008E0FCF7F9F90246BB68D31A022B01D9EE
:10668000032306E0054B1B6803F00063002BF0D0EA
:10669000FB7B18461037BD4680BD00BF0044025842
:1066A0000700FFFF80B584B000AF78603960002339
:1066B000FB73534B9B6A03F00303032B01D10123AC
:1066C00099E04F4B1B684E4A23F080531360FCF750
:1066D000CBF9B86008E0FCF7C7F90246BB68D31AEB
:1066E000022B01D9032386E0454B1B6803F00053BE
:1066F000002BF0D1424B9B6A23F07C727B681B68B5
:106700001B053F4913438B627B685B68013BC3F306
:1067100008027B689B68013B5B029BB21A437B6863
:10672000DB68013B1B0403F4FE031A437B681B690F
:10673000013B1B0603F0FE43314913430B64304B0E
:10674000DB6A23F440627B685B692D491343CB62AB
:106750002B4BDB6A23F400727B689B692849134347
:10676000CB62274BDB6A264A23F48073D362244B27
:106770005A6C244B13407A68D269D20020491343E3
:106780004B641F4BDB6A1E4A43F48073D3623B6841
:10679000002B06D11A4BDB6A194A43F48003D362FB
:1067A0000FE03B68012B06D1154BDB6A144A43F41A
:1067B0000003D36205E0124BDB6A114A43F0807399
:1067C000D3620F4B1B680E4A43F080531360FCF7F3
:1067D0004BF9B86008E0FCF747F90246BB68D31AEA
:1067E000022B01D9032306E0054B1B6803F000537D
:1067F000002BF0D0FB7B18461037BD4680BD00BF94
:10680000004402580700FFFF80B584B000AF7860F5
:106810007B68002B01D101230FE17B6800229A6283
:106820007B681B68874A93420FD07B681B68864A47
:1068300093420AD07B681B68844A934205D07B68E8
:10684000DB680F2B01D90123F7E0786800F0EAFB41
:10685000F8607B681B687B4A93420CD07B681B689E
:10686000794A934207D07B681B68784A934202D0EA
:10687000FB68082B11D87B681B68724A934209D0C9
:106880007B681B68704A934204D07B681B686F4A20
:10689000934204D1FB68102B01D90123CDE07B6822
:1068A00093F88130DBB2002B06D17B68002283F89D
:1068B00080207868FAF72AFE7B68022283F881201C
:1068C0007B681B681A687B681B6822F001021A60EB
:1068D0007B681B689B6803F4F813BB607B689B694B
:1068E000B3F1806F19D17B685B68B3F5800F03D17A
:1068F0007B689B6B002B08D07B685B68002B0CD1FE
:106900007B689B6BB3F1805F07D17B681B681A685B
:106910007B681B6842F480521A607B685B6803F4F2
:106920008003002B0FD07B68DB68062B0BD97B68BC
:106930001B681B6823F480717B681A6D7B681B6879
:106940000A431A6007E07B681B681A687B681B684B
:1069500022F480721A607B68DA697B689B6A1A434A
:10696000BB681A437B68DB6B42EA03017B68DA6829
:106970007B681B680A439A607B685A6B7B685B6A1A
:106980001A437B689B6B1A437B689B691A437B683D
:106990001B691A437B685B691A437B681B6A1A434D
:1069A0007B685B681A437B68DB6C1A437B689B6877
:1069B0001A437B689B6C42EA03017B689A6D7B6893
:1069C0001B680A43DA607B685B68002B13D17B6825
:1069D0001B689B6823F4C0527B681B6842F400620A
:1069E0009A607B681B689B6823F4C0627B681B68A5
:1069F00042F480629A607B681B681A6D7B681B6832
:106A000022F001021A657B685B6803F48003002BA7
:106A10000AD07B681B68DB6823F000417B685A6DF5
:106A20007B681B680A43DA607B680022C3F8842015
:106A30007B68012283F88120002318461037BD4669
:106A400080BD00BF0030014000380040003C0040E5
:106A500080B58CB002AFF860B9607A607B800023AB
:106A600087F82330FB681B682033FB61FB681B68D9
:106A70003033BB61FB6893F88030012B01D10223D6
:106A8000FDE1FB68012283F88020FBF7EDFF7861D0
:106A90007B88FB847B88BB84FB6893F88130DBB206
:106AA000012B09D0022387F82330FB68002283F8EA
:106AB000802097F82330E2E1BB68002B05D07B688B
:106AC000002B02D07B88002B09D1012387F82330CB
:106AD000FB68002283F8802097F82330CFE1FB6821
:106AE000052283F88120FB680022C3F88420FB681C
:106AF0007A685A66FB687A88A3F86A20FB687A8805
:106B0000A3F86820FB68BA68DA65FB687A88A3F89E
:106B10006220FB687A88A3F86020FB6800221A676D
:106B2000FB6800225A67FB681B68DA68FB681B6811
:106B300022F4C022DA60FB681B685A68824B13405B
:106B40007988FA6812680B435360FB681B681A68FF
:106B5000FB681B6842F001021A60FB685B68B3F5D2
:106B6000800F07D1FB681B681A68FB681B6842F43A
:106B700000721A60FB68DB680F2B70D968E0FB6855
:106B80001B685B6903F00203022B1AD1FB8C002BFC
:106B900017D0FB68DA6DFB681B6812681A62FB6825
:106BA000DB6D1A1DFB68DA65FB68B3F862309BB2D7
:106BB000013B9AB2FB68A3F86220FB68B3F862302D
:106BC000FB84FB681B685A6948F208031340002BDA
:106BD0001AD0BB8C002B17D0FB681A68FB685B6E61
:106BE000126B1A60FB685B6E1A1DFB685A66FB68C5
:106BF000B3F86A309BB2013B9AB2FB68A3F86A20F3
:106C0000FB68B3F86A30BB84FBF72EFF02467B6952
:106C1000D31A3A6B9A4203D83B6BB3F1FF3F02D1D0
:106C20003B6B002B14D1F86800F02EF9FB680022B2
:106C300083F88020FB68D3F8843043F48072FB68CB
:106C4000C3F88420FB68012283F88120032316E126
:106C5000FB8C002B93D1BB8C002B90D1E8E0FB6820
:106C6000DB68072B40F2DE8066E0FB681B685B692F
:106C700003F00203022B19D1FB8C002B16D0FB680A
:106C8000DB6D1A88FB691A80FB68DB6D9A1CFB6858
:106C9000DA65FB68B3F862309BB2013B9AB2FB68DD
:106CA000A3F86220FB68B3F86230FB84FB681B68C2
:106CB0005B6903F00103012B1AD1BB8C002B17D0A9
:106CC000FB685B6EBA69128892B21A80FB685B6ED1
:106CD0009A1CFB685A66FB68B3F86A309BB2013BAA
:106CE0009AB2FB68A3F86A20FB68B3F86A30BB84E9
:106CF000FBF7BAFE02467B69D31A3A6B9A4203D875
:106D00003B6BB3F1FF3F02D13B6B002B14D1F86812
:106D100000F0BAF8FB68002283F88020FB68D3F803
:106D2000843043F48072FB68C3F88420FB6801223E
:106D300083F881200323A2E0FB8C002B95D1BB8C30
:106D4000002B92D174E000BF0000FFFFFB681B68BE
:106D50005B6903F00203022B1BD1FB8C002B18D0C4
:106D6000FB68DA6DFB681B68203312781A70FB68C9
:106D7000DB6D5A1CFB68DA65FB68B3F862309BB2C6
:106D8000013B9AB2FB68A3F86220FB68B3F862305B
:106D9000FB84FB681B685B6903F00103012B1DD1B9
:106DA000BB8C002B1AD0FB681B6803F13002FB6818
:106DB0005B6E1278D2B21A70FB685B6E5A1CFB686D
:106DC0005A66FB68B3F86A309BB2013B9AB2FB6823
:106DD000A3F86A20FB68B3F86A30BB84FBF744FE73
:106DE00002467B69D31A3A6B9A4203D83B6BB3F1E4
:106DF000FF3F02D13B6B002B14D1F86800F044F840
:106E0000FB68002283F88020FB68D3F8843043F4C9
:106E10008072FB68C3F88420FB68012283F881201C
:106E200003232CE0FB8C002B90D1BB8C002B8DD14D
:106E30007B6900933B6B00220821F86800F0C4F8DE
:106E40000346002B07D0FB68D3F8843043F02002C0
:106E5000FB68C3F88420F86800F016F8FB6800228D
:106E600083F88020FB68012283F88120FB68D3F837
:106E70008430002B01D0012301E097F8233018461D
:106E80002837BD4680BD00BF80B485B000AF7860B4
:106E90007B681B685B69FB607B681B689A697B6821
:106EA0001B6842F008029A617B681B689A697B68DC
:106EB0001B6842F010029A617B681B681A687B6845
:106EC0001B6822F001021A607B681B6819697B68E5
:106ED0001A683C4B0B4013617B681B689A687B689F
:106EE0001B6822F440429A607B6893F88130DBB2E1
:106EF000042B14D0FB6803F02003002B0FD07B6819
:106F0000D3F8843043F080027B68C3F884207B6828
:106F10001B689A697B681B6842F020029A617B6853
:106F200093F88130DBB2032B14D0FB6803F04003ED
:106F3000002B0FD07B68D3F8843043F004027B68C9
:106F4000C3F884207B681B689A697B681B6842F0E1
:106F500040029A61FB6803F40073002B0FD07B683A
:106F6000D3F8843043F001027B68C3F884207B6847
:106F70001B689A697B681B6842F400729A61FB681F
:106F800003F48073002B0FD07B68D3F8843043F078
:106F900008027B68C3F884207B681B689A697B6859
:106FA0001B6842F480729A617B680022A3F8622019
:106FB0007B680022A3F86A2000BF1437BD4680BC5E
:106FC000704700BF90FCFFFF80B584B000AFF86051
:106FD000B9603B601346FB7110E0FBF745FD0246CC
:106FE000BB69D31A3A689A4203D83B68B3F1FF3FB2
:106FF00002D13B68002B01D103230FE0FB681B6823
:107000005A69BB681340BA689A420CBF0123002337
:10701000DBB21A46FB799A42DFD0002318461037BC
:10702000BD4680BD80B485B000AF78607B68DB6B07
:107030005B090133FB607B68DB680133BB60BB68C5
:107040000733DB08BB60BB68FA6802FB03F3184632
:107050001437BD4680BC704780B582B000AF786001
:107060007B68002B01D1012342E07B68D3F8883094
:10707000002B06D17B68002283F884207868FAF719
:107080009BF87B682422C3F888207B681B681A68F9
:107090007B681B6822F001021A60786800F0BAF879
:1070A0000346012B01D1012322E07B689B6A002B60
:1070B00002D0786800F082FD7B681B685A687B68A4
:1070C0001B6822F490425A607B681B689A687B6850
:1070D0001B6822F02A029A607B681B681A687B682A
:1070E0001B6842F001021A60786800F008FE03464F
:1070F00018460837BD4680BD80B58AB002AFF8603B
:10710000B9603B601346FB80FB68D3F88830202BC6
:107110007BD1BB68002B02D0FB88002B01D101235F
:1071200074E0FB680022C3F89020FB682122C3F8BA
:107130008820FBF799FC7861FB68FA88A3F8542053
:10714000FB68FA88A3F85620FB689B68B3F5805F5C
:1071500008D1FB681B69002B04D10023FB61BB68CD
:10716000BB6103E0BB68FB610023BB6130E03B68AF
:1071700000937B6900228021F86800F06AFE0346D4
:10718000002B05D0FB682022C3F8882003233DE0B4
:10719000FB69002B0BD1BB691B881A46FB681B6877
:1071A000C2F308029A62BB690233BB6107E0FB6964
:1071B0001A78FB681B689A62FB690133FB61FB6804
:1071C000B3F856309BB2013B9AB2FB68A3F8562045
:1071D000FB68B3F856309BB2002BC8D13B680093D4
:1071E0007B6900224021F86800F033FE0346002B43
:1071F00005D0FB682022C3F88820032306E0FB6843
:107200002022C3F88820002300E0022318462037FC
:10721000BD4680BD2DE9B04F92B000AF786100232C
:1072200087F842307B699A687B691B691A437B69DE
:107230005B691A437B69DB6913437B647B691B6869
:107240001A688E4B13407A691268796C0B4313608D
:107250007B691B685B6823F440517B69DA687B6952
:107260001B680A435A607B699B697B647B691B6866
:10727000834A934204D07B691B6A7A6C13437B6414
:107280007B691B689A687F4B13407A691268796C36
:107290000B4393607B691B68DB6A23F00F017B69FA
:1072A0005A6A7B691B680A43DA627B691B68764A03
:1072B000934234D1754B5B6D03F03803282B26D0F5
:1072C000282B28D8202B1ED0202B24D8182B16D0C2
:1072D000182B20D8102B0ED0102B1CD8002B02D02E
:1072E000082B04D017E0012387F843307BE2042306
:1072F00087F8433077E2082387F8433073E210239E
:1073000087F843306FE2202387F843306BE2402355
:1073100087F8433067E2802387F8433063E27B6974
:107320001B685B4A934234D1584B5B6D03F00703F3
:10733000052B26D0052B28D8042B1ED0042B24D8AF
:10734000032B16D0032B20D8022B0ED0022B1CD8D7
:10735000002B02D0012B04D017E0002387F8433024
:1073600041E2042387F843303DE2082387F84330A5
:1073700039E2102387F8433035E2202387F8433081
:1073800031E2402387F843302DE2802387F84330F1
:1073900029E27B691B683F4A934234D13B4B5B6DCA
:1073A00003F00703052B26D0052B28D8042B1ED06D
:1073B000042B24D8032B16D0032B20D8022B0ED05D
:1073C000022B1CD8002B02D0012B04D017E0002385
:1073D00087F8433007E2042387F8433003E20823A9
:1073E00087F84330FFE1102387F84330FBE1202387
:1073F00087F84330F7E1402387F84330F3E18023F7
:1074000087F84330EFE17B691B68234A934245D1FB
:107410001E4B5B6D03F00703052B26D0052B28D8E8
:10742000042B1ED0042B24D8032B16D0032B20D8DA
:10743000022B0ED0022B1CD8002B02D0012B04D023
:1074400017E0002387F84330CDE1042387F8433069
:10745000C9E1082387F84330C5E1102387F843309A
:10746000C1E1202387F84330BDE1402387F8433052
:10747000B9E1802387F84330B5E100BFF369FFCF5E
:10748000000C0058FFF4FF110010014000440258A6
:107490000044004000480040004C00407B691B68ED
:1074A0008F4A934234D18F4B5B6D03F00703052B5A
:1074B00026D0052B28D8042B1ED0042B24D8032B30
:1074C00016D0032B20D8022B0ED0022B1CD8002B59
:1074D00002D0012B04D017E0002387F8433082E16B
:1074E000042387F843307EE1082387F843307AE1AC
:1074F000102387F8433076E1202387F8433072E188
:10750000402387F843306EE1802387F843306AE1F7
:107510007B691B68744A934234D1724B5B6D03F0F4
:107520003803282B26D0282B28D8202B1ED0202B00
:1075300024D8182B16D0182B20D8102B0ED0102B97
:107540001CD8002B02D0082B04D017E0012387F8A9
:10755000433048E1042387F8433044E1082387F8A7
:10756000433040E1102387F843303CE1202387F883
:10757000433038E1402387F8433034E1802387F8F3
:10758000433030E17B691B68584A934234D1554BF4
:107590005B6D03F00703052B26D0052B28D8042BA1
:1075A0001ED0042B24D8032B16D0032B20D8022B5B
:1075B0000ED0022B1CD8002B02D0012B04D017E0D8
:1075C000002387F843300EE1042387F843300AE1B3
:1075D000082387F8433006E1102387F8433002E19F
:1075E000202387F84330FEE0402387F84330FAE059
:1075F000802387F84330F6E07B691B683C4A93425E
:1076000034D1384B5B6D03F00703052B26D0052BD7
:1076100028D8042B1ED0042B24D8032B16D0032BE0
:1076200020D8022B0ED0022B1CD8002B02D0012B0D
:1076300004D017E0002387F84330D4E0042387F810
:107640004330D0E0082387F84330CCE0102387F89C
:107650004330C8E0202387F84330C4E0402387F854
:107660004330C0E0802387F84330BCE07B691B686F
:10767000204A934240D11B4B5B6D03F03803282B0B
:1076800026D0282B28D8202B1ED0202B24D8182BEE
:1076900016D0182B20D8102B0ED0102B1CD8002B56
:1076A00002D0082B04D017E0012387F843309AE07A
:1076B000042387F8433096E0082387F8433092E0AC
:1076C000102387F843308EE0202387F843308AE088
:1076D000402387F8433086E0802387F8433082E0F8
:1076E000005000400044025800140140007800405F
:1076F000007C0040001801407B691B68974A934258
:1077000034D1974B5B6D03F03803282B26D0282B00
:1077100028D8202B1ED0202B24D8182B16D0182B7D
:1077200020D8102B0ED0102B1CD8002B02D0082BE9
:1077300004D017E0012387F8433054E0042387F88E
:10774000433050E0082387F843304CE0102387F89B
:10775000433048E0202387F8433044E0402387F853
:10776000433040E0802387F843303CE07B691B686E
:107770007C4A934234D17A4B9B6D03F00703052B6F
:1077800026D0052B28D8042B1ED0042B24D8032B5D
:1077900016D0032B20D8022B0ED0022B1CD8002B86
:1077A00002D0012B04D017E0022387F843301AE0FF
:1077B000042387F8433016E0082387F8433012E0AB
:1077C000102387F843300EE0202387F843300AE087
:1077D000402387F8433006E0802387F8433002E0F7
:1077E000802387F843307B691B685E4A934240F0F0
:1077F000C18097F84330402B3CD0402B3EDC202BFF
:1078000035D0202B3ADC102B1ED0102B36DC082B69
:1078100012D0082B32DC022B02D0042B04D02DE036
:10782000FEF7D4FBF8632FE007F124031846FEF7B8
:10783000E3FBBB6AFB6327E007F118031846FEF77A
:107840002DFDFB69FB631FE0454B1B6803F0200324
:10785000002B09D0424B1B68DB0803F00303424AAC
:1078600022FA03F3FB630FE03F4BFB630CE03F4B5B
:10787000FB6309E04FF40043FB6305E00023FB6377
:10788000012387F8423000BFFB6B002B00F07881AA
:107890007B695B6A364A32F813301A46FB6BB3FBDE
:1078A000F2F33B637B695A6813465B0013443A6BFF
:1078B0009A4205D37B695B681B033A6B9A4203D9F2
:1078C000012387F842305BE1FB6B0022BB60FA606A
:1078D0007B695B6A264A32F813309BB200223B6018
:1078E0007A60D7E90023D7E90201F8F749FD02469B
:1078F0000B46104619464FF000024FF000030B02F2
:1079000043EA1063020279694968490800200C467D
:10791000054612EB040843EB05097B695B6800220E
:107920009A46934652465B4640464946F8F728FD3C
:1079300002460B461346BB63BB6BB3F5407F08D3CF
:10794000BB6BB3F5801F04D27B691B68BA6BDA602E
:1079500016E1012387F8423012E100BF001C01400C
:1079600000440258000C00580090D00300093D006C
:107970001C9100087B69DB69B3F5004F40F08880FB
:1079800097F84330402B44D0402B46DC202B3DD091
:10799000202B42DC102B26D0102B3EDC082B1AD0DB
:1079A000082B3ADC042B0ED0042B36DC002B02D043
:1079B000012B04D031E0FDF765F9F86333E0FDF702
:1079C00077F9F8632FE007F124031846FEF714FB5C
:1079D000BB6AFB6327E007F118031846FEF75EFC5D
:1079E000FB69FB631FE0714B1B6803F02003002B56
:1079F00009D06E4B1B68DB0803F003036C4A22FAC4
:107A000003F3FB630FE06A4BFB630CE0694BFB6322
:107A100009E04FF40043FB6305E00023FB6301230F
:107A200087F8423000BFFB6B002B00F0A9807B6918
:107A30005B6A614A32F813301A46FB6BB3FBF2F310
:107A40005A007B695B685B081A447B695B68B2FB20
:107A5000F3F3BB63BB6B0F2B16D9BB6BB3F5803F46
:107A600012D2BB6B9BB223F00F03FB86BB6B5B0890
:107A70009BB203F007039AB2FB8E1343FB867B692C
:107A80001B68FA8EDA607BE0012387F8423077E0EA
:107A900097F84330402B44D0402B46DC202B3DD080
:107AA000202B42DC102B26D0102B3EDC082B1AD0CA
:107AB000082B3ADC042B0ED0042B36DC002B02D032
:107AC000012B04D031E0FDF7DDF8F86333E0FDF77A
:107AD000EFF8F8632FE007F124031846FEF78CFA5D
:107AE000BB6AFB6327E007F118031846FEF7D6FBD5
:107AF000FB69FB631FE02D4B1B6803F02003002B89
:107B000009D02A4B1B68DB0803F00303284A22FA3A
:107B100003F3FB630FE0264BFB630CE0254BFB6399
:107B200009E04FF40043FB6305E00023FB630123FE
:107B300087F8423000BFFB6B002B21D07B695B6A6A
:107B40001D4A32F813301A46FB6BB3FBF2F27B6925
:107B50005B685B081A447B695B68B2FBF3F3BB6349
:107B6000BB6B0F2B09D9BB6BB3F5803F05D2BB6B49
:107B70009AB27B691B68DA6002E0012387F8423021
:107B80007B690122A3F86A207B690122A3F868209F
:107B90007B6900225A677B6900229A6797F8423016
:107BA00018464837BD46BDE8B08F00BF00440258B4
:107BB0000090D00300093D001C91000880B483B000
:107BC00000AF78607B689B6A03F00103002B0AD04A
:107BD0007B681B685B6823F400317B68DA6A7B682A
:107BE0001B680A435A607B689B6A03F00203002B00
:107BF0000AD07B681B685B6823F480317B681A6B52
:107C00007B681B680A435A607B689B6A03F0040325
:107C1000002B0AD07B681B685B6823F480217B689B
:107C20005A6B7B681B680A435A607B689B6A03F047
:107C30000803002B0AD07B681B685B6823F40041B3
:107C40007B689A6B7B681B680A435A607B689B6AF7
:107C500003F01003002B0AD07B681B689B6823F499
:107C600080517B68DA6B7B681B680A439A607B688B
:107C70009B6A03F02003002B0AD07B681B689B687B
:107C800023F400517B681A6C7B681B680A439A6076
:107C90007B689B6A03F04003002B1AD07B681B684B
:107CA0005B6823F480117B685A6C7B681B680A430D
:107CB0005A607B685B6CB3F5801F0AD17B681B68D8
:107CC0005B6823F4C0017B689A6C7B681B680A437D
:107CD0005A607B689B6A03F08003002B0AD07B68A4
:107CE0001B685B6823F400217B68DA6C7B681B6887
:107CF0000A435A6000BF0C37BD4680BC704780B550
:107D000098B002AF78607B680022C3F89020FAF741
:107D1000ABFE78657B681B681B6803F00803082BC3
:107D20002FD16FF07E4300937B6D00224FF4001142
:107D3000786800F08EF80346002B22D07B681B6821
:107D4000BB63BB6B53E8003F7B637B6B23F080031B
:107D50003B657B681B681A463B6D7B643A64396CF3
:107D60007A6C41E80023FB63FB6B002BE6D17B6858
:107D70002022C3F888207B68002283F88420032314
:107D800063E07B681B681B6803F00403042B49D184
:107D90006FF07E4300937B6D00224FF48001786882
:107DA00000F057F80346002B3CD07B681B687B62D1
:107DB0007B6A53E8003F3B623B6A23F49073FB64A9
:107DC0007B681B681A46FB6C3B63FA62F96A3A6B84
:107DD00041E80023BB62BB6A002BE6D17B681B68CD
:107DE00008333B613B6953E8003FFB60FB6823F0CD
:107DF0000103BB647B681B680833BA6CFA61BB6122
:107E0000B969FA6941E800237B617B69002BE5D100
:107E10007B682022C3F88C207B68002283F88420B2
:107E2000032312E07B682022C3F888207B6820228D
:107E3000C3F88C207B680022DA667B6800221A6710
:107E40007B68002283F88420002318465837BD46FB
:107E500080BD80B584B000AFF860B9603B60134668
:107E6000FB7149E0BB69B3F1FF3F45D0FAF7FCFD78
:107E700002463B68D31ABA699A4202D3BB69002B07
:107E800001D1032348E0FB681B681B6803F004036F
:107E9000002B31D0FB681B68DB6903F00803082B5B
:107EA00010D1FB681B6808221A62F86800F038F8E5
:107EB000FB680822C3F89020FB68002283F8842026
:107EC000012329E0FB681B68DB6903F40063B3F559
:107ED000006F11D1FB681B684FF400621A62F868EA
:107EE00000F01EF8FB682022C3F89020FB680022F7
:107EF00083F8842003230FE0FB681B68DA69BB6802
:107F00001340BA689A420CBF01230023DBB21A4621
:107F1000FB799A42A6D0002318461037BD4680BD93
:107F200080B495B000AF78607B681B687B637B6B27
:107F300053E8003F3B633B6B23F49073FB647B6827
:107F40001B681A46FB6C3B64FA63F96B3A6C41E8B8
:107F50000023BB63BB6B002BE6D17B681B68083337
:107F60003B623B6A53E8003FFB61FA691E4B1340DA
:107F7000BB647B681B680833BA6CFA62BB62B96A7F
:107F8000FA6A41E800237B627B6A002BE5D17B68BB
:107F9000DB6E012B18D17B681B68FB60FB6853E824
:107FA000003FBB60BB6823F010037B647B681B68E9
:107FB0001A467B6CBB617A617969BA6941E8002332
:107FC0003B613B69002BE6D17B682022C3F88C2003
:107FD0007B680022DA667B6800225A6700BF54374C
:107FE000BD4680BC704700BFFEFFFFEF80B485B088
:107FF00000AF78607B6893F88430012B01D10223B5
:1080000027E07B68012283F884207B682422C3F860
:1080100088207B681B681B68FB607B681B681A688C
:108020007B681B6822F001021A60FB6823F0005392
:10803000FB607B6800225A667B681B68FA681A60DE
:108040007B682022C3F888207B68002283F8842084
:10805000002318461437BD4680BC704780B584B0F5
:1080600000AF786039607B6893F88430012B01D1D0
:1080700002232DE07B68012283F884207B68242280
:10808000C3F888207B681B681B68FB607B681B68E3
:108090001A687B681B6822F001021A607B681B6803
:1080A0009B6823F060417B681B683A680A439A60CA
:1080B000786800F04FF87B681B68FA681A607B6884
:1080C0002022C3F888207B68002283F884200023C4
:1080D00018461037BD4680BD80B584B000AF7860CB
:1080E00039607B6893F88430012B01D102232DE0A5
:1080F0007B68012283F884207B682422C3F88820CF
:108100007B681B681B68FB607B681B681A687B6860
:108110001B6822F001021A607B681B689B6823F0D1
:1081200060617B681B683A680A439A60786800F06F
:1081300011F87B681B68FA681A607B682022C3F814
:1081400088207B68002283F884200023184610379B
:10815000BD4680BD80B485B000AF78607B685B6E43
:10816000002B08D17B680122A3F86A207B680122DA
:10817000A3F8682031E01023FB731023BB737B68E6
:108180001B689B685B0EDBB203F007037B737B68A5
:108190001B689B685B0FDBB203F007033B73BB7B81
:1081A0003A7B10498A5C02FB03F33A7B0E498A5CF6
:1081B00093FBF2F39AB27B68A3F86A20FB7B7A7B8D
:1081C00008498A5C02FB03F37A7B07498A5C93FBCC
:1081D000F2F39AB27B68A3F8682000BF1437BD465B
:1081E00080BC7047349100083C91000800B52DED2B
:1081F000028BB0EE408A83B000F020F8B4EE488ADB
:10820000F1EE10FA06D6DFED0C7AB4EEE78AF1EE65
:1082100010FA03D403B0BDEC028B00BDCDED017AA2
:1082200000F04AF8DDED017A87EEA70A212303600A
:1082300003B0BDEC028B00BD00000000B1EEC00A2F
:10824000704700BF0CB430B5154B0C1E1D689DB0B7
:1082500008DA8B232B604FF0FF301DB0BDE83040B3
:1082600002B070474FF000031B9318BF0123E31ABD
:10827000049307930B4B029006900593209A21AB31
:1082800002A92846019300F0A7F9431CBCBF8B2329
:108290002B60002CE1D0029B00221A70DDE700BFAA
:1082A000400000200802FFFF02440346934200D131
:1082B000704703F8011BF9E7014B1868704700BFCE
:1082C0004000002070B50D4B0D4C00261D1BB6EB79
:1082D000A50F09D100F016FE0A4C0B4B00261D1B02
:1082E000B6EBA50F05D170BD54F8043B9847013695
:1082F000EDE754F8043B98470136F1E78091000818
:1083000080910008809100088491000870477047B0
:108310000A44914200F1FF3300D1704710B511F8C3
:10832000014B03F8014F9142F9D110BD37B5002937
:1083300044D051F8043C0190002BA1F10404B8BFD3
:10834000E41800F0DDF81E4A0198136833B9636041
:10835000146003B0BDE8304000F0D8B8A34208D99B
:10836000256861198B4201BF19685B684919216052
:10837000EDE71A465B680BB1A342FAD911685518AC
:10838000A5420BD1246821445418A3421160E0D1C6
:108390001C685B6853600C441460DAE702D90C2354
:1083A0000360D6E7256861198B4204BF19685B68D2
:1083B000636004BF491921605460CAE703B030BD4F
:1083C0002C44002070B50F4C0E462168054611B9AB
:1083D00000F0B4FB20603146284600F0AFFB431CA0
:1083E00003D14FF0FF34204670BDC41C24F00304B9
:1083F000A042F8D0211A284600F0A0FB0130F2D1AB
:10840000EFE700BF284400202DE9F843CD1C25F0FC
:10841000030508350C2D38BF0C25002D064601DB61
:10842000A94204D90C2333600020BDE8F883334F00
:1084300000F066F83B681C463CBB29463046FFF717
:10844000C1FF431C044656D13C68A046B8F1000F5A
:1084500040D1002C49D023684146304604EB030943
:1084600000F06CFB814540D121686D1A29463046E9
:10847000FFF7A8FF013038D023682B4423603B6806
:108480005A685ABBC7F800800EE02268521B1ED4FF
:108490000B2A16D96119A342256018BF5960636879
:1084A00008BF396062514B60304600F02FF804F18C
:1084B0000B00231D20F00700C21A1CBF1B1AA3507B
:1084C000B3E76268A3420CBF3A605A60ECE7234608
:1084D0006468B1E74446D8F80480B7E71A465B6899
:1084E000A342FBD100235360DEE70C233360304608
:1084F00000F00CF898E70560D6E700BF2C44002098
:108500000148FFF703BF00BF244400200148FFF7E4
:10851000FEBE00BF244400202DE9F0478E681F46B0
:10852000BE4282460C469046334653D8B1F90C0001
:1085300010F4906F2BD065692368096905EB450538
:10854000A3EB010905EBD5757B1C6D104B44AB42C9
:108550002A4684BF1D462A46430527D51146504664
:10856000FFF752FF064658B321694A46FFF7D0FE8F
:10857000A38923F4906343F08003A381266165619E
:108580004E44A5EB09052660A5603E463B461F46C6
:1085900020683A46414600F0B7FAA3689B1BA360E7
:1085A00023683B4423600020BDE8F087504600F07C
:1085B000D5FA06460028E1D121695046FFF7B6FEFC
:1085C0000C23CAF80030A38943F04003A3814FF085
:1085D000FF30E9E73E46DBE72DE9F0471F468B8990
:1085E0001B069CB006460D46144610D50B6973B9A0
:1085F0004021FFF709FF2860286130B90C23336060
:108600004FF0FF301CB0BDE8F08740236B610023C2
:10861000099320238DF8293003973023654F8DF877
:108620002A304FF0010823461A7899461AB1252AB4
:1086300003F10103F8D1B9EB040A0BD053462246EB
:1086400029463046FFF768FF013000F0A380099A01
:108650005244099299F80030002B00F09B800022D0
:108660004FF0FF33CDE9053209F101090492079279
:108670008DF853201A924C46052214F8011B4D48E0
:10868000F7F72EFE049AD0B9D00644BF20238DF808
:108690005330110744BF2B238DF8533099F8003025
:1086A0002A2B13D007994B4600204FF00A0C1A785A
:1086B000303A092A1C464AD9A8B1079113E0C01BD9
:1086C00008FA00F010430490A146D4E7039B191D5B
:1086D0001B680391002BBBBF5B4242F00202079371
:1086E0000793B8BF049223782E2B0AD163782A2BE4
:1086F00032D1039B1A1D1B68039243EAE3730234D1
:108700000593DFF8C090217803224846F7F7E8FD8B
:1087100038B1049BA0EB090040228240134301348E
:108720000493217824488DF828100622F7F7D8FD05
:10873000002835D0214818BB039B073323F00703DB
:1087400008330393099B0344013409936BE7013316
:108750000CFB01210120AAE700230593611C1846A8
:108760004FF00A0C0A78303A092A0C4603D9002B3C
:10877000C7D00590C5E701310CFB00200123F1E7CC
:1087800003AB00932A460E4B04A93046AFF300809A
:10879000421CD7D1AB895B063FF532AF099831E770
:1087A00003AB00932A46064B04A9304600F082F83A
:1087B000EEE700BF449100084E9100080000000061
:1087C000198500084A9100082DE9F047914698461E
:1087D0008A680B69089E9342B8BF1346C9F80030F7
:1087E00091F8432007460C4612B10133C9F8003016
:1087F0002368990642BFD9F800300233C9F8003027
:10880000256815F0060507D104F1190AE368D9F8BF
:1088100000209B1AAB4229DC94F843302268003BCD
:1088200018BF012392062ED404F143024146384674
:10883000B047013021D02368A168226903F0060304
:10884000042B01BFE568D9F80030ED1A25EAE5757B
:1088500018BF00258B1A2B449142C8BF1D464FF00C
:1088600000091A344D451AD1002008E00123524670
:1088700041463846B047013003D14FF0FF30BDE8E4
:10888000F0870135C2E7E1185A1C302081F8430017
:10889000224494F8451082F843100233C4E70123C0
:1088A000224641463846B0470130E6D009F1010979
:1088B000D8E700002DE9F04398460B7E85B0782B71
:1088C000174606460C9A0C4609D8622B01F1430163
:1088D00008D8002B00F0DC80582B00F0BD8004F19C
:1088E000420539E0A3F163001528F8D801A555F831
:1088F00020F000BF4D89000861890008DF8800086A
:10890000DF880008DF880008DF8800086189000828
:10891000DF880008DF880008DF880008DF8800089B
:10892000718A00088D8900081F8A0008DF88000806
:10893000DF880008998A0008DF8800088D89000810
:10894000DF880008DF880008278A00081368191DDF
:108950001B68116004F1420584F842300123A8E04D
:1089600013682568181D1060280601D51B6803E0F0
:108970006A06FBD5B3F90030002B03DA2D225B42E7
:1089800084F84320DFF878C10A2213E025681068D4
:1089900015F0800F50F8043B02D16D0648BF9BB222
:1089A0001060227EDFF858C16F2A5DD108220020B6
:1089B00084F843006568A560002D05DB20681D4331
:1089C00020F00400206051D00D46B3FBF2F002FB12
:1089D000103E9A421CF80EE005F801ED0346F4D96A
:1089E000082A0BD12368DA0708D5236962689A42FE
:1089F000DEBF302305F8013C05F1FF35491B21613D
:108A0000CDF800803B4603AA21463046FFF7DCFE46
:108A1000013053D14FF0FF3005B0BDE8F08323683B
:108A200043F020032360DFF8DCC0782384F845306E
:108A30002068156810F0800F55F8043B03D110F042
:108A4000400F18BF9BB21560C50744BF40F020001F
:108A5000206023B11022AAE7DFF8A4C0E6E722686D
:108A600022F020022260F5E70A22A0E70D46B7E7D0
:108A70001368D4F800C060691D1D15601CF0800FDC
:108A80001B6801D0186003E01CF0400FFAD018807A
:108A9000002323610D46B3E71368191D11601D689B
:108AA000626800212846F7F71BFC08B1401B606094
:108AB00063682361002384F84330A1E723692A46D1
:108AC00039463046C0470130A4D023689B0714D4F0
:108AD000E068039B9842B8BF18469DE7012304F164
:108AE000190239463046C047013093D00135E3685A
:108AF00003995B1AAB42F1DCEAE70025F7E700BF18
:108B00005591000866910008884210B501EB0204F7
:108B100002D98442234607D8431EA14207D011F848
:108B2000012B03F8012FF8E70244824200D110BD67
:108B300013F8011D02F8011DF7E7000038B5064CD7
:108B4000002305460846236000F03EF8431C02D18E
:108B5000236803B12B6038BD204400202DE9F0418B
:108B6000074615460C4621B9BDE8F0411146FFF70E
:108B70004BBC2AB9FFF7DAFB2C462046BDE8F08152
:108B800000F01AF88542064602D8B5EB500FF4D82B
:108B900029463846FFF738FC804608B94446ECE7DA
:108BA000B5422A46214628BF3246FFF7B1FB21468F
:108BB0003846FFF7BBFBF1E751F8043C181F002BC8
:108BC000BCBF0B58C0187047044A05491368002BF6
:108BD00008BF0B4618441060184670473044002008
:108BE000384400202DE9F04782B00646DDF828E041
:108BF0000846B4460D46002B4ED18A4214466DD924
:108C0000B2FA82F242B1C2F12003954026FA03F390
:108C100094401D4306FA02FC260CA7B2B5FBF6F100
:108C20004FEA1C4306FB115543EA054301FB07F0DD
:108C3000984209D9E31801F1FF3580F00381984289
:108C400040F20081023923441B1A1FFA8CFCB3FB4B
:108C5000F6F006FB10334CEA034C00FB07F36345C8
:108C60000AD914EB0C0C00F1FF3580F0ED80634560
:108C700040F2EA80A444023840EA0140ACEB030C25
:108C80000021BEF1000F04D02CFA02F30022CEE93D
:108C9000003202B0BDE8F0878B4209D9BEF1000F67
:108CA00001D0CEE900610021084602B0BDE8F0879E
:108CB000B3FA83F1174600294DD1834202D3B24261
:108CC00000F20F81B6EB070C60EB030301201D4699
:108CD000BEF1000FDDD0CEE900C5DAE7002A00F0D2
:108CE00098801A46B4FA84F3002B40F0AF800B1B37
:108CF000270CA6B20121B3FBF7F54FEA1C4007FB96
:108D0000153340EA034306FB05F8984507D9E318F5
:108D100005F1FF3002D2984500F2E8800546A3EB4A
:108D200008031FFA8CFCB3FBF7F007FB10334CEA87
:108D3000034C06FB00F3634508D914EB0C0C00F15F
:108D4000FF3602D2634500F2CE803046ACEB030C16
:108D500040EA054095E7C1F120058B4022FA05FC69
:108D60004CEA030C00FA01F426FA05F3E84002FA93
:108D700001F943EA04084FEA1C4206FA01FAB0FB83
:108D8000F2F71FFA8CF602FB17004FEA184444EA88
:108D9000004407FB06F0A0420AD91CEB040407F1CB
:108DA000FF3380F09C80A04240F29980023F6444EF
:108DB000241A1FFA88F3B4FBF2F002FB104443EAD2
:108DC000044300FB06F69E4209D91CEB030300F1A5
:108DD000FF3480F082809E427FD90238634440EAAB
:108DE0000740A0FB09749B1BA3423E46A04664D3E8
:108DF00061D0BEF1000F0AD0BAEB060263EB0803A4
:108E000003FA05F5CA401543CB40CEE900530021D3
:108E10003FE7730843EAC1734A08190C41EA02416B
:108E20004FEAC67C9BB2B2FBF4F02646A04627462A
:108E30001F2243EA0143B1FBF4F1A3EB080341EA2B
:108E4000004158E72946FFE6284615E71A46C3F1D0
:108E500020019C4026FA01F320FA01F190400343DF
:108E6000270C06FA02FCB1FBF7F0A6B207FB1015BF
:108E7000190C41EA054100FB06F58D423BD961180A
:108E800001D28D4220D8491B0138B1FBF7F501957D
:108E900005FB06F8019D9BB207FB151143EA014350
:108EA000434526D2E31805F1FF31C6D24345C4D26B
:108EB000A91E2344C1E7BA459BD2B7EB090664EB70
:108EC0000C040138A04694E7651B29440238B1FB25
:108ED000F7F5019505FB06F8DCE720467FE71F461E
:108EE00066E70846F4E6A44402382FE7023D23442F
:108EF00015E70199A1E7491BB1FBF7F5019505FBC2
:108F000006F8C7E7F8B500BFF8BC08BC9E46704736
:0C8F1000F8B500BFF8BC08BC9E467047D6
:108F1C004C4F472C4E4F4E450D0A00004C4F472CE2
:108F2C00424547494E2C636F756E743D256C752C0C
:108F3C0073746174653D256C752C6661756C743D3C
:108F4C00256C752C706572696F645F6D733D256C53
:108F5C00750D0A00696E6465782C74696D655F6DBA
:108F6C00732C73746174652C6661756C742C6779E1
:108F7C00726F5F6D7261645F732C7961775F6D7274
:108F8C0061642C73706565645F6D6D5F732C636FCA
:108F9C007272656374696F6E5F6D7261645F732C5E
:108FAC0064697374616E63655F6D6D2C74656D704F
:108FBC005F6D432C666C5F6D7261645F732C6672BF
:108FCC005F6D7261645F732C726C5F6D7261645F54
:108FDC00732C72725F6D7261645F732C63616E5F70
:108FEC0074785F6572726F72732C63616E5F6275F9
:108FFC00735F6F6666730D0A00000000256C752C9C
:10900C00256C752C256C752C256C752C256C642C9D
:10901C00256C642C256C642C256C642C256C642CC0
:10902C00256C642C256C642C256C642C256C642CB0
:10903C00256C642C256C752C256C750D0A000000B4
:10904C004C4F472C454E440D0A0000000000000018
:10905C000000000000000000000000000000000004
:10906C0001000000020000000300000004000000EA
:10907C0000000000050000000000000000000000DF
:10908C0000000000060000000000000000000000CE
:10909C000000000007000000CDCC4C3DEC51383EE8
:1090AC000AD7233E89926A420000803F000080BFAD
:1090BC000000803F000080BF0000000000000000A6
:1090CC000000000000000000000000000000000094
:1090DC00000000000000000001000200030004007A
:1090EC000000000000000000000000000000000074
:1090FC000000000001020304010203040607080932
:10910C000001020304050607080C10141820304057
:10911C00010002000400060008000A000C00100008
:10912C002000400080000001010101030701000044
:10913C000804020408010101232D302B2000686C67
:10914C004C0065666745464700303132333435365E
:10915C003738394142434445460030313233343597
:0C916C00363738396162636465660000C4
:089178005871FF7F01000000A7
:049180001D040008C2
:04918400F5030008E7
:10918800E7416B3A58A08B3A7D04017C000240AB62
:109198000341000553080658040700000F00081093
:1091A800820911000A15800B16000C18010D000029
:1091B8000090D0030090D0031000000001000000D0
:1091C8004400002000000000E84200205043002036
:1091D800B84300200000000000000000000000006C
:1091E8000000000000000000000000000000000077
:1091F8000000000000000000000000000000000067
:109208000000000000000000000000000000000056
:0400000508000441AA
:00000001FF
