:020000040800F2
:1000000000000220D90700082D0800082D0800086C
:100010002D0800082D0800082D0800080000000029
:100020000000000000000000000000002D08000893
:100030002D080008000000002D080008A9BC0008D9
:100040002D0800082D0800082D0800082D080008BC
:100050002D0800082D0800082D0800082D080008AC
:100060002D0800082D0800082D0800082D0800089C
:100070002D0800082D0800082D0800082D0800088C
:100080002D0800082D0800082D0800082D0800087C
:100090002D0800082D0800082D0800082D0800086C
:1000A0002D0800082D0800082D0800082D0800085C
:1000B0002D0800082D0800082D0800082D0800084C
:1000C0002D0800082D0800082D0800082D0800083C
:1000D0002D0800082D0800082D0800082D0800082C
:1000E0002D0800082D080008000000002D08000859
:1000F0002D0800082D0800082D0800082D0800080C
:100100002D0800082D0800082D0800082D080008FB
:100110002D08000851B800082D0800082D08000817
:100120002D0800082D0800082D0800082D080008DB
:100130002D0800082D0800082D0800082D080008CB
:1001400000000000000000000000000000000000AF
:100150002D0800082D0800082D0800082D080008AB
:100160002D0800082D0800082D0800082D0800089B
:100170002D080008ADBC00082D0800080000000094
:100180002D0800082D0800082D0800082D0800087B
:100190002D0800082D0800082D0800082D0800086B
:1001A0002D0800082D0800082D0800080000000098
:1001B0002D0800082D0800082D0800082D0800084B
:1001C0002D0800082D0800080000000000000000B5
:1001D00000000000000000002D08000800000000E2
:1001E000000000000000000000000000000000000F
:1001F00000000000000000002D0800082D08000885
:100200002D0800082D080008000000002D08000837
:100210002D0800082D0800082D0800082D080008EA
:100220002D080008000000002D0800080000000054
:100230002D0800082D080008000000002D08000807
:100240002D0800082D0800082D0800082D080008BA
:100250002D0800082D0800082D0800082D080008AA
:100260002D0800082D0800082D0800082D0800089A
:100270002D0800082D0800082D08000800000000C7
:100280002D0800082D0800082D0800082D0800087A
:10029000000000002D0800082D08000800000000E4
:1002A000000000002D0800082D0800082D08000897
:1002B0002D0800082D0800082D0800082D0800084A
:0C02C0002D0800082D0800082D0800087B
:1002D00010F8012B11F8013B012A28BF9A42F7D0F0
:1002E000D01A7047034613F8012B002AFBD1181AC5
:1002F000013870470000000000000000000000000E
:1003000001F0FF01102A2BDB10F0070F08D010F8C6
:10031000013B013A8B422DD010F0070F42B3F6D1CA
:10032000F0B441EA012141EA014122F007047FF0E3
:1003300000070023F0E80256083C85EA010586EA3A
:10034000010685FA47F5A3FA87F586FA47F6A5FA76
:1003500087F68EB9EED1F0BC01F0FF0102F0070282
:1003600032B110F8013B013A83EA010313B1F8D12D
:100370000020704701387047002D06BF354603380E
:10038000073815F0010F07D1013015F4807F02BF47
:10039000013015F4C03F0130F0BC0138704700BF98
:1003A00081F0004102E000BF83F0004330B54FEA26
:1003B00041044FEA430594EA050F08BF90EA020F93
:1003C0001FBF54EA000C55EA020C7FEA645C7FEA26
:1003D000655C00F0E2804FEA5454D4EB5555B8BF49
:1003E0006D420CDD2C4480EA020281EA030382EABA
:1003F000000083EA010180EA020281EA0303362D4C
:1004000088BF30BD11F0004F4FEA01314FF4801C1E
:100410004CEA113102D0404261EB410113F0004F30
:100420004FEA03334CEA133302D0524263EB4303E7
:1004300094EA050F00F0A780A4F10104D5F1200E85
:100440000DDB02FA0EFC22FA05F2801841F10001E0
:1004500003FA0EF2801843FA05F359410EE0A5F1B4
:1004600020050EF1200E012A03FA0EFC28BF4CF0E5
:10047000020C43FA05F3C01851EBE37101F000459B
:1004800007D54FF0000EDCF1000C7EEB00006EEBA8
:100490000101B1F5801F1BD3B1F5001F0CD3490832
:1004A0005FEA30004FEA3C0C04F101044FEA445289
:1004B00012F5800F80F09A80BCF1004F08BF5FEA10
:1004C000500C50F1000041EB045141EA050130BDF0
:1004D0005FEA4C0C404141EB0101013C28BFB1F502
:1004E000801FE9D291F0000F04BF01460020B1FA4D
:1004F00081F308BF2033A3F10B03B3F120020CDA20
:100500000C3208DD02F1140CC2F10C0201FA0CF0FD
:1005100021FA02F10CE002F11402D8BFC2F1200C62
:1005200001FA02F120FA0CFCDCBF41EA0C01904018
:10053000E41AA2BF01EB0451294330BD6FEA040461
:100540001F3C1CDA0C340EDC04F11404C4F120024C
:1005500020FA04F001FA02F340EA030021FA04F35E
:1005600045EA030130BDC4F10C04C4F1200220FAB5
:1005700002F001FA04F340EA0300294630BD21FAF3
:1005800004F0294630BD94F0000F83F4801306BFB9
:1005900081F480110134013D4EE77FEA645C18BFAD
:1005A0007FEA655C29D094EA050F08BF90EA020F44
:1005B00005D054EA000C04BF1946104630BD91EA3C
:1005C000030F1EBF0021002030BD5FEA545C05D13F
:1005D0004000494128BF41F0004130BD14F580047E
:1005E0003CBF01F5801130BD01F0004545F0FE41F2
:1005F00041F470014FF0000030BD7FEA645C1ABF27
:10060000194610467FEA655C1CBF0B46024650EA5D
:10061000013406BF52EA033591EA030F41F4002189
:1006200030BD00BF90F0000F04BF0021704730B50F
:100630004FF4806404F132044FF000054FF00001E4
:1006400050E700BF90F0000F04BF0021704730B5A5
:100650004FF4806404F1320410F0004548BF40427A
:100660004FF000013EE700BF42004FEAE2014FEACF
:1006700031014FEA02701FBF12F07F4393F07F4FAA
:1006800081F06051704732F07F4208BF704793F0AD
:100690007F4F04BF41F40021704730B54FF46074C0
:1006A00001F0004521F000411CE700BF50EA0102C3
:1006B00008BF704730B54FF000050AE050EA01026C
:1006C00008BF704730B511F0004502D5404261EBDC
:1006D00041014FF4806404F132045FEA915C3FF41D
:1006E000D8AE4FF003025FEADC0C18BF03325FEABA
:1006F000DC0C18BF033202EBDC02C2F1200300FA6B
:1007000003FC20FA02F001FA03FE40EA0E0021FA8F
:1007100002F11444BDE600BF53B94AB9002908BF2D
:1007200000281CBF4FF0FF314FF0FF3000F00CB835
:10073000ADF1080C6DE904CE1CF04AFBDDF804E0D5
:10074000DDE9022304B07047704700BF0348044B43
:10075000834202D0034B03B118477047CC020020FC
:10076000CC020020000000000548064B1B1AD90FE0
:1007700001EBA301491002D0034B03B118477047A6
:10078000CC020020CC0200200000000010B5064C76
:10079000237843B9FFF7DAFF044B13B10448AFF3F2
:1007A00000800123237010BDE00200200000000043
:1007B000F0D0010808B5054B1BB105490548AFF35A
:1007C0000080BDE80840FFF7CFBF00BF0000000079
:1007D000E4020020F0D00108DFF838D000F028F85B
:1007E000002103E00C4B5B58435004310B480C4B89
:1007F00042189A42F6D30B4A02E0002342F8043B27
:10080000094B9A42F9D30FF047FA19F039FE08F074
:1008100039F9704700000220D05004080000002081
:10082000CC020020E0020020C06C0120FEE70000A6
:10083000044AD36843F00203D36053689B04FCD599
:10084000704700BF0048025870B594B015461E4668
:1008500000F1300408AA0346844696469CED007ACF
:100860000CF1080C5CED017A0EF1080E64450EEDFA
:10087000027A4EED017AF1D10446F1EE045A90ED80
:10088000016AEE462030D4ED006AEC46B0EE667A9E
:10089000D3ED026AF0EE467A93ED036A08330CF169
:1008A000080C36EEC77A76EE677A984227EE257AFC
:1008B00067EEA57A0CED027A4CED017AE6D1F7EEFF
:1008C000005A02F1280C75EEC05A9DED096A1046D7
:1008D000DDED086AF0EE664AD0ED026AB0EE465AE7
:1008E00090ED036A26EE807A083066EE007A844541
:1008F000A4EEA57AE5EE257A00ED027A40ED017AC4
:10090000E8D1ACF1080C6245DFD10EF1180C9DED79
:10091000016A7046DDED006AF0EE664AD0ED026ACB
:10092000B0EE465A90ED036A26EE807A083066EE05
:10093000007A6045A4EEA57AE5EE257A00ED027A0C
:1009400040ED017AE8D1A0F1080CE645DFD1089B23
:10095000009A0B60099B2B603260019B189A136010
:1009600014B070BDF7EE007ADFED1A5AF0EE084AC7
:100970009FED196A20EE004A9FED183A77EEC07A93
:10098000DFED173A60EEA55ABEEE007A67EEA76A71
:1009900067EEA47A20EE045A66EEA46A67EE847AC3
:1009A00020EE866A26EE800A27EE877A67EEA57A21
:1009B00060EEA30ADFED0B3AA0EE037AE0EE067AD2
:1009C000A5EE237AE5EE207A80ED007AC1ED007A7B
:1009D000704700BF9A99193FCDCCCC3E9A9919BE69
:1009E000B7D1303F0AD77BC0164A012100231648F1
:1009F00010B51170154C164A037013702370154A08
:100A000015481649164C136003600B700FF002FA7C
:100A1000144AFA38237810604BB113480AF0F6FCF8
:100A2000237853B11148BDE810400AF0BBBC104810
:100A30000AF0ECFC2378002BF4D10E48BDE81040FE
:100A40000AF0B0BC6C0500207A0500207905002072
:100A500078050020FC040020740500206F050020AC
:100A60006D0500206805002060D10108A8D10108AB
:100A700084D10108C4D1010800B58BB000234FF028
:100A8000000C03AA04A807A98DED010A0693099397
:100A9000CDF80CC0CDE90433CDE907330EF034FFB7
:100AA000DDED087A1F4B9DED077AF1EE677ADDEDFB
:100AB000066A0398B1EE477A1B49F1EE666A1B4A53
:100AC000D3ED015A086093ED006A77EEE57A92ED76
:100AD000005A174B37EE467A76EEC56A154993ED04
:100AE000016A154A77EEC67AD3ED005AC1ED006A65
:100AF0009FED125A37EE657AD1ED004AD2ED006AC9
:100B0000A7EE856A9DED010AE7EE055AF0EE667ADA
:100B1000E4EE807A83ED016AC3ED005AC2ED007AFB
:100B20000BB000BD840500209C050020B40500200A
:100B30007C050020B0050020AC050020CDCC4C3E4B
:100B400010B582B004460FF065F9144B1449154AEC
:100B50000094DFF868C00978126893ED000A124B20
:100B6000DCED000A93ED001ADFF854C00F4BDCED0A
:100B7000001A93ED002ADFF84CC00D4BDCED002A83
:100B800093ED003ADFF840C00A4BDCED003A93EDFC
:100B9000004A094B0CF052FC02B010BDB005002019
:100BA000C0050020BC050020A8050020A0050020ED
:100BB000980500209005002084080208AC0500205C
:100BC000A40500209C0500209405002000B5DFF856
:100BD0006CC00B46DFF868E083B0174A9EF800103F
:100BE00012689CED000ADFF85CC0DCED000ADFF85B
:100BF00058C09CED001ADFF854C0DCED001ADFF895
:100C000050C09CED002ADFF84CC0DCED002ADFF874
:100C100048C09CED003ADFF844C0DCED003ADFF854
:100C200040C09CED004A4FF0000CCDF800C00CF025
:100C300005FC03B000BD00BFBC050020B0050020CE
:100C4000C0050020AC050020A8050020A405002058
:100C5000A00500209C050020980500209405002098
:100C60009005002070B5CCB003468021494A0CA8FD
:100C700019F066FA48490CA819F03AFB002872D01E
:100C80000346002406AD01E0062C0BD045F8043BDA
:100C900000204149013419F02BFB03460028F3D111
:100CA000062C60D13D490698FFF712FB00285AD167
:100CB0003B490798FFF70CFB002854D139490898A5
:100CC000FFF706FB00284ED137490A98FFF700FBD3
:100CD000002848D1099C0A2205A9204619F062F98A
:100CE00022780546002A47D0059B1B78002B43D16C
:100CF000022841D80B9C04A9204619F095F82378C6
:100D0000002B40D0049B1B78002B3CD1F0EEC07A26
:100D10009FED267AF4EE477AF1EE10FA33D8B5EE6D
:100D2000C00AF1EE10FA2ED4DFED217AB4EEE70A14
:100D3000F1EE10FA27DCE8B28DED030A0AF0C4FAEE
:100D40009DED030A2B461B4AB7EEC00A80212CA852
:100D50008DED000B19F0F4F92CA80AF023FB2CA858
:100D60000AF008FB05E014480AF01CFB12480AF0E0
:100D700001FB01204CB070BD10480AF013FB0F4876
:100D80000AF0F8FAF5E70E480AF00CFB0C480AF0F6
:100D9000F1FAEEE7E0D10108E4D101080CD2010834
:100DA00018D201081CD2010824D20108FFFF7F7F5E
:100DB0000000344380D20108E8D1010830D2010894
:100DC00058D201082DE9F041B2B006460F469046D0
:100DD000A021384B384A0AA819F0B2F937490AA8B5
:100DE00019F086FA90B10346002401AD45F8043F9E
:100DF00000203249013419F07BFA0346002855D00F
:100E0000082CF3D1029B1A78522A03D0002032B06A
:100E1000BDE8F0815A784B2AF8D19B78002BF5D1A8
:100E200027490398FFF754FA0028EFD12549049881
:100E3000FFF74EFA0028E9D131460598FFF748FA46
:100E40000028E3D120490698FFF742FA0028DDD1B7
:100E50001E490898FFF73CFA0028D7D1099C1C4985
:100E60002046FFF735FA28B11A492046FFF730FA35
:100E70000028CBD1079D0A2201A9284619F092F833
:100E80002B780246002BC1D0019B1B78002BBDD1D3
:100E90000028BBD00E4920463A60FFF719FAB0FA95
:100EA00080F301205B0988F80030B0E7082CADD151
:100EB000A8E700BF80030020E0D10108E4D10108C9
:100EC000B0D20108B4D20108C4D20108C8D20108C6
:100ED000D0D20108D4D201082DE9F041AAB00646CB
:100EE0000F4690468021384B384A0AA819F028F955
:100EF00037490AA819F0FCF990B10346002401AD66
:100F000045F8043F00203249013419F0F1F9034655
:100F1000002855D0082CF3D1029B1A78522A03D00E
:100F200000202AB0BDE8F0815A784B2AF8D19B788E
:100F3000002BF5D127490398FFF7CAF90028EFD114
:100F400025490498FFF7C4F90028E9D131460598EE
:100F5000FFF7BEF90028E3D120490698FFF7B8F95A
:100F60000028DDD11E490898FFF7B2F90028D7D133
:100F7000099C1C492046FFF7ABF928B11A492046C5
:100F8000FFF7A6F90028CBD1079D0A2201A9284620
:100F900019F008F82B780246002BC1D0019B1B7872
:100FA000002BBDD10028BBD00E4920463A60FFF788
:100FB0008FF9B0FA80F301205B0988F80030B0E7C0
:100FC000082CADD1A8E700BFFC020020E0D1010849
:100FD000E4D10108DCD20108E4D20108C4D201083E
:100FE000C8D20108D0D20108D4D201082DE9F04FAF
:100FF000DFB0602106A80EF06DF9002800F0148122
:101000008C4B06461978002900F05A830DF1180917
:10101000894C8A4D09EB060899F8003026680A2B9E
:1010200018BF0D2B0CBF0127002740F005830023BC
:1010300083498248AB5519F0C1F98246002800F077
:101040000683AA4509D05046FFF74CF9064651469B
:101050002846721C19F018F92660002E00F0E48270
:10106000784B1B780F2B00F000832B46764AA0218B
:1010700036A819F065F8754936A819F039F903460C
:10108000002800F015811EAE4FF0000AB3464BF861
:10109000043B00206D490AF1010A19F029F90346C1
:1010A000002800F00181BAF10C0FF0D133681A78F2
:1010B000522A40F0FD805A784B2A40F0F9809B7804
:1010C000002B40F0F58062497068FFF701F90028B5
:1010D00040F0EE805F49B068FFF7FAF8002840F072
:1010E000E7805D49F068FFF7F3F8002840F0E08002
:1010F0005A493069FFF7ECF8002840F0D980584988
:10110000B069FFF7E5F8002840F0D2805549306A11
:10111000FFF7DEF8002840F0CB805349B06AFFF7B4
:10112000D7F8002840F0C480D6F814B00A2205A9E8
:10113000584618F037FF9BF800300290002B00F063
:10114000B780059B93F800B0BBF1000F40F0B08072
:10115000002800F0AD80F369444918460393FFF777
:10116000B7F8002800F0788303984149FFF7B0F8FA
:10117000002840F09D80736A0A2205A9184603934F
:1011800018F010FF039B1B78002B00F09180059B4B
:101190001B78002B40F08C80B0F5E17F40F0888018
:1011A000F66A0A2205A9304618F0FCFE3378002BB7
:1011B0007ED0059B1B78002B7AD1B0F5B47F77D118
:1011C0002C4B1A782C4B1878024340F013832B4A8F
:1011D0002B4812680068024340F00C8301200299FA
:1011E0001870284B83F800B0274B1960274B1A70F2
:1011F000274B1A70274B1A70274B1A70274B1A70FF
:10120000BBF1000F00F02E831849029B36A8244A38
:101210000091802118F094FF36A80AF0C3F8214805
:101220000AF0A8F800232360002738465FB0BDE825
:10123000F08F00BFC8040020C40400202404002054
:1012400038D30108C0050020E0D10108E4D101082D
:10125000DCD20108E4D2010868D30108C4D2010835
:10126000C8D2010870D3010824D20108D0D20108E5
:10127000D4D20108F9040020E5040020E80400208D
:10128000DC040020E4040020E0040020D804002056
:10129000D7040020D6040020D5040020D404002068
:1012A00094D30108BCD30108BAF10C0F3FF4FEAE91
:1012B0002368002B00F0B8812B46814AA02136A874
:1012C00018F03EFF7F4936A819F012F803460028AF
:1012D00039D04FF0000A0DF1780B4BF8043B002099
:1012E00078490AF1010A19F003F80346002800F0D2
:1012F000B781BAF10C0FF0D11E9B1A78522A22D175
:101300005A784B2A1FD19B78EBB96F491F98FEF78B
:10131000DFFFC0B96D492098FEF7DAFF98B96C4934
:101320002198FEF7D5FF70B96A492298FEF7D0FFE1
:1013300048B969492498FEF7CBFF20B9269B1A7853
:101340004C2A00F0F3812368002B00F06D812B46BE
:101350005B4AA02136A818F0F3FE5A4936A81EAE03
:1013600018F0C6FF0346002800F0D0804FF0000AB6
:10137000B3464BF8043B002052490AF1010A18F029
:10138000B7FF0346002800F0BD80BAF10A0FF0D184
:1013900033681A78522A40F0B9805A784B2A40F0C4
:1013A000B5809B78002B40F0B18047497068FEF70C
:1013B0008FFF002840F0AA804449B068FEF788FFFC
:1013C000002840F0A3804549F068FEF781FF00281F
:1013D00040F09C803F493069FEF77AFF002840F0DA
:1013E00095803D49B069FEF773FF002840F08E807C
:1013F0003B49306AFEF76CFF002840F08780D6F842
:101400001CB038495846FEF763FF28B136495846A4
:10141000FEF75EFF002879D1736905A90A221846F4
:10142000029318F0BFFD029B82461B78002B6DD003
:10143000059B05A91B78002B68D1002866D0736A2C
:101440000A221846039318F0ADFD039B02901B7807
:10145000002B5BD0059B1B78002B57D1431E062B1E
:1014600054D858461F49FEF733FF204BB0FA80F09E
:101470001A784009002A49D11D4A1268524545D1BF
:101480001C4A1278824241D1012119701A4B0299EB
:10149000C3F800A0194B1960002A00F0E581114A39
:1014A000029B6021009236A801935346144A18F01B
:1014B00047FE36A809F076FF00232360B5E600BF9B
:1014C000E0D10108E4D10108DCD20108ECD2010826
:1014D00068D30108C4D20108C8D2010880D4010829
:1014E00088D40108D0D20108D4D20108F904002020
:1014F000E8040020F8040020F4040020EC0400209C
:1015000090D40108BAF10A0F3FF442AF2B46734A58
:10151000A02136A818F014FE714936A818F0E8FE8C
:101520000346002865D00DF1740A00274AF8043FED
:1015300000206B49013718F0DBFE0346002856D027
:10154000082FF3D133681A78522A52D15A784B2A8D
:101550004FD19B78002B4CD162497068FEF7B8FEE2
:10156000002846D16049B068FEF7B2FE002840D19D
:101570005E49F068FEF7ACFE00283AD15C4930695C
:10158000FEF7A6FE002834D15A49B069FEF7A0FE46
:1015900078BBD6F81CA058495046FEF799FE20B1FA
:1015A00056495046FEF794FE18BBD6F814B00A22EE
:1015B00005A9584618F0F6FC9BF800300746C3B161
:1015C000059B1B78ABB9A0B150464B49FEF780FE96
:1015D0004B4BB0FA80F01B684009BB4209D1494B24
:1015E0001B78834205D1484B01221A701CE0082F5A
:1015F000A8D04649284618F0E1FE00285ED0444FA6
:101600003B46444A6021304618F09AFD304609F0C6
:10161000B1FE26683B46404A602136A8009618F085
:101620008FFD36A809F0BEFE0023236009F10109F1
:10163000C8457FF4F1ACF7E5721C9F2A02D82260FE
:10164000AB55F3E73548276009F0ACFEEEE72F49CC
:10165000284618F0B3FE824600287FF4F2ACFCE482
:10166000BAF10C0F7FF46FAE46E62D494C23DFF83C
:10167000B8E001F10C0B0A78A3F1610CA3F120068C
:101680000131A2F12000A2F1610A5FFA8CFCF6B2EE
:10169000C0B2BCF1190F98BF3346BAF1190F98BF09
:1016A00002469A427FF4E1AC8B451EF8013FE2D13D
:1016B0001B48FFF7D7FA00232360B5E50A4F9FE7E1
:1016C00001220F201A701D220BF032FF002800F0BB
:1016D0008D80144809F04EFE98E400BFE0D1010867
:1016E000E4D10108DCD20108ECD20108C0D4010821
:1016F000C4D20108C8D20108D0D20108D4D201084E
:10170000E8040020F8040020E704002048D3010882
:10171000E4D20108C8D40108E8D4010810D50108B2
:1017200024040020F4D2010858D301085A78312A41
:101730007FF409AE9B78002B7FF405AE289B1A78C6
:101740004C2A7FF400AE5A78322A7FF4FCAD9B78A5
:10175000002B7FF4F8AD239B0A2205A918460293BB
:1017600018F020FC029B83461B78002B3FF4EBAD66
:10177000059B1B78002B7FF4E6AD00283FF4E3AD1A
:10178000279B02935B78002B7FF4DDAD299B93F8B8
:1017900001A00393BAF1000F7FF4D5AD334925982A
:1017A000FEF796FD00285AD025983149FEF790FDA6
:1017B00000287FF4C8AD029B1E78A6F14103032BDD
:1017C0003FF6C1AD039B1878A0F14103032B3FF610
:1017D000BAAD86423FF4B7AD264B197811B9264908
:1017E000096859B1254809F0DDFD1DE7244809F0D5
:1017F000C1FD0BE4234809F0D5FD13E501221A7061
:101800001E22214B83F800A0204BC3F800B0204BD0
:101810001E70204B18700F201F4B19600BF088FEB4
:10182000A0B11E4809F0A6FDBAF1000F12D00F4A70
:101830005B466021009236A8194A18F081FC36A850
:1018400009F0B0FD174809F095FD35E6164809F096
:1018500091FDE9E7064AEBE74FF0010B8BE44FF00F
:10186000010AA8E70249D0E4014A19E6D0D20108EA
:10187000D4D20108F9040020E8040020DCD30108D8
:1018800014D301087CD30108F8040020F4040020DC
:10189000F1040020F0040020EC040020F4D301083F
:1018A00038D4010860D4010814D401085F4BB9EEA4
:1018B000007AD3ED007AF4EEC77AF1EE10FA00F177
:1018C0009F80B1EE007ADFED5A6AF4EEC77AF1EE4E
:1018D00010FA37FE277AF0EEC77AF4EEE67AF1EEE8
:1018E00010FA40F28A80B5EEC07AF1EE10FA40F3B9
:1018F000998037EE667AF9EE007AD3ED016AF4EE5C
:10190000E76AF1EE10FA00F18480F1EE007A9FEDC3
:10191000486AF4EEE76AF1EE10FA77FEA67AF0EE86
:10192000E76AF4EEC66AF1EE10FA75D9F5EEC07A00
:10193000F1EE10FA73DD77EEC67A61EEA75A90EDFC
:10194000006A61EE277AD0ED016A9FED3A5AE1EE26
:10195000075AE1EEC77AA5EE826AE7EE826A76EE72
:10196000407AF4EEC57AF1EE10FA4FD49FED327A58
:101970009FED2F6AF4EEC77AF1EE10FA37FE277A60
:1019800027EE066A76EEE07A9FED2A7AF4EEC77AC1
:10199000F1EE10FA37D49FED287ADFED256AF4EEE8
:1019A000C77AF1EE10FA77FE277A67EEA67A30EE64
:1019B000067ADFED226AB0EEC00A70EEA77A80EDFB
:1019C000007AB4EEE60AC0ED017AF1EE10FA13D80F
:1019D000F0EEE00AF4EEE60AF1EE10FA0CD8184B3D
:1019E000D3ED007AF0EEE77AF4EEE67AF1EE10FA53
:1019F00002D800230360436070479FED127A7AE7B4
:101A00009FED117A77E7DFED117AD0E79FED0F6A4E
:101A1000B8E7DFED0D7A90E7DFED0A7A8DE777EE34
:101A2000867A8AE737EE267A65E700BF7C050020D4
:101A30000AD7A33D9A9919BE9A99193E0AD7A33C91
:101A4000A80500200000000048E17AC0A69B44BC25
:101A5000F8B50B780E460746F3B101380D4602E0A3
:101A600015F8013FC3B110F8012FA3F16101A3F1F3
:101A7000200EA2F1200CA2F16104C9B25FFA8EFE21
:101A80005FFA8CFC192998BF7346192C98BF6246DF
:101A90009A42E5D00020F8BD3046FEF723FC385CC2
:101AA0002C2818BF00280CBF01200020F8BD00BF63
:101AB0002DE9F047D4B0802104A80DF00BFC28B329
:101AC00004AC464DDFF8448100272618DFF840912A
:101AD00007E0501C9F281CD8286008F80230A64256
:101AE00014D014F8013B2A680D2B06D0A3F10A018B
:101AF000B1FA81F149090029EBD008F8027012B15E
:101B0000D9F800303BB9A6422F60EAD154B0BDE805
:101B1000F0872960E3E732480DF10B0203A9FFF7D4
:101B200051F920B1039BD9F80020934227D00DF141
:101B30000B0203A92B48FFF745F920B1039BD9F805
:101B4000002093422CD00DF10B0203A92648FFF789
:101B500039F90028D7D0039BD9F800209342D2D17D
:101B600022499DF80B2009788A42CCD120490120D6
:101B70000870002A2FD01F4A00921B4A1DE01B4A02
:101B80009DF80B1012789142D1D11B49097811B9F7
:101B90001A4901200870D2B1164A0092104A0CE08E
:101BA000124A11789DF80B208A42CCD114490120A9
:101BB000087072B10F4A00920A4A0192C021114A7C
:101BC00024A818F0BDFA24A809F0ECFB9BE70E4A04
:101BD000E3E70D4AEFE70C4ACEE700BF2004002000
:101BE0003CD501087CD50108C0D40108CD040020F3
:101BF000CA040020D0D20108C9040020CC0400206F
:101C0000CB04002044D50108D4D201088003002071
:101C1000D00400202DE9F04104460138504E5223F3
:101C200004F11E08054615F8012FA3F1610EA3F17A
:101C3000200CA2F12001A2F161075FFA8EFE5FFA8B
:101C40008CFCC9B2BEF1190F98BF6346192F98BF1B
:101C50000A469A420DD1454516F8013FE3D10123CA
:101C60004049414A0B7041481370BDE8F04109F00A
:101C700081BB3F4E04F110080546522315F8012F91
:101C8000A3F1610EA3F1200CA2F12001A2F16107E2
:101C90005FFA8EFE5FFA8CFCC9B2BEF1190F98BFD5
:101CA0006346192F98BF0A469A420BD1454516F84C
:101CB000013FE3D12F4B00222F481A70BDE8F041BD
:101CC00009F058BB2D4F04F10F080646522316F8B1
:101CD000012FA3F1610CA3F12005A2F12001A2F1D3
:101CE000610E5FFA8CFCEDB2C9B2BCF1190F98BF5E
:101CF0002B46BEF1190F98BF0A469A4208D1B0454B
:101D000017F8013FE3D11E48BDE8F04109F032BBAE
:101D10001C4E0B34522310F8012FA3F1610CA3F1D8
:101D20002005A2F12001A2F161075FFA8CFCEDB25F
:101D3000C9B2BCF1190F98BF2B46192F98BF0A469C
:101D40009A420BD1A04216F8013FE4D1064B012282
:101D50000D481A70BDE8F04109F00CBBBDE8F081F8
:101D600084D50108790500207A0500200CD60108E9
:101D700034D601086C050020E0D50108F8D501082B
:101D8000B8D50108D0D50108A4D501082DE9F04344
:101D90000446ADF51D7D0EF03DF8002C68D0804660
:101DA00053492046FEF794FA0546002860D1514B6E
:101DB0001B68002B5CD0504A1268934258D14F4A9E
:101DC00011784F4A1278914252D14A4E40214D4AE1
:101DD00014A80093234618F0B3F933684A4A402107
:101DE000009324A82346A8F1C80918F0A9F932687D
:101DF00023464021009234A8444A18F0A1F94448EF
:101E000009F004FB2B4603930EF004F8A0EB090243
:101E1000039BC72A48D8402104A803930DF05AFA1F
:101E2000039BB8B104AA5CAE1718144606E0FF295C
:101E30000CD80134F2540B46BC420BD02278591C0A
:101E40000D2A01D00A2AF2D1F554D3B90134002366
:101E5000BC42F3D103930DF0DDFF43F69722A0EBD4
:101E6000080090422CD801200DF0DAFF039BCAE74E
:101E7000284B06221A60002318460DF51D7DBDE88B
:101E8000F0833046FFF7C6FE24A93046FFF7E0FD99
:101E9000034634A930466BB9FFF7DAFD0028D5D0E8
:101EA0001C4B0A221A60E6E7814614A809F07AFA68
:101EB000039BB0E71848039309F0A8FA039BDBE7FC
:101EC0000F4B082013491A780A4B08601B686AB147
:101ED0001248134A6021009044A818F031F944A830
:101EE00009F060FA0F4809F091FAC4E70E48F0E7EC
:101EF000B4D2010860050020D0040020CD040020E9
:101F00006D05002048D6010860D601087CD601087E
:101F100094D60108BC050020B8D60108D0D201082B
:101F2000DCD6010810D70108D4D201082DE9F0470A
:101F300090B00DF06FFF404B1B7823B93F4A1368F8
:101F4000C31AF92B66D8402168460DF0C3F9F0B1E9
:101F50006C463B4E3B4D271806E0501C5F2819D8B5
:101F60003060AB54BC4212D014F8013B32680D2BE8
:101F700006D0A3F10A01B1FA81F149090029ECD098
:101F80000023AB545AB90023BC423360ECD110B0EB
:101F9000BDE8F0872C48316009F038FAE2E72B48B9
:101FA00009F0E8F9284609F0E5F9294809F0E2F9CD
:101FB000284B1A780F2A06D01B78072B03D0284607
:101FC000FFF728FEDFE71F494C23DFF8A48001F16B
:101FD0000C0A0A78A3F1610EA3F120000131A2F1ED
:101FE000200CA2F161095FFA8EFEC0B25FFA8CFC90
:101FF000BEF1190F98BF0346B9F1190F98BF624699
:102000009A42DCD18A4518F8013FE2D10D48FEF72B
:1020100029FEB8E71049114B10600A781B7822B9E5
:1020200033B10F4809F0BEF98DE71BB10D48F9E750
:102030000D48F7E70D48F5E7780500206805002012
:10204000FC0400200005002078D7010868D70108AB
:1020500074D70108C00500206C0500206D05002024
:1020600038D70108A8D1010850D70108C4D1010808
:1020700058D3010830B59FB00DF0CCFE294B044673
:102080001B78E3B12849294B0A78EAB12849294D40
:102090000A68A21AB2F5967F2AD2274B1B6843B969
:1020A000264B1B68002B36D1254B1B780BB9FFF74D
:1020B0003DFF2878003818BF01201FB030BD1A49F5
:1020C000204B0A78002AE1D101201A4D05930870AF
:1020D000A4F5967016492A7008601B48049109F00F
:1020E00095F9DDE904130A68A21AB2F5967FD4D3F4
:1020F0000C604FF4167240F29D1106A8CDE9012143
:1021000040F28A21114A0091602118F019F806A8BE
:1021100009F048F9C1E70E4B1B78002BC9D1FEF737
:1021200065FFC6E76D05002078050020D0D20108C4
:102130007405002079050020DC040020E80400205C
:102140006F050020D4D201089CD70108C8D7010828
:10215000E6040020144B1B6810B5044682B03BB95E
:10216000124B1B688BB9124B1B780BB9FFF7DEFEC5
:102170000AF0B8F918B901900AF0BAF960B9204626
:1021800002B0BDE8104009F03FBF0A4B1B78002B9E
:10219000EED1FEF72BFFEBE7FEF726FC064A0921FE
:1021A0000198116002B010BDDC040020E80400209A
:1021B0006F050020E6040020BC050020154B1B68BD
:1021C00000B583B03BB9144B1B68A3B9134B1B7804
:1021D0000BB9FFF7ABFE0AF085F918B901900AF0C8
:1021E00087F978B90DF016FE09F07EFE03B05DF8B0
:1021F00004EB09F039BF0A4B1B78002BEBD1FEF73B
:10220000F5FEE8E7FEF7F0FB064A092101981160A8
:1022100003B000BDDC040020E80400206F050020AE
:10222000E6040020BC050020F8B50E46174604461B
:102230000DF0F0FD0546FFF71DFF154B1B78D3B9D8
:10224000304609F0E3F809E0FFF714FF98B9FFF70B
:10225000B5FF034601209BB10DF0E2FD0DF0DAFD64
:10226000401BA042F0D30B4809F0D0F80A4B0822DB
:102270001A600020F8BD384609F0C8F80120F8BD02
:10228000054B1A68092AF4D005221A60F1E700BF4D
:102290007905002004D80108BC0500202DE9F04F85
:1022A000ADF54B7D82460DF0B5FDA84B05901A6843
:1022B00012F1010900F0C8814A46DFF8E4B240F6A5
:1022C000B8381A609BF80030059A002BA04BA2F199
:1022D000C801A2F10A021B7808BF4FF4E168079118
:1022E0000692002B00F0AE819A4C9B495046FDF7B8
:1022F000EFFF4EF6602347F230524021CDE90094C3
:102300000024A04208BF1A46944B1AA81C70944B94
:1023100009921C705346934A17F012FF5346924A93
:1023200040212AA8CDF8009017F00AFF53468F4AA3
:1023300040213AA8CDF8009017F002FF53468C4A8E
:1023400040214AA8CDF8009017F0FAFE5346894A7A
:1023500040215AA8CDF8009017F0F2FE5346864A65
:1023600040216AA8CDF8009017F0EAFE5346834A50
:1023700040217AA8CDF8009017F0E2FE5346804A3B
:102380006021B2A8CDF8009017F0DAFEB2A809F0EB
:102390003DF80DF03FFD059B054604940893069B10
:1023A000CDF80C90EB1A092B40D8079BEB1AC72BE2
:1023B00046D800260DF12809402148460CF08AFF36
:1023C00000B309EB00074D46204609E0421C5F2A96
:1023D00044D80DEB0004104684F86832BD4210D09A
:1023E00015F8013B0D2B01D00A2BEFD10DEB0003AB
:1023F000002283F86822002834D1BD424FF000004B
:10240000EED104460DF006FD002E40F0FB80059B4A
:10241000C01A404580F03B8101200DF001FD0DF018
:10242000F9FC069B0546EB1A092BBED9FFF7C6FE41
:10243000002800F07A81079B0695EB1AC72BB8D9C4
:102440001AA808F0AFFF53464E4A6021B2A817F011
:1024500077FEB2A808F08EFF0795AAE74A4808F071
:10246000D5FFCAE7494808F085FF9AA808F082FF1F
:10247000474808F07FFF9AA8FFF7CCFB40F6B83337
:102480009BF800203AA943459AA838BF4346002A42
:1024900018BF9846FFF7DCFA0446002800F0828057
:1024A000002E00F0AB80039B60213A4AB2A8009353
:1024B000534617F045FEB2A808F0A8FF4AA99AA80B
:1024C000FFF7C6FA0646002874D17AA99AA8FFF742
:1024D000BFFA0646002840F0BA806AA99AA8FFF71A
:1024E000B7FA80B142F6E06398450AD0039B6021B9
:1024F000294AB2A80093534617F022FEB2A808F06A
:1025000085FF42F6E068DCB19AA85AA9FFF7A0FA65
:1025100008B9264662E70DF07DFC039BA0F1C804D4
:102520001E4A6021009305905346B2A8079417F005
:1025300007FEB2A808F06AFF40F6B83800230493FB
:10254000BD4200F0968000204AE700BF64050020ED
:102550006D050020D0D201082CD80108710500209B
:102560007005002038D8010858D8010870D8010833
:1025700088D80108A0D80108B8D801087CD601087D
:10258000D0D8010870D9010878DA010868D70108A5
:1025900074D7010888D9010830DA01084CDA01083B
:1025A0007A0500204AA99AA83446FFF751FA064650
:1025B00000288AD060495046DDF80C90FDF788FE6F
:1025C00000285AD19AA85D4917F0F8FE031E18BFDB
:1025D00001235B4C60215B4AB2A8CDF800902370C8
:1025E000534617F0ADFDB2A808F010FF2378002B7A
:1025F00045D130460DF54B7DBDE8F08F0DF00AFC5E
:10260000049050E701200DF00BFC0DF003FC049B3F
:10261000099A0546C31A934250D2069BEB1A092B1E
:102620000AD8089BEB1AB3F57A7FFFF4C5AE2AA847
:1026300008F0B8FE0895BFE6FFF7C0FD002874D08B
:102640000695EEE7404C50E60122914635E6DDF86E
:102650000C9053463D4A6021B2A8CDF8009017F087
:102660006FFDB2A808F0D2FE394B0A221A6000268C
:10267000BFE700240DF0CEFBC9E60023A9E73548EB
:1026800008F0C4FE30460DF54B7DBDE8F08FDDF857
:102690000C905346304A6021B2A8CDF8009017F054
:1026A0004FFDB2A808F0B2FE00210122284B8BF8A2
:1026B000001023490A7008221A60D8E7DDF80C9050
:1026C0005346264A6021B2A8CDF8009017F038FD95
:1026D000B2A808F09BFE5346214A40218AA8CDF8B3
:1026E000009017F02DFD8AA808F05CFE8AA808F07B
:1026F00059FE53461B4A6021B2A8CDF8009017F04E
:102700001FFDB2A808F082FE01230D4A504616496B
:102710001370164A1370FDF7DBFD00287FF469AFD4
:102720000B4B082206461A6063E7094B1A68092A10
:102730009DD005221A609AE72CD80108A0D901087B
:1027400071050020B4D90108D4D201080CDA0108BF
:10275000BC050020D0D9010894DA0108ECD80108A2
:1027600010D9010828D901085CD90108700500209A
:102770002DE9F04FADF5617D0C4607900DF04AFB59
:10278000A54B0C901A6812F1010800F096814246A0
:10279000DFF8C8A240F6B8371A609AF800209F4BBD
:1027A000002A0C9A1B78A2F1C801A2F10A0208BF04
:1027B0004FF4E1670A910992002B00F07B81984B5E
:1027C0000D93002C00F04C810D9BC0A8954A8021F0
:1027D000009302230F900193434617F0B1FC38A8F1
:1027E0004346914A6021049017F0AAFC50A8434642
:1027F0008E4A6021059017F0A3FC68A843468C4AD6
:102800006021069017F09CFC20A84346894A60216D
:102810000E9017F095FC884B0893079B8021874A00
:10282000A0A802930D9BCDE90083089B17F088FCBC
:10283000A0A808F0EBFD0DF0EDFA002304461D46BC
:102840000B93099BE31A092B3DD80A9BE31AC72B6C
:1028500043D810AE402130460CF03CFD83460028A2
:1028600000F044814FF000090024284608E0421C93
:102870007F2A45D880A90B54104601345C450DD2FF
:10288000335D0D2B01D00A2BF1D1002380AA135404
:10289000002839D1013400205C45F1D305460DF004
:1028A000B9FAB9F1000F7ED10C9BC01A874240F2F1
:1028B000248101200DF0B4FA0DF0ACFA099B044616
:1028C000E31A092BC1D9FFF779FC002800F03F81FA
:1028D0000A9B0994E31AC72BBBD90F9808F062FD35
:1028E000079B574A80210293A0A80D9BCDE9008346
:1028F000089B17F025FCA0A808F03CFD0A94A8E767
:10290000504808F083FDC5E74F4808F033FD80A824
:1029100008F030FD4D4808F02DFD80A8FFF77AF94A
:1029200040F6B8339AF8002080A80499002A18BF0E
:102930001F46FFF78DF8054678B1B9F1000F2ED08C
:10294000079B8021424AA0A8A946CDE90083089BA5
:1029500017F0F6FBA0A808F059FD059980A8FFF72D
:1029600077F8002840F0AC8080A80699FFF770F84F
:10297000002882D00799A0A8089B364ACDE900819B
:10298000802117F0DDFBA0A808F040FD324B0A22A1
:102990001A60002528460DF5617DBDE8F08F0DF029
:1029A00039FA0B90CCE7012047F22F540DF038FA9A
:1029B0000DF030FA83460B9B099AABEB0303ABEBAC
:1029C0000202A34200F2B080092A1CD80A9BABEB9A
:1029D0000303B3F57A7F10D2402130460CF07AFC25
:1029E000834600287FF440AF0DF014FA01200DF06B
:1029F00017FA0DF00FFA8346DDE70E9808F0D2FCC7
:102A0000CDF828B0E8E7FFF7D9FB002800F09F8059
:102A1000CDF824B0DAE700BF640500206D05002082
:102A2000D0D20108CCDA010804DB010830DB010850
:102A30005CDB010880DB0108C0DA010820DC01084A
:102A400090DC01085CDD010868D7010874D7010833
:102A5000CCDC01082CDD0108BC0500207A05002033
:102A6000079BC0A83E4A802101930D9B0F900093C5
:102A7000434617F065FB38A843463A4A6021049064
:102A800017F05EFB50A84346374A6021059017F0C7
:102A900057FB68A84346354A6021069017F050FB63
:102AA00020A84346324A60210E9017F049FB314B73
:102AB0000893B2E6304B0D9383E60122904667E619
:102AC000079B05462D49002001932D4A089BCDF810
:102AD000008008708021A0A817F032FBA0A808F0A1
:102AE00095FC28460DF5617DBDE8F08F0DF092F95B
:102AF0000C9BC31ABB42FFF4DCAEDDE90723802147
:102B0000A0A80192CDF800801E4A17F019FBA0A8DA
:102B100008F07CFC194A012100201B4B117008228F
:102B20008AF800001A6034E70799A0A8089B174AA2
:102B3000CDE90081802117F003FBA0A808F066FC16
:102B40000E490120104B082208701A6021E70E4B35
:102B50001A68092A3FF41DAF05221A6019E700BF61
:102B6000A4DB0108D8DB0108FCDB01085CDB010801
:102B700080DB0108B8DA0108D4D201087105002011
:102B8000FCDC010884DD0108BC0500205CDC0108D8
:102B90002DE9F04FADF5077D83460DF03BF9A34BD2
:102BA00005901A6812F1010A00F0DE805246DFF843
:102BB000EC8240F6B8361A6098F80030059A002B7F
:102BC0009B4BA2F1C801A2F10A021B7808BF4FF487
:102BD000E16603910492002B00F0C480954B00271E
:102BE000954A402116A8CDE900A3944B1F705B467F
:102BF00017F0A6FA5B46924A402126A8CDF800A01D
:102C000017F09EFA5B468F4A402136A8CDF800A007
:102C100017F096FA5B468C4A402146A8CDF800A0F2
:102C200017F08EFA5B46894A60216EA8CDF800A0A5
:102C300017F086FA6EA808F0E9FB0DF0EBF8049B9C
:102C40000446C31A092B76D8039BE31AC72B7BD8FB
:102C5000402106A80CF03EFB00285BD006AC2518EE
:102C600009E07A1C5F2A5FD86F4487F8583117460D
:102C70000134AC424ED023780D2B08D0A3F10A09C1
:102C8000B9FA89F94FEA5919B9F1000FE9D04FF0B3
:102C900000090DEB070383F85891002FE8D06C482A
:102CA00008F068FB56A808F065FB6A4808F062FB6C
:102CB00056A8FEF7AFFF40F6B83398F8002026A9D3
:102CC000B34256A838BF33464A4518BF1E46FEF7E2
:102CD000BFFE00284BD146A956A8FEF7B9FE07460D
:102CE000002860D156A836A9FEF7B2FE08B342F616
:102CF000E0694E45BCD05B46574A60216EA801345E
:102D0000CDF800A017F01CFA6EA808F07FFBAC42CB
:102D10004E46B0D10DF07EF8059BC01AB04269D284
:102D200001200DF07DF888E74C484F4608F06EFB17
:102D30009EE707469CE7FFF741FA00286FD0039B08
:102D40000494E31AC72B83D916A808F02BFB5B4623
:102D5000434A60216EA817F0F3F96EA808F00AFB49
:102D6000039475E73F4B3AE7012292461FE7334B46
:102D700007463D49584683F800903C4BC3F800A0F5
:102D8000FDF7A6FA18B35B46394A60216EA8CDF864
:102D900000A017F0D5F96EA808F038FB38460DF5FD
:102DA000077DBDE8F08F5B46324A60216EA8CDF802
:102DB00000A017F0C5F96EA808F028FB2E4B0A22D8
:102DC0001A60002738460DF5077DBDE8F08F184BD7
:102DD0001A782A4BC3F800A0294B1A70294B187097
:102DE000294B1870294B1870294B1870294808F086
:102DF0000DFBC8E75B46284A60216EA8CDF800A00D
:102E000017F09EF96EA808F001FB002101221A4B71
:102E100088F8001009490A7008221A60D1E7164B99
:102E20001A68092ACDD005221A60CAE76405002075
:102E30006D050020D0D2010838D8010871050020A6
:102E400070D80108B8D801087CD60108BCDD01089B
:102E500068D7010874D7010870DE010878DA010824
:102E6000DCDD0108D4D20108B4D2010860050020DD
:102E700028DE010848DE0108BC050020D00400203F
:102E8000CD040020CC040020CB040020CA04002084
:102E9000C9040020FCDD010894DE01087A05002049
:102EA0002DE9F047ADF5327D05460CF0B3FF6B4BD5
:102EB00080461A68541C17D022461A605DB16849D2
:102EC0002846FDF705FA30B9664B1B681BB1664A08
:102ED000126893420BD0654B06221A6000252846E3
:102EE0000DF5327DBDE8F08701221446E5E7604A22
:102EF000604B12781B789342EDD1A8F1C809A8F174
:102F00000A0A002B74D15C4B5C4A602112A8CDE9FF
:102F100000432B4617F014F92B46594A60210094C0
:102F20002AA817F00DF92B46564A6021009442A8B2
:102F300017F006F92B46544A602100945AA817F05E
:102F4000FFF82B46514A8021009492A817F0F8F818
:102F500092A808F05BFA00250CF05CFFA0EB0A03D6
:102F60000446092B33D8A4EB0903C72B38D84021DA
:102F700002A80CF0AFF9C0B102AC0027261808E097
:102F80006A1C7F2A36D8013472A9B4424B551546C3
:102F90000BD023780D2B01D00A2BF1D172AB5F55EA
:102FA00065BB01340025B442F3D10CF033FF43F686
:102FB0009723A0EB0800984240D801200CF030FF86
:102FC0000CF028FFA0EB0A030446092BCBD9FFF72E
:102FD000F5F8002839D0A4EB0903A246C72BC6D9BF
:102FE00012A8A14608F0DEF9294808F0C3F9BEE7A7
:102FF000284B89E7284808F009FAD2E71846FEF777
:1030000009FE2AA972A8FEF723FD78B942A972A881
:10301000FEF71EFD054668B972A85AA9FEF718FD0D
:103020000028BED0114B0A221A6057E71B4808F04F
:10303000A1F9B6E71A4808F09DF950E70B4B0822B2
:1030400018481A6008F0E2F948E7084B1A68092A9C
:103050003FF444AF05221A6040E700BF640500203A
:10306000B4D2010860050020D0040020BC05002077
:103070006D050020CD040020D4D20108BCDE01087B
:1030800070D8010888D801087CD60108E0DE010864
:1030900004DF0108D0D2010878DA010828DF01082E
:1030A0004CDF010870DF01082DE9F04FADF53F7DE1
:1030B00007460D4616460CF0ADFE8F4B04901C687B
:1030C000013420D022461A608C4B1B78CBB18C4A3D
:1030D00047F230539E4298BFB5F57A7F07D8B7F1D3
:1030E000030A18BF4FF0010ABAF1000F0ED0854B4A
:1030F00006221A604FF0000948460DF53F7DBDE8F5
:10310000F08F814AE4E701221446DCE7049F4FF088
:1031100003092346A021C83F009296A87B4ACDF818
:1031200004900597049FCDE9025617F009F823464D
:10313000774A402106A8A7F10A0817F001F82346AC
:10314000744A402116A816F0FBFF2346724A40211C
:1031500026A816F0F5FF2346704A80214EA8CDF828
:103160000090CDE9015616F0EBFF4EA808F04EF99D
:103170000CF050FEA0EB08030446092B00F2A080DF
:1031800057460DF1D80B059BE31AC72B00F28B8035
:10319000602158460CF09EF88246002800F093808B
:1031A00000265C46002509E0791C9F294BD86EA8B3
:1031B000C2550F460135013455450ED222780D2AED
:1031C00001D00A2AF0D100226EABDA55002F3ED191
:1031D0000135002701345545F0D30CF01BFE16BB1A
:1031E000049BC01A40F6B733984276D801200026D7
:1031F0000CF016FE0CF00EFEA0EB08030446092BA3
:10320000C1D9FEF7DBFF00286ED0A0460DF1D80B28
:10321000002EB8D0602158460CF05CF88246002899
:10322000BFD10CF0F7FD801B41F2873398424DD897
:1032300001200CF0F5FD0CF0EDFDA0EB08030446B9
:10324000092BE7D9DDE7364808F0E0F8C0E7354854
:1032500008F090F86EA808F08DF8334808F08AF866
:1032600006A96EA8FEF7F4FB50B1002EB0D10CF009
:10327000D1FD81462D48374608F07CF84E4699E747
:1032800016A96EA8FEF7E4FB814688B96EA826A9A8
:10329000FEF7DEFB00289BD0254808F0B7F8194B55
:1032A0000A221A6026E796A808F07CF805946FE7D2
:1032B000204808F0ABF848460DF53F7DBDE8F08F9B
:1032C000564657469DE70CF0A5FD89E71A4808F0D9
:1032D0009DF80C4B08221A600CE7184808F096F885
:1032E000084B08221A6005E7064B1A68092A3FF4C2
:1032F00001AF05221A60FDE6640500206D0500207F
:10330000D0D20108BC050020D4D2010898DF010802
:10331000DCDF0108F8DF010814E0010830E00108F3
:10332000B0E0010868D7010874D701086CE0010813
:1033300094E0010880E00108F0E00108D4E0010811
:10334000F8B507460CF066FD0646A0F10A050BE04D
:103350000CF060FD431B092B03D90546FEF72EFF39
:1033600040B101200CF05CFD0CF054FD801BB84214
:10337000EED3F8BD044B1A68092A01D005221A6061
:10338000024B07221A70F8BDBC050020C0050020C2
:103390002DE9F04F994C0027994B4FF00108D4EDDF
:1033A000007ADFF8B8B22DED0C8B89B030EE27AA89
:1033B00093ED00DA00970397DFED928ADFED92BA82
:1033C0009FED929ADFED929A9FED92BACDE9017747
:1033D0000CF020FDDFED907A904B8146B0EE67CA8D
:1033E000A0F1FA0AC3ED007AF0EE67AA8C4B06460C
:1033F000CBED007A0546C3ED007A8A4B84ED00AA36
:10340000C3ED007A884BCDE90477CDE90677C3EDAB
:10341000007A0CF0FFFC41F26F73A0EB0902044646
:103420009A4200F2DF80831B092B40F2C380431BCA
:103430000A3607EE903A831BF8EE677A092B88BFAD
:10344000064667EEA87AF4EEE87AF1EE10FA00F19B
:10345000A8809FED768AF4EEC87AF1EE10FA38FE75
:10346000278A734DB0EE480AFDF706FB7AEE4DCA87
:10347000D5ED007A6BEEE77AECEE897AF4EEE97A34
:10348000F1EE10FA00F18A80F4EEC97AF1EE10FA4A
:1034900079FE277A28EE0B8A3CEE487AB4EEE77A7A
:1034A000F1EE10FA77DC3CEE088AF4EEC87AF1EE21
:1034B00010FA38FE27CAB0EE4C1A6946F0EE6A0AD6
:1034C0009FED550A5B488BED00CA08F0F5FB00281C
:1034D00000F08C80584B1B6843B9584B1B68002B7D
:1034E0006ED1574B1B780BB9FEF720FD08F0FAFFA1
:1034F00018B908F0FDFF00286ED1684608F084FD79
:1035000058B9504B1A68092A01D005221A600020C8
:1035100009B0BDEC0C8BBDE8F08F0CF07BFC04A96E
:1035200008F0C0FD70B9B8F1000F04D1464807F0AB
:103530006DFF444BE9E7CDE90400CDE906004348BF
:1035400007F064FFA4EB0A032D4AF92B92ED00DA91
:103550002AD8F0EEECCA0AF0D5FADFED3D7AF4EEA7
:10356000E7CAF1EE10FA12D8D5ED007A9FED397A5C
:10357000F0EEE77AF4EEC77AF1EE10FA07D837B337
:10358000E31B4F2B36D84FF00008254641E70027B4
:103590002546B8463DE7B0EE47CA8CE7F0EE697ABB
:1035A00078E7B0EE688A5CE704A92046A246FDF7FA
:1035B0000DFBCEE72C4601200CF032FC254628E717
:1035C000254B1B78002B91D1FDF710FD8EE7274688
:1035D0004FF0000825461CE7FDF706FA194B0922B3
:1035E0001A608FE7174B07221A6090E7154B0622E7
:1035F0001A608CE7FEF7E2FD8AE700BF8C05002029
:10360000AC0500206F12833ACDCC4C3ECDCC0C40A3
:10361000CDCC0CC03333734000000000A80500205F
:10362000980500209405002090050020CDCC4C3D4D
:10363000B0050020A4080208DC040020E8040020F3
:103640006F050020BC05002030E101080CE10108F5
:103650000AD7A33C0AD7233DE6040020A405002096
:103660002DE9F04F00232DED108BE7B09FED948AEC
:10367000F0EE408A1B93B0EE60EA8DED148A8DED7A
:10368000158A8DED168ACDE91C33CDE91E33CDE9BF
:103690002033CDE92233CDE919338A4BD3ED00EA4B
:1036A0000CF0B8FBF0EE482ADFED941AB0EE482A91
:1036B00025AA012308908DED248A07EE903AF0EEBA
:1036C000680A18A917A8B8EEE70A013320EE210A04
:1036D000FDF748F9F0EE627ADDED182AB0EE427A95
:1036E0009DED172A412B72EEE77A52ED016A32EE18
:1036F000477A67EEA77AE7EE077AB1EEE77A77EED8
:10370000267AE2EC017AD8D1DDED64AA9FED6ECA8B
:10371000F4EECCAAF1EE10FA0AD86C4B06224FF068
:10372000000A1A60504667B0BDEC108BBDE8F08F00
:103730009FED63AA664BDFED677AB0EE4A8A83EDB0
:1037400000AAB0EE4ABA644B2EEE27EA9FED63FA68
:10375000F0EE4A9A83ED00AAB0EE4A9A604B68EE0A
:103760008F7A089EF0EE4ADA83ED00AAB0EE4ADACC
:103770005C4BF0EE4ACACDED037A7EEE8E7A83ED95
:1037800000AA3746584BB246CDED0D7A83ED00AA1C
:10379000A6F1FA030B93FEF76DFC002301220793B9
:1037A00009920C930CF036FB0646FEF763FC089A70
:1037B00042F22733B21A9A4200F24183F31B092BDB
:1037C00040F2DE83A6EB0A030A3707EE903AF31BBA
:1037D000F8EE677A092B88BF374667EE8C7AF4EEED
:1037E000CC7AF1EE10FA00F1A983DFED40FAF4EEA5
:1037F000EF7AF1EE10FA7FFEA7FAB0EE6F0AFDF74E
:103800003BF916AB14AA20A9009315AB384808F071
:10381000CBFA0A90002800F0E883DFF8D8A0DAEDB0
:10382000007A37EEEEFAB0EE4F0A15F009FCF0EE32
:1038300040BAB0EE4F0A15F003FB9DED157ADDEDB1
:10384000147AB0EE40FA67EE006A9DF86C3027EE0D
:103850002B7AE7EEAB6AA0EE677A002B00F0768356
:10386000F0EE401A19A8F0EE470AB0EE660AB0EE84
:103870006F2AB0EE6B1AFEF719F8DDED196A9DEDAF
:103880001A7A89EE2A6AB5EEC06AF1EE10FA00F1F2
:103890005883F7EE002AB4EEE26AF1EE10FAB5EEC4
:1038A000C09A32FE866AF1EE10FA40F2A283B4EEBC
:1038B000EA9AF1EE10FA58DA25AA012330E000BFA7
:1038C000000000008C0500206F12833ABC05002028
:1038D000A8050020DA0FC93FA4050020B7D1303F6A
:1038E000980500209405002090050020CDCC4C3D8B
:1038F000A4080208AC050020BD3786350000803CD6
:10390000CDCCCC3E9A99193F3333B3BE9A9919BEA8
:103910000AD75BC0AE47613F0133412B00F06283A1
:10392000D2ED007A0432B4EEE79AF1EE10FAF3D851
:10393000013B1FED0F5A0DEB8302D2ED245A77EEB7
:10394000E57AF4EEC57AF1EE10FA40F31F8379EED2
:10395000655A85EEA75A07EE903AF8EEE72A5FED32
:10396000197A72EE852A62EEA72AF0EE680A18A983
:10397000B0EE620A17A88DED067ACDED056A8DEDE1
:10398000046AFCF7EFFFF7EE005A5FED237AF0EEE2
:10399000084A1FED244A28EEA75A1FED257A75EE36
:1039A000E25A9DED033AF1EE087A9DED046AA8EE25
:1039B000C43ADDED056A65EEA43A65EEA77A62EEDB
:1039C000A44A63EEA53AF0EE455A67EEA27A64EE99
:1039D000A24AD8EE845A65EEA75A67EE877A1FEDA1
:1039E000357AE5EE235A1FED365AE3EE877A9DEDE0
:1039F000067AE4EE835AE4EE857A25EEA55AA7EE20
:103A0000A75AF1EEC53AF4EECC3AF1EE10FA40F2D4
:103A1000EC82C5EEA34A5FED415AE44BD3ED002A98
:103A200087EEA34ADFEDE23A67EE233A66EEA55A47
:103A30007AEEC97AA3EEAFDAE5EEAFCA23EEA43A86
:103A4000A5EE843A63EE843AE4EEE53AF0EE625A8B
:103A5000B0EEC35AE3EE2FDAE5EE2F5AC3ED005A6B
:103A60007AEEED5AB4EEE5AAF1EE10FAB4EEE7AA5A
:103A70003AFE250AF1EE10FA7AFE277AF4EEC07AC1
:103A8000F1EE10FA30FE270AB5EE400AF1EE10FA18
:103A900000F1CB82F1EEC07ADFEDC62AF4EEE72A20
:103AA000F1EE10FA77FEA27AF4EEE79AF6EE002A2B
:103AB000F1EE10FA6FEEA22A40F1238279EEA22AEB
:103AC000F4EEE72AF1EE10FA77FEA29AA9EEAF9A89
:103AD000DFEDB97AB4EEEA9AF1EE10FA3AFE899A7D
:103AE00079EE6D2A62EEA72AFDEE007AF4EEE72A5F
:103AF000F1EE10FA07D4F5EE007AF4EEE72AF1EED3
:103B000010FA77FEA27A79EEA77AFDEE002AF4EE9B
:103B1000E27AF1EE10FA00F12482DFEDA62AF4EE4B
:103B2000E27AF1EE10FA72FEA77A37EEC33ADFEDD1
:103B3000A32A63EE222AA2EEAFBAFDEE002AB4EE6B
:103B4000E2BAF1EE10FA00F10982F5EE002AB4EEC5
:103B5000E2BAF1EE10FA32FE8BBADFED992AE3EE0B
:103B6000227AFDEE002A77EE8B7AF4EEE27AF1EE1D
:103B700010FA07D4DFED8F2AF4EEE27AF1EE10FAB4
:103B800072FEA72ADDED187A9DED173A7DEE677A71
:103B90009FED8C2A3CEEC33A8B4B67EE847AC3EDE3
:103BA000002AE4EEC37A9FED893A23EE633AA7EE4A
:103BB000823A9FED872AB4EEC23AF1EE10FA07D4AA
:103BC0009FED842AB4EEC23AF1EE10FA32FE032AD7
:103BD000814BC3ED007A814BDDED037A83ED002A42
:103BE0007F4B37EECD1AC3ED003ADFED7E3A61EE42
:103BF000017A73EEEC3AF5EEC03AF1EE10FA00F10C
:103C0000958177EE8A7AF0EE4A3AB1EEE73ADFED47
:103C1000767AB4EEE76AF1EE10FAC0F27B81DFED5E
:103C2000737AB4EEE73AF1EE10FA05D9B4EECC3A75
:103C3000F1EE10FA00F3B081DFED6D7AF0EE4A4A52
:103C4000F0EE673A604BC3ED004AB7EE004A694BAD
:103C500082EEAA2AB4EEC46AF0EE000AF0EE082A58
:103C6000F1EE10FAF1EE084A34FE061AE1EE602A8F
:103C700034EE464A21EE011A66EE244A62EE812AAB
:103C80009FED5D1A64EE844AB0EE6E4AAEEE224AB3
:103C90006EEE242ADAED004AD3ED000A74EE644A8F
:103CA00064EE814AE2EE824A9FED542ADFED542A07
:103CB000E0EEC24AF4EEE24AF1EE10FA00F157816A
:103CC000F4EEC14AF1EE10FA71FE244ADFED4D2AFE
:103CD0006FEEA2FA78EE6F2AF4EEE42AF1EE10FA13
:103CE00000F3428178EE2FFAF4EEEF4AF1EE10FA8B
:103CF0003FFEA48A444A82ED004A444A9DED0D4AA3
:103D000082ED008ADAED004A34EE644ADFED364A8D
:103D1000B4EEE46AF1EE10FA80F2B980F0EEE55A02
:103D20009FED3B7AF4EEC75AF1EE10FA00F2C28032
:103D30009FED2E7AB4EEC75AF1EE10FA00F2BA8077
:103D4000B0EEC47ADFED337AB4EEE77AF1EE10FA32
:103D500000F21F81D3ED007A9FED2F7AF0EEE77A23
:103D6000F4EEC77AF1EE10FA94BF4FF0010A4FF06B
:103D7000000A0A9BF0EE4A0A134A0793274B9FED6D
:103D8000280A1360154B83ED00AAB0EE481A1CA94F
:103D9000244807F091FF002800F027811CA8FEF7B7
:103DA000D9F9002800F031813EE000BFA0050020D5
:103DB0009A99B93F3333B33F9A99993FCDCC4C3F51
:103DC0003333B33E9A9919C0A8050020AE47613E2F
:103DD0009A9999BE9A99993E9805002094050020D9
:103DE000900500200AD77BC09A99593F8FC2F53CB5
:103DF00000000000B0050020CDCC0C40CDCC4C3EE6
:103E0000CDCC0CC0333373408C050020A4050020BA
:103E10006F12033C0AD7A33C0AD7233D295C8F3D90
:103E2000295C8FBDA40802080BF0F4FF20A908F05C
:103E300039F9B0B9099B6BB9904807F0E7FA904B94
:103E400005221A604FF0000A504667B0BDEC108B97
:103E5000BDE8F08FCDE92000CDE92200894807F0C8
:103E6000D5FA0B9BF31AF92B00F2848009F04AFE75
:103E7000BAF1000F57D00C9B002B00F08580F31A8D
:103E80003B2B00F2C8800023B24609938AE49FEDE1
:103E90007E6AB4EEC63AF1EE10FA0BD827EE077A36
:103EA000A6EEA67AF1EEC76AF4EEC66AF1EE10FA53
:103EB0007FF646AFB0EEC47ADFED746AB4EEE67A10
:103EC000F1EE10FA37D893ED007ADFED716AB0EEBB
:103ED000C77A079B03F0010AB4EEE67AF1EE10FA16
:103EE00088BF4FF0000A079B002B7FF442AF2FEEF4
:103EF000670A9A4667EEAB0AA3EEAB0AE3EE8F0AB7
:103F000043E779EEE22AF4EEE27AF1EE10FA77FE78
:103F1000A29ADBE564EEC23A62EE047AE4EE223A5B
:103F2000E4EEA27A91E6CDF830A0ACE7E3EEA37A16
:103F3000F1EE633A69E64FF0000AD4E7F0EE4CFA8E
:103F40005BE4B0EE4A6AF0EE4A2A0EE50123CDEDBD
:103F5000196A8DED1A7A8DF86C3092E4B0EE62BA7F
:103F6000FBE5F0EE627AE0E5B0EE628AC2E6F0EEE2
:103F7000624AABE620A93046FCF728FE0B9675E7AF
:103F800001200BF04DFF0DE40C967CE7B0EE4A5A91
:103F9000E1E44FF0000AECE6DFED3E7ADFED3E4A69
:103FA00061EE277A9FED3D2A63EEA43A27EEA74AF9
:103FB000A3EEA34AF1EEC44AF4EEC24AF1EE10FABF
:103FC0001ADC9FED374AF4EEC44AF1EE10FA7FF5A1
:103FD00039AE84EE242AF0EE444A63EE823A67EE6C
:103FE000827A2FE6F7EE002ABFE4254B06221A60FC
:103FF00028E7DFED2C2AB8E482EE244AF0EE424AAC
:1040000063EE843A67EE847A1CE61D4B1A68092A2F
:104010007FF416AF16E7244B01222449DDED0D7A1B
:104020001A70C1ED007AFFF77DBB8DED137ACDEDEF
:10403000126ACDED115ACDED103A8DED0F3ACDED5E
:104040000E4A8DED064A8DED056A8DED045A14F089
:10405000CDFE9DED137AF0EE407ADDED126ADDEDD6
:10406000115ADDED103A9DED0F3ADDED0E4A9DED52
:10407000064A9DED056A9DED045A0DE530E1010803
:10408000BC0500200CE101080AD7A33D0AD7A33CD8
:104090000AD7233D9A99993F9A9999BF6666E63E59
:1040A0008FC2F53D000000006F0500208C05002048
:1040B0009FEDDA7A60EEA07A0023DFEDD96A31EE67
:1040C000477AE0EE007AB0EEC77A2DE9F04F2DED99
:1040D000108BE7B0B4EEE67ADFF89083B1EEE79AA2
:1040E0003293074636932C9335933993F1EE10FAB9
:1040F000D8ED007AB0EE608AF0EE408A8DED1A7A43
:10410000CDED0C7AF0EE41FAB0EE61AA8DED162AF3
:10411000B0EE62EA0991CDE93333CDE93733CDE929
:104120002D334FF00003269327932893BD4BD3EDF7
:10413000007ACDED087A00F2F982F0EE087ACDED42
:10414000127ADFEDB97ACDED117ADFEDB87ACDEDE7
:10415000107A002F00F0E582DFEDB57ACDED1B7A05
:10416000F0EEC87AB0EEE87AF4EEC77AF1EE10FA23
:1041700040F3CE82F1EE047ACDED0D7AF5EE007AC1
:10418000CDED0B7A0BF046FEDFEDAA7A0246B4EED7
:10419000E79AF1EE10FA00F1B282F5EEC0FAF1EE14
:1041A00010FA40F2AC82B5EEC0AAF1EE10FA40F27D
:1041B000A682099B002B00F09A8288EE89FA9E4B1A
:1041C000DFEDAB8A4FF0000C9C491646C3ED008A28
:1041D00015469B4BC8EE09EACDF870C0C3ED008AC6
:1041E000984BCDF850C0C3ED008A974BF0EE68BAFB
:1041F000B0EE68DACDF874C0C3ED008AF0EE68CA9C
:10420000924BB0EE689AF0EE68AACDED0F8AC3ED3E
:10421000008AB0EE68BA6FEE8F7A8D4BB0EE68CA46
:10422000CDED0E8A674508BF1946A2F1FA03CDED20
:10423000177ADFED7D7A13930123CAFE677ACDEDFD
:10424000237ADDED087A229177EE8E7A0793CDF806
:1042500064C08DED05EACDED157A6FEEAE7A0A9267
:10426000CDED187A0BF0D6FD0A9A43F69723044653
:10427000821A9A4200F2F385764B1B6823B1764B83
:104280001B78002B40F0FC85A31B092B40F24F84C8
:10429000631B9FED687A0A3607EE903AA31BF8EE8F
:1042A000677A092B88BF264667EE877AF4EEC77ACD
:1042B000F1EE10FA00F187839FED682AF4EEC27ADE
:1042C000F1EE10FA32FE27EACBEE2F7AF5EEC07A45
:1042D000F1EE10FA00F17283B7EE008AB0EE007AC8
:1042E000F4EEC87AF1EE10FA38FE278AF0EE087A7A
:1042F000E8EE477A28EE087A67EE877A9DED057A30
:10430000B0EE4E0ADDED089A464BE7EE279AC3ED74
:10431000009AFCF7B1FB28AB26AA36A950480093B7
:1043200027AB07F041FD0546002800F0E8819DED30
:104330000C7AD8ED007A77EEC77AB0EE670ACDED49
:10434000067A14F07DFEF0EE40DA9DED060A14F0D8
:1043500077FDDDED270ADDED267AF0EE401A60EEFE
:10436000806A9DF8B83060EEAD0AE7EEAD6AE0EE27
:10437000670A002B00F02A83B0EE660A2CA8B0EE84
:104380004E2AB0EE6D1AFDF791FADDED2C6ADDEDE7
:104390002D0A20EEAE6A334B20EE8F7AD3ED007AF1
:1043A000EEEE26CAAFEE266AAEEEE67AA0EE8EDA22
:1043B000A6EE0ECAB0EEC64AE7EE0EBAE4EE0E7AEC
:1043C0003FEECC5AF4EEC58AC3ED007A1D4BF1EEF8
:1043D00010FAC3ED00BA1D4B38FE850A83ED007A52
:1043E000099B002B00F02583DFED117AB4EEE70A7C
:1043F000DDED057AF0EEE74ADFED207AF1EE10FA16
:10440000F4EEE74A40F3F382F1EE10FA00F3B883DA
:104410009FED153AFDEE007A32E000BF27162840E6
:104420000AD7233C8C0500209A99993E5C8FC23EA6
:104430006F12033C6F12833AA80500205CE101086B
:10444000A405002098050020940500209005002078
:104450009CE10108E8040020E7040020CDCC4C3D9D
:10446000A4080208A00500209A99993FAC050020F5
:1044700000000000CDCC4C3F3333B33E17B7D138EA
:1044800025EE033AB4EEE73AF1EE10FA00F1A28419
:104490005FED097AF0EE4AAAB0EE6FBAF0EE673A35
:1044A000F5EE005AB4EEE53AF1EE10FA75FE835AD5
:1044B00075EEAA5ABDEE003AF4EEC35AF1EE10FAC8
:1044C00000F18C82F4EECA5AF1EE10FA7AFE255A07
:1044D00035EEC63A5FED192ABDEE006A63EE222A78
:1044E000A2EE8E9AB4EEC69AF1EE10FA00F17C823A
:1044F000B5EE006AB4EEC69AF1EE10FA36FE099AED
:10450000B0EE656A5FED245AA3EE256AFDEE005A0F
:1045100036EE096AB4EEE56AF1EE10FA00F1618256
:10452000B4EECA6AF1EE10FA3AFE066A5FED2D5A51
:10453000854BF4EEE54A83ED006AF1EE10FA00F3E4
:104540001682002F40F00E82F0EEC65A9FED7F3AA1
:10455000DFED7F2A65EE835A85EEA23ADFED7D2AF4
:10456000B4EEE23AF1EE10FA72FE832AB1EE623A4C
:10457000D8ED005A9DED0D2A75EEE95ADFF8F8B135
:10458000E5EEC27ADBED005A9DED0B2AE5EEC27A2C
:10459000F4EEC37AF1EE10FA05D4F4EEE27AF1EE1D
:1045A00010FA32FEA73ADDED117ADDED105A27EE52
:1045B000C77ADDED127A684BA7EEEB7A83ED003A0D
:1045C000F1EE657AB4EEE77AF1EE10FA05D4B4EEC6
:1045D000E57AF1EE10FA75FE877A9DED187A5F4B59
:1045E00077EE4D9A9DED177AC3ED007A37EE6C8A1F
:1045F000002F00F0CF809FED627A2FEE877AB4EE25
:10460000CC7AF1EE10FA00F28D821D9768EE087AEE
:10461000199BE9EEA97AB1EEE77AD3B92298CDEDEC
:10462000211ACDED204A8DED1F7ACDED1E3ACDED4C
:10463000196ACDED060A06F0E9FEDDED211ADDED81
:10464000204A9DED1F7ADDED1E3ADDED196ADDEDA4
:10465000060ADDED1B7AF4EEC77AF1EE10FA00F1EE
:10466000BB82394BC3ED008AC0F26D8266EEA66A4A
:10467000DFED3B7AE0EEA06AB1EEE67AB4EEE77ADF
:10468000F1EE10FA00F25F829DED157AD8ED007A16
:1046900077EE677A9FED3D7AF0EEE77AF4EEC77A2F
:1046A000F1EE10FA00F25283DBED007AF0EEE77AD9
:1046B000002F00F017869FED367AF4EEC77AF1EE00
:1046C00010FA00F24583DDED0F7A3D46DFED250A55
:1046D000012378EEE76ADDED0E7A199738EEE77A76
:1046E00026EEA66AF0EE607AA7EE076AAEE0DDED90
:1046F000167AF5EEC07AF1EE10FA3FF65EAD1A4B7F
:1047000006221A60002067B0BDEC108BBDE8F08F68
:10471000F2EE027ACDED0D7ADFED147ACDED0B7A63
:1047200030E5DFED167ACDED1B7A19E5DFED107A75
:10473000CDED117ADFED0F7ACDED127ADFED0B7A48
:10474000CDED107A05E500BFA80500206666263F7E
:104750007B14AE3E3333333FA40500209405002084
:10476000CDCCCC3C00000000BC0500209A99993EBD
:10477000AE47613E9A991940B00500200AD7233C04
:10478000CDCC4C3E6F12033C8FC2F53C0AD7A33C04
:104790000AD7233D1FED077ADDED1A5AF4EEC75A0A
:1047A000F1EE10FA09D81FED0A7A2FEE877AB4EEEF
:1047B000CB7AF1EE10FA7FF629AF2EEEE77AB0EE63
:1047C000C55A6FEE270AF0EE477A1FED127AB4EE63
:1047D000C75AEFEE067AEEEE860AF1EE10FA00F214
:1047E000D3801FED177AB4EEC74AF1EE10FA00F24B
:1047F000CB80DDED156A98ED007A36EEC77A5FED75
:104800001D6AB0EEC77AB4EEE67AF1EE10FA00F265
:1048100088829BED007A5FED226AB0EEC77AB4EE33
:10482000E67A002F00F00D82F1EE10FA00F21C8201
:104830009DED0F7A002570EEC76A9DED0E7A2B462E
:1048400037EEC77A26EEA66AA7EE076AF1EEC65AD9
:10485000F4EEE35AF1EE10FA40F3E88163EEA66A53
:1048600023EE877A86EEA56ADDED0E6AC7EE257A1D
:104870009DED0F7A37EE067A8DED0F7A27EE077AE7
:1048800076EEA77AA7EEA77ACDED0E7AF1EEC77A8B
:10489000C04A9DED0E7AC049C2ED007ADDED0F7A77
:1048A0006FEE277AEEEEC77AC1ED007A002B00F0AA
:1048B000C68192ED007ADFEDB97AB4EEE77AF1EED7
:1048C00010FA94BF4FF001094FF00009DDED0F0A17
:1048D000DDED0E7A21EEE00AB14B60EEAD0A32A9B1
:1048E00093ED001AA7EEAD0AAE48E7EEA10A07F075
:1048F000E3F900283FF403AF32A8FDF72BFC0028B2
:1049000000F0B9820BF086FA36A907F0CBFB78B934
:10491000079B33B9A44806F079FDA44B05221A6021
:10492000F0E6CDE93600CDE93800A14806F06EFD8D
:10493000139BE31AF92B00F2EF8009F0E3F8B9F1C9
:10494000000F1BD0002D149A0CBF3C23FA23002A21
:1049500000F0F480A21A9A4280F0A6820023254635
:1049600007937FE49FED933ADFED932A00E6002F53
:10497000F8D19FED923ADFED922AF9E52546CDF880
:104980005090CDF81C906DE4DDED156A98ED007A3D
:1049900036EEC77ADFED8B6AB0EEC77AB4EEE67A10
:1049A000F1EE10FA01D8DBF800300025A9462B46BD
:1049B000002F8FD02A461C9D1C926BE1F0EE687A86
:1049C000B0EE688A9AE49FED80EA7DE40123CDEDA4
:1049D0002C6ACDED2D0A8DF8B830DAE4F0EE435AAA
:1049E00076E5B0EE656AA1E5B0EE469A88E5F1EEAF
:1049F00010FA76DCDFED757AFDEE005A65EE277A67
:104A0000F4EEE57AF1EE10FA00F1F281F5EE005ADB
:104A1000B0EE6FBAF4EEE57AF1EE10FA75FEA75A31
:104A2000DFED6B7A75EEA85AF0EE673AF0EE67AA02
:104A300048E57FEECB7AF4EEE78AF1EE10FA78FEE5
:104A4000A77AF4EEC07AF1EE10FA30FE270ADDED17
:104A5000167A77EEA77A20EE270AB5EE400AF1EE35
:104A600010FA00F1FA83F1EEC07ADDED165AB4EED9
:104A7000E7AA65EE8E3AF1EE10FA77FE8A7AF4EE46
:104A8000E7AAF1EE10FA40F1C8807AEEA3AAF4EE9C
:104A9000E7AAF1EE10FA77FEAAAAAAEE8EBADDED29
:104AA000057AF0EEE74ADFED4B7AB4EEEFBAF1EEBD
:104AB00010FAF4EEE74A3FFE8BBA3BEE4C3AF1EEC9
:104AC00010FA16DCF0EE687ADFED405A23EE253A54
:104AD000FDEE005AB4EEE53AF1EE10FA7FF5E0ACE7
:104AE000E6E4B0EE453AB0EE6FBAF0EE68AAF0EE4A
:104AF000683ACAEEAF5ADDED052AF1EE087A62EEA9
:104B0000A77AF7EE002A67EE887A72EEC82A67EE77
:104B1000A27A67EEA57AD7E736A92046FCF756F8C1
:104B200013940AE71D9B002B7FF470AD45E62C46DD
:104B300001200BF075F92546FFF794BB2546149428
:104B40000792FFF78FBBDFED220AF0EE607ADDED12
:104B5000156A98ED007A36EEC77ADFED1A6AB0EE84
:104B6000C77AB4EEE67AF1EE10FA01D8DBF800303D
:104B70004FF0000919954B46002F3FF4ABAE19E7F3
:104B8000B0EE453AF0EE4AAAB0EE6FBAF0EE683AEF
:104B9000AFE700BFA805002094050020CDCCCC3C99
:104BA000A4050020A408020830E10108BC0500208B
:104BB0000CE101083333B3BE3333B33E333333BF79
:104BC0003333333F0AD7A33C6F12833A9A99993F04
:104BD0000000000017B7D13879EEA90A78EE087AFC
:104BE00060EEA06AE7EEA76AB1EEE67ADDED236A31
:104BF000F4EEC76AF1EE10FA5CD5C6EE876A60EE95
:104C0000A60A67EEA67A60EEA06AE7EEA76AB1EEA2
:104C1000E67ABC4B83ED007A99E77AEEE3AAF4EEEC
:104C2000EA7AF1EE10FA77FEAAAA36E720EEA07A29
:104C3000CDED0F0ACDED0E7AA7EEA77A26E69946BE
:104C400044E6F1EE10FA3A4694BF4FF00109B94636
:104C50004B469FEDAD7AF4EEC74AF1EE10FA00F242
:104C6000A680A946154635E6DFEDA77AF4EEE74AB9
:104C7000F1EE10FA36DD0023A24A1360A34A136056
:104C80001C9B002B00F00481DFEDA10A0023F0EE55
:104C9000607A1C939DED0F7A1C9A70EEC76A9DEDA9
:104CA0000E7A1C95154637EEC77A26EEA66AA7EE51
:104CB000076ACBE5DFED976AB4EEE67AF1EE10FA1B
:104CC000A7D59DED236AC6FE666A86EE876A60EE0A
:104CD000860A67EE867A60EEA06AE7EEA76AB1EE12
:104CE000E67A96E74FF00009864BC3ED008A874BC2
:104CF000C3ED008A1C9B002B00F08480DDED0F7A51
:104D00004D46DFED830A002378EEE76ADDED0E7A8B
:104D100038EEE77A26EEA66AF0EE607AA7EE076A2A
:104D200094E5002FA0D19FED787A3A46F4EEC74A79
:104D3000F1EE10FA95D9B9463B469FED737AF4EE41
:104D4000C74AF1EE10FA36DC1546C3E5002F78D0DD
:104D5000DFED6D7AF4EEE74AF1EE10FA40F383806E
:104D6000DFED6B0A674BC3ED000A684BC3ED000A29
:104D70001C9B002B40F0558299462A46199566489F
:104D8000CDED201ACDED1F3A1E93069206F03EFBA4
:104D9000DFED5F0A1C95F0EE607A069DDDED201ACE
:104DA000DDED1F3A1E9B002F3FF494AD02E6B9F1F2
:104DB000000FC2D055E75349C1ED008A5349C1EDF8
:104DC000008A1C990029DAD0DFED510A1546F0EE71
:104DD000607A7FE5F5EE005ADFED4D7AF0EE4AAAF3
:104DE000B0EE6FBA7AEE655AF0EE673AFFF76ABB3B
:104DF000DFED477AB0EE6FBAF0EE673AF0EE67AAF1
:104E0000FFF760BB4448CDED1E1ACDED063A06F023
:104E1000FDFADDED0F7A0023DFED3D0A78EEE76A5B
:104E2000DDED0E7A1C954D4638EEE77ADDED063A5B
:104E300026EEA66ADDED1E1AF0EE607AA7EE076A8E
:104E400004E5DFED317A2A461995F4EEE74ADFED05
:104E5000307AF1EE10FA09D8F0EE670A01E72F4B2D
:104E600005221A604EE4A94619953DE7F0EE670A5F
:104E7000B9463B4661E7294B1A68092AF0D141E45B
:104E8000FDF79CF900231F4A1360254A136039E49B
:104E90002148CDED1C1ACDED063A06F0B7FADDED4E
:104EA000063ADDED1C1AEFE61E4B0024DDED157A07
:104EB000C3ED007A134B1C60002F45D0DFED1A7A4A
:104EC000A0211A4A3EA829EEA76A28EE277AB7EE53
:104ED000C66AB7EEC77A8DED026B8DED007B15F0DB
:104EE0002FF93EA806F092FAFDF768F900287FF442
:104EF0000AAC0A4B1A68092A3FF405AC05221A606D
:104F000001E400BFA805002017B7D13894050020A0
:104F1000000000008FC2F53CDCE10108BC05002068
:104F2000A40500208C05002000007A4420E201083E
:104F30006F12833A3333B3BE6F12033CEC5138BE69
:104F40009A9919C0AE47613E3A973E972F973D9781
:104F500041975FED098A5FED099A5FED06AA1FEDA3
:104F600008AA1FED0A9A1FED0CBACDE93B77CDE9EF
:104F70003F77CDE930770AF04DFFCA4B82460120DA
:104F80001C60C94B56465546C3ED00BAC74B1C6062
:104F9000AAF1FA030593FBF7D3FD06970AF03AFF4F
:104FA000A0EB0A030446B3F5FA5F80F04281831B4D
:104FB000092B40F22C81431B0A3607EE903A831BE3
:104FC000F8EE677A092B88BF064667EEA87AF4EEFA
:104FD000E87AF1EE10FA00F103819FEDB58AF4EE64
:104FE000C87AF1EE10FA38FE278AB0EE480AFBF7CD
:104FF00043FD2BAB29AA3EA900932AABAD4806F08E
:10500000D3FE002800F00781DDED0C7AD8ED00CA50
:105010007CEEE7CAB0EE6C0A14F012F8B0EE40CAAB
:10502000B0EE6C0A13F00CFFDDED2A0AF0EE401A28
:10503000DDED297A20EE200A9DF8C4306CEE200ABE
:10504000ACEE270AE1EEE70A002B00F0D280B0EECA
:10505000482A2FA8B0EE4C1AFCF728FC9DED2F0A29
:10506000DDED300A6FEE200A934BDDED0B6AEEEEBC
:10507000C00AC3ED000AD3ED007A8B4BE8EE27BAE5
:10508000DDED157AC3ED00BA98ED007A37EE677A58
:10509000DBED007A67EEE67ADDED0D6AE6EEC77AC3
:1050A000F4EEE97AF1EE10FA00F1A0809FED837A38
:1050B000F4EEC77AF1EE10FA77FE277A804BC3ED53
:1050C000007A7D4BD3ED007A6AEEE77AEBEE8A7ACE
:1050D000F4EEC97AF1EE10FA00F185809FED797A4D
:1050E000F4EEC77AF1EE10FA77FE277A6F4B3AA901
:1050F0007048C3ED007AD3ED007AD3ED000A6EEE6E
:10510000E77A6F4B6FEE200A93ED001A20EEE10A6A
:105110006CEE200AACEE270AE1EEA70A06F0CCFD01
:10512000002878D03AA8FDF715F8002800F08D8007
:105130000AF070FE3EA906F0B5FF90B9B9F1000F74
:1051400008D1614806F062F9604B052238461A60C2
:10515000FFF7D9BACDE93E00CDE940005C4806F042
:1051600055F9059BE31AF92B4BD808F0CBFCF0EE70
:10517000EB7AF4EECB7AF1EE10FA2ED84E4B9FED8F
:10518000557AD3ED007AF0EEE77AF4EEC77AF1EED5
:1051900010FA22D8D8ED007ADDED156A9FED4E7A2F
:1051A00077EEE67AF0EEE77AF4EEC77AF1EE10FAEF
:1051B00013D8DBED007A9FED497AF0EEE77AF4EE52
:1051C000C77AF1EE10FA08D8069B83B3E31A3B2B9B
:1051D00065D825464FF00009E0E600230693F8E77E
:1051E000B0EE688A01E7F0EE497A7FE7F0EE697A7F
:1051F00064E701238DED2F0ACDED300A8DF8C43020
:1052000030E73EA92046FBF7E1FC0594ADE701201D
:105210000AF006FEC2E62D4B062238461A60FFF75A
:1052200072BA1C9DF0EE607A0023199532E506945F
:10523000CFE7002303201D4A1360FBF781FCFCF736
:10524000BDFF07463846FFF75EBA204B1A68092AA9
:105250007FF47BAF3846FFF756BACDED251ACDED7A
:10526000246A8DED215A8DED207A8DED1F6ACDEDEA
:105270001E0A8DED064A13F0B9FDDDED251AF0EE9C
:10528000407ADDED246A9DED215A9DED207A9DED59
:105290001F6ADDED1E0A9DED064AFFF7E6BB0023FF
:1052A0000220C8E7A80500209805002094050020EA
:1052B000CDCC4C3DA4080208900500203333B33E0A
:1052C000A4050020EC51383E30E10108BC05002067
:1052D0000CE101088FC2F53C0AD7A33C0AD7233D55
:1052E000000000001FED037A2A461995F4EEC77AF4
:1052F0005FED057AF0EE670AF1EE10FA94BF4FF019
:1053000001094FF000094B46A3E400BF2DE9F04F1F
:10531000002304462DED108BADF5177DF0EE608A6D
:10532000B0EE409A1F93B0EE418AF0EE61BACDED37
:10533000032AF0EE42DA0E90CDE92033CDE9223394
:10534000CDE92433CDE92633CDE91D33604BD3EDD0
:10535000007A604BCDED0B7AD3ED007ACDED0A7A71
:105360000AF058FD68EEA87A0890E9EE097AB1EEE5
:10537000E77A002C00F0C080DFED577AB4EEE77AD0
:10538000F1EE10FA00F19A80DFED547AB4EEE78A7C
:10539000F1EE10FA40F2928029EE089ADFED504AC1
:1053A00068EE888A9FED4F4AB6EE006A9FED4E2A5E
:1053B000C9EE075A0DF1A00B0DF1D4094FF0010809
:1053C0001BAE1AAD1CAF19A9CBED007AC8EE876AE7
:1053D000CBED017ACBED027ACBED0C7AF0EE673AA9
:1053E000B0EE671ACBED0A5A26EE867ACBED0B6A41
:1053F00025EE866A26EEA45A27EE243AE6EE243AF3
:10540000F0EE452AF0EE431A8BED033AA6EE041AAD
:105410009FED363AE7EE042A9FED357AE6EE841AE0
:10542000E5EE823AA6EE875A25EE877AB0EE674A15
:105430008BED041AE6EE822AA6EE247ACBED051A4D
:10544000CBED063AF0EE673A8BED095ACBED072A21
:105450008BED087A07EE908A33462A465846B8EE16
:10546000E70A009708F1010880EE030AFBF7ECF960
:1054700059ED016AB8F1610FF0EE447A95ED004AFA
:10548000B0EE637AD1ED003A74EE677A33EEC77A04
:1054900067EEA77AE7EE077AB1EEE77A77EE267A3B
:1054A000E9EC017AD6D1DBED6C7A0C46B4EEE78AF2
:1054B000CBED6D7AF1EE10FA00F1F7830D4B062279
:1054C0001A6000200DF5177DBDEC108BBDE8F08F44
:1054D000AC0500208C0500206F12833A000000000C
:1054E0009A99193F9A99993ECDCCCC3D0000C04283
:1054F000CDCCCC3EBC050020C9EE075A0DF1A00B67
:10550000002291499148CBF8002001F11004CBF81A
:1055100004205A4688EE876AF0EC017A0832B1EC32
:10552000017A8C4266EE676A28EE077A65EEA77A02
:10553000E5EE876AE6EE077AC2ED006AC2ED017A0F
:10554000EAD1DFED837A68EE255A28EE066A9FEDF0
:105550008B3AB0EE674A0BF13409F0EE673A4FF040
:1055600001081BAE1AAD1CAF19A9CBED0C7ACBED1F
:105570000A5A8BED0B6A07EE908A33462A46584644
:10558000B8EEE70A009708F1010880EE030AFBF77E
:105590005BF959ED016AB8F1610FF0EE447A95EDCF
:1055A000004AB0EE637AD1ED003A74EE677A33EEDA
:1055B000C77A67EEA77AE7EE077AB1EEE77A77EE79
:1055C000267AE9EC017AD6D1DBED6C7A0C46B4EEA2
:1055D000E78ACBED6D7AF1EE10FA7FF56FAF9FEDB4
:1055E0005D7AF4EEC77AF1EE10FA7FF767AFB5EEA9
:1055F000C08AF1EE10FA7FF661AFF5EEC0BAF1EEB7
:1056000010FA7FF65BAFF5EEC0DAF1EE10FA7FF636
:1056100055AF514805F0FAFEDFED4DAA4F4BDDEDD9
:105620000A7AB0EE6ABAC3ED00AAB0EE6AAA4C4B91
:10563000B0EE6AEA9DED037AF0EE6A8AC3ED00AA45
:10564000B0EE6ADA474B77EE877AF0EE6ACACDEDB4
:1056500004AAC3ED00AA444BCDED0F7AC3ED00AA16
:10566000424BCDED05AAC3ED00AA089BA3F1FA02B7
:105670009A46994601230C92099300230D930AF050
:10568000C9FB089A43F697238046821A9A4200F291
:105690009283A0EB0A03092B40F28383A0EB09035A
:1056A0009FED2C7A0AF10A0A07EE903AA0EB0A0362
:1056B000F8EE677A092B88BF824667EE877AF4EEA8
:1056C000C77AF1EE10FA00F145839FED299AF4EEC6
:1056D000C97AF1EE10FA39FE279A9BED6D7AC8EE81
:1056E000877AF5EEC07AF1EE10FA00F13683F7EE24
:1056F000009AF0EE006AF4EEE97AF1EE10FA79FE23
:10570000A79AF0EE087AE9EEE67A69EEA96A67EE02
:10571000A67ADDED0A6AF5EEC08A9DED036A154BA7
:10572000E6EE276AF1EE10FACDED066AC3ED006AE7
:1057300040F23483B4EEE87AF1EE10FA40F21283CC
:1057400035AA012322E000BF740802086408020899
:10575000000000006F12833ABCE30108A805002096
:10576000A405002098050020940500209005002045
:10577000CDCC4C3D8C050020BD3786350000C042A5
:1057800017B7D1380133612B00F0EC8292ED007A2B
:105790000432F4EEC78AF1EE10FAF3D80BEB830271
:1057A0001FED0B6A013BD2ED0B6A07EE903A37EE24
:1057B000667AB4EEC67AF1EE10FA40F3F98278EE2A
:1057C000E66A86EE876A1FED137AF8EEE77A77EEDF
:1057D000867A87EE870A584618AB17AA16A900944E
:1057E000FBF732F894ED00CA9DED18FA6CEE0C7AD6
:1057F000EFEE0F7AF1EEE7EA5FED1F7AF4EEE7EAFB
:10580000F1EE10FA00F1E282B0EE490AFBF734F94A
:1058100033462A4624A9EB48009706F0C5FA00282B
:105820003FF44CAE8CEE2E7AE74BDDED0B7A93ED28
:1058300000CA3CEE67CA8FEE2E8AB0EE4C0A8DEDA0
:10584000077A13F0FDFBF0EE40EAB0EE4C0A13F0DD
:10585000F7FAD6ED000AD5ED007AF0EE40FA20EE28
:10586000806A9DF87C3060EEAE0A9DED077AA7EE67
:10587000AE6AE0EE670A002B00F07782B0EE460ACF
:105880001DA8B0EE492A8DED077AF0EE6F1AB0EE42
:105890006E1AFCF70BF89DED1D6ADDED1E0A9DEDFD
:1058A000077A27EE204A9BED6DCAA9EE20DADDEDDE
:1058B000173A7CEE687AC54BA8EE064A9DED163A7B
:1058C000E9EE06CAF4EEE7AA3DEEAD0A73EECD3A74
:1058D000F1EE10FAA4EE09EAF0EEC42A7AFEA77AF5
:1058E00033EE6C3A28EE235A68EE204A67EE233AEC
:1058F0007CEE4E5AA7EE435AE7EE464AF4EEE5AA8E
:10590000E8EE033AF1EE10FA7AFEA55AC7FEE57A00
:10591000D3ED005A20EE270AE2EE895AB5EE400A8E
:10592000F1EE10FAC3ED005AA94B83ED005AA94BD2
:10593000C3ED004A00F16E82F1EEC07ACBFEE77A49
:10594000B4EEE7AA6DEE895AF1EE10FA40F1FA8151
:105950003AEE25AA8AFE67AADFED9F7A63EEA73AA0
:10596000FDEE007AF4EEE73AF1EE10FA07D4F5EE28
:10597000007AF4EEE73AF1EE10FA77FEA37A7AEEC7
:10598000277AFDEE003AF4EEE37AF1EE10FA00F138
:10599000F781F4EEEB7AF1EE10FA7BFEA77A37EEA0
:1059A000C44ADFED8E6AFDEE003A24EE263AA3EEFD
:1059B00009BAB4EEE3BAF1EE10FA00F1DE81F5EEC9
:1059C000003AB4EEE3BAF1EE10FA33FE8BBADFED33
:1059D000843AE4EE237ABDEE004A77EE8B7AF4EE59
:1059E000C47AF1EE10FA05D4F4EEEB7AF1EE10FA87
:1059F0003BFEA74ADFED7B7ADFED776A67EEE47A5C
:105A0000E5EE267A9FED785AF4EEC57AF1EE10FABB
:105A100007D49FED765AF4EEC57AF1EE10FA35FE12
:105A2000275A67EE457ADBED0B3ADBED0A4A73EE57
:105A3000CD3AE8EE047A25EE088A74EEEC4AA7EE39
:105A4000048A23EEA37AB0EE67FAA4EEA47AB1EE4C
:105A5000C74A9FED677AF4EEC79AF1EE10FAC0F2EA
:105A600066819FED647AB4EEC74AF1EE10FAC4BFC6
:105A700033EEA38A34EEA4FA68EE084AB0EE647AF4
:105A8000AFEE0F7AF1EEC73A9FED567A8BFEC77AEA
:105A9000B4EEE37AF1EE10FA0ED5DFED607AF4EEB3
:105AA000E73AF1EE10FA07DDC7EE234A28EE248A22
:105AB0002FEE24FA68EE084AB1EE087ADDED037A9B
:105AC000F7EE003A404BF2EE022A27EE877A93ED8A
:105AD000003A73EEE93ADDED067A474BEFEE0F4AF6
:105AE00027EE297A33EE673A27EE237A27EE0A7AF1
:105AF000C7EE0C3AB0EE637ADFED403AA3EE627A7D
:105B00009FED383AD3ED002AA2EEC37AB4EEE37AE1
:105B1000F1EE10FA00F13781DFED393A394AB4EE8F
:105B2000E37AF1EE10FA73FE873AC2ED003AB1EE75
:105B3000E47A354ADDED047A78EE673ADDED057AF0
:105B40007FEE674A82ED007A23EEA37A2F4A82ED38
:105B5000005AA4EEA47A9FED275AB4EEC54AF1EE9E
:105B600010FA00F2E18060EEA00AE6EE060A9FED70
:105B7000286AB1EEE05AB4EEC65AF1EE10FA00F21D
:105B8000D380114ADDED0F7A92ED006A9FED215A24
:105B900036EE676AB0EEC66AB4EEC56AF1EE10FA88
:105BA00000F2C28093ED006A9FED1B5AB0EEC66A08
:105BB000B4EEC56AF1EE10FA94BF4FF001094FF050
:105BC00000092DE0A4080208AC050020A005002073
:105BD0009805002090050020CDCCCC3FCDCC4C3F8B
:105BE0003333B33E9A99993EAE4761BEAE47613EAC
:105BF000AE47613F0AD7233CB0050020333333BFA3
:105C00003333333FA4050020A8050020940500206D
:105C1000CDCCCC3C0AD7A33C0AD7233D17B7D1380B
:105C2000B1EEC76AF4EEC65AF1EE10FA16D55FED82
:105C3000057AB4EEE76AF1EE10FA0FDD25EEA47AEC
:105C400065EEA35AC7EE067A9DED057A85EE868A43
:105C500037EE87FADDED047A38EE278A2FEEC80A90
:105C60007F4B68EE2E0A20A993ED001AAFEE2E0AA4
:105C70007C48EFEE2F0A06F01FF800283FF41EAC18
:105C800020A8FCF767FA002800F0A7800AF0C2F805
:105C900024A906F007FA50BB099B0BBB724805F01C
:105CA000B5FB724B05221A600BE49FED717AF4EE9E
:105CB000C77AF1EE10FA7FF701ACF5EEC0BAF1EE5B
:105CC00010FA7FF6FBABF5EEC0DAF1EE10FA7FF6D4
:105CD000F5AB0E9B012B75D0664805F097FB9BE456
:105CE000CDE92400CDE92600634805F08FFB0C9B2D
:105CF000A8EB0303F92B4AD807F004FFB9F1000F12
:105D000025D00D9B002B50D0A8EB0303F92B6BD8AB
:105D1000EAEE098A0023C1468DED048A8DED05FA6D
:105D20000993CCFE688AAAE44FF0000978E768EE90
:105D3000084AB0EE6B7AB0EE643AA7EEA73AF1EEFD
:105D4000C33AA5E63AEE65AA8AFE27AA04E6CDF88C
:105D50003490DDE79FED469ABFE4F0EE6A7AF0EE0C
:105D60006A9AD6E4B7EE000A35E501238DED1D6A87
:105D7000CDED1E0A8DF87C3093E5B0EE63BA26E6D1
:105D8000F0EE637A0BE6364AC2ED003ACFE624A97C
:105D90004046FAF71BFFCDF83080ADE7B0EE6A0A57
:105DA00019E501200AF03CF869E4CDF83480AFE74A
:105DB000B0EE6A6A07E52D4B05221A60FCF7FEF982
:105DC000FFF77FBB2D4805F021FB25E4274B06227A
:105DD0001A60FCF7F3F9FFF774BB244B1A68092A21
:105DE0007FF460AFFFF76DBB254A0023DDED0F7A2E
:105DF000C2ED007A234A13600E9B012B2BD00E9B21
:105E0000022B0CBF2048214805F000FBFCF7D6F917
:105E1000FFF758BBCDED150A8DED146A8DED135AC1
:105E2000CDED123ACDED114A8DED104A8DED077A88
:105E300012F0DCFFDDED150AF0EE407A9DED146AFC
:105E40009DED135ADDED123ADDED114A9DED104A3C
:105E50009DED077A72E50E4805F0D8FAD6E700BF47
:105E6000A4050020A408020830E10108BC050020B8
:105E70006F12833AB0E201080CE1010858E2010810
:105E80008C050020A80500204CE301088CE30108E4
:105E900008E301082DE9F047C6B0602106A809F023
:105EA00019FA002835D006AD934E944F05EB000843
:105EB000DFF8A49206E0611C7F292DD831603B55A4
:105EC000A84526D015F8013B34680D2B06D0A3F168
:105ED0000A02B2FA82F25209002AECD00023884961
:105EE00086483B5514F06AFA824650B1B84208D051
:105EF000FAF7F8F9044651463846621C14F0C4F922
:105F0000346014B1D9F80030E3B90023A8453360F8
:105F1000D8D146B0BDE8F087DFF840A232609AF8E9
:105F20000020D9F80030002A5DD0764A0192A021E5
:105F3000754A1EA80092754A14F002F91EA805F0D1
:105F400031FABDE705AC72480DF113022146FAF7AC
:105F5000C3FF002849D02368D9F80020DFF8FCA14E
:105F600093425CD00DF1130221466A48FAF7B4FF60
:105F700020B12368D9F8002093426BD00DF11302B1
:105F800021466548FAF7A8FF20B12368D9F8002018
:105F9000934277D00DF1130221466048FAF79CFF37
:105FA00028B12368D9F80020934200F082800DF1D7
:105FB000130221465A48FAF78FFFD9F800309AF8B1
:105FC000002010B124689C4214D08AB14D4A01923D
:105FD000544A00924D4AA0211EA814F0B1F81EA800
:105FE00005F0E0F991E7504AA0E7DFF870A1B9E7C2
:105FF0004D4AECE79DF813109142E6D14B4B00223D
:106000004B481A7005F0B6F99AF80030002B6ED0A4
:106010003C4B434A009323460192464ADBE79DF8F6
:1060200013109AF8002091429CD1434A127812B979
:10603000424A012111704248039305F09BF99AF8F6
:106040000020039B002A4CD1374A0092304A01922B
:10605000384AC0E79DF813109AF8002091428DD17C
:10606000384A012138480393117005F083F99AF8F2
:106070000020039B002A36D0224A0092254A019232
:106080002C4AA8E79DF813109AF80020914281D17C
:106090002E4A01212E480393117005F06BF99AF8EE
:1060A0000020039B0AB3174A00921B4A0192214A1F
:1060B00091E79DF813109AF8002091427FF477AF92
:1060C0001A4A012123480393117005F053F99AF8F5
:1060D0000020039B6AB10B4A0092104A0192154AB4
:1060E00079E7084AB1E7104AC7E70F4ADCE70E4BE9
:1060F0008FE70D4AF0E700BF7C030020FC02002080
:1061000048D30108D0D201084CE5010814E5010884
:106110003CD501087CD50108C0D40108B4E40108CD
:10612000E4E4010844E50108D4D20108D4040020C5
:10613000ECE4010834E40108D5040020D804002070
:106140000CE40108D704002064E40108D604002010
:106150008CE40108BCE40108DC040020E404002015
:10616000B5EEC00A00230022F1EE10FA2DE9F04F3F
:106170002DED108BC3B0F0EE60CA129316930F9200
:106180001092119215931993CDE91333CDE917337A
:1061900000F12F83B7EE00DADFF808A3B0EEC0BA43
:1061A0009AED00CA09F036FEA0F1FA03A54A0646A8
:1061B0000693A54B12681B68002B00F0EF82131E9C
:1061C000F6EE00FAA14A18BF01239FEDA1FADFED18
:1061D000A1AA089301239FEDA0EA0793CDE9042328
:1061E000DFED9E7A35469E4BB0EE4E9A9D4AF0EE1C
:1061F000679AC3ED007AF0EE678A9B4BB0EE67AA10
:10620000B146DFED9ABAC3ED007AAB46984BDFEDAD
:1062100099EAC3ED007A984BDFED98DAC3ED007A86
:10622000974BC3ED007ADAF80030136000230122A7
:106230001E460393029209F0EDFD039AA0EB0B03B7
:1062400004469B1A049A934280F0DD82059B002B42
:1062500040F02A81631B092B40F2B2810A35631B8F
:10626000092B00F2EB804B46A146E31A08EE103AE8
:10627000B8EE488A28EE2B8AB4EEEB8AF1EE10FADB
:1062800000F19481B4EEED8AF1EE10FA3DFE888AB9
:10629000B0EE480AFAF7F0FB11AB0FAA16A900936B
:1062A00010AB784805F080FD002800F0A582DAEDFB
:1062B000007AB5EE007A77EECC7A9AED00CAF0EE6D
:1062C000E76AF4EEC76AF1EE10FA07D8EDEE279A06
:1062D000B4EEE9AAF1EE10FA7AFE299A7BEE697A19
:1062E000079BB4EEE7AAF1EE10FA7AFE277A002BAC
:1062F00000F0A180644B2FEE887A1B78002B4EFEB5
:106300000F6AB4EEE69AF1EE10FA40F1528139EEDE
:10631000079A89FE669A3AEEAA0A20EE270AB5EE97
:10632000400AF1EE10FA00F13983F1EEC07AB4EED2
:10633000E79A2AEE887AF1EE10FA78EEC76A77FECD
:10634000897A67EE8D7AF4EEE67AF1EE10FA00F1D2
:10635000248178EE878AF4EEE87AF1EE10FA78FE7E
:10636000A78A6CEEE80A3E4BB0EE681A12A9B0EEAE
:106370004A0A4448F0EEE07AC3ED007A3A4BC3EDA6
:10638000008A05F099FC002800F0368212A8FBF77D
:10639000E1FE002800F03B8209F03CFD16A905F063
:1063A00081FEA0B9029B5BB9384805F02FF8384B45
:1063B00005221A60002043B0BDEC108BBDE8F08FC1
:1063C000CDE91600CDE91800324805F01FF8DDEDE3
:1063D000117A314BF0EEE77A93ED007A67EEAC7A02
:1063E000A7EE887A83ED007A069BE31AF92B00F278
:1063F000D78007F087FB7BEE6E7AF4EEE97AF1EE58
:1064000010FA15D8254B9FED267AD3ED007AF0EEE1
:10641000E77AF4EEC77AF1EE10FA09D8002E00F010
:106420004781A41B4F2C00F2B2820023029302E7A3
:1064300000260296FFE6B0EE4E9A6CE74B462546E4
:10644000A14612E7D0040020DC040020C0D40100E3
:106450000AD7A33D9A99193FCDCC4C3E00000000CD
:10646000A80500208C050020A40500206F12833AA7
:10647000980500200AD7A33C94050020CDCC4C3DC4
:1064800090050020A4080208D404002030E101088F
:10649000BC0500200CE10108A0050020B00500208B
:1064A0000AD7233DAC05002009F0B4FC089B0A90F4
:1064B000002B00F08980A24BA24F1B680993FBF7C9
:1064C000F7FA97F80080B8F1000F40F0F5809E4A87
:1064D0001378002B3FF4BEAEFBF770FE9A4A0028FB
:1064E00000F04B82012382F80080984A1370984B89
:1064F0001B78002B00F06481964B1AA80193099B2E
:10650000A0218046944A0093944B13F019FE404614
:10651000CDF82C8004F046FF09F07CFC8B4B1B78F7
:10652000002B3FF497AE8046CDE90C540B9C09E05C
:1065300007F0E8FA0A2009F073FC844B1B78002B63
:1065400000F05E8109F066FC0546FBF7B1FA05F044
:10655000CFFFA5EB0802002840F061813B78002BBB
:1065600040F09B817E490978002940F0F081F92AAA
:10657000DED9774B1B78002B00F03981754B099AD7
:10658000A0212046A846CDE90023744B724A13F09F
:10659000D7FD204604F006FFCAE7F0EE668AE0E683
:1065A00016A92046FAF712FB069422E7B0EE6B8A92
:1065B0006EE67FF7B0AE39EE479A89FE269AAAE6D4
:1065C000012009F02DFC36E6664B1B680993FFF7A6
:1065D00061FC654B1B78002B40F08780634B1B7878
:1065E000002B3FF437AEFBF7E9FD002800F0C58132
:1065F0005E4B089ADFF890811A70012388F800300A
:106600005B4B1B78002B40F0D9805A4B1AAF01939B
:10661000099B8021584A38460093504B13F090FD57
:1066200038460B9704F0BEFE09F0F4FB07465348CA
:1066300004F0A0FE98F80030002B3FF40BAECDE93B
:106640000C540B9C09E007F05DFA0A2009F0E8FB06
:1066500098F80030002B00F0D38009F0DBFB0546F2
:10666000FFF718FC05F044FFEA1B002840F0F0801B
:106670003D4B1B78002B40F01A81414909780029D5
:1066800040F03981F92ADED9394B1B78002B00F014
:10669000AC80304B099A802120462F46CDE900235B
:1066A0002E4B354A13F04CFD204604F07BFECAE722
:1066B000002326460293BEE5FBF780FD002800F08C
:1066C0005C81234B1B78002B7ED12A4B099AA02199
:1066D00001931AA82B4B00921F4A13F031FD1AA800
:1066E00004F060FE00233B7024E0FBF767FD002808
:1066F00000F043811E4B1B78002B63D11D4B01938F
:106700008021099B1AA81C4A00931E4B13F018FD08
:106710001AA804F047FE0023124A14491360124AD3
:106720000B701370184A16491370184A0B701370C7
:10673000174A1360DAF800300120164A13603AE66F
:10674000D0040020CA040020CC040020C90400208A
:10675000CD040020D0D2010864E5010890E50108CD
:10676000CB040020DC040020D6040020D804002044
:10677000E4040020D4D20108A0E50108C4E5010822
:10678000D70400205CE50108D5040020D4040020D3
:10679000BC0500208C050020CDCC4C3EB2B11FEDD5
:1067A00002FA814A07930123B0EE4FEADFED7FAA98
:1067B000DFED7FFA0893CDE9042311E57D4B25E752
:1067C0007D4B9AE67B4B9AE77A4B7FE7B7EE00FA70
:1067D00042F6E061DFED79AADFED75FAB0EE4FEA3F
:1067E00007920892CDE90412FAE4734B52E7724B18
:1067F000C5E6BFEE00DACFE4714B06221A60D9E598
:10680000DDE90C5426E56E4B07221A60D2E56C4B8D
:106810001A68092A3FF4CEAD05221A60CAE5FBF7D3
:10682000CDFC684B1B78002B3FD0624B0B9CA0210A
:106830000193099B2046644A0093644B13F080FC4B
:10684000204604F0AFFD0023614A3B70137071E7EE
:10685000FBF7B4FC5F4B1B78002B00F09080554B8E
:106860000B9C80210193099B20465B4A0093574B68
:1068700013F066FC204604F095FD0023574A88F883
:1068800000301360564A1370564A1370564A1370FC
:106890004B4A1360554A13704CE7FBF78FFC0028F6
:1068A0006BD0484B1B78002BBFD1434BBEE7FBF7A7
:1068B00085FC002861D0474B1B78002B65D03D4BF1
:1068C0000B9C80210193099B2046434A00933F4B38
:1068D00013F036FC204604F065FD00233F4A88F89B
:1068E000003013603E4A13703E4A1370344A1360FE
:1068F0003E4A13701EE73D4A3B491370354A88F8FB
:10690000003012780B70002A3BD02A4B0B9C802160
:106910000193099B2046304A0093354B13F010FC3D
:10692000204604F03FFD334804F024FD09F072FADC
:10693000039B0A9ADFED1E8A9B1AC318039309F082
:1069400069FA012305460446814602938BE42A4AEC
:1069500013701F4A13701B4B1B78A3B1154B0B9C74
:10696000A0210193099B2046174A0093204B13F066
:10697000E7FB204604F016FDD8E7114B4CE70E4B21
:106980006EE70D4BC2E70C4BE9E70B4B98E7DAF8E3
:1069900000301A4A1360FBF711FC0CE512F026FADE
:1069A000F0EE407AC3E400BFC0D401009A99193FC9
:1069B00000000000D0D20108D4D201086666E63F8C
:1069C000BC050020CD04002064E501085CE5010859
:1069D000C9040020E4040020A0E50108DC04002034
:1069E000D8040020D6040020D4040020D7040020BE
:1069F00098E50108E0E50108CB0400208C050020A3
:106A00002DE9F04F724B2DED0C8BADF54F7D2392A0
:106A10001A68219001320991089201D1012208924D
:106A20001A6009F0F7F9099A0024A0F10A018246D8
:106A3000531FA0F128093494DBB21091012B0F935E
:106A40008CBF00230123022A2993CDE93644CDE9E6
:106A50003844CDE93A44CDE93C44CDE9324400F034
:106A6000D1830F9B012B2AD8099B4EA8594A60213C
:106A7000013B089E2590B0EE00DADBB2DFED568ACE
:106A8000DFED56BA52F823503346554A009513F0BD
:106A900057FB219A0095A6AD3346A02101922846C6
:106AA000504A02942B9513F04BFB2846DFED4ECA5B
:106AB00004F0ACFC02232A93012324931FE0089ED8
:106AC0004EA84A4D60213346454A0095B0EE04DA9F
:106AD000DFED478A259013F033FB219AA6A83346B1
:106AE000A0210192F0EE68BA3E4A009502942B90E4
:106AF00013F026FBDFED3FCA032324942A933E4B79
:106B00000026DFED357ABFEE00CA1C70B7EE00BA82
:106B10003A4BF0EE67AAB0EE679A3746C3ED007ABB
:106B2000374B1E96C3ED007A364B1596C3ED007AAF
:106B3000354B0A96C3ED007A344B2296C3ED007AAA
:106B400001231F9619934B461B96B1461896119632
:106B50001D9617961C96269616961A9607962096B8
:106B6000DFED2B9A9FED1DAACDF848A0CDE9276651
:106B7000CDE913661E4609F04DF94EF65F23A0EBF2
:106B80000A0206909A4200F28E810DF1F808069BE7
:106B90009B1B272B0AD9099B012B0CBF4B4649F0A5
:106BA000010313F0FF0340F0188599464021404649
:106BB00008F090FB00284DD0CDF834A044464FF0AB
:106BC000000B08EB000ACDF83880CDE90B962BE0DE
:106BD000640500204C08020800000000CDCC4C3DAC
:106BE00064E60108ACE601080000FA43F4E6010897
:106BF000295C8F3D00001644E6040020A805002013
:106C0000A405002098050020940500209005002090
:106C10006F12833A66AB03F807B0002F40F0D080C4
:106C200000270134544511D023780A2B18BF0D2BAF
:106C30000CBF01250025EDD07A1C7F2A00F21381BC
:106C4000013466A95445CB551746EDD1DDE90B96C5
:106C5000DDE90DA8069B109A9B1A092B40F2398298
:106C6000069B129A9B1A07EE903AF8EE677A67EE47
:106C7000A97AF4EEE97AF1EE10FA00F1EE81F4EE81
:106C8000CA7AF1EE10FA3AFE278AB0EE480AF9F70E
:106C9000F3FE0A9B002B00F03681159B002B00F0C1
:106CA0008981069B209A9B1AB3F5AF7F00F28281FF
:106CB0001E9B209A934220D07CEE6C7AB1EE087A2B
:106CC000F0EEE76AF4EEC76AF1EE10FA00F2B18373
:106CD0001D9B2A9A934201D201331D93B7EECC7AC1
:106CE0002A9BA04A7021009386A81D9B8DED027BF4
:106CF00013F026FA86A804F03DFB1D9B2A9A9342C6
:106D000080F0E2843CEE6C7ADFED977ADFED970A53
:106D100067EE277AB0EEC77AF4EEE07AF1EE10FA79
:106D200007D4DFEDA30AF4EEE07AF1EE10FA70FE7C
:106D3000A70AF1EE087AB4EEE77AF1EE10FA00F263
:106D40008E83DFED8B0AF0EE607A8A4B3AA99FEDD5
:106D5000881AC3ED007A884BB0EE410A874883ED6C
:106D6000001A874BC3ED000A864B83ED001A04F02E
:106D7000A3FF002800F0F2843AA8FBF7EBF90A9091
:106D8000002800F0598109F045F836A905F08AF984
:106D900050B9199B002B00F01082CDE93600CDE9E7
:106DA0003800794804F032FB06F0ACFE069B209ACE
:106DB00010931E92129300230A9A19931592DAE601
:106DC00018460DF1B008FAF725FF30AB0DF1C409F4
:106DD0002FAE02932EAB42466C49009366A82DABB2
:106DE000CDF80C90019613F0DDF9062815D030ABE4
:106DF0004246674966A8CDE901632EAB00934FF088
:106E0000FF33C9F800302DAB13F0CCF9062804D0BD
:106E1000052807D1099B022B04D0D8F80030089A26
:106E2000934226D066A842465A4913F0BBF901287E
:106E30007FF4F6AED8F80030089A93427FF4F0AEB3
:106E4000119B013311930F9B012B40F24681524B52
:106E5000119A02FB03F313F1333FFFF4E1AE4F4805
:106E600004F088FADCE64E482F4604F0CFFA079586
:106E7000D7E63368B3F5487FD4D1309BB3F5167F9E
:106E8000D0D1DDF8B48041F27073984540F2388378
:106E90000A9B23B1249B13B1002315931D934148F2
:106EA00004F068FABCE60F9B012B00F24A820DF158
:106EB000F808304BDFED2E8A83ED009A2E4B83EDE0
:106EC000009A2F4B83ED009A2E4B83ED009AFBF72F
:106ED00075F9354804F04EFA069A931B272B4FF0AC
:106EE00000031E9300F2BC80924615930A931B93F5
:106EF000189311931D9317931C9316931A9307934A
:106F0000CDE9133352E6079B002B00F0BE80069BB1
:106F1000209A9B1AB3F5AF7F00F2BB80F0EEEA7ABD
:106F2000B7EE087AF4EEC77AF1EE10FA00F3468273
:106F30009FED0F1ADDE913310B4313F0FF0300F04F
:106F40006082169A26980793002918BF0246219955
:106F5000521A642A00F34583643280F2A183DFED84
:106F6000136AB9E1E8E901086F12033B0AD723BCB1
:106F700000000000A8050020A4050020A4080208C5
:106F800094050020900500200CE1010870E701083D
:106F9000B8E7010804E90108CDCCCCCC60E90108D0
:106FA00088E90108DCE8010804E70108CDCC4C3D84
:106FB0000AD7233C0F9B012B00F2AD811F9B002BB6
:106FC00000F01481069B229A9B1AB3F5966F80F00D
:106FD000E5811B9B002B00F011815FED0B0A3AA9A4
:106FE0009F4B6BEE200A9FED9F1A9F48B0EE410A1F
:106FF000F0EEE07AC3ED007A9C4B83ED001A9C4BD7
:10700000C3ED000A9B4B83ED001A04F055FE98B1C6
:107010003AA8FBF79FF81F9070B108F0FBFE36A965
:1070200005F040F8002840F0A181199B002B40F0AA
:107030009681914804F0EAF9904B1A68092A01D028
:1070400005221A6000238E4A1C46137020460DF557
:107050004F7DBDEC0C8BBDE8F08FB0EE698A14E675
:10706000069E15930A931B93189311931D931793E0
:107070001C9316931A930793CDE91333259804F0C4
:1070800091F9DDF818A0069690E5139B0BB9149BB7
:1070900033B1189B13B97B4804F06CF901231893A2
:1070A0000F9B012B4CD9069B239AA3EB0A03934217
:1070B00080F00081289BF1EE6B6A002B00F0F081DC
:1070C0009FED681A00230122F0EE41AA1493289242
:1070D000FCE0012008F0A4FE4DE5DFED628A604B84
:1070E000C3ED008A614BC3ED008A614BC3ED008A9A
:1070F000604BC3ED008A0A9B002B00F0F081249BBB
:10710000002B00F083811F9B1BB9B7EE00BA069BD2
:1071100022931B9B002B00F0B4820023249ADFED06
:10712000518A1793F0EE68AA1F9216931A93079349
:107130001E9315931D93CDE91B23CDE9133386E6EA
:107140009FED487A464BF0EE477A9FED4F0A83ED6C
:10715000007AF0EE47AA454BB0EE471AF0EE478AA8
:1071600083ED007A424B83ED007A424B83ED007A47
:107170000023CDE91333079317931C9316931A93A7
:10718000374BF0EE490A3AA93748C3ED007A374B3E
:1071900083ED001A04F090FD002800F0DF823AA889
:1071A000FAF7D8FF00283FF447AF08F033FE36A9BE
:1071B00004F078FF68B9199B23B92F4804F026F929
:1071C0002E4B3DE7CDE93600CDE938002F4804F0DD
:1071D0001DF9099B012B08BF49F0010906F092FC3B
:1071E000069B0022109319921293C4E4069BB7EEFB
:1071F00000BA22931B9B002B7FF4EFAE244804F0CF
:10720000B9F8EAE6234D4EA8234E6021089FB0EE60
:1072100004DA00962B68214AB3FA83F32590DFED58
:10722000118A5B09DFED1EBADFED1ECA24933B46CF
:1072300012F086FF219A0294A6AC3B46A02120467C
:1072400001920096184A2B9412F07AFF204604F01F
:10725000DDF82C680323003C2A9318BF01244EE478
:10726000A805002000000000A4080208A4050020D2
:10727000940500209005002030E10108BC050020A5
:10728000E604002058EA0108000000800CE1010833
:10729000B0E90108E804002090E6010864E601086E
:1072A000CDCC4C3D00001644ACE60108CDCCCC3D25
:1072B00000000000279B002B00F0D4801FED041A73
:1072C000F0EE6B6A0023F0EE41AA14931393079338
:1072D00017931C9316931A935FED0C7A36EEE87AA7
:1072E00068EE277AF4EEC77AF1EE10FA00F1EC803E
:1072F000B1EE676AB4EEC67AF1EE10FA40F1F580AD
:1073000078EEE78A1FED167AA8EEA87AB1EE680A41
:10731000F1EEC77A34E7FAF751FF0023B44A0120AF
:107320001360B44A1360B44A1360B44A136008F09F
:1073300077FD08F06FFD4EF65F23A0EB0A029A423C
:107340006ED9FAF73BFF0023A949AD4A0B60A94962
:10735000AC480B600B23136004F058F872E6CDE9DB
:107360003600CDE93800A84804F050F806F0CAFB12
:1073700008F050FD4EF65F23A0EB0A0200219A426E
:10738000069B19911293109306903FF692AD1F9BA6
:1073900015910A931B931D91FFF7F9BBB5EEC0BA87
:1073A000B1EE4B8AF1EE10FA00F16981974803F0D3
:1073B000E1FF069BB0EE48BA22930AE6944BDFED5C
:1073C000957AD3ED006A9FED947A67EEE67A9FEDA9
:1073D000931AEAEE877AF4EEC17AF1EE10FA3FF5ED
:1073E000A9AD9FED8F1AF4EEC17ADDE91331F1EE0C
:1073F00010FA43EA010331FE271A13F0FF037FF46A
:10740000A0ADDFED886A1493139365E7F0EE68AAE8
:10741000079317931C9316931A93CDE9133316E52C
:10742000069A002306901593129210921D93FFF76F
:10743000AEBB9FED7D7ADFED7D0A67EE877AF4EED5
:10744000E07AF1EE10FA00F16A81DFED790A0023AB
:10745000F4EEE07A1D93F1EE10FA70FEA70AF0EE5A
:10746000E07A72E460A5D5E90045724A802186A8D9
:10747000CDE9004512F064FE86A803F07BFF279B50
:107480009FED681A0122F0EE6B6A0793F0EE41AAB5
:10749000179327921C9316931A93CDE913331BE786
:1074A000B7EEEB7A4FF4FA73634A8021029386A811
:1074B000CDED076A8DED007B12F042FE86A803F049
:1074C00059FFDDED076AFBE578EEA78A9FED557A57
:1074D000A8EEA87AB1EE680AF1EEC77A50E6FAF79C
:1074E0006DFEF0EE68AA0A9B92E79FED4E7AB1EE30
:1074F000660AF0EE668AA6EEA67AF1EEC77A3FE655
:10750000139B002B40F0C1801A994C4AA2FB013218
:1075100022F0010303EB520332AACB1A42F8238074
:107520004B1C022B1A9300F20081DDED2EAADFED39
:10753000407AF8EEEAAAD9F80030B3F5487F6AEE4F
:10754000A7AA07EE903AF8EEE77AB0EE67CA40F2E3
:10755000FD80002243461592F0EEEA7AB7EEEA6A21
:10756000F4EECD7AF1EE10FA6ED81C9A022A40F2AF
:10757000A580DDF8AC900122269EA0210492484609
:107580002F4A00968DED026B12F0DAFD484603F0AB
:10759000F1FE1A9B022B40F25781149B002B00F046
:1075A0008280219BF31A002BB8BF5B42642B00F34F
:1075B000E380179B022B00F2EB800133032B179320
:1075C00000F0E680149BCDF8588013930793069B38
:1075D000209300231893FFF723BB069ECDF818A035
:1075E0004CE5DFED186A77E6000000A09999A93F05
:1075F000A8050020A4050020940500209005002087
:10760000BC05002048E701080CE1010834E6010848
:10761000B00500200AD7A33D0AD7233DEC5138BE60
:10762000EC51383E000000006F12033B0AD723BC28
:107630000AD7233CCCEA01088CEA0108ABAAAAAA23
:107640003CE80108CDCC4CBD00221C92269A0026B5
:107650002B9FA02100923846814A04968DED026B43
:1076600012F06EFD384603F085FE069B13951896C2
:10767000CDF85880079520931796FFF7D1BA79482F
:1076800095E6794803F076FE47E5169BA8EB0303E1
:10769000002BB8BF5B42B3F5E16F3FF7F9AB33E7BF
:1076A000DFED726A18E6149B069A1395CDF85880A0
:1076B0001893209207951793FFF7B2BA0132032A65
:1076C0001C923FF456AFC1E7694B6A491A68002320
:1076D0000B6069490B6069490B6069490B60694B34
:1076E0001A60FAF76BFD044600283FF4A5AC502061
:1076F000FBF726FE644B1B78072B3FF4A3ACB7EED9
:10770000EC7A624A602186A88DED007B12F018FDAC
:1077100086A803F07BFE00235D4A137096E40023E5
:10772000DFED5C7A1D93FFF710BBDDE93231349A4F
:10773000994226911DDA914206DC26931346269A39
:107740009A42A8BF1A4626921495EEE6299B0A9AF9
:107750001340159306D143461595FDE64E4B062280
:107760001A606FE41F9B002B3AD11F9A43461B926D
:10777000F2E69342E3DCE1E7149A0023CDF8588067
:1077800013920792069A179320921893FFF748BA1C
:10779000374B9FED368A1A68364B83ED008A364B9D
:1077A00083ED008A354B83ED008A354B83ED008AEB
:1077B000344B1A600A9B249A83F0010312EA0305F2
:1077C00023D1249B002B34D1FAF7F8FC044688B966
:1077D000314B1A68092A01D005221A6000249AE761
:1077E0002E4803F0C7FD1F9B002215931F922D9B6F
:1077F0001B92B1E65020FBF7A3FD234B1B78072B10
:10780000ECD0274803F002FE85E7FAF7D7FCB7EE85
:10781000EC7A244A602186A8F0EE488A8DED007B40
:1078200012F08EFC86A803F0F1FD00230A95CDE945
:107830001D33149BCDF8588013930793069B209318
:1078400000231893FFF7EDB90023069A1395CDF89E
:1078500058801793209207951893FFF7E1B900BF5E
:107860003CE8010800E601082CE9010800000000DE
:10787000AC050020A8050020A405002094050020E8
:10788000900500208C050020C005002020EA01089A
:10789000E60400200AD7233CBC050020F8E70108D5
:1078A000B4E801087CE80108014B1878704700BF74
:1078B0007A0500200A4B1B780BB10120704703F0BA
:1078C000FF0C084B084A40F6B830084910B51C7840
:1078D00083F800C0FAF7A8FC024B1C7010BD00BF73
:1078E000790500206F05002004EB010834EB010846
:1078F000024A42F6E0600249FAF796BC64EB0108DE
:1079000094EB010808B503F003F906F013F8BDE89D
:10791000084004F08BBD00BF704B2DE9F0411E788C
:107920009AB03EB100226E481A701AB0BDE8F0411C
:1079300006F0F6B903F0A0F86A4F08F06BFA6A4B4C
:107940000F22804669481A7006F0EAF9684803F089
:107950005DFD08F05FFAA0F57A7512E006F0D2F846
:10796000F9F744FB631B00BB3A78002A40F084809F
:10797000B3F57A7F34D204F0BBFD68BB0A2008F06F
:107980004FFA03F07FF880B308F044FA044603F09E
:1079900099F80028E2D003F069F8064606F0B2F83C
:1079A000F9F724FB631B0028DED04D4806F0B8F938
:1079B000504803F0DFFC03F059F8E0B1484806F006
:1079C000AFF903F053F801280CBF4B484B481AB0ED
:1079D000BDE8F04103F01ABD444806F0A1F9CDE737
:1079E0004748254603F012FDC5E7002E67D103F096
:1079F0003DF80028E2D1A8F57A753A4E08F00AFA67
:107A0000044606F07FF8631BB3F57A7F13D204F0C7
:107A10006FFD20BBF9F7EAFA28BB3378002B32D18F
:107A200003F050F818B103F021F8002834D10A20EF
:107A300008F0F6F9E2E702F0E9FF054602F0E0FFA0
:107A4000304A2B466021009002A812F079FB02A870
:107A5000254603F0DBFC04F04BFD0028DAD0234878
:107A600006F05EF9CAE71E4806F05AF9214803F00D
:107A7000CDFC1AB0BDE8F081194806F051F9224852
:107A800003F078FCB3E7164806F04AF91E4803F005
:107A9000BDFC1AB0BDE8F081114806F041F906F0CE
:107AA00061F902F0E3FF012813D0022803D0174840
:107AB00003F0ACFCDDE7114803F0A8FCD9E7084867
:107AC00006F02EF9012E0CBF0B480C4803F09EFC6B
:107AD0008DE7094803F09AFCCBE700BF6E05002054
:107AE00004EC0108E5040020C005002008EC0108B2
:107AF00010EC010848EC0108C4EB0108E4EB0108B4
:107B000098EC0108B4EC010870EC0108DCEC010809
:107B1000002918BF002884460CBF0120002039D05E
:107B2000002B18BF002A10B5029C0CBF4FF0010EAD
:107B30004FF0000E012C98BF4EF0010EBEF1000F69
:107B400000D010BDDFF858E09EF80040002CF8D0BF
:107B50008EF80000DFF84CE09EF800E08CF800E0C2
:107B6000DFF844C0DCF80040DFF840C00C609CF84F
:107B700000C082F800C0DFF838C09CF800C083F86D
:107B800000C05070044A5870107001200B68034AFE
:107B9000136010BD00207047E7040020E8040020B7
:107BA000F9040020F8040020F4040020F10400206F
:107BB000F0040020014B1868704700BFEC0400205F
:107BC0002DE9F0410446A2B01E4D1F4E1F4FDFF8B5
:107BD0009C8001E008F024F9F9F708FA04F088FC29
:107BE00005F090FF2B680A20A34225D133786BB9AA
:107BF0003B78002BEED0D8F80030A342EAD1144BEA
:107C00001B68013B062BE5D8012016E0114B1B78C1
:107C1000B3B1114B114A8021019302A8104B00947B
:107C200012F08EFA02A803F0BDFB002307490D4AAB
:107C30002B6033700B701360002022B0BDE8F08120
:107C4000094BE7E7E8040020E7040020F9040020DE
:107C5000EC040020F8040020D0D2010800ED010857
:107C60005CE50108BC050020D4D20108F404002022
:107C70000038024B18BF0120187070476D050020B6
:107C800000231E491E48002210B50B701D490360D9
:107C90000B701D491D4C0B701D491E480B601E4981
:107CA00023700B6003701D4C1D481E4923700B7020
:107CB00003701D4C1D481E4923600B7003701D4C42
:107CC0001D491E480B70237003601D491D4B1E4C3F
:107CD0000A601E4822601E491A601E4B02600A603C
:107CE0001A6005F08BFB1C4B1C4A1B68126813437F
:107CF00000D010BDBDE81040F8F776BE7105002039
:107D0000BC0500207A0500207905002070050020C0
:107D1000740500206F050020600500207805002014
:107D20006C050020CD040020D0040020CC040020ED
:107D3000CB040020CA040020C9040020FC04002059
:107D4000A8050020A0050020A4050020980500201B
:107D50009405002090050020E8040020DC040020A9
:107D600008B508F057F8084B084AFA381B78106035
:107D700023B10748BDE8084003F048BB0548BDE80B
:107D8000084003F043BB00BF6D05002068050020DC
:107D900024ED01084CED01082DE9F041214C08F0DB
:107DA00039F80546204803F031FB2378002B32D008
:107DB0001E4E1F4FDFF890800BE098F800300BB993
:107DC000FAF7B4F805F09EFE0A2008F029F82378A7
:107DD0000BB308F01FF842F6DF63401B98420CD843
:107DE0003368002BEED13B68002BE6D0114B1B789B
:107DF000002BE7D1F9F7FAF8E4E723785BB10E48F6
:107E000003F004FB0D4B08220D481A6003F0FEFA44
:107E10000020BDE8F0810B4803F0F8FA0120BDE82E
:107E2000F08100BF6C05002074ED0108DC04002027
:107E3000E8040020E6040020C0ED0108BC05002095
:107E4000ECED010898ED01086F050020014B0122BF
:107E50001A7070476F050020F8F7C6BD084B1B6805
:107E600053B9084B1B6823B9074B1B7823B9FAF7A2
:107E70005DB8064B1B7803B17047F9F7B7B800BF80
:107E8000DC040020E80400206F050020E604002048
:107E900008B5FAF7EFF80248BDE8084003F0B6BAB3
:107EA00010EE0108002303480349044A03600B60F5
:107EB00013607047AC0500208C050020A005002051
:107EC000014B1878704700BF71050020014B1878EE
:107ED000704700BF70050020F8B507F09BFF2E4DDE
:107EE00004462E4E2E4F0AE03B780BB9FAF71EF8E7
:107EF00004F0FEFA03461420C3B907F091FF07F01F
:107F000089FF001B312816D82B68002BF0D133686D
:107F1000002BE9D0234B1B78002BE9D1F9F766F849
:107F200004F0E6FA03461420002BE6D01E4B09228B
:107F30001A600020F8BD07F06DFF174D0446174E7C
:107F4000174F15E03B780BB9F9F7F0FF04F0D0FAC2
:107F50000028EBD103F0FEFA04F086F828B1C8211E
:107F6000082003F031FB0028E4D1322007F058FF4D
:107F700007F050FF41F28733001B9842D9D82B6895
:107F8000002BE3D13368002BDCD0064B1B78002B91
:107F9000DCD1F9F72BF8D9E7DC040020E804002055
:107FA0006F050020E6040020BC0500202DE9F04309
:107FB000DFED467A00237824454D464E464FDFF8E4
:107FC0003481DFF834912DED088B89B0F0EE678AAB
:107FD000B0EE679AF0EE679A0293B0EE67AA059347
:107FE000CDED017ACDE90333CDE9063315E098F8FC
:107FF00000300BB9F9F79AFF04F07AFA0346022031
:1080000053BB07F00DFF013CE8EE089A3AEE48AA90
:1080100039EE4B9A78EEEA8A27D001AA05A902A880
:1080200007F072FC019A33689DED048A9DED05BA54
:10803000DDED06AA2A60002BDED13B68002BD6D0EE
:1080400099F80030002BD7D1F8F7D0FF04F050FAA0
:1080500003460220002BD4D0204B092200201A60B6
:1080600009B0BDEC088BBDE8F083DFED1D7A002080
:108070001C4B89EEA77A1C4A1C4908604860CAEE6E
:10808000276A89EE275AC8EEA75AF0EE477AC3ED61
:10809000006A93ED006AD3ED006AE6EE667A82ED3F
:1080A000005AF5EEC07AC2ED015AF1EE10FA0BD487
:1080B0009FED0F7AF4EEC77AF1EE10FACCBF0120F3
:1080C000002080F00100CBE70120C9E7000000009C
:1080D0009C050020DC040020E8040020BC050020F2
:1080E0000000F042B4050020840500207C0500203B
:1080F0000BD7233B6F050020E604002008B507F0EE
:1081000089FE03F0F1FE03F0BBFF08B9002008BDB3
:10811000C821082003F058FA0028F7D007F07AFEAB
:1081200003F0E2FE03F0B2FF0028EFD0C8210820E0
:1081300003F04AFA0028E9D007F06CFE03F0D4FE01
:1081400003F092FF0028E1D0C8210820BDE80840D4
:1081500003F03ABAFBF7F4B82DE9F04F07235A4D74
:108160005A4C83B0DFF8C49120602B7007F052FEA8
:1081700003F0BAFEDFF8B88103F076FF544F03F046
:108180008BFFDFF8B0A107F045FE524B297822683B
:1081900093ED000A504BDFF8A0B1D3ED000A4F4B2E
:1081A00093ED001A4E4BD3ED001A4E4B93ED002A7F
:1081B0004D4BD3ED002A4D4B93ED003A4C4BD3ED94
:1081C000003A4C4B93ED004A142300934A4B05F0C0
:1081D00035F92878216805F087F905F0E7F90023DB
:1081E000464A47491370474A0B6013704649474A4D
:1081F0000B7013704649474A4748C9F8003003706E
:10820000C8F800300B701370F8F7EEFB434805F028
:1082100087FD434803F0FAF802F02EFC02F032FC2E
:10822000B0FA80F507F0F6FD06466D0907F0F2FD9D
:10823000831BF92B1FD8D8F800303BB9D9F8003090
:108240001BBB9AF800300BB9F9F770FE05F05AFC29
:1082500004F04EF928BB02F015FC00B11DB102F08C
:1082600031FC20BB0125142007F0DAFD07F0D2FD18
:10827000831BF92BDFD9064607F0CCFD03F034FE53
:1082800003F0F2FE03F008FFD5E79BF80030002B67
:10829000DCD1F8F7ABFE05F035FC04F029F9002835
:1082A000D9D000251D483D7005F03AFDBEE70123F9
:1082B0001C483B7005F034FD05F054FD1A4803B02E
:1082C000BDE8F04F03F0A2B8C0050020BC050020B7
:1082D0006E050020B0050020AC050020A805002098
:1082E000A4050020A00500209C0500209805002082
:1082F000940500209005002094080208E70400205F
:10830000EC040020E5040020D8040020D70400205D
:10831000D6040020D5040020F904002044EE010812
:108320004CEE010804EC010874EE0108E80400209A
:10833000DC0400206F050020E6040020F8F700BCF4
:108340000021DFED022A0846FBF7B2BE0000000064
:1083500000210120DFED012AFBF7AABE000000008A
:10836000B6EE002A00210120DFED022ADFED021A1D
:10837000FBF79EBE000000003333B33FDFED032A5E
:1083800001210020B0EE622AFBF792BE000000003F
:108390000020FCF7BBBF00BFB6EE002A0220DFEDD5
:1083A000062ADFED061A9FED061ADFED060A9FED9D
:1083B000060AFCF7ABBF00BF000000003333B33F39
:1083C000B2CE3840781E79BF24D26B3E2DE9F04101
:1083D0009E4CF7EE000AFFEE007AA4B02378002B43
:1083E00040FEA70A002918BF002804D01AB1984DF2
:1083F0002D68854206D0974B06221A60002024B0D3
:10840000BDE8F08109780029F5D01278002AF2D071
:10841000002B56D1904B914A802101930646904BF8
:10842000009004A8CDED030A11F08AFE04A802F022
:10843000B9FF8C4B22781B68DDED030A002B42D17B
:10844000002A00F08280884A10238848154613705D
:10845000CDED030A02F0DAFF7E4B1F22287819685F
:10846000984605F065F8DFED822A0021B6EE002A75
:10847000B0EE620ADFED7F1A9FED7F1A0846DDED50
:10848000030AFBF715FE002840F08880F9F796FEF6
:108490007A4B1F461B78002B61D12378002B75D0B7
:1084A000774A78493346CDE90012774A802104A8FB
:1084B00011F046FE04A802F075FF0023644A136021
:1084C0009CE76F4BA7E7002A67490CBF10221E22CA
:1084D000022B0D460A705ED0062B59D09FED6B1A09
:1084E000B6EE002ADFED622A0021F1EE600AB0EE5E
:1084F000620AF0EE421A0846FBF7DAFD8046F9F709
:108500005DFE5E4B1F461B783BBBB8F1000FC4D02D
:108510005020FAF715FF2378EBB1594B4F4A8021D1
:1085200004A8CDE900635A4B11F00AFE04A802F03A
:1085300039FF4C4B1B68062B02D90023444A1360B9
:108540002878073818BF012059E7474A1E235148A9
:10855000154613707CE7404BE0E7DFF8F88023789E
:10856000002B66D0464B3D4A802104A8CDE900632C
:10857000494B11F0E5FD04A802F014FF0023344A32
:1085800001203B701360C8F8003038E7324A88E7B2
:108590009FED421AA4E79FED421AA1E72022287816
:1085A000D8F8001004F0C4FF21233E482B7002F0DD
:1085B0002DFF4FF4FA7202214FF4FA60FEF720FA11
:1085C000002838D022236021374A04A82B70822348
:1085D00011F0B6FD04A802F019FFDFED252A0021F5
:1085E000BFEE000AF0EE620A9FED302ADFED301A8E
:1085F00008469FED301AFBF75BFD00283FF446AFBD
:108600002D4802F003FF9FED1A0AFAF7C1FE002879
:108610003FF43CAF5020FAF793FE284802F0F6FEF4
:10862000F9F7CCFD154B1F461B78002B3FF470AFBC
:1086300095E7094B97E723782BB11149204A334638
:10864000CDE9002131E70449F8E700BFF804002034
:10865000E8040020BC050020D4D2010800ED010888
:10866000E8EE0108EC040020C005002090EE0108AF
:1086700000000000CDCC4C3EA470BD3EE7040020BD
:10868000D0D2010834F0010834EF010817D9CE3DEB
:1086900040F00108BCEE01085CE50108D9CEF73DC9
:1086A000DD24063EF0EE010870EF0108CDCCCC3D94
:1086B000CDCC4C3DB81E053EACEF0108F0EF0108F3
:1086C00064EF010810B51E23244C98B02448237091
:1086D00002F09CFE0021DFED232AB6EE002ADFED3A
:1086E000221AF7EE000A0846B0EE620A9FED1F1A42
:1086F000FBF7DEFC18B90446204618B010BD212354
:108700001B48237002F082FE4FF4FA7202214FF4EC
:10871000FA60FEF775F90028EDD02221B223154A40
:1087200068462170602111F00BFD684602F06EFE74
:108730000021DFED0C2ABFEE000A08469FED0E2A4D
:10874000F0EE620ADFED0D1A9FED0D1AFBF7B0FC9B
:108750000446F9F733FD204618B010BDC0050020CF
:1087600048F0010800000000CDCC4C3EA470BD3E96
:108770008CF00108DCF00108CDCCCC3DCDCC4C3DDB
:10878000A245363E002918BF00280CBF0123002354
:108790001FD0114A92F800C0BCF1000F17D0DFF8CB
:1087A00054C013709CF80020DFF84CC002700B4AD4
:1087B0000B4812688CF800300A600A4902600B709E
:1087C00009480A490A4A03700B70137001231846BE
:1087D0007047002318467047E5040020E00400209D
:1087E000DC040020D8040020D6040020D50400209A
:1087F000D4040020E4040020D704002070B53C4CD1
:108800002DED028B2378AAB063B118B1394D2B68D6
:10881000984211D0384B06221A6000202AB0BDECD5
:10882000028B70BD0028F5D0324D2B689842F1D1F3
:108830009FED328A324B02E09FED328A324B334A4F
:10884000802101930646324B009002A811F078FC7B
:1088500002A802F0A7FD2378002B31D02D4802F0AA
:1088600089FDB0EE480ADFED2C0AFDF779FC2B6894
:10887000002BD2D040B3F9F7A1FC5020FAF760FDED
:108880002378FBB91E4A254B802102A8244CCDE950
:1088900000621E4A11F054FC02A802F083FD00237E
:1088A0002049214A08781370204A0738204913705C
:1088B00018BF01201F4A2B6023700B701370ADE7A7
:1088C0001D48CCE7104ADEE723787BB10E491B4AEE
:1088D000334602A8CDE90021194AA02111F030FC4D
:1088E00002A802F05FFD00232B6096E70449EEE743
:1088F000E4040020DC040020BC050020DB0FC9409C
:10890000D4D20108DB0FC9C0D0D20108A0E501080C
:10891000E8EE010818F101086666E63E40F001083D
:10892000D7040020C0050020D8040020D604002071
:10893000D5040020D404002058F1010898F1010862
:1089400014E50108FAF78CBE0022012140F64E40E2
:10895000FEF756B810B50823174C1848237002F0DC
:1089600055FDDFED172AB6EE002ABFEE000A002102
:10897000F0EE620A0120DFED131A9FED131AFBF7E8
:1089800097FB10B90024204610BD5020FAF7D8FC00
:108990002378072BF6D00D4802F038FD0022052180
:1089A00040F6B830FEF72CF804460028EAD0084814
:1089B00002F02CFD204610BDC0050020A0F10108EA
:1089C000000000003333B33F0AD7233FD8F101083A
:1089D00028F2010810B50823174C1848237002F03C
:1089E00015FDDFED172AB6EE002ABFEE000A0021C2
:1089F000F0EE620A0120DFED131A9FED131AFBF768
:108A000057FB10B90024204610BD5020FAF798FCFF
:108A10002378072BF6D00D4802F0F8FC002206213F
:108A200040F6B830FDF7ECFF04460028EAD00848CD
:108A300002F0ECFC204610BDC00500205CF20108ED
:108A4000000000003333B33F0AD7233F94F20108FC
:108A5000E4F20108FAF79CBCFDF782BBF9F71EBCF3
:108A600001210020F9F784BE0021F9F781BE00BF83
:108A7000FAF78EB8F9F78AB9FAF712BAFAF714BB0F
:108A800072B6FEE72DE9F04F2DED088BCDB0002337
:108A9000DFED668ADFED66AA0CAF9FED66BADFED0B
:108AA000669A664E664D8DF81E300A93ADF82030FA
:108AB000ADF824308DF81F300B93FEF723FFFEF73F
:108AC0002BFF022308AA0AA900930DF11E0009AB8F
:108AD000FFF71EF880460BA90DF11F00FFF752FEAD
:108AE00048EA0003814613F0FF0400F09C81B8F1CE
:108AF000000F00F0C2819DF81E30002B00F09B811A
:108B00000120BFEE008AFFF7B3F8FFF7B9F802F0D3
:108B10001DFC4C4802F07AFC4B4802F043FC012358
:108B2000059364B9FFF71CF9FFF736F938B93368D4
:108B3000002B00F0BD813068FFF70EFBBFE700237C
:108B40002B70FFF7C9F90446C0B93368092B00F050
:108B50008A814FF0030A1420C6F800A0FFF7EEFB4D
:108B600053463A4A602124A811F0EAFA24A802F0F8
:108B70004DFC34602B78072B00D12C7001242C7015
:108B800006F0B4FE324B18701B78002B40F07B814E
:108B90004FF0020A85F800A0FFF708FA0446B0B9C2
:108BA0003368092B00F05F811420C6F800A0FFF79E
:108BB000C5FB5346254A602124A811F0C1FA24A818
:108BC00002F024FC34602B78072B00D12C70032397
:108BD0002B70FFF793FA0446002800F06B81C82041
:108BE000FFF7B8FA2B78072B16D13468092C00F060
:108BF0003A8114203460FFF7A1FB2346134A602119
:108C000024A811F09DFA24A802F000FC0023336090
:108C10002A78072A00D12B7007F0FCF8002382463F
:108C2000C7E90033C7E902331AE000BF00000000C3
:108C3000DB0F4940DD24063E00007A44BC050020DD
:108C4000C005002038F6010850F6010878F6010842
:108C5000B80500200A20FFF77DFA2B78072B27D0D4
:108C600007F0D8F8394603F01DFA044600283ED133
:108C700007F0D0F8A0EB0A00B0F57A7FEAD9052317
:108C800014203360FFF75AFB0523964A602124A87D
:108C900011F056FA24A802F0B9FB34602B78072BA8
:108CA000D8D10A202C70FFF755FA2B78072BD7D193
:108CB00034681420092C00F0D6803460FFF73EFBA6
:108CC0002346884A602124A811F03AFA24A802F029
:108CD0009DFB002333602A78072AC1D12B7007F04F
:108CE00099F8394603F0DEF904460028C0D0FFF7B2
:108CF000D9F8B8F1000F40F0E183B9F1000F00F0AE
:108D0000138113230B982B70FFF778FDC8B93368D4
:108D1000D3B13468092C00F0A68014203460FFF72A
:108D20000DFB23466F4A602124A811F009FA24A8FC
:108D300002F06CFBC6F800802B78072B01D185F878
:108D40000080694802F062FB684802F05FFB6848F7
:108D500002F05CFB05234FF47A702B70FFF7FAF9F1
:108D60002B78072B15D13468092C7CD01420346063
:108D7000FFF7E4FA23465B4A602124A811F0E0F9EA
:108D800024A802F043FB002333602A78072A00D18D
:108D90002B7003F081F920B1C821082002F014FCE7
:108DA00098B9052414203460FFF7C8FA23464D4AC9
:108DB000602124A811F0C4F924A802F027FB0023A5
:108DC00033602A78072A00D12B7006232B7007F016
:108DD00021F8484BF0EE681A2978326893ED000AC2
:108DE000454B9FED461AD3ED000A454B93ED002A03
:108DF000444BD3ED002A444B93ED003A434BD3ED63
:108E0000003A434B93ED004A15230093414B04F085
:108E100015FB2878316804F067FB04F0C7FB3E4877
:108E200002F0F4FA4BE601F021FE002800F0C683C0
:108E300001283FF465AE0020B7EE008AFEF718FF68
:108E4000FEF71EFF02F082FA344802F0DFFA3448DF
:108E500002F0A8FA0023059363E6D6F80080B8F183
:108E6000090F40F095860921192004F03DFB04F01C
:108E70009DFB2C4802F0CAFA21E69DF81F30002B1A
:108E80007FF43EAED7E714203460FFF757FA23464D
:108E9000144A602124A811F053F924A802F0B6FA6C
:108EA000002333602A78072A7FF472AE2B706FE6B6
:108EB000082041E64FF0040A1420C6F800A0FFF78E
:108EC0003DFA5346074A602124A811F039F924A835
:108ED00002F09CFA34602B78072B7FF480AE2C7064
:108EE0007DE600BF78F60108F0F60108F8020208F6
:108EF00018030208B0050020AC05002000000000A7
:108F0000A00500209C050020980500209405002065
:108F100090050020C408020844030208F0F5010887
:108F200008F601085CF60108FEF7B2FFFEF7E0FC68
:108F3000002800F0AD852023F0EE480AB0EE480A84
:108F40002B70FFF7FFFCC8B93368002B00F0E085F9
:108F50003468092C87D014203460FFF7EFF92346DA
:108F6000AC4A602124A811F0EBF824A802F04EFAD4
:108F7000002333602A78072A00D12B702B78072B27
:108F800016D13468092C3FF46EAF14203460FFF71B
:108F9000D5F923469F4A602124A811F0D1F824A8CE
:108FA00002F034FA002333602A78072A00D12B70AC
:108FB000FEF74CFF21232B70FFF7C6FC002840F082
:108FC0007B8533680B2B00F0AC853368002B00F0F9
:108FD00089853468092C3FF446AF14203460FFF7CC
:108FE000ADF923468B4A602124A811F0A9F824A8E2
:108FF00002F00CFA002333602A78072A00D12B7084
:10900000FEF758FCD0B93368002B00F07B8534683C
:10901000092C3FF428AF14203460FFF78FF9234662
:109020007C4A602124A811F08BF824A802F0EEF904
:10903000002333602A78072A00D12B7016230A20D8
:109040002B70FFF77BF97448FFF708FDD0B9336840
:10905000002B00F05A853468092C3FF404AF14202B
:109060003460FFF76BF923466A4A602124A811F0A7
:1090700067F824A802F0CAF9002333602A78072A87
:1090800000D12B70FEF722FF002800F031850D2063
:10909000FFF754F9614802F0B9F923232B70059BBF
:1090A000002B00F003855E4802F0B0F9DFED5D0AA9
:1090B00068EE2A2ADFED5C1AB6EE002A9FED5B1AF5
:1090C00068EE200A9FED5A0AFFF762F9D0B93368BB
:1090D000002B00F020853468092C3FF4C4AE142026
:1090E0003460FFF72BF923464A4A602124A811F087
:1090F00027F824A802F08AF9002333602A78072A87
:1091000000D12B705020FFF725F82B78072B16D1B4
:109110003468092C3FF4A7AE14203460FFF70EF931
:1091200023463C4A602124A811F00AF824A802F042
:109130006DF9002333602A78072A00D12B703D484F
:1091400002F064F9B0EE680AFFF784FCD0B9336826
:10915000002B00F0E3843468092C3FF484AE142023
:109160003460FFF7EBF823462A4A602124A810F068
:10917000E7FF24A802F04AF9002333602A78072A7F
:1091800000D12B705020FEF7E5FF2B78072B16D16E
:109190003468092C3FF467AE14203460FFF7CEF832
:1091A00023461C4A602124A810F0CAFF24A802F01C
:1091B0002DF9002333602A78072A00D12B701E482E
:1091C00002F024F917232B70059B002B00F08D84EF
:1091D0001A4802F01BF9FFF743FC88BB3368002BE9
:1091E00000F0AF843468092C3FF43DAE14203460A5
:1091F000FFF7A4F82346074A602124A810F0A0FF37
:1092000024A802F003F9002333602A78072A17D133
:109210002B7015E078F601082CD80108D8F7010862
:1092200058F30108CDCC04403333B33F2716284010
:109230007B14CE3F14F8010854F801082CF40108FF
:10924000964802F0E3F8FFF73DFAD0B93368002BF7
:1092500000F07A843468092C3FF405AE14203460A1
:10926000FFF76CF823468E4A602124A810F068FFAF
:1092700024A802F0CBF8002333602A78072A00D113
:109280002B70884802F0C2F8B0EE680AFFF7E2FBE4
:10929000D0B93368002B00F05A843468092C3FF4AD
:1092A000E2AD14203460FFF749F823467C4A602180
:1092B00024A810F045FF24A802F0A8F8002333608A
:1092C0002A78072A00D12B705020FEF743FF2B7815
:1092D000072B16D13468092C3FF4C5AD1420346037
:1092E000FFF72CF823466E4A602124A810F028FFCF
:1092F00024A802F08BF8002333602A78072A00D1D3
:109300002B70DFED69BA4FF000089FED68AA68483E
:1093100002F07CF808F101041723664A60212B70E3
:109320003846234610F00CFF384602F06FF80A204A
:10933000FFF704F82046FFF797FBE8B93368002BE6
:1093400000F0B183D6F80090B9F1090F3FF48BAD6E
:109350001420C6F80090FEF7F1FF4B46504A6021FA
:1093600024A810F0EDFE24A802F050F8002333608A
:109370002A78072A00D12B70FEF7A8FD002800F0FC
:109380002D810D20FEF7DAFF082C00F03281B8F1B4
:10939000010F00F08583B8F1050F0BFE8A9A50206B
:1093A000FEF7D8FE2B78072B19D1D6F80080B8F13C
:1093B000090F3FF458AD1420C6F80080FEF7BEFF39
:1093C0004346374A602124A810F0BAFE24A802F0D0
:1093D0001DF8002333602A78072A00D12B7069EE2C
:1093E000297A1023344A60212B703846FCEEE77A44
:1093F00017EE903A10F0A4FE384602F007F8B6EEE9
:10940000002AFFEE000AB0EE491AB0EE680AF0EE4C
:10941000421AFEF795FFE8B93368002B00F0498344
:10942000D6F80080B8F1090F3FF41DAD1420C6F83E
:109430000080FEF783FF4346194A602124A810F0FC
:109440007FFE24A801F0E2FF002333602A78072A78
:1094500000D12B705020FEF77DFE2B78072B01D01A
:10946000A04657E7D6F80080B8F1090F3FF4FBACEF
:109470001420C6F80080FEF761FF4346084A6021C9
:1094800024A810F05DFE24A801F0C0FF0023336083
:109490002A78072AE4D1A0462B703BE794F801080C
:1094A00078F60108C4F80108D9CEF73D17D9CE3DAA
:1094B00008F901084CF90108A4F9010809AA08A94A
:1094C0000A98FEF783FFD0B93368002B00F01883A9
:1094D0003468092C3FF4C7AC14203460FEF72EFF2B
:1094E00023463A4A602124A810F02AFE24A801F05D
:1094F0008DFF002333602A78072A00D12B704FF0AC
:109500000208334801F082FF0A98FEF759FB002851
:109510003FF41AAC0A9B3B60FEF74CFB09AB81465B
:1095200008AA39460DF11E00CDF80080FEF7F0FACA
:10953000044658B309AA08A93868FEF747FFC8B916
:109540003368002B38D03468092C3FF48CAC1420DD
:109550003460FEF7F3FE23461C4A602124A810F075
:10956000EFFD24A801F052FF002333602A78072A78
:1095700000D12B70B9F1060F04D9164801F046FF4F
:10958000FFF7E2BB124801F041FFBDE74FF00A0AC6
:109590001420C6F800A0FEF7D1FE53460B4A602106
:1095A00024A810F0CDFD24A801F030FF34602B7802
:1095B000072BBFD12C70BDE70524C8E7064801F092
:1095C00025FF0620FEF7C8FDFFF779BA78F60108F7
:1095D000A8F60108CCF6010818F60108FEF770FCA1
:1095E000002814BF0C200B20FEF7A8FE082C7FF4E7
:1095F000CEAEBC4801F00AFF5020FEF7ABFD2B7841
:10960000072B3FF42AAC11232B70059B002B00F095
:109610009682B54801F0FAFE9FEDB41ADFEDB40A68
:109620009FEDB40AFEF79CFEE8B93368002B00F00A
:109630008E83D6F80080B8F1090F3FF414AC1420E3
:10964000C6F80080FEF77AFE4346AB4A602124A8A4
:1096500010F076FD24A801F0D9FE002333602A78AB
:10966000072A00D12B705020FEF774FD2B78072BB2
:1096700000F0728212232B70059B002B00F06A828F
:109680009E4801F0C3FE9FED9E0AFFF7E3F9E8B99B
:109690003368002B00F06183D6F80080B8F1090F21
:1096A0003FF4E1AB1420C6F80080FEF747FE4346C6
:1096B000914A602124A810F043FD24A801F0A6FEE1
:1096C000002333602A78072A00D12B705020FEF740
:1096D00041FD2B78072B19D1D6F80080B8F1090F7E
:1096E0003FF4C1AB1420C6F80080FEF727FE4346C6
:1096F000814A602124A810F023FD24A801F086FEF1
:10970000002333602A78072A00F033837D4801F074
:109710007DFEB0EE680AFFF79DF9E8B93368002BCB
:1097200000F01883D6F80080B8F1090F3FF49BAB26
:109730001420C6F80080FEF701FE43466E4A602101
:1097400024A810F0FDFC24A801F060FE0023336083
:109750002A78072A00F06F825020FEF7FBFC2B7856
:10976000072B19D1D6F80080B8F1090F3FF47BAB75
:109770001420C6F80080FEF7E1FD43465E4A6021F2
:1097800024A810F0DDFC24A801F040FE0023336083
:109790002A78072A00F0E8825B4801F037FE182398
:1097A0000A202B70FEF7CAFD5848FFF761F9804682
:1097B000002840F0CA823368002B40F0FF810C2063
:1097C000FEF7BCFD0823B6EE002ADFED561ABFEE09
:1097D000000A9FED4F1ADFED550A2B70FEF7B0FD22
:1097E000E8B93368002B00F02382D6F80090B9F175
:1097F000090F3FF438AB1420C6F80090FEF79EFD29
:109800004B463D4A602124A810F09AFC24A801F0A0
:10981000FDFD002333602A78072A00F0A382502040
:10982000FEF798FC2B78072B19D1D6F80090B9F1E8
:10983000090F3FF418AB1420C6F80090FEF77EFD28
:109840004B462D4A602124A810F07AFC24A801F090
:10985000DDFD002333602A78072A00F08C822D4832
:1098600001F0D4FD9FED2C0A1323DFED2C0A28EE26
:10987000000A2B70FFF7F0F8E8B93368002B00F00E
:109880007582D6F80090B9F1090F3FF4ECAA1420C4
:10989000C6F80090FEF752FD4B46174A602124A8F7
:1098A00010F04EFC24A801F0B1FD002333602A78AB
:1098B000072A00F055825020FEF74CFC2B78072B2E
:1098C00000F02382B8F1000F40F0E681059B002BE9
:1098D00040F09181124801F099FD1423B6EE002A60
:1098E00026E000BF74F90108ACF40108338B743F23
:1098F000CDCCCCBD3333733F78F6010860F5010859
:10990000C34BCB3FD0F9010814FA0108B4D20108C7
:10991000B81E853D58FA0108DB0FC940C3F5E83E83
:10992000D4FA01083333B33F8FC2753D0000000005
:109930005FED041AB7EE000A1FED051A5FED050A88
:109940002B70FEF705FD80465020FEF703FCB8F1B2
:10995000000F00F012822B78072B00F00E82B74820
:1099600001F054FDB64801F051FD9FEDB60AFFF736
:1099700071F8E8B93368002B00F00785D6F800804D
:10998000B8F1090F3FF46FAA1420C6F80080FEF763
:10999000D5FC4346AC4A602124A810F0D1FB24A892
:1099A00001F034FD002333602A78072A00D12B70A0
:1099B0005020FEF7CFFBA54801F028FD09239FEDBD
:1099C000A40A2B70FFF746F8E8B93368002B00F0C3
:1099D000D884D6F80080B8F1090F3FF444AA1420C7
:1099E000C6F80080FEF7AAFC4346974A602124A8E7
:1099F00010F0A6FB24A801F009FD002333602A78AB
:109A0000072A00D12B705020FEF7A4FB914801F0EB
:109A1000FDFC914801F0FAFC9FED8A0AFFF71AF865
:109A2000E8B93368002B00F0A884D6F80080B8F1BC
:109A3000090F3FF418AA1420C6F80080FEF77EFC38
:109A40004346814A602124A810F07AFB24A801F043
:109A5000DDFC002333602A78072A00D12B705020C8
:109A6000FEF778FB7D4801F0D1FCFEF773FF00287C
:109A700040F0F2813368002B40F076840B23784865
:109A8000336001F0C3FC5020FEF764FBFFF762B9BE
:109A9000744801F0BBFC0820FEF75EFBFFF70FB82F
:109AA000B0EE4B9A7BE44FF0080951E46E48FFF7A3
:109AB000FBBA4FF00508B9E422236C482B7001F083
:109AC000A5FCBFEE000ADFED6A1AF0EE680A9FED12
:109AD000691AFEF753FC00287FF492AA3368002B22
:109AE0007FF477AA0524FFF778BA6348FFF771BBC4
:109AF000FEF7E6F900280CBF0B200C20FFF7C8BAD0
:109B00000524E9E40824FFF786BA0824FFF7A7BA7A
:109B10000524FFF720BA0524FFF7E1BA0724FFF771
:109B20001EBB22223060034660212A7024A8534ABB
:109B300010F006FB24A801F069FCFFF761BA504859
:109B400068E50824FFF752BB0524FFF787BB07240D
:109B5000FFF7A7BB4B4894E5D6F80080B8F1090F92
:109B60003FF481A91420C6F80080FEF7E7FB4346C6
:109B7000354A602124A810F0E3FA24A801F046FC3D
:109B8000002333602A78072A7FF474AD2B7071E5C7
:109B90001420C6F80080FEF7D1FB43462A4A602114
:109BA00024A810F0CDFA24A801F030FC0023336083
:109BB0002A78072A7FF427AD2B7024E5D6F8009089
:109BC000B9F1090F3FF44FA91420C6F80090FEF731
:109BD000B5FB4B461C4A602124A810F0B1FA24A81A
:109BE00001F014FCC6F800802B78072B7FF4E7AD5A
:109BF00085F80080E3E52448142401F007FCB6EE64
:109C0000002AB7EE000ADFED211A9FED211ADFEDE1
:109C10000D0A2C70FEF79CFB002840F0CE803368C4
:109C20000BB9052333601B4801F0F0FBFFF792B836
:109C30004FF00509DFE52B708EE500BF0CFB010836
:109C400044FB01080000000078F6010878FB0108D9
:109C5000DA0FC93FACFB0108E8FB01081CFC010856
:109C60004CFC010810F70108C0F3010884F7010853
:109C70000AD7A33DB81E853D6CF4010848F70108DA
:109C800004F501089CF501084CFE01083333B33F8D
:109C90008FC2753DC401020818230D202B70FEF7FA
:109CA0004DFB7548FEF7E6FE002840F0C88033689B
:109CB000002B00F05F83D6F80080B8F1090F3FF465
:109CC000D2A81420C6F80080FEF738FB43466B4A42
:109CD000602124A810F034FA24A801F097FB002397
:109CE00033602A78072A00D12B700E20FEF726FB5E
:109CF000059B002B40F0A780336803B134686048AF
:109D0000346001F083FBFFF725B8D6F80090B9F175
:109D1000090F3FF4A8A81420C6F80090FEF70EFB28
:109D20004B46564A602124A810F00AFA24A801F0F4
:109D30006DFB002333602A78072A7FF4C3AD2B70B4
:109D4000B8F1000F3FF4C2ADA6E70F2038E54FF0A1
:109D5000050874E44FF00708EAE44FF00708A1E4AF
:109D60002B70A8E52B705AE52B7015E54FF005090F
:109D70008DE52B70CAE42B7071E53368002B00F081
:109D8000F682D6F80080B8F1090F3FF46CA81420D1
:109D9000C6F80080FEF7D2FA4346384A602124A86C
:109DA00010F0CEF924A801F031FB002333602A78AB
:109DB000072A7FF4D4AD2B70D1E55020FEF7CAF905
:109DC000304801F023FB304801F020FB9FED2F0AC3
:109DD000FEF740FE00283FF422AF5020FEF7BAF90C
:109DE0002B4801F013FB09239FED2A0A2B70FEF785
:109DF00031FE00283FF413AF5020FEF7ABF92648A0
:109E000001F004FB254801F001FB9FED200AFEF75D
:109E100021FE00283FF403AF5020FEF79BF92048B5
:109E200001F0F4FAFEF7D6FD002840F026833368EF
:109E30000BB90B2333601B4801F0E8FAEFE60E2064
:109E4000FEF77CFA42E5336803B1346816483460A3
:109E500001F0DCFAFEF77EBF0748FEF70DFE38BBC7
:109E6000336803B134681148346001F0CFFA5020F0
:109E7000FEF770F9FEF76EBFB4D2010878F601085C
:109E80008CFA01087CFE0108B4FE01080000000005
:109E9000E8FE0108DA0FC93F18FF010854FF010866
:109EA00084FF0108B4FF010804FE01089CFC0108BE
:109EB000BE4801F0ABFA1423B6EE002ADFEDBC1A5F
:109EC000B7EE000A9FEDBB1ADFEDBB0A2B70FEF761
:109ED0003FFAE8B93368002B00F06084D6F80080C0
:109EE000B8F1090F3EF4BFAF1420C6F80080FEF7AA
:109EF00025FA4346B14A602124A810F021F924A88C
:109F000001F084FA002333602A78072A00D12B70ED
:109F10005020FEF71FF99FEDAA0AFEF79BFDE8B956
:109F20003368002B00F03684D6F80080B8F1090FB2
:109F30003EF499AF1420C6F80080FEF7FFF94346BF
:109F40009E4A602124A810F0FBF824A801F05EFAD4
:109F5000002333602A78072A00D12B705020FEF7A7
:109F6000F9F8B6EE002AB7EE000ADFED911A9FED80
:109F7000951ADFED910AFEF7EBF9E8B93368002B8B
:109F800000F01384D6F80080B8F1090F3EF46BAFEF
:109F90001420C6F80080FEF7D1F94346874A6021B5
:109FA00024A810F0CDF824A801F030FA0023336083
:109FB0002A78072A00D12B70B6EE002ADFED7C1A32
:109FC000F7EE000A9FED801A9FED7B0AFEF7C0F9BD
:109FD000E8B93368002B00F0E583D6F80080B8F1CB
:109FE000090F3EF440AF1420C6F80080FEF7A6F932
:109FF0004346724A602124A810F0A2F824A801F078
:10A0000005FA002333602A78072A00D12B705020EC
:10A01000FEF7A0F89FED6D0A002001F055F99FEDC5
:10A020006C0A012001F050F96A4801F0EFF941F2A1
:10A030008830FEF78FF89FED680A002001F044F9A0
:10A04000B3EE0E0A012001F03FF94FF42F70FEF736
:10A0500081F80823B6EE002ADFED551ABFEE000A9C
:10A060009FED5E1ADFED540A2B70FEF771F9E8B927
:10A070003368002B00F0FE81D6F80080B8F1090F9C
:10A080003EF4F1AE1420C6F80080FEF757F94346BF
:10A090004A4A602124A810F053F824A801F0B6F928
:10A0A000002333602A78072A00D12B709FED4C0AD9
:10A0B000FEF7D0FCE8B93368002B00F06883D6F8CF
:10A0C0000080B8F1090F3EF4CEAE1420C6F800802F
:10A0D000FEF734F94346394A602124A810F030F8DD
:10A0E00024A801F093F9002333602A78072A00D1CD
:10A0F0002B705020FEF72EF89FED2F0AFEF7AAFCDA
:10A10000E8B93368002B00F03F83D6F80080B8F13F
:10A11000090F3EF4A8AE1420C6F80080FEF70EF931
:10A120004346264A602124A810F00AF824A801F02A
:10A130006DF9002333602A78072A00D12B70B6EE20
:10A14000002ADFED1B1ABFEE000A9FED261ADFED95
:10A150001A0AFEF7FDF8E8B93368002B00F0118306
:10A16000D6F80080B8F1090F3EF47DAE1420C6F891
:10A170000080FEF7E3F84346104A602124A80FF060
:10A18000DFFF24A801F042F9002333602A78072A70
:10A1900000D12B709FED080AFEF75CFC00283DD132
:10A1A0003368002B00F0EA821EE000BFD4FC0108F7
:10A1B0003333B33FB81E853D0000000078F6010838
:10A1C000DB0F49405C8FC23DEC51383E0000A0429D
:10A1D0000000B44208FD0108000016433D0AD73DC7
:10A1E000271E49401283C03DD6F80080B8F1090F00
:10A1F0003EF439AE1420C6F80080FEF79FF84346BF
:10A20000A44A602124A80FF09BFF24A801F0FEF8C7
:10A21000002333602A78072A00D12B709FED9E0A15
:10A22000022001F051F89D4801F0F0F84FF46172FE
:10A2300000210320FEF722FCE8B93368002B00F070
:10A240009A82D6F80080B8F1090F3EF40CAE1420C3
:10A25000C6F80080FEF772F843468E4A602124A8B3
:10A260000FF06EFF24A801F0D1F8002333602A78A4
:10A27000072A00D12B704FF47A60FDF76BFFC822DC
:10A280004FF496710320FEF7F9FBC0B933681BB198
:10A290003468092C3EF4E7AD14203460FEF74EF824
:10A2A00023467C4A602124A80FF04AFF24A801F02D
:10A2B000ADF8002333602A78072A00D12B70B6EE60
:10A2C000002ADFED771AFFEE000A9FED761A9FED68
:10A2D000720AFEF73DF8D0B93368002B00F04982CE
:10A2E0003468092C3EF4BFAD14203460FEF726F824
:10A2F0002346684A602124A80FF022FF24A801F019
:10A3000085F8002333602A78072A00D12B709FED4F
:10A31000620AFEF79FFBD0B93368002B00F027825A
:10A320003468092C3EF49FAD14203460FEF706F823
:10A330002346584A602124A80FF002FF24A801F008
:10A3400065F8002333602A78072A00D12B7056481D
:10A35000FEF784FBE8B933680BB908233360534830
:10A3600001F054F8FEF7F6BC3368FFF788BB4FF0F6
:10A3700005080CE54FF00808A3E44FF00708FFF7C5
:10A380005ABB4FF00708FFF72ABB4FF00708FFF74B
:10A39000FBBA9FED470A022000F096FF454801F006
:10A3A00035F8B6EE002AF7EE000ADFED3D1A9FED14
:10A3B000421A9FED390AFDF7CBFFC8B93368002B6D
:10A3C00056D03468092C3EF44EAD14203460FDF7AD
:10A3D000B5FF23462F4A602124A80FF0B1FE24A820
:10A3E00001F014F8002333602A78072A00D12B707B
:10A3F000B6EE002ADFED2A1AB6EE081ADFED260ABD
:10A40000B7EE000AFDF7A4FFC0B9336873B3346830
:10A41000092C3EF428AD14203460FDF78FFF23464D
:10A420001C4A602124A80FF08BFE24A800F0EEFF48
:10A43000002333602A78072A00D12B701F4800F0D0
:10A44000E5FF1F4B40F2EE2140F6DC221D48009252
:10A450001D4ACDE902100192A0211C4A24A80FF048
:10A460006FFE24A800F0D2FFFEF774BC0524D2E7EB
:10A470000524AAE74FF0050804E61548FEF7FCFAA4
:10A4800050BB33680BB908233360124800F0BEFF9D
:10A49000FFF7C5BB78F601080000000050FD010879
:10A4A0003333B33F7B14EE3E5CD9010888FD0108CD
:10A4B0000000CC42C4FD010885EB3140480202088F
:10A4C000D4D20108E8F50108F4020208900202085B
:10A4D000B4D2010800000208B64800F097FFB6EEBB
:10A4E000002AB7EE000ADFEDB41A9FEDB41ADFEDD3
:10A4F000B40A2C70FDF72CFF00283FF490AB5020DD
:10A50000FDF728FE9FEDAF0AFEF7A4FA00283FF4FE
:10A5100086AB5020FDF71EFEB6EE002AB7EE000A0D
:10A52000DFEDA51A9FEDA81ADFEDA50AFDF710FFD4
:10A5300000283FF474ABB6EE002ADFED9F1AF7EE69
:10A54000000A9FEDA21A9FED9E0AFDF701FF002869
:10A550003FF465AB50200824FDF7FCFD9FED9C0AFD
:10A56000002000F0B1FE9FED9B0A012000F0ACFE40
:10A57000994800F04BFF41F28830FDF7EBFD9FED6D
:10A58000970A002000F0A0FEB3EE0E0A012000F0B2
:10A590009BFE934800F03AFF4FF42F70FDF7DAFD71
:10A5A000B6EE002ABFEE000ADFED831A9FED8D1A8A
:10A5B000DFED830A2C70FDF7CBFE00283FF42FABB4
:10A5C0005020FDF7C7FD09239FED870A2B70FEF78A
:10A5D00041FA00283FF423AB5020FDF7BBFD9FED6F
:10A5E000780AFEF737FA00283FF419AB5020FDF740
:10A5F000B1FDB6EE002ABFEE000ADFED6F1A9FED47
:10A600007B1ADFED6F0A2C70FDF7A2FE00283FF4E5
:10A6100006AB5020FDF79EFD9FED690AFEF71AFA82
:10A6200000283FF4FCAA5020FDF794FD9FED640A3A
:10A63000022000F049FE6E4800F0E8FE4FF461721F
:10A6400000210320FEF71AFA00283FF4E8AA4FF48D
:10A650007A60FDF77FFDC8224FF496710320FEF764
:10A660000DFA00283FF4DBAA1023B6EE002AFFEE15
:10A67000000ADFED511A9FED5F1A9FED510A2B7012
:10A68000FDF766FE00283FF4CAAA5020FDF762FDE0
:10A690009FED4B0AFEF7DEF900283FF4C0AA5020D8
:10A6A000FDF758FD5448FEF7D9F900283FF4B7AA42
:10A6B0009FED520A022000F007FE514800F0A6FE6E
:10A6C00010232B70FDF768FE00283FF4A8AA502045
:10A6D000FDF740FD4B4800F099FE1B239FED4A0A11
:10A6E0002B70FEF7B7F9C8B93368002B3DD034683A
:10A6F000092C3EF4B8AB14203460FDF71FFE23464E
:10A70000424A602124A80FF01BFD24A800F07EFE21
:10A71000002333602A78072A00D12B705020FDF7E0
:10A7200019FD2B78072B16D13468092C3EF49BAB0E
:10A7300014203460FDF702FE2346344A602124A829
:10A740000FF0FEFC24A800F061FE002333602A789D
:10A75000072A00D12B702E4800F058FE2D4B40F2F6
:10A76000992140F6FA222C4871E60724C3E7072412
:10A77000DAE50524B8E54FF0080868E54FF007086A
:10A7800038E54FF00508F1E44FF00708C3E44FF057
:10A7900007089AE44FF00708FFF7CCBB4FF0050815
:10A7A000FFF7A2BB4FF005081DE44FF00508FFF7C7
:10A7B000EFBB00BF380002083333B33FB81E853DFE
:10A7C00000000000DB0F49C05C8FC23DEC51383EF9
:10A7D0000000A0420000B4426C00020800001643D2
:10A7E000B00002083D0AD73D271E494039B4C83D94
:10A7F000EC0002087B14EE3E5CD901080000CC425C
:10A800002401020864010208DA0FC9BF78F60108C2
:10A8100000020208D0D20108DCF5010870B58EB044
:10A8200024220021044604AE30460FF046FD2E4897
:10A8300006F098F80623042140F2FF7004220691E6
:10A84000314607902848CDE904430023CDE9082389
:10A8500005F080FB002835D1234805F0B3FF002820
:10A8600037D10221204805F0EDFA38BB01AD1E4872
:10A8700005F06CFB02211C4805F0E4FA04461A4876
:10A88000E4B905F063FB45F8040BB542F2D1DDE90C
:10A890000123934224D20DEB84040292039A636055
:10A8A000029B9A421AD201998A4215D20023029140
:10A8B0000DEB83035A6002980EB070BD4FF0FF306D
:10A8C0000EB070BDFEF7DCF8074805F07BFF0028EE
:10A8D000C7D0FEF7D5F8C4E70123E9E70223E7E78D
:10A8E0001A460124D7E700BF5C0A00201F48142144
:10A8F0001F4B002230B583B003603B230124054683
:10A900008274048244616A66C0E906130423C0E9C4
:10A91000022210206B65AB6628642846C5E9113217
:10A92000C5E913320823C5E90814C5E90A44C5E995
:10A930000C42C5E90E22C5E916222B6606F042FE3E
:10A9400010B1002003B030BD014623460222074863
:10A95000009407F02FF80028F3D1044807F044F8DA
:10A96000B0FA80F0400903B030BD00BFBC09002040
:10A9700000A0004008B501220C490D480CF018FC5D
:10A9800000B908BD0B4B0A481A6801321A600BF077
:10A9900003FB0122054906480CF00AFC0028F0D010
:10A9A000044B1A6801321A6008BD00BFCC060020B3
:10A9B000EC060020DC0600200D4808B5FFF72EFF4E
:10A9C000B0F5805F10D207EE900A9FED0A6ADFEDC6
:10A9D0000A6AB2EE067AF8EEE77A67EE867A87EED2
:10A9E000A60A20EE070A08BD9FED040A08BD00BFB5
:10A9F0001000C0103333534000F07F4500000000CA
:10AA00000148FFF70BBF00BF0000B84F164808B55C
:10AA1000FFF704FFB0F5805F1DD2C72819D96FF486
:10AA20002F728318B3F5957F17D9A0F2DD53B3F5D4
:10AA3000957F14D9A0F69903B3F5957F11D96FF4DA
:10AA40002F63184440F2BA23984294BF0520002097
:10AA500008BD012008BD002008BD022008BD03205C
:10AA600008BD042008BD00BF0000B84F014B187896
:10AA7000704700BF44060020014B00221A70704747
:10AA80004406002008B50E48FFF7C8FE40F63773AD
:10AA9000A0F1C8029A4201D9002008BD6FF42F72BC
:10AAA0008318B3F5957F09D96FF42F63184440F2EA
:10AAB000BA2398428CBF0020012008BD012008BDA8
:10AAC0000000B84F08B51048FFF7A8FE40F63773EE
:10AAD000A0F1C8029A4201D9002008BD6FF42F727C
:10AAE0008318B3F5957F0BD96FF42F63184440F2A8
:10AAF000BA239842F0D8054B02221A70012008BDF3
:10AB0000024B01221A70F9E70000B84F44060020FA
:10AB1000C14A536913F40033F0B5A9B011D1BFF3A2
:10AB20004F8FBFF36F8FC2F85032BFF34F8FBFF319
:10AB30006F8F536943F400335361BFF34F8FBFF3FB
:10AB40006F8FB548436913F4803326D1C0F8843041
:10AB5000BFF34F8FD0F8804043F6E075C4F34E3C0E
:10AB6000C4F3C9044FEA4C1C0CEA0501234641EA30
:10AB70008372013B5E1CC0F86022F8D1ACF1200C5E
:10AB80001CF1200FF0D1BFF34F8F436943F48033A2
:10AB90004361BFF34F8FBFF36F8F05F0FFF84C2277
:10ABA000002115A80FF089FB202200210DA80FF02D
:10ABB00084FB022007F030FB984A00230993936935
:10ABC00023F440439361936903F440430993099B41
:10ABD00093699D04FCD5212102230122282015918F
:10ABE0004FF480311B921E931691062122920C2263
:10ABF0002493219015A82391CDE91F330023CDE99B
:10AC00002523279308F02AFA002840F012834023D6
:10AC1000002403213F2214930DA8CDE9113308230A
:10AC2000CDE90F434FF48063CDE90D21139308F074
:10AC3000E1FC002840F0FA820024794B0921794890
:10AC4000199401254FF40046CDE91544CDE9174488
:10AC5000D3F8E02042F00102C3F8E020D3F8E0206E
:10AC600002F001020792079AD3F8E02042F00402B2
:10AC7000C3F8E0200122D3F8E03003F00403089386
:10AC8000089B07F0C5FA092315A966481794CDE972
:10AC900015350323189307F085F92A464FF4004130
:10ACA000604807F0B5FA15A95E4815961894CDE9E5
:10ACB000165407F077F95C4815A915961894CDE954
:10ACC000164507F06FF9594A594B104694601360C6
:10ACD0004FF48003146253600723D462D3604FF0B3
:10ACE0000073946313614FF0807353614FF080637E
:10ACF00093614FF08043C2E90944C2E90F44C2E9BD
:10AD00001144C2E91344C2E91544D36153630AF004
:10AD1000B1F9002840F087820024414B4FF40041F4
:10AD200044481994CDE91544CDE91744D3F8E020FF
:10AD300042F00202C3F8E020D3F8E02002F0020261
:10AD40000492049AD3F8E02042F00802C3F8E0200D
:10AD5000D3F8E02002F008020592059AD3F8E0202B
:10AD600042F01002C3F8E0202246D3F8E03003F0AE
:10AD700010030693069B07F04BFA22464FF44061FE
:10AD80002D4807F045FA22464FF480612B4807F022
:10AD90003FFA01224FF4004315A926481593189451
:10ADA000CDE9162407F0FEF84FF4406315A92248B8
:10ADB000159307F0F7F84FF48063204815A9159311
:10ADC00007F0F0F81E4A1F4B1046546113604FF411
:10ADD0008003146253604FF40033D46293600723FE
:10ADE0009463D3604FF0007313614FF080639361FD
:10ADF0004FF00053D3614FF08043C2E90944C2E9E8
:10AE00000F44C2E91144C2E91344C2E91544536333
:10AE10000AF030F918E000BF00ED00E000480258E9
:10AE2000004402580008025800000258AC080020F4
:10AE3000003800400010025800040258000C02586C
:10AE40003409002000300140002840F0E98100244E
:10AE5000242215A821460F94CDE90D440FF02DFAB8
:10AE6000B64AB74B1046146113604FF4101382F8C2
:10AE7000204053600823146393600423D463536118
:10AE80004FF4807314641383012382F84440D36128
:10AE9000C2E90A4405F026FE002840F0BE810023E6
:10AEA0000DA9A6480D9306F00DF8002840F0B281D8
:10AEB000A44904230622A148159140F2FF71CDE96F
:10AEC00016230022CDE9181315A91A9205F042F8AD
:10AED000002840F09C8140F2FF720021974805F065
:10AEE00093FF002840F08481944805F06BFC002813
:10AEF00040F07B8194490023944A08460B610A6024
:10AF00004FF4E1328B614A600C22C1E90233C1E99E
:10AF100007334A61C1E909330CF080F830B90146C2
:10AF200089480CF0B7F9002800F09881FDF7A8FDDA
:10AF300040F6CA0340F2EE220221854801F08CFE61
:10AF40000023844A84491370844A08460B631370B3
:10AF5000834A0B621360834A4B621360824AC1E9E1
:10AF60000633824BC1E900234FF480524FF4005363
:10AF7000C1E9022302234FF480628B6204230A6139
:10AF80004B610CF04BF830B9014673480CF0B4F942
:10AF9000002800F07181FDF773FD012274496E48AD
:10AFA0000CF006F9002840F02F810023CDE90D3385
:10AFB000CDE90F3311930A931B93CDE91533CDE9F6
:10AFC0001733CDE91933CDE90B3308F08FFC054673
:10AFD00008F034FC0446854218BF6C0008F074FC8D
:10AFE000064608F02BFC634B8642054618BF7500E9
:10AFF0009C4240F206819D4240F203815E4B5F4AD3
:10B00000A2FB0412D3F8F0105D4C41F00101920C48
:10B010002046C3F8F010013AD3F8F01001F0010116
:10B0200000910099D3F8E81041F00101C3F8E8104D
:10B03000D3F8E81001F0010101910199D3F8E01073
:10B0400041F00101C3F8E010D3F8E01001F0010174
:10B0500002910299D3F8E01041F01001C3F8E0101A
:10B06000D3F8E030626003F010030393039B0023E6
:10B07000A360A361C4E90433424B236044F61F6319
:10B08000E3600AF0CFFD002840F0B8803B4BA3FB03
:10B0900005233D4D9B0C2846013B6B600023AB60B4
:10B0A0002B61AB614FF080432B6044F61F63EB6074
:10B0B0000AF0B8FD002840F09E8000230AA930481D
:10B0C0000A930C930AF0C6FE002840F08B800AA970
:10B0D0002D480AF0BFFE002840F084800022602343
:10B0E00015A929481992CDE91532CDE91722CDE9E4
:10B0F0001A220AF00FFE38B9082215A922480AF0D0
:10B1000009FE002800F0BF80FDF7BAFC05230026E9
:10B1100001270DA90D9302231C480E930F9610963C
:10B12000119706F03FFF4FF408530DA918481197E7
:10B130000D9306F037FF31462CE000BF5C0A00207B
:10B14000002002401000C0108007002000100140C5
:10B15000780600204D060020EC0600204C0600205A
:10B1600048060020D806002000500040A0860100BC
:10B17000CC0600203F420F000044025883DE1B43F0
:10B180006008002000000140140800200000025860
:10B190000010025844480AF0C3FC28B9082142486C
:10B1A0000AF0BEFC00284CD0FDF76AFC2B6840F288
:10B1B0004130226840F2616140F6770501245D6309
:10B1C000D863516303F0E8FF0023384A384813700E
:10B1D0003849394A04700B701360FFF787FB58B386
:10B1E00029B0F0BDFDF74CFC78E7FDF749FC81E69E
:10B1F000FDF746FC78E6FDF743FC5EE7FDF740FC13
:10B2000044E7FDF73DFCF9E6FDF73AFCCDE6FDF736
:10B2100037FC60E6FDF734FC4AE6FDF731FC3EE61C
:10B22000FDF72EFC13E6FDF72BFC75E5FDF728FC7A
:10B2300002E5FDF725FCEAE429B0BDE8F040FDF7A2
:10B240001FBC01461D480AF06BFC0028ACD1082148
:10B250001A480AF065FC0028A6D1A7E7014618485D
:10B260000CF04AF800287FF461AE15480BF0F2FFAD
:10B2700000287FF45BAE5BE612480BF0EBFF002882
:10B280007FF489AE89E6024615A90C480AF042FD12
:10B2900000287FF439AF082215A908480AF03AFDC2
:10B2A00000287FF431AF31E714080020D6060020D3
:10B2B000D4060020D5060020D0060020600800201B
:10B2C00080070020EC060020B5EEC00AF1EE10FA6F
:10B2D00030D49FED1A7AF6EE007ADFED196A44F663
:10B2E0002062B4EEC70AF1EE10FA37FE000A80EED3
:10B2F000076AE6EE267AFCEEE77A17EE903A03F557
:10B30000FA73934228BF1346032806D8DFE800F0FB
:10B310000E0A06020B4A1268D3637047094A126884
:10B3200053637047084A1268D3637047064A12682D
:10B33000536370474FF4FA73E6E700BF00003443ED
:10B340000000FA446008002014080020074B40F673
:10B35000770C074A40F241301B6840F26161126885
:10B36000C3F834C0D8635163704700BF140800208D
:10B370006008002090B100B583B00190F4F7B2FFEF
:10B380004FF6FF7205230199824228BF0246044806
:10B3900092B203B05DF804EB0BF074BD704700BFD0
:10B3A00080070020174A1278012A2AD148B32DE9D4
:10B3B000F8438046F4F796FF814600B3B8FA88F761
:10B3C0007F09A9EB070604F025FD08EB07010546F8
:10B3D000802E0D4828BF80263246B4B20FF077F891
:10B3E00004E004F017FD401B142808D82146064845
:10B3F00003F054FF0028F4D13744B945E1D8BDE843
:10B40000F8837047D4060020C405002010B5044618
:10B4100060B1F4F767FF4FF6FF72052321468242C1
:10B4200028BF0246044892B20BF02CFD2046BDE82E
:10B430001040FFF7B7BF00BF8007002000000000EA
:10B4400010B5B8B000210446B8220AA80891CDE989
:10B450000411CDE906110EF030FF34B12368384AEB
:10B4600093423ED0374A934201D038B010BD0222F9
:10B4700000230AA8CDE90A2308F02AFB002856D1A8
:10B48000314B02204FF0040C0024D3F8E82004A92B
:10B4900042F48012C3F8E820D3F8E82002F48012C6
:10B4A0000292029AD3F8E02042F00802C3F8E020AA
:10B4B0000822D3F8E030059013402448CDF810C09E
:10B4C0000393039B0892CDE9064406F06BFD2246E8
:10B4D0000521352005F074FD352005F0A1FD38B0BB
:10B4E00010BD194B022004A9D3F8F02042F010023D
:10B4F000C3F8F020D3F8F02002F010020092009A76
:10B50000D3F8E02042F00102C3F8E0200722D3F88C
:10B51000E030079003F001030D4808920193019B6E
:10B520009FED057B8DED047B06F03CFD9DE7FDF76F
:10B53000A7FAA5E7AFF300800006000002000000B4
:10B54000001001400050004000440258000C025816
:10B55000000002582DE9F041DFF86880D8F800308B
:10B56000D3F8CC502DB90022134B01201A70BDE83E
:10B57000F0812946404606F0EDFA044688B904F009
:10B5800049FC0E4F0646D8F800300134D3F8CC30D1
:10B590002B42E8D004F03EFC801B012801D8BC42BD
:10B5A000F1D1074A00201368013313600122024BD6
:10B5B0001A70BDE8F08100BFD6060020400D0300E0
:10B5C000E0060020BC0900202DE9F04107468EB0BE
:10B5D0000C4604F01FFC7B1E072B0DD80546274E9A
:10B5E00001E0317861B104F015FC401BA042F8D3B2
:10B5F000234A13680133136000200EB0BDE8F081C8
:10B600002C2203A80EF059FE04F004FC03A9804686
:10B610001C4806F071FB58B9089B73B91A4B0022FD
:10B6200018481A7006F09CFBB842DCD30120E4E70E
:10B63000134A136801331360D5E7134B1A782AB9FC
:10B64000124901221A700A6801320A6010490A6818
:10B65000A8EB0202132AC6D90A480193C1F8008058
:10B6600006F0E0F9074806F01DFA00223270FFF7F5
:10B670003DF9019B0028B6D0D1E700BFD6060020D7
:10B68000E8060020BC090020D5060020E4060020C2
:10B69000D00600202DE9F0418AB010B1264B1C786D
:10B6A00044B1264A136801331360002528460AB0C6
:10B6B000BDE8F081064632210420FFF785FF0546EC
:10B6C0000028EED02346371D57F83320002AE8D053
:10B6D00036F833200133B2F5006FE2D2042BF3D1F8
:10B6E0000024A0462022002102A80EF0E6FD4FF41F
:10B6F000002236F8343001A90492114857F834205A
:10B70000019306F0E5F958B901340D4806F01EFA28
:10B7100048EA0008042CE5D128460AB0BDE8F081CB
:10B72000064A136801331360B8F1000FBDD04146DB
:10B73000034806F00FFAB8E7D6060020E806002016
:10B74000BC09002010B58AB00446282200216846B2
:10B750000EF0B3FD24B140210F4806F0F3FA10B902
:10B7600000200AB010BDA31C6A4640210A4806F01A
:10B7700003FA58B9019B069A1343F1D1039BB3F521
:10B78000002FEDD1009B01202380EAE7034A1368D4
:10B7900001331360E4E700BFBC090020E806002085
:10B7A000F0B508B301B3EFF3108672B6104B8446C0
:10B7B000104C8E461B78104DDFB20FCCACE80F005A
:10B7C0000FCCACE80F0094E803008CE803000FCD29
:10B7D000AEE80F000FCDAEE80F002B68CEF80030BA
:10B7E00006B962B63846F0BD00273846F0BD00BF46
:10B7F0004D06002050060020A806002038B5EFF3C3
:10B80000108472B60D4A00211378117003F0FF0501
:10B8100043B10B4B1A784AB9002128220948197004
:10B820000EF04BFD04B962B6284638BD0649074AFA
:10B83000096812689142EFD1F4E700BF4C0600207E
:10B840004D0600205006002048060020D8060020A3
:10B8500001480AF013BC00BFEC06002018B11C4BD5
:10B8600002689A4200D070471A4B00B58DB0197823
:10B87000019104F0CFFA0199024602AB164801F09B
:10B880000DFA01280CD0013006D1144A01201449C8
:10B890001368034413600870FFF76CF80DB000BD27
:10B8A000104B0DF1080C0D4A18700F4B1268DFF8A1
:10B8B0003CE01A60BCE80F00AEE80F00BCE80F00E7
:10B8C000AEE80F009CE803008EE80300E4E700BF49
:10B8D00000500040CC06002078060020D80600204A
:10B8E0004C0600204D06002048060020500600208F
:10B8F00018B10F4B02689A4200D070470D4A136886
:10B90000013310B504460C48136001F0B9F90B4A35
:10B910004FF0010C0A49204613686344136081F814
:10B9200000C00AF039FBBDE81040FFF723B800BFA4
:10B9300000500040DC06002078060020D8060020D9
:10B940004C0600200000000010B5BAB000210446EB
:10B95000B8220CA80B91CDE90711CDE909110EF021
:10B96000ACFC34B12368584A934257D0574A9342AB
:10B9700001D03AB010BD9FED507B022310220CA8DD
:10B980000E9311938DED0C7B9FED4D7BCDE90F2335
:10B990004FF480538DED127B239308F099F8002823
:10B9A00039D14B4B022100200624D3F8E82042F481
:10B9B0008042C3F8E820D3F8E82002F480420492E1
:10B9C000049AD3F8E0200A43C3F8E020D3F8E0203B
:10B9D0000A400592059AD3F8E02042F00402C3F829
:10B9E000E0200322D3F8E030089107A903F0040314
:10B9F000079406930523069C0B93CDE9090235486D
:10BA000006F0D0FA4FF4005307A93348079306F025
:10BA1000C9FA3AB010BDFDF733F8C2E79FED267BB7
:10BA2000022310220CA80E9311938DED0C7B9FED39
:10BA3000247BCDE90F234FF480538DED127B2393AC
:10BA400008F046F8002834D1214B022108200024B8
:10BA5000D3F8F02042F48052C3F8F020D3F8F0205D
:10BA600002F480520192019AD3F8E0200A43C3F80D
:10BA7000E020D3F8E0200A400292029AD3F8E020B6
:10BA80000243C3F8E0200522D3F8E03007900340DA
:10BA90000891114807A90393039B0B92CDE9094430
:10BAA00006F080FA802307A90C48079306F07AFA7B
:10BAB0005FE7FCF7E5FFC7E70010000000000000AB
:10BAC00002000000C00000000030014000380040CB
:10BAD000004402580008025800040258000C0258A2
:10BAE00010B5B8B000210446B8220AA80891CDE9E3
:10BAF0000411CDE906110EF0E0FB1CB12E4B2268BB
:10BB00009A4201D038B010BD9FED277B022310224E
:10BB10000AA80C930F938DED0A7B9FED257BCDE951
:10BB20000D238DED107B07F0D3FF002839D1234B77
:10BB3000202003210024D3F8D82042F02002C3F8AB
:10BB4000D820D3F8D82002F020020192019AD3F82D
:10BB5000E02042F00102C3F8E020D3F8E02002F038
:10BB600001020292029AD3F8E02042F00402C3F8E4
:10BB7000E020D3F8E030069403F00403CDE904019B
:10BB8000039304A90E48039B06F00CFA102203232A
:10BB900004A90C480694CDE9042306F003FA38B052
:10BBA00010BDFCF76DFFC2E70000080000000000B8
:10BBB00002000000C00000000020024000440258C3
:10BBC000000002580008025810B5B6B00021044623
:10BBD000B82208A80691CDE90211CDE904110EF0B2
:10BBE0006CFB1CB1244B22689A4201D036B010BDC8
:10BBF0009FED1B7B4FF0805308A88DED087B2393AE
:10BC000007F066FF40BB1D4B092402A91C48D3F86E
:10BC1000EC2042F48072C3F8EC20D3F8EC2002F45C
:10BC200080720092009AD3F8E02042F00802C3F834
:10BC3000E020D3F8E030069403F008039FED0A7B80
:10BC40000193019B8DED027B9FED097B8DED047BC4
:10BC500006F0A8F936B010BDFCF712FFD3E700BF1D
:10BC6000008000000000000003000000020000004F
:10BC7000000000000000000000A000400044025846
:10BC8000000C0258074B82B0D3F8F42042F00202B5
:10BC9000C3F8F420D3F8F43003F002030193019BBE
:10BCA00002B070470044025804F0A8B8014806F0FA
:10BCB00099BB00BF40660120002918BF0028034639
:10BCC0000CBF0120002068D093ED006AB5EEC06A79
:10BCD000F1EE10FA62D9D3ED037AF5EEC07AF1EE07
:10BCE00010FA5BD970EE606A93ED027AD3ED017AB7
:10BCF00030EE200A0A4601F1100C77EE877A0846EA
:10BD0000B0EE665A9FED277AF0EE405AE7EE816A70
:10BD1000A7EEC15AE7EE815AA7EEC10AC5EE067A30
:10BD2000C1ED007A93ED006AC5EE867AC1ED017A25
:10BD300093ED006AC0EE067AC1ED027A93ED006AD7
:10BD4000C6EE867AC1ED037AF0EC017AF5EEC07AA0
:10BD5000F1EE10FA01D5F1EE677AF4EEC77AF1EE62
:10BD600010FA37FE877A6045EED1D3ED037AF4EE10
:10BD7000C77AF1EE10FA12D4F7EE006A1033F3EC42
:10BD8000017A92ED007A67EEA67A67EE877AE2ECA6
:10BD9000017A6245F3D10120704700207047C7EE59
:10BDA000876AEBE700000000002918BF002810B5E3
:10BDB0000CBF4FF0010E4FF0000E66D0002B18BFE5
:10BDC000002A029C0CBF4FF0010C4FF0000C002C1D
:10BDD00008BF4CF0010CBCF1000F54D1D0ED006A4B
:10BDE000F5EEC06AF1EE10FA4DD991ED017AB5EE9B
:10BDF000006AD1ED007AF1EE005A91ED024A4FF05F
:10BE0000010E77EE877A91ED035AD0ED024A90ED5C
:10BE1000017A77EE847A37EE247A77EE857A27EE08
:10BE2000257A67EEA67A67EE867AC2ED007AD1EDC2
:10BE3000017AD1ED004A91ED025A77EEE47AD1ED24
:10BE4000035AD0ED006A77EE857A77EEE57A67EEF1
:10BE5000A67A67EE867AC3ED007AD1ED017A91ED8C
:10BE6000005AD1ED025A77EEC57A91ED036AD0ED12
:10BE7000006A77EEE57A77EE867A67EEA67AC7EE05
:10BE8000876AC4ED006A704610BD4FF0000E704620
:10BE900010BD00BF2DE9F04190B02022114E804628
:10BEA00008AC6D460F460DEB020000210EF005FABE
:10BEB00033882846656002363B440834083524F848
:10BEC000083CC047082808D110AB9C42F0D108A814
:10BED000FFF7E0FB10B0BDE8F081002010B0BDE836
:10BEE000F08100BFF808020830B5002305462B4C4E
:10BEF0002DED028B9FED2A8A89B0CDE90033ADF894
:10BF000008306846FFF71EFC002842D000230DF1E0
:10BF10000201244803AA0793CDE90333CDE9053391
:10BF200003F03EFE0028ECD19DF80C30013BDAB264
:10BF3000032A11D9BDF800C01B4A11880130023212
:10BF400001F500738C459BB204D09C4502D00428B7
:10BF5000F3D1D6E7C3B2013B144A4FF0010CDDED3B
:10BF6000057A04EB830102EB8302114867EE887ABD
:10BF7000DFF840E092ED007A00F803C0684667EE13
:10BF8000877A4EF82350C1ED007AFFF7DBFB0028DB
:10BF9000BCD109B0BDEC028B30BD00BFE80A002067
:10BFA0003333634000090208F8080208E408020875
:10BFB000D00A0020D80A002070B506460A2403F0F3
:10BFC00029FFFFF791FF00213046FFF763FF054689
:10BFD0000220B5B103F024FF013CF0D1032403F0AB
:10BFE00019FFFFF781FF4FF400713046FFF752FF52
:10BFF000022003F015FF013CF1D103F00BFFFFF726
:10C0000073FF284670BD00BF2DE9F041202290B09B
:10C01000054600210DEB02000EF04FF9EDB1114C79
:10C0200008AF6E4604F10808238830467E6002346B
:10C0300003F5007395ED000A0837043527F8083C2E
:10C04000083603F01DFE082807D14445ECD108A8A6
:10C05000FFF720FB10B0BDE8F081002010B0BDE874
:10C06000F08100BFF808020808B5FFF773FA00B9BD
:10C0700008BD0248BDE80840FFF7C6BFD408020863
:10C080000148FFF799BF00BF4DFB00080148FFF7CB
:10C0900093BF00BF69FB00080148FFF78DBF00BFD9
:10C0A00085FB000838B50D460446FFF71DFF3DB17E
:10C0B000DFF844C0BCE80F0028606960AA60EB604C
:10C0C0000B4B00200B4A03F1040C13F8011B29B1A0
:10C0D0001168611AB1F5FA7F98BF0130634502F12A
:10C0E0000402F2D1022894BF0020012038BD00BF15
:10C0F000D00A0020D80A0020E80A0020F0B593B04A
:10C10000282205460F4608AC002120460EF0D5F83F
:10C110001F492046FFF744FB1E4BA6460646DFF8A4
:10C120008CC01870BEE80F00ACE80F00BEE80F002E
:10C13000ACE80F009EE803008CE80300FFF75EFB0D
:10C14000C8B9134A002E029704AE116814BF2346E3
:10C1500000233046019152680F4900920F4A00F0C7
:10C16000CBFC0F4C96E80F0084E80F0085E80F0029
:10C17000284613B0F0BD03F04DFE0A4A1368C31AF7
:10C18000B3F57A7FDDD310600748FFF7F3F8D8E7FF
:10C19000580B00200D0B00207C0B002048090208E2
:10C1A000480B0020F80A002064030208100B00204E
:10C1B000024600230B4892ED021AD2ED010A92EDDD
:10C1C000000A00B585B06946CDE90033CDE90233F8
:10C1D000FFF772FD08B905B000BD6846FFF714FF10
:10C1E00005B000BD28090208F0B587B015461E4607
:10C1F000002205AB0C46074629460392049205929D
:10C2000003AA009304AB1448FFF7CEFDD4ED013A26
:10C21000D4ED007A384623EEA31A104B104A93ED62
:10C22000000A2B46A7EEA71AD2ED000A0D4A0E49C6
:10C2300092ED002A0D4AD1ED002A1921B1EEC11A62
:10C2400092ED003AD4ED021A00229DED044A0096C8
:10C2500001F0F4F807B0F0BD28090208B00500208D
:10C26000AC050020A00500209C05002098050020BA
:10C2700008B503F0CFFDFFF737FEFFF7F5FE28B155
:10C28000C8210820FFF7A0F900B108BD054800F05B
:10C290002DFC0023044A1846C2E90033C2E90233E8
:10C2A00008BD00BF7C0B0020480B002070B51B4B65
:10C2B00000241B4A82B0C3E900441060C3E9024471
:10C2C000FFF7D6FF0646FFF7E7FE80B9019003F0BF
:10C2D000A1FDFFF709FE134A019B1370124B0122C7
:10C2E00012481A7000F002FC002002B070BDC82194
:10C2F0000820FFF769F9054603F08CFDFFF7F4FD10
:10C3000006EA0500074B10F0FF001C70E6D0084A53
:10C31000054B14701C7002B070BD00BF480B0020AC
:10C32000040B0020090B0020080B00207C0B0020D0
:10C330000A0B002019490B7810B5DBB1184B0446E5
:10C340001B787BB1174800F0D1FB174B0022204629
:10C35000C3E90022C3E90222FFF7A8FF114B012223
:10C360001A7010BD114B1B78002BEBD1104B1B78B2
:10C37000002BE7D10B4800F0B9FB08490A4B00221B
:10C380000978C3E90022C3E902220029E6D0FFF7B9
:10C390006FFF044B01221A7010BD00BF0B0B002071
:10C3A0000A0B00207C0B0020480B0020090B00200A
:10C3B000080B002070B51A4B01241A4D00262C7072
:10C3C0001E7003F027FDFFF78FFDFFF759FE08B938
:10C3D000002070BDC8210820FFF7F6F80028F7D02C
:10C3E00003F018FDFFF780FDFFF750FE0028EFD0A7
:10C3F000C8210820FFF7E8F80028E9D003F00AFD7B
:10C40000FFF772FDFFF730FE0028E1D0C8210820B9
:10C41000FFF7DAF80028DBD0034B2E701C7070BDDC
:10C42000080B0020090B00200A0B002010B51E4845
:10C4300000F056FB1C4C0123242200211B482370D2
:10C440000DF03BFF00211A481A4B28221A4CC0E974
:10C450000011C0E902111948C3E90011C3E9021132
:10C460000DF02BFF0021164A164B11701970164A59
:10C47000164B1748197021700170117003F0CAFC37
:10C48000144B186003F0C6FC134BFA38186003F025
:10C49000C1FC124BA0F57A70186003F0BBFC104B86
:10C4A000A0F57A70186010BD7C0B0020580B00209E
:10C4B000480B0020380B00200B0B0020100B002035
:10C4C0000D0B00200C0B0020090B0020080B002096
:10C4D0000A0B0020040B0020FC0A0020000B0020A7
:10C4E000F80A0020014B1878704700BF0C0B0020A1
:10C4F0002DE9F04FADF5037D0024AE4D0DF1680B35
:10C50000CDE91E44CDE9204403F084FC01465846A1
:10C51000FFF7F4FD9BE80F0085E80F002B7B1493D9
:10C520006BB903F077FCA44A1368C31AB3F57A7F9A
:10C530006FD2002420460DF5037DBDE8F08F012366
:10C540009E4A13709E4A1370FBF786FC9D4801F0CB
:10C55000E7FB9D48FEF75AFF21462822192000F0EC
:10C56000E7FF9A4B1B78002B00F00682984B15933F
:10C5700003F050FC4FF00009A0F57A7AA0F1FA031D
:10C5800000F10A06DFF85482CDF864A01190CDE9DD
:10C59000129303F03FFC0446FBF760FC01F0B2FA93
:10C5A000A4EB0A03B3F57A7F80F0B780119BE31AFE
:10C5B000092B40F2E580A31B1EA92046092B88BF4A
:10C5C00026461196FFF76EFD21465846FFF796FD69
:10C5D0009BE80F0085E80F002E7B002E32D17D4BAB
:10C5E0001B78002B46D0D8F80430002B42D0D8F866
:10C5F0000030E31AB3F5967F3CD2774B93F82020B6
:10C60000042A40F2D3811B89B146B3F5E16F3CD3D4
:10C610001AE17049714B10600A785B682AB16E4A62
:10C6200092F82010052900F2D3816D4922AC6D4AA1
:10C6300008689021009020460DF082FD2046FEF70C
:10C64000E5FE76E7614B684F1E7895E80F0087E8B6
:10C650000F00002E40F0DE80644A1368E31AF92BC5
:10C6600000F260814FF00009119BCDF8489003F172
:10C670000A068EE7B9F1000F00F0E580A4EB09038C
:10C68000B3F5966FC0F0E080149E129B002B00F073
:10C69000FB80129BE31AB3F5167FC0F08680544BE3
:10C6A0001B782BB1534B1B68E31AB3F57A7F7CD30D
:10C6B0002046FFF7FBFD0446002800F082814E482B
:10C6C00000F014FA00233D4A13703D4A13703F4AAC
:10C6D0001370159A1370464A1370434AC5E9003324
:10C6E000C2E90033C2E90233C5E90233424A0123F9
:10C6F0001370002E40F035812A220921192000F004
:10C7000017FF0921192000F0E1FE3C48FEF77EFEEC
:10C7100020460DF5037DBDE8F08F2B7B002B33D138
:10C72000314B1B7B83B3DFF8E4A0DFF8BCC0294B9F
:10C73000D8F804101A78D8F810E0D8E905032AB11F
:10C74000254A92F82070052F00F2A880244ACDE9EE
:10C75000023ECDE90010126853464FF4C07122A882
:10C760000492A246264A12680592264A0DF0E8FC79
:10C7700022A8FEF74BFE119BE31A092B3FF61BAFD5
:10C78000012003F04DFB04E7DFF884A0DFF824C0AC
:10C79000CDE781461C48FEF739FE2046FFF7CAFD6B
:10C7A000FA3C124BCDF848901C60119B03F10A062D
:10C7B000EFE600BF480B0020000B00200C0B002010
:10C7C0000B0B002064040208680402080A0B002016
:10C7D000090B00200D0B0020100B0020580B00202F
:10C7E000DC06002034040208380B0020FC0A00207C
:10C7F000080B0020040B00207C0B0020CC03020857
:10C80000E806002040050208D8050208980302083F
:10C81000900302087B48FFF7CBFC0028B9D0139B9C
:10C82000E31AF92B7FF61EAF29231EAA754920466D
:10C83000FFF7DAFC4FF00009119B139403F10A068D
:10C84000CDF84890A5E6A1466F4B1B78002BACD0E5
:10C850006E4B1B7B002BA8D06C48FFF7A9FC00286F
:10C86000A3D16B48FEF7D2FD199BE31AB3F57A7F8B
:10C8700080F0C0802046FA3CFFF75CFD654B1C60F1
:10C88000119B03F10A0684E65F4B1B78002B40F0F6
:10C890008F80119B129403F10A067AE6CDE9091004
:10C8A0005D499FED5E7ACDE90B3E096853460D91D7
:10C8B0005B4909680E91DCED027AD18867EE877AD0
:10C8C0009088B2F80AA01789FDEEE77A16911790C2
:10C8D0004FF4C07122A8CDED087ADCED017AB2F8F0
:10C8E00002E067EE877A12881892FDEEE77A4D4AE9
:10C8F000CDED077ADCED007ACDE9047A67EE877A30
:10C90000169FA2460397179FFDEEE77ACDE901E750
:10C91000189FCDED067A00970DF012FC22A8FEF7C5
:10C9200075FD28E71460FFF745FD064600287FF4F3
:10C9300099AE159B18703C48FEF768FD199BE31AE9
:10C94000B3F57A7FFFF48EAE31462C221920B14622
:10C9500000F0EEFD119B199403F10A06CDF8489002
:10C9600017E62B220921192000F0E2FD09211920E8
:10C9700000F0ACFD2D48C9E603F04CFA254B1860D9
:10C98000FFF718FD044600287FF4F0AD2848FEF7B5
:10C990003DFD2C222146192000F0CAFD03F03AFA91
:10C9A000FFF7C8FC234B15931C70E1E5B1464BE73C
:10C9B000FFF75EFC00287FF46CAF1F48FEF726FDF2
:10C9C00067E71E48FEF722FD119B03F10A06E0E52A
:10C9D000D18822AC104803930568029151881088D1
:10C9E00013890191902100902046154A04950DF07D
:10C9F000A7FB23E62D231EAA04492046FFF7F4FBDC
:10CA0000199437E7480B00200A0B0020380B002050
:10CA1000D8050208FC0A0020DC06002000007A4449
:10CA2000E806002098040208F4050208A0030208A2
:10CA30007C040208090B0020A4050208C0050208B6
:10CA4000F4030208CA8D801A07EE900AF8EEE77A1E
:10CA5000F5EEC07AF1EE10FA3DD4B0EE676A4B8E77
:10CA600007EE103AB8EE477AB4EEC67AF1EE10FA55
:10CA70002EDA0B8E9B1A06EE903AF8EEE66AB4EECA
:10CA8000E67AF1EE10FA23DA36EE476A76EEC76AF6
:10CA9000B7EE007AC6EE265AF4EEC75AF1EE10FA57
:10CAA000F5EEC07A37FE257AF1EE10FA01D5B1EE37
:10CAB000477AD1ED076AF7EE007A26EE870A77EE1D
:10CAC000E67A20EE070A20EE070AA7EE870A7047EB
:10CAD0009FED020A7047B1EE676AC0E700000000F0
:10CAE00010B14FF000030380704700BF10B14FF04A
:10CAF00000030380704700BF2DE9F0410446002089
:10CB000084B0C4E90000C4E90200002900F0958067
:10CB1000002A00F08E80002B00F08C800A980028FC
:10CB200000F08880DDE90B50401B156CA84280F0B6
:10CB30008180106807460290107980468DF80C00BD
:10CB400093F82000064602A890F800C00130B445D2
:10CB500070D233F81CC0B2F82CE0E6456AD8B2F8BF
:10CB600030E0E64566D30DF10D058542ECD1380E77
:10CB7000B2F836C033F81000844562D2B2F838C03B
:10CB8000844562D8087818B992F8440000285CD02F
:10CB900091F801C0F8B2BCF1000F03D14FF0010CC5
:10CBA00081F801C033F81810B2F83AC08C454FD262
:10CBB000B2F83CC08C4594BF92ED0A4A92ED094A06
:10CBC000114633F810000193FFF73CFFC7F307222B
:10CBD000019BD1ED027A33F8120060EE274AFFF78D
:10CBE00031FF019BC7F30742D1ED037A33F81200FE
:10CBF00020EE275AFFF726FFD1ED047A0123D1ED6D
:10CC0000053A60EE277A91ED067A64EEA34A237323
:10CC100025EE235A67EE877A64EE844A25EE045A9D
:10CC200067EE847AC4ED004A84ED015AC4ED027ABD
:10CC300003E011B14FF000030B80204604B0BDE8C3
:10CC4000F0814FF001030B80F7E700234B70F4E70E
:10CC500092ED084AB4E700BF88B170B51E4682B0B5
:10CC6000034615460C4653220021013001930DF076
:10CC700024FB019B1C705D809E8002B070BD7047DC
:10CC8000034648B100212022063083F8261099621D
:10CC900083F82C100DF011BB704700BF002800F086
:10CCA0001D812DE9F04F1546164690F826201F46A7
:10CCB0008DB00B4604463AB190F82C2022B1826A1E
:10CCC000AA1A012A00F2FD800121E26C25780A44AB
:10CCD000A6628D4284F82C10E26405D0022D60D04B
:10CCE00000200DB0BDE8F08F94F82620002A00F057
:10CCF000E480012A00F0F480511C2244C9B22029AA
:10CD000084F826109371EBD102A8282200218046D6
:10CD10000DF0D3FA0021A446621D04F1230E12F88F
:10CD2000013F96451944FAD1C943A28C89B28A427F
:10CD300040F0F48040460DF106010DF1220E9CF802
:10CD400009200CF1020C9CF8063043EA022321F87A
:10CD5000023F7145F3D10022658808F11C0C84F86C
:10CD6000262003880230AB42C0F01C81A2889A4280
:10CD7000C0F018818445F4D1626B2663013262638E
:10CD80006FB10E2245460B963C468DF828200FCDFC
:10CD90000FC40FCD0FC495E8030084E80300012001
:10CDA0009FE794F82620002A00F0AC80511C224412
:10CDB000C9B2192984F82610937191D102A82822AA
:10CDC000002180460DF079FAA27F142A00F2D78064
:10CDD000914921FA02F2D30740F1D680627F0DF12A
:10CDE000060E00208D4D02F0040902F0080AC34629
:10CDF000C208013254FA82F2D37992F808C01B02B9
:10CE0000927943EA0C43134300F007020B30D340FE
:10CE10004FF47A72C3F30A03AC3B02FB03F3002B1B
:10CE2000A3F23332A8BF03F2333285FB0213D217C9
:10CE3000C2EBE3120DF1260302F57A722EF8022FEF
:10CE40007345D5D10022DC463D4684F82620B7B193
:10CE50001023C6460B968DF82830C9F380038DF851
:10CE60002930CAF3C0038DF82A30BEE80F000FC581
:10CE7000BEE80F000FC59EE8030085E80300BAF185
:10CE8000000F40F0BC80B9F1000F40F0B280618823
:10CE900008F12000BCF800300CF1020C8B42C0F00D
:10CEA000A280A2889A42C0F09E806045F2D1636B56
:10CEB000012026630344636313E7202B7FF410AF44
:10CEC0001AE0019100212022063080F820100DF098
:10CED000F4F9226D019B01322265F5E600207047CE
:10CEE000402B16D0E16B0022202B01F1010184F8C8
:10CEF0002620E1637FF4F4AE20220123A27184F89E
:10CF00002630EDE60F2B7FF4EBAEA37184F82610EC
:10CF1000E6E60222E37184F82620E1E6A26B2146D0
:10CF200094F825C0E31D0132A26364460122AC4699
:10CF30000D461878511C9E461646202803F1010321
:10CF4000CAB20DD0202AF4D12B466546A4461C4611
:10CF5000BCF1200F44D00025002084F82650C0E604
:10CF6000202AF1D019784029E3D12C46C6F12005BA
:10CF70007146EDB2A01D2A460DF086F9ECE702F0ED
:10CF8000EF02242A3FF42AAFE26BA01D01230146E1
:10CF90001A44E26311F8012F0F2A18D00133192B1C
:10CFA000F8D1D8E7226C013222646FB10E224546D7
:10CFB0000B963C468DF828200FCD0FC40FCD0FC423
:10CFC00095E8030084E803004FF0FF3089E6C3F1E1
:10CFD00019050633EDB2E1182A460DF055F9BBE705
:10CFE00083F806C0B8E7236C4FF0FF3001332364A9
:10CFF00077E6636C6FF001000133636471E6A36C44
:10D000000133A364B9F1000F02D0636C0133636490
:10D010006FF0020065E600BF110010002D20FE1326
:10D02000334A344B2DE9F047D2F8008094B01F68A2
:10D03000B8F1000F58D008EB88022F492F484FEA6B
:10D04000880412010DF043FA002F49D044442B4EBE
:10D050000025C8F5007A06EB0416DFF8A4902C46EC
:10D0600009EB05017019502250350DF030FA2346B6
:10D070000134BC4231D25445F2D14FF400781F4EF6
:10D080000127B14606F150015022684650360DF096
:10D090001EFA3C463568304650F8503CA0F1500A24
:10D0A0005022013C9D42514605D20DF010FA5046E7
:10D0B000002CF1D148460137502269460DF007FA9D
:10D0C0004745DFD10D4A0023D36001335032434539
:10D0D000FAD1404614B0BDE8F08708F10108984441
:10D0E000B8F1010FCBD1EDE7002FF2D04446ADE708
:10D0F00084AB002088AB0020A0AB0020800B002078
:10D1000020AE00204AF220011C4B1D4A01FB00F01A
:10D11000C15800EB030C914201D000207047DCF8AD
:10D120000430022BF9D1DCF80830B3F5007FF4D8D5
:10D1300003EB83031B0110B51A46C3B1DFF848E0C7
:10D140004FF0FF3286440F480EEB03049EF8003088
:10D1500008215A4042F30003013903EA000383EA3D
:10D160005202F7D10EF1010EA645EFD1D243DCF801
:10D170001800801AB0FA80F0400910BD00000E08B7
:10D180004C4F47322083B8ED20000E082DE9F84FB0
:10D190004FF0000982468B464AF22007C8464D46AA
:10D1A0004C460F4E2046FFF7ADFF07FB046330B13E
:10D1B000DB690DB1434502D3A146984605460134CB
:10D1C000032CEFD145B14AF22002054BCAF800907A
:10D1D00002FB0933CBF800302846BDE8F88F00BFCA
:10D1E00000000E082DE9F04FA1B0FA2300EB8004F7
:10D1F00005460DF14706240126F01F06C6E90C235B
:10D200004FF00003F162754908930193B062CDE9D4
:10D210000433CDE90633C6E90E334FF00203C6E905
:10D22000081300F0D380DFF8C8C14FF0FF326C481C
:10D230000CEB04071CF8013B08215A4042F30003A1
:10D24000013903EA000383EA5202F7D1BC45F1D168
:10D25000D2434FF0000BDFF88C914AF2200AB26300
:10D26000D8465F463846FFF74DFF40B1D9F81C302D
:10D27000B8F1000F01D09B4501D89B46804601378D
:10D28000D144032FEED10BFB08F30133F3630123E9
:10D2900005930793202308930723069304F066FD64
:10D2A00020B10024204621B0BDE8F08F029003A9F0
:10D2B00002A8FFF76BFF10B3029B4AF22009DFF8C8
:10D2C00038A1484803F1010E03F10408464FAAFBB8
:10D2D0000E2323F0010C0CEB530CAEEB0C0C09FBF2
:10D2E0000C0309FB0C7101E08B424DD01A6804332A
:10D2F0000132F9D00EF1010EF045E8D112E084467A
:10D3000039493A484AF220070B1801E099423BD0CC
:10D310001A6804330132F9D00CF1010C3944BCF124
:10D32000030FF1D101A904A804F0BCFD002D4FD0DA
:10D3300000284ED1DFF8AC9004F11F0809F1200A53
:10D340002B4F002528F01F080CE00CF0B6FF05EB72
:10D350000A01324601202035203704F061FDC0BBB0
:10D36000A84518D9AC424FF020024FF0FF013046DB
:10D37000EBD90CF0A2FF621B39463046202A28BFA9
:10D3800020220DF0A4F8E2E74AF22002154B02FB3E
:10D390000C39002DD0D106F120024946012004F0BD
:10D3A0003FFDB0FA80F4640904F0F4FCBFF34F8F42
:10D3B000BFF36F8F0F4B0022C3F85022BFF34F8F84
:10D3C000BFF36F8F204621B0BDE8F08F224640E7C3
:10D3D00008B10024E8E7DFF80C90DCE74C4F473257
:10D3E0002083B8ED00000E0820A00E08E05FFFFFCC
:10D3F000800B002000ED00E0ABAAAAAA08B54FF40C
:10D400002042002108480CF058FF4FF42072002100
:10D4100006480CF052FF002305480649064A0360FF
:10D420000B60137008BD00BF20AE0020A0AB002031
:10D4300088AB002084AB002080AB002070B51F4D6E
:10D440001C462B68CCB3B3F5007F36D203EB830CBC
:10D45000DFF874E00E4611464FEA0C120EEB0C1C7E
:10D460004EF802002832CCF80C3001338CED040A5F
:10D470009644CCED050A8CED061ACCED071A8CED1E
:10D48000082ACCED092A2B60CCE90161A268E36887
:10D4900020686168AEE80F00094B8CED103A1A68FD
:10D4A000084BCCF838201B68CCED113ACCF83C3056
:10D4B000049B8CED124ACCF84C3070BD88AB002038
:10D4C000E8060020E406002020AE002010B5044647
:10D4D00082B00191FFF7A4FD019A214602B0BDE898
:10D4E0001040FFF77FBE00BF0E4B10B51C7882B016
:10D4F00014B1012002B010BDCDE90001FFF790FD8D
:10D50000DDE90012FFF76EFE064B18700028F1D01F
:10D51000054B4FF42072214604481C600CF0CDFEF0
:10D52000E7E700BF80AB002084AB0020A0AB002069
:10D530002DE9F043194D83B02B68072B03D9002048
:10D5400003B0BDE8F083164E03EB8303884607461D
:10D5500006EB031400211B01914620465022019343
:10D560000CF0ABFE02F056FC019B0E4AF0502B680B
:10D570001268E3600133C4F84C902B600A4B67607B
:10D580001B68C4F80880C4E90E23FFF749FD424632
:10D59000394603B0BDE8F043FFF724BE84AB00205A
:10D5A000A0AB0020E8060020E40600202DE9F041B1
:10D5B0002DED028BD6B0002515A914A8CDE9145580
:10D5C000FFF7E4FD002800F04181159E5023149FD1
:10D5D0004FF48071059316A87369A04A04933369C8
:10D5E0000393F3680293B3680193F36900933B4696
:10D5F0000CF0A6FD16A8FDF709FF9948FDF706FFF8
:10D60000B368002B00F01A814AF22003954CF6EE25
:10D61000008A9FED958A03FB0744B046D9E075EE7A
:10D62000A85A94ED055AFDEEE55A25EE085AB5EED6
:10D63000C05AF1EE10FAC0F2FE8035EE285AD4ED51
:10D64000064ABDEEC55A64EE884AF5EEC04AF1EED0
:10D6500010FAC0F2ED8074EEA84A94ED074AFDEE90
:10D66000E44A24EE084AB5EEC04AF1EE10FAC0F2E0
:10D67000DC8034EE284AD4ED083ABDEEC44A63EEAD
:10D68000883AF5EEC03AF1EE10FAC0F2CB8073EEB4
:10D69000A83AD4ED097AFDEEE33A67EE887AF5EE22
:10D6A000C07AF1EE10FAC0F2BA8077EEA87A94ED63
:10D6B0000A7ABDEEE73A27EE087AB5EEC07AF1EEC7
:10D6C00010FAC0F2A98037EE287AD4ED0B7AFDEE7D
:10D6D000C72A67EE887AF5EEC07AF1EE10FAC0F24A
:10D6E000988077EEA87A94ED0C7ABDEEE72A27EEC3
:10D6F000087AB5EEC07AF1EE10FAC0F2878037EE04
:10D70000287AD4ED0D7AFDEEC71A67EE887AF5EE29
:10D71000C07AF1EE10FA76DB77EEA87A94ED107A03
:10D72000FDEEE77A27EE087AD4E90E7CB5EEC07AF2
:10D73000F1EE10FA64DB37EE287AD4ED116ABDEE13
:10D74000C77A66EE886AF5EEC06AF1EE10FA54DB2D
:10D7500076EEA86A94ED126AFDEEE66A26EE086A95
:10D76000B5EEC06AF1EE10FA44DB36EE286ABDEE83
:10D77000C66AE66CCDED0B1A01358DED0A2A5034E0
:10D78000CDED092A8DED083ACDED073A8DED064A2B
:10D79000CDED054A8DED045ACDED035A00914FF4BD
:10D7A00080718DED116ACDED106A8DED0F7ACDEDA2
:10D7B0000C7A1296CDE901022C4A16A8CDE90D7C0F
:10D7C0000CF0BEFC16A8FDF721FED8F80830AB42DD
:10D7D00034D9D4ED045AE36865EE885AA268D4E9D6
:10D7E0000010F5EEC05AF1EE10FABFF618AF75EE64
:10D7F000E85A16E736EE686AB9E776EEE86AA9E70E
:10D8000037EE687A99E777EEE87A87E737EE687A55
:10D8100077E777EEE87A66E737EE687A55E777EEEE
:10D82000E87A44E773EEE83A33E734EE684A22E7F1
:10D8300074EEE84A11E735EE685A00E70C48FDF748
:10D84000E5FD56B0BDEC028BBDE8F081094856B04D
:10D85000BDEC028BBDE8F041FDF7D8BD1C06020807
:10D860007806020820000E0800007A444C070208DF
:10D87000A00702081006020870B584B0FDF7C6F8CC
:10D880000138C0B204281BD80E4B53F820301E4676
:10D89000002410254FF6FF730B4AB021A8200094F6
:10D8A000CDE9015400F0D2FD4FF6E0733246B021CD
:10D8B000A8200094CDE9015400F0C8FD04B070BD6B
:10D8C000024EE5E790090208AC070208E8F50108F6
:10D8D000F0B585B0FDF7CAF801281ED0022818D18E
:10D8E0001F27104E002410254FF6FF730E4ACA2141
:10D8F000A8200094CDE9015400F0A8FDCA213B46C0
:10D900003246A8200094CDE9015400F09FFD05B0F7
:10D91000F0BD4FF6FF77054EE4E74FF47847044E2D
:10D92000E0E700BFD4D20108AC070208B407020840
:10D93000D0D2010830B585B0002400F0EFFF0021FF
:10D940005A48F0234FF48C7210250090084600F0DE
:10D9500079FF1820009447F6FF73554A0621CDE958
:10D960000104082000F072FD242348F230412046D3
:10D9700040F217120091194600F06AFB00944FF62E
:10D98000FF734C4A2E210820CDE9015400F05EFDC2
:10D9900000944FF6FF73484A2E21F020CDE9015440
:10D9A00000F054FD00944FF6FF73444A48210820CC
:10D9B000CDE9015400F04AFD00944FF6FF73404A50
:10D9C0004821F020CDE9015400F040FD00944FF6CD
:10D9D000FF733C4A62210820CDE9015400F036FD76
:10D9E00000944FF6FF73384A6221F020CDE90154CC
:10D9F00000F02CFD00944FF6FF73344A7C21082080
:10DA0000CDE9015400F022FD00944FF6FF73304A37
:10DA100096210820CDE9015400F018FD00944FF63E
:10DA2000FF732C4A9621A820CDE9015400F00EFD89
:10DA300000944FF4FC63284A9621A820CDE90154B4
:10DA400000F004FD00944FF6FF73244AB021082033
:10DA5000CDE9015400F0FAFCCA214FF6FF73204AC9
:10DA600008200094CDE9015400F0F0FC0124FCF7FB
:10DA7000A3FF1C4A1C4B82ED000A1C7002F0CAF97D
:10DA80001A4B6438186002F0C5F9194B186002F09F
:10DA9000C1F9FF23174A184914381370174A086050
:10DAA0001370174B1C7005B030BD00BF983D0208C5
:10DAB000B8070208C0070208C8070208CC07020816
:10DAC000D0070208D4070208DC070208E0070208B2
:10DAD00068D30108AC07020808EC0108E407020853
:10DAE000C8D20108244E0120284E0120344E0120C6
:10DAF000304E0120214E01202C4E0120204E0120CD
:10DB0000384E0120744B1B7803B9704710B586B0AE
:10DB100002F080F9714A04461368C31A632B51D886
:10DB20006F4A1368E31A132B71D86E4A1368E31A0D
:10DB3000B3F5FA7F32D36C4B14601B78022B7FD085
:10DB4000032B2DD0694B9FED6A7AD3ED007A9FEDC0
:10DB5000690A67EE877AF4EEC07AF1EE10FA07D41C
:10DB60009FED650AF4EEC07AF1EE10FA30FE270A56
:10DB7000102100224FF6E0700123CDE90121009031
:10DB800003224821A02000F083FC574A1378013378
:10DB9000DBB2032B84BF0123534A137006B010BDC0
:10DBA000F9F782FE002800F08180002110204FF458
:10DBB000FC63524A0091CDE901017C21A82000F0CC
:10DBC00045FCE2E71060FCF7F7FE4D4BF5EE006A0E
:10DBD0009FED4C6AD3ED007A30EE677AE7EE267A55
:10DBE000F4EEC67AC3ED007AB0EE670AF1EE10FAF1
:10DBF0003ED4DFED457AB4EEE70AF1EE10FA49DDE6
:10DC0000B0EE670A4FF4FC60C3ED007A36E01460B2
:10DC1000FCF7FCFE0590FCF729FF3C4B059A1978B0
:10DC2000914204D005901A70FFF726FE0598384BF4
:10DC30001A7882423FF479AF1870FFF749FE74E713
:10DC4000344B9FED350AD3ED007AF4EEC07AF1EE55
:10DC500010FA37D5102100224FF6FF700223CDE9CC
:10DC6000012100901A466221A02000F011FC8CE7EF
:10DC7000B0EE460A4FF4784083ED006A102100228E
:10DC800000900223A020CDE9012103222E2100F0E3
:10DC9000F5FC45E7F3EE067AF4EEC07AF1EE10FA01
:10DCA000CCBF4FF478404FF4FC60E7E710210090C0
:10DCB0004FF47843194ACDE901107C21A82000F0E7
:10DCC000C5FB62E79FED100AF4EEC07AF1EE10FAA0
:10DCD00030FE270ABEE700BF384E0120344E012037
:10DCE0002C4E0120304E0120284E0120AC05002092
:10DCF000E12E654200C079C400C07944E8070208FB
:10DD0000244E0120000000000000C642214E0120E8
:10DD1000204E0120A00500200000C6C2B407020862
:10DD200070B584B0C0B10446002510264FF6FF73CD
:10DD30000A4A9621A8200095CDE9016500F086FBEE
:10DD40004FF4FC6322469621A8200095CDE9016599
:10DD500000F07CFB04B070BD014CE5E7AC070208A5
:10DD6000B407020808B5094B1B7803B908BDFCF7D6
:10DD70004DFE074B1870FCF779FE064B1870FFF745
:10DD80007BFDBDE80840FFF7A3BD00BF384E012072
:10DD9000214E0120204E012010B5002282B0044601
:10DDA0004FF48061104804F033FA00224FF4004130
:10DDB0000E488DF8074004F02BFA4FF6FF730DF173
:10DDC000070101220A4807F02DFA01224FF4004111
:10DDD000064804F01DFA01224FF48061024802B0A7
:10DDE000BDE8104004F014BA000C025800100258AC
:10DDF00034090020F0B50F4683B002F1140400F19D
:10DE0000140500224FF480618E481E4604F000FA8B
:10DE10002A2300224FF400418B488DF8073004F08C
:10DE2000F7F94FF6FF730DF107010122874807F05C
:10DE3000F9F901224FF40041834804F0E9F9012285
:10DE40004FF480617F4804F0E3F900222B0A4FF47D
:10DE500000417D488DF8073004F0DAF94FF6FF7382
:10DE60000DF107010122794807F0DCF901224FF496
:10DE70000041754804F0CCF900224FF4004172488B
:10DE80008DF8075004F0C4F94FF6FF730DF1070148
:10DE900001226E4807F0C6F901224FF400416A489A
:10DEA00004F0B6F90022230A4FF4004166488DF8C9
:10DEB000073004F0ADF94FF6FF730DF107010122B1
:10DEC000624807F0AFF901224FF400415E4804F0C8
:10DED0009FF900224FF400415B488DF8074004F0A1
:10DEE00097F94FF6FF730DF107010122574807F02C
:10DEF00099F901224FF40041534804F089F90022B6
:10DF00004FF480614F4804F083F92B2300224FF433
:10DF100000414D488DF8073004F07AF94FF6FF7351
:10DF20000DF107010122494807F07CF901224FF465
:10DF30000041454804F06CF901224FF480614148EA
:10DF400004F066F900223B0A4FF400413E488DF888
:10DF5000073004F05DF94FF6FF730DF10701012260
:10DF60003A4807F05FF901224FF40041364804F0C7
:10DF70004FF900224FF4004133488DF8077004F048
:10DF800047F94FF6FF730DF1070101222F4807F003
:10DF900049F901224FF400412B4804F039F90022DD
:10DFA000330A4FF4004128488DF8073004F030F967
:10DFB0004FF6FF730DF107010122244807F032F9F3
:10DFC00001224FF40041204804F022F900224FF4CE
:10DFD00000411D488DF8076004F01AF94FF6FF73F1
:10DFE0000DF107010122194807F01CF901224FF435
:10DFF0000041154804F00CF900224FF480611148EB
:10E0000004F006F92C2300224FF400410E488DF84D
:10E01000073004F0FDF84FF6FF730DF10701012200
:10E020000A4807F0FFF801224FF40041064804F0C7
:10E03000EFF801224FF48061024803B0BDE8F040E0
:10E0400004F0E6B8000C0258001002583409002011
:10E050002DE9F04F814687B08846A3EB010AA2EB79
:10E06000090BBDF84000BBF1000F65DDBAF1000FF0
:10E070005ADD4FF0010EDA4556464FF0010CB8BF9D
:10E080005E460025030ACDF80CC02F462C460093AF
:10E09000CDE901BE83461FFA89F201341FFA88F3E5
:10E0A00055441046A4B21946FFF7A4FE009B002277
:10E0B0004FF400413C488DF8173004F0A9F84FF6B2
:10E0C000FF7301220DF11701384807F0ABF8012268
:10E0D0004FF40041344804F09BF800224FF4004113
:10E0E00031488DF817B004F093F84FF6FF73012212
:10E0F0000DF117012D4807F095F801224FF400416A
:10E10000294804F085F8019B1F44B74202DD029BB9
:10E11000BF1B9944B54202DD039BAD1B9844B4423A
:10E12000B9DD07B0BDE8F08F14D15E464FF0010EA7
:10E130004FF0000CE246A4E704D1BAF1000F14DD61
:10E14000DE4698E7BAF1000FA9EB020B11DD4FF0A4
:10E15000FF3E90E7A1EB030A5E464FF0FF3C4FF015
:10E16000010ED345B8BF56468BE715D15E46DE4655
:10E17000DEE705D12BEAEB76D4464FF0FF3E80E791
:10E18000A1EB030A5E46D345B8BF5646002EC8DB56
:10E190004FF0FF3CE64674E7A1EB030ADE464FF082
:10E1A000FF3C2AEAEA766CE70010025834090020A6
:10E1B0002DE9F04F8FB016469846421E9DF86450E8
:10E1C000824600934B1E15F00E04BDF8607002EB02
:10E1D00055022B4418BF012402979DF8687092B233
:10E1E00004EB151403919BB2059705FB04F4FFF7AC
:10E1F00001FE002C54D0203E8E4B8F49A5F10C021D
:10E20000F6B28E4804926F0803EB061E554606EBE5
:10E21000460300EB861001EB83016218002406928E
:10E22000874A02EB031C4FEA18230193049A142A2D
:10E2300036D8DFE802F0A7353535A4353535353524
:10E240003535AA353535353535353800002608F0F1
:10E25000010389468346CDF824E0CDE9074C002B25
:10E2600040F0968001350136ADB248FA06F3A5EBD1
:10E270000A0203F00103BA4200F0D080082EEED16A
:10E28000DDF824E049465846DDE9074C0131069B9C
:10E290000EF1010E0CF1010C994200F10100C5D103
:10E2A0000FB0BDE8F08F90F80080059E002ECDD114
:10E2B000029B0DF1370907958346CDF82CA008F095
:10E2C00001054FEA132A0A91CDE908CE37E0019BF8
:10E2D0008DF8373003F09CFF4FF6FF73012249465B
:10E2E000584806F09FFF01224FF40041564803F0C2
:10E2F0008FFF00224FF40041009B013452488DF8FB
:10E30000373003F085FFE4B24FF6FF730122494630
:10E310004C48013606F086FF01224FF400414A487E
:10E3200003F076FF48FA06F5B4FBF7F307FB134357
:10E3300005F0010513F0FF0367D0082E5DD0002221
:10E340004FF400414048002DC1D12A464FF400410E
:10E350003D488DF837A003F05BFF4FF6FF730122B5
:10E360004946384806F05EFF01224FF40041364826
:10E3700003F04EFF4FF400412A46029BBDE79EF892
:10E38000008092E791F800808FE79CF800808CE78E
:10E39000039B2A4628461946FFF72CFD019B0022C5
:10E3A0004FF4004128488DF8373003F031FF4FF625
:10E3B000FF730DF137010122224806F033FF0122DD
:10E3C0004FF40041204803F023FF009B00224FF44C
:10E3D00000411D488DF8373003F01AFF0DF1370169
:10E3E0004FF6FF730122174806F01CFF01224FF47D
:10E3F0000041154803F00CFF34E7DDE9075CDDE977
:10E4000009E15846DDF82CA040E7DDE9075CDDE9CD
:10E4100009E15846DDF82CA01C4637E7039B494626
:10E42000DDF824E05846013355469BB2DDE9074C40
:10E4300003932BE73433020824390208A4090208A5
:10E440006421020834090020001002582DE9F04729
:10E45000154684B01278BDF830A09DF834609DF860
:10E46000387092B18946984604462046434649464C
:10E47000CDF800A004EB5604CDE90167FFF798FE44
:10E4800015F8012FA4B2002AEFD104B0BDE8F0873F
:10E490002DE9F04F8DB08946BDF85810BDF85C608D
:10E4A00005919DF860100693049149080891002B8E
:10E4B00000F0DA80591E0123013903EB8303C9B24E
:10E4C0005B00FF29F8D107EE903AF8EE677A67EE25
:10E4D000807AFDEEE77A089BB5EEC00A571C00EB88
:10E4E000030817EE903AFFB2F1EE10FA1FFA88F81F
:10E4F0001CB2049BCDE900634FF000030794029324
:10E50000059B00F1A98020224946FFF751FE089B98
:10E510004946404607FB0384069B1C44049B4B442E
:10E52000A4B29BB222460993FFF764FC099B5A1CD4
:10E5300092B24A4543D9013409974FEA162B474610
:10E54000A5B2C8469A46BD4230D93C4600224FF497
:10E550000041474801348DF82FB003F059FE4FF6C3
:10E56000FF7301220DF12F01424806F05BFE0122EC
:10E570004FF400413E4803F04BFE00224FF40041AF
:10E580003B48A4B28DF82F6003F042FE4FF6FF73B4
:10E5900001220DF12F01374806F044FE01224FF40D
:10E5A0000041334803F034FEA542CFD8C24508F1FC
:10E5B000010202D01FFA82F8C5E7B846099F97B357
:10E5C0000024DFF8B4B0DDF820A02546069BF81A39
:10E5D00084422BD03A1BD2B2012A3BD0023A01230B
:10E5E000013A03EB8303D2B25B00FF2AF8D1079A0A
:10E5F000B2FBF3F3049A04FB0A800134029580B263
:10E60000E4B2CDE90062ABFB03124946D20802EB4B
:10E610008202A3EB420303F13002059BD2B2FFF763
:10E62000C7FDA742D2D80DB0BDE8F08F0134013745
:10E63000049B00FB0A80E4B22E22FFB2019380B259
:10E64000059B494602950096FFF7B2FD3A1BD2B2F0
:10E65000012AC3D1079BCDE72D224946FFF7A8FD2C
:10E6600063421BB2079352E7F0EE407A31E700BFF6
:10E670000010025834090020CDCCCCCC2DE9F04F4D
:10E680002DED028B8DB0B0EE408ABDF86040BDF834
:10E69000645005949DF8684007934FEA5408049429
:10E6A00073B15C1E0123013C03EB8303E4B25B0006
:10E6B000FF2CF8D107EE903AF8EE677A28EE278A19
:10E6C00040440132049B1FFA80F90798D7B203EB4C
:10E6D000010A069107FB08921FFA8AF302441C46BE
:10E6E00048461FFA82FB5A46FFF784FB631C0699D3
:10E6F0009BB28B424BD90BF1010B0697CDF82080D2
:10E700002E0AC846274689461FFA8BFA0991C24548
:10E7100032D9444600224FF40041474801348DF875
:10E720002F6003F075FD4FF6FF7301220DF12F01ED
:10E73000424806F077FD01224FF400413E4803F0C5
:10E7400067FD00224FF400413B488DF82F5003F045
:10E750005FFD4FF6FF7301220DF12F01374806F0E0
:10E7600061FD01224FF40041334803F051FDA4B292
:10E770001FFA8BF3A342CDD14F4509F1010302D01B
:10E780001FFA83F9C3E7C146069FDDE90881B7B3E5
:10E79000BDEEC88A0024DFF8A8B0A246069118EEA4
:10E7A000103A1EB2079BF81A84422DD03A1BD2B2FF
:10E7B000012A3ED0023A0123013A03EB8303D2B28D
:10E7C0005B00FF2AF8D1B6FBF3F3049A04FB089030
:10E7D0000134CDF808A080B2E4B2CDE90052ABFB21
:10E7E0000312D20802EB8202A3EB420303F13002D0
:10E7F000DDE90531D2B2FFF7DBFCA742D2D80DB07C
:10E80000BDEC028BBDE8F08F01340137049B00FBA7
:10E810000890E4B22E22FFB2019380B2059B0699C4
:10E82000CDF808A00095FFF7C3FC3A1BD2B2012A2D
:10E83000C0D13346C9E700BF001002583409002098
:10E84000CDCCCCCC2DE9F04F03F1FF399246013A03
:10E8500098461FFA89F985B0024401EB09030E9E20
:10E8600092B29BB2FFF7C6FABAF1000F46D0B8F1E8
:10E87000000F46D04FF0000B09F10103771CC14691
:10E88000D846019309EB0B055C4616F814300022BC
:10E890004FF400411F488DF80F3003F0B9FC4FF6DC
:10E8A000FF7301220DF10F011B4806F0BBFC012292
:10E8B0004FF40041174803F0ABFC17F81430002266
:10E8C0004FF40041134801348DF80F3003F0A0FCE1
:10E8D0004FF6FF7301220DF10F010F4806F0A2FC65
:10E8E00001224FF400410B4803F092FCAC42CCD122
:10E8F00008F10108019BD0459B44C3D105B0BDE898
:10E90000F08F08F1010308F102085345F6D0C24523
:10E91000F7D1F3E700100258340900202DE9F04F39
:10E92000002283B04FF40061E34803F071FC6420DF
:10E9300001F076FA01224FF40061DF4803F068FC31
:10E94000642001F06DFA01224FF48061DA4803F08F
:10E950005FFC642001F064FA1120FFF71DFA7820B3
:10E9600001F05EFA3620FFF717FA702300224FF409
:10E970000041D24805268DF8073003F049FC4FF6D8
:10E98000FF730DF107010122CD4806F04BFC012277
:10E990004FF40041C94803F03BFC3A20FFF7FCF973
:10E9A00000224FF40041C5488DF8076003F030FCA9
:10E9B0004FF6FF730DF107010122C14806F032FC4A
:10E9C00001224FF40041BD4803F022FC0C24B22088
:10E9D0000025FFF7E1F900224FF40041B7488DF818
:10E9E000074003F015FC4FF6FF730DF107010122FC
:10E9F000B34806F017FC01224FF40041AF4803F082
:10EA000007FC00224FF40041AC488DF8074003F0AA
:10EA1000FFFB4FF6FF730DF107010122A84806F036
:10EA200001FC01224FF40041A44803F0F1FB2A4607
:10EA30004FF40041A1488DF8075003F0E9FB4FF671
:10EA4000FF730DF1070101229D4806F0EBFB4FF02B
:10EA5000330801224FF400419848012403F0D8FB09
:10EA60002A464FF4004195488DF8078003F0D0FB0B
:10EA70004FF6FF730DF107010122914806F0D2FB1A
:10EA800001224FF400418D4803F0C2FB2A464FF4A7
:10EA900000418A488DF8078003F0BAFB4FF6FF73F8
:10EAA0000DF107010122864806F0BCFB01224FF45C
:10EAB0000041824803F0ACFBB720FFF76DF9352326
:10EAC0002A464FF400417D4815278DF8073003F0A2
:10EAD0009FFB4FF6FF730DF107010122784806F006
:10EAE000A1FB01224FF40041744803F091FBBB20CD
:10EAF000FFF752F932232A464FF400416F484FF096
:10EB0000D00B8DF8073003F083FB4FF6FF730DF148
:10EB1000070101226A4806F085FB01224FF40041FB
:10EB2000664803F075FBC220FFF736F92A464FF41A
:10EB3000004162488DF8074003F06AFB4FF6FF730F
:10EB400022460DF107015E4806F06CFB22464FF4A9
:10EB500000415A4803F05CFBC320FFF71DF92A4629
:10EB60004FF4004155488DF8077003F051FB4FF604
:10EB7000FF7322460DF10701514806F053FB224670
:10EB80004FF400414D4803F043FBC420FFF704F964
:10EB900020232A464FF4004148484FF009098DF8D8
:10EBA000073003F035FB4FF6FF7322460DF10701E6
:10EBB000434806F037FB22464FF400413F4803F03C
:10EBC00027FBC620FFF7E8F80F232A464FF4004141
:10EBD0003A484FF0340A8DF8073003F019FB4FF62E
:10EBE000FF7322460DF10701354806F01BFB224654
:10EBF0004FF40041314803F00BFBD020FFF7CCF875
:10EC0000A4232A464FF400412C488DF8073003F026
:10EC1000FFFA4FF6FF7322460DF10701284806F070
:10EC200001FB22464FF40041244803F0F1FAA123EE
:10EC30002A464FF4004121488DF8073003F0E8FAE6
:10EC40004FF6FF7322460DF107011D4806F0EAFA60
:10EC500022464FF40041194803F0DAFAE020FFF7AA
:10EC60009BF82A464FF4004114488DF807B003F092
:10EC7000CFFA4FF6FF7322460DF10701104806F058
:10EC8000D1FA22464FF400410C4803F0C1FA4FF08C
:10EC900008032A464FF4004108488DF8073003F076
:10ECA000B7FA4FF6FF7322460DF10701044806F04C
:10ECB000B9FA224606E000BF0004025800100258CC
:10ECC000340900204FF40041E04803F0A1FA4FF06E
:10ECD0000E024FF40041DD488DF807202A4603F06C
:10ECE00097FA4FF6FF7322460DF10701D84806F058
:10ECF00099FA22464FF40041D44803F089FA2A4693
:10ED00004FF40041D1488DF8079003F081FA4FF697
:10ED1000FF7322460DF10701CD4806F083FA224623
:10ED20004FF40041C94803F073FA2A464FF40041FA
:10ED3000C6488DF8079003F06BFA4FF6FF73224632
:10ED40000DF10701C24806F06DFA22464FF400416A
:10ED5000BE4803F05DFA2A464FF40041BB488DF8E7
:10ED6000076003F055FA4FF6FF7322460DF10701D5
:10ED7000B74806F057FA312622464FF40041B3480F
:10ED800003F046FA2A464FF40041B0488DF8076078
:10ED900003F03EFA4FF6FF7322460DF10701AC482F
:10EDA00006F040FA22464FF40041A84803F030FA3A
:10EDB0002A464FF40041A5488DF8078003F028FA51
:10EDC0004FF6FF7322460DF10701A14806F02AFA1B
:10EDD00022464FF400419D4803F01AFA4FF04801D3
:10EDE0002A469A488DF807104FF4004103F010FAB4
:10EDF0004FF6FF7322460DF10701954806F012FA0F
:10EE000022464FF40041914803F002FA4FF01700F8
:10EE10002A464FF400418DF807008C4803F0F8F9BA
:10EE20004FF6FF7322460DF10701894806F0FAF903
:10EE300022464FF40041854803F0EAF94FF0140CE4
:10EE40002A464FF4004181488DF807C003F0E0F9ED
:10EE50004FF6FF7322460DF107017D4806F0E2F9F7
:10EE600022464FF40041794803F0D2F92A464FF484
:10EE7000004176488DF8077003F0CAF94FF6FF732A
:10EE800022460DF10701724806F0CCF922464FF4F4
:10EE900000416E4803F0BCF92A464FF400416B482C
:10EEA0008DF8076003F0B4F94FF6FF7322460DF1B9
:10EEB0000701674806F0B6F922464FF4004163485F
:10EEC00003F0A6F92A464FF4004160488DF807A0E8
:10EED00003F09EF94FF6FF7322460DF107015C48DF
:10EEE00006F0A0F922464FF40041584803F090F98B
:10EEF000E120FEF751FF2A464FF4004153488DF8B8
:10EF000007B003F085F94FF6FF7322460DF10701B4
:10EF10004F4806F087F922464FF400414B4803F072
:10EF200077F94FF008032A464FF4004147488DF81F
:10EF3000073003F06DF94FF6FF7322460DF107011C
:10EF4000434806F06FF922464FF400413F4803F072
:10EF50005FF94FF00E024FF400413C488DF8072056
:10EF60002A4603F055F94FF6FF7322460DF10701CB
:10EF7000374806F057F922464FF40041334803F072
:10EF800047F92A464FF4004130488DF8079003F0C6
:10EF90003FF94FF6FF7322460DF107012C4806F0AA
:10EFA00041F922464FF40041284803F031F92A463E
:10EFB0004FF4004125488DF8079003F029F94FF6EA
:10EFC000FF7322460DF10701214806F02BF9224676
:10EFD0004FF400411D4803F01BF92A464FF400414D
:10EFE0001A488DF8077003F013F94FF6FF732246A5
:10EFF0000DF10701164806F015F922464FF40041BD
:10F00000124803F005F92A464FF400410F488DF8E5
:10F01000076003F0FDF84FF6FF7322460DF107017C
:10F020000B4806F0FFF822464FF40041074803F072
:10F03000EFF82A464FF4004104488DF8078003F0AA
:10F04000E7F84FF6FF73224604E000BF00100258B5
:10F05000340900200DF107014D4806F0E3F822467F
:10F060004FF400414B4803F0D3F84FF048012A46D3
:10F0700048488DF807104FF4004103F0C9F84FF6E7
:10F08000FF7322460DF10701414806F0CBF82246F6
:10F090004FF400413F4803F0BBF84FF017002A46F9
:10F0A0004FF400418DF807003A4803F0B1F84FF6ED
:10F0B000FF7322460DF10701354806F0B3F82246EA
:10F0C0004FF40041334803F0A3F84FF0140C2A46E4
:10F0D0004FF400412F488DF807C003F099F84FF620
:10F0E000FF7322460DF10701294806F09BF82246DE
:10F0F0004FF40041274803F08BF82A464FF40041B3
:10F1000024488DF8077003F083F84FF6FF7322460A
:10F110000DF107011E4806F085F822464FF4004124
:10F120001C4803F075F82A464FF4004119488DF841
:10F13000076003F06DF84FF6FF7322460DF10701EB
:10F14000134806F06FF822464FF40041114803F0CF
:10F150005FF82A464FF400410E488DF807A003F0EF
:10F1600057F84FF6FF730DF107012246084806F0E5
:10F1700059F822464FF40041064803F049F821208F
:10F18000FEF70AFE292003B0BDE8F04FFEF704BEEB
:10F19000340900200010025808B5012219491A4804
:10F1A00008F088FE88B91949174808F097FEA0B9F9
:10F1B0001749154809F0BCFDB8B9134808F0ACFE72
:10F1C000D0B9BDE8084003F04BB8F9F759FC0F4936
:10F1D0000D4808F083FE0028EAD0F9F751FC0C49ED
:10F1E000094809F0A5FD0028E7D0F9F749FC0648D1
:10F1F00008F092FE0028E4D0F9F742FCBDE8084090
:10F2000003F02EB8480000203C4E0120C000002032
:10F210000000002000207047002070470020704749
:10F2200070B50446B8B1B1B10B68A3B103F1FF3EAC
:10F23000411E0D4A0D4D86440D4E1368286801335A
:10F24000DBB2984207D011F801CF10687145136006
:10F2500006F800C0F1D12146064809F083FD0548B3
:10F2600009F0AAFD002070BD1C5201201852012097
:10F27000185101203C4E012000220549054808B5DF
:10F2800009F062FD0449034809F06CFD002008BD47
:10F29000205201203C4E0120205A012010B50C4C78
:10F2A000D4F8BC32002918BF002B0FD070B1D3F8AE
:10F2B00014320BB1012010BD0A460146204609F068
:10F2C00043FD2046BDE8104009F058BD032010BDA5
:10F2D0003C4E012010B370B50C46D9B1B1FA81FC97
:10F2E0000138104A104D4FEA5C1C104E11682B6813
:10F2F00099420DD011680CF1010C136816F801E069
:10F30000644503F1010300F801EFDBB21360EDD8AF
:10F31000604670BD4FF0000C604670BD4FF0000CB1
:10F3200060467047185201201C52012018510120DC
:10F33000122301480B807047340000200423014849
:10F340000B807047300000200A460348034908B587
:10F3500009F096FA014808BD100802082062012051
:10F360000A460348034908B509F08AFA014808BD6E
:10F3700018080208206201200A460348034908B51C
:10F3800009F07EFA014808BD280802082062012021
:10F390000A460348034908B509F072FA014808BD56
:10F3A0003808020820620120194A30B5D2F8003826
:10F3B0001A24D2F808080C80191801D1154830BD5C
:10F3C000144B0024D2F804C803F110051A46080FA4
:10F3D000D47002320901092800F1370E98BF00F1FC
:10F3E000300E82F800E09542F1D10B4C00204FEA3C
:10F3F0001C72D87402334FEA0C1C092A02F137013F
:10F4000098BF02F1300119749C42F0D1014830BD1F
:10F4100000E0F11F140000201C000020000000008C
:10F4200010B5B0B00446B822002102A80AF045FF8A
:10F43000194B22689A4201D030B010BD9FED147B69
:10F440004FF4401302A88DED027B239304F040FBA0
:10F45000C0B902F005FF114B00224D20D3F8D8C0EF
:10F4600011464CF0007CC3F8D8C0D3F8D83003F074
:10F4700000730193019B01F0A3FD4D2001F0D0FD2D
:10F4800030B010BDF9F7FCFAE3E700BFAFF300803E
:10F490000000040000000000000004400044025886
:10F4A00000F2C441D0F8080508F04ABD034601EB5C
:10F4B000C102D0F8080503EB8203D3F8882208F0D4
:10F4C00075BD00BF034601EBC102D0F8080503EB90
:10F4D00082039A6C08F0A8BDD0F8080508F054BE65
:10F4E000016910B5044611B102290AD10121D4F8ED
:10F4F000080508F02DFED4F80805BDE8104008F016
:10F50000F9BDF9F7BDFA0121F1E700BF10B50446D6
:10F51000D0F8080508F020FE2268D2F8003E43F03B
:10F520000103C2F8003E236A23B1034A136943F082
:10F530000603136110BD00BF00ED00E0D0F8080520
:10F5400008F018BED0F8080508F044BED0F8080549
:10F5500008F02ABED0F8080508F052BED0F8080519
:10F5600008F050BE08B50378012B01D0002008BD7B
:10F570000346174800220221C0F80835DFF854C0BE
:10F58000C3F8C8020923C0F800C043604263C0E961
:10F590000321C0E90612C0E90822C0E90B2202F0EB
:10F5A00067FE88B94FF40071094803F0C7FC802258
:10F5B0000021074803F09CFC4FF4BA720121044873
:10F5C00003F096FC002008BDF9F75AFAEAE700BFFD
:10F5D00040660120000004400346D0F8C80200B590
:10F5E00083B040B1019303F0F1FAC82000F018FC99
:10F5F000019BD3F8C80202F0D3FE18B102280CBF59
:10F600000120032003B000BD9446D0F8C8021A467A
:10F6100008B5634603F020FB18B102280CBF012097
:10F62000032008BD08B5D0F8C80203F053FB18B199
:10F6300002280CBF0120032008BD00BF08B5D0F888
:10F64000C80203F0CDFB18B102280CBF0120032033
:10F6500008BD00BF08B5D0F8C80203F00DFC18B112
:10F6600002280CBF0120032008BD00BF0A06D0F805
:10F67000C83206D401EBC10103EB810393F87E028B
:10F68000704701F07F0101EBC10103EB810393F8A7
:10F690003E00704708B5D0F8C80203F0C3FA18B1AD
:10F6A00002280CBF0120032008BD00BF08B5D0F818
:10F6B000C80203F073FB18B102280CBF012003201D
:10F6C00008BD00BF08B5D0F8C80203F039FB18B177
:10F6D00002280CBF0120032008BD00BFD0F8C802DB
:10F6E00003F052BB0048704720640120704700BF00
:10F6F000F8B500F0F5F9802000F012FA552000F07E
:10F700000FFA552000F00CFA00F0F2F9962000F004
:10F71000CBF900F0E5F9802000F002FA552000F066
:10F72000FFF9552000F0FCF900F0E2F9962000F016
:10F73000BBF900F0D5F97E2000F0F2F9B62000F018
:10F74000EFF900F0D5F9502000F08AF900F0C8F97F
:10F75000802000F0E5F9552000F0E2F9552000F096
:10F76000DFF900F0C5F9962000F09EF900F0B8F935
:10F77000802000F0D5F9552000F0D2F9552000F096
:10F78000CFF9044600F0B4F9962000F08DF91E2C54
:10F790002AD10025184C00F0A3F9277866780334A5
:10F7A000384600F0BDF9304600F0BAF900F0A0F993
:10F7B000962000F079F900F093F947F0800000F00E
:10F7C000AFF9552000F0ACF9552000F0A9F9074633
:10F7D00000F08EF9962000F067F9BE4206D101359F
:10F7E000062DD8D10020F8BDFF20F8BD05EB45055A
:10F7F000014B2B449878F8BDAC4A0408F8B500F0EA
:10F800007FF9802000F08CF9552000F089F900F094
:10F810007FF9962000F048F900F072F9802000F09E
:10F820007FF9552000F07CF900F072F9962000F085
:10F830003BF900F065F9142000F072F9B62000F0F1
:10F840006FF900F065F9502000F00AF900F058F95E
:10F85000802000F065F9552000F062F900F058F9B9
:10F86000962000F021F900F04BF9802000F058F9C3
:10F87000552000F055F9044600F04AF9962000F0B2
:10F8800013F90F2C27D10025174C00F039F92778F0
:10F8900066780334384600F043F9304600F040F90A
:10F8A00000F036F9962000F0FFF800F029F947F053
:10F8B000800000F035F9552000F032F9074600F0DD
:10F8C00027F9962000F0F0F8BE4206D10135062D4A
:10F8D000DBD10020F8BDFF20F8BD05EB4505024B4C
:10F8E0002B449878F8BD00BF984A040810B500F082
:10F8F000B3F800F0B3F8FFF7FBFE0446FFF77EFF16
:10F900002043C0B210BD00BF2DE9F041002382B0FA
:10F910000E46174680466C460DF10605CDE90033CC
:10F9200000F0DEF8922000F0FBF8922000F0F8F8EA
:10F93000552000F0F5F804F8010BAC42F8D100F0C6
:10F94000D7F8BDF90030BDF902206C4606EE903ABA
:10F950003F4B07EE102ABDF90420F8EEE66AD3ED1E
:10F96000007AB8EEC77A66EEA76A07EE902AF8EE3C
:10F97000E77AC6ED006AD3ED006A27EE267A67EED5
:10F98000A67A86ED017AC6ED027A00F0B9F88020F9
:10F9900000F0C6F8552000F0C3F802AB04F8010BE4
:10F9A0009C42F7D100F0B4F89DF800300F2B22D123
:10F9B000BDF90230BDF9042006EE903A254B07EE62
:10F9C000102ABDF90620F8EEE66A93ED006A07EE0C
:10F9D000902AB8EEC77A66EE866AF8EEE77AC8ED46
:10F9E000006AD3ED006A27EE267A67EEA67A88EDE4
:10F9F000017AC8ED027A00F073F8A22000F090F8C6
:10FA0000A22000F08DF8552000F08AF80546552018
:10FA100000F086F8044600F06BF8F4EE006AC4F3D8
:10FA20004713B3EE077A43EAC5031BB2A3F500629E
:10FA300012B2B3F5806FA8BF134607EE903AF8EE06
:10FA4000E77AA7EEA67A87ED007A02B0BDE8F081EA
:10FA50006800002064000020704700BF704700BFAE
:10FA6000F0B14FF0E021F0B5461E0E4D4FF6FF7796
:10FA70004C6900208A698B699342FCD0A4EB030C8B
:10FA800002EB000E09D2AEEB0300A8421A46F2D9EF
:10FA9000013EB6B2BE42EBD1F0BD94446044F4E7FF
:10FAA000704700BFFF5207004FF0E021C0EB00108D
:10FAB0004FF0000C400130B54D698A698B69934263
:10FAC000FCD0A5EB030E0CEB020405D2A4EB030C57
:10FAD00084451A46F2D330BDF4449444F8E700BF9D
:10FAE00000220121014802F093BB00BF0008025828
:10FAF00001220248114602F08BBB00BF00080258E9
:10FB000000220821014802F083BB00BF0008025810
:10FB100001220821014802F07BBB00BF0008025807
:10FB200000B54FF47A7C87B001238DF80F000DF1FA
:10FB300017020DF10F01CDF800C0034805F0B8FC25
:10FB40009DF8170007B000BDAC080020034640B187
:10FB50004FF0FF32FB2108201A60D971C3F803204F
:10FB600070474FF0FF307047034640B14FF0FF320F
:10FB7000FC2108201A60D971C3F8032070474FF0A8
:10FB8000FF307047034640B14FF0FF32FD2108209F
:10FB90001A60D971C3F8032070474FF0FF307047E7
:10FBA000002A18BF002964D00346002861D0B1F8AC
:10FBB00001C008799CFA9CFC9FED2F3ADFED2F2ABB
:10FBC0001FFA8CFC10B591F800E007EE90CACC78D3
:10FBD0000EF00F0E91F805C0B8EEE77A82F800E05B
:10FBE0004FEA002E000940EA041007EE900A0EF4D6
:10FBF00070604CEA000CF8EEE77AB3FA83F006EE98
:10FC000090CA91F800C040094FEA1C1CB8EEE65AB1
:10FC100082F801C0D3ED003A93ED024AD3ED044AD5
:10FC2000D3ED015A93ED036AD3ED056A75EEE35AFD
:10FC300036EE446A76EEE46A65EE875A26EE277A57
:10FC400066EE857A85EEA26AC7EE036A87EE837A4E
:10FC500036EE236A82ED016A76EE846AC2ED026AAC
:10FC600077EE247AC2ED037A8B791374CB795374CF
:10FC700010BD4FF0FF30704700F07F4500FF7F4719
:10FC8000034630B1002210EE101A082019605A60A5
:10FC900070474FF0FF3070472349244AD1F888302D
:10FCA00043F47003C1F88830136803F00F03062B88
:10FCB00005D8136823F00F0343F0070313601C4BB0
:10FCC0004FF0000C1B4A1968184841F001011960F7
:10FCD000C3F810C019680A401A6003681B0705D5ED
:10FCE000036823F00F0343F007030360104B002267
:10FCF0001149DFF850C011489A61DA611A62C3F8FD
:10FD000028C043F2D20CD86219635A639963DA634C
:10FD100019645A6419680A4821F4802119601A6626
:10FD2000C0F800C0704700BF00ED00E000200052A6
:10FD3000004402587FEDF6EA800201010000FF0155
:10FD40000040005200020202114B1B780BB9012047
:10FD5000704700B583B00F4A01904FF47A70B0FB42
:10FD6000F3F31068B0FBF3F001F068F901990F2983
:10FD700000D810B1012003B000BD02464FF0FF30A3
:10FD800001F01EF9044B00200199196003B000BD79
:10FD900074000020700000207800002010B50320BF
:10FDA000124C01F0FBF803F003FC114B11499A6966
:10FDB0009B69C2F3032203F00F03A25CE35C02F031
:10FDC0001F020D4C03F01F03D04020FA03F3206004
:10FDD0000F200B60FFF7B8FF10B10124204610BDC3
:10FDE0000446FBF74FFF204610BD00BFC04A040881
:10FDF000004402586C00002070000020034A044BAD
:10FE000011681B780B441360704700BF4C6B0120D6
:10FE100074000020014B1868704700BF4C6B012034
:10FE200038B50446FFF7F6FF0546631C02D0044BC5
:10FE30001B781C44FFF7EEFF401BA042FAD338BDED
:10FE4000740000203D4B02689A422DE9F0410546BE
:10FE50005FD003F580739A425BD039486C6986683D
:10FE6000082C06F01F0613D040F22123F340DC07D4
:10FE70000AD4836813F4404F09D02B6E012043F05D
:10FE800020032B66BDE8F081D368DA07F5D404249B
:10FE90000F46FFF7BFFF2A6880461368234204D14C
:10FEA0007B1C2ED113682342FCD02B6E43F40073CD
:10FEB0002B66D36813F4406F0FD16B7E6BB9136858
:10FEC0001F070AD52B6E23F480732B662B6ED80484
:10FED00003D42B6E43F001032B661A4B9A421AD0BF
:10FEE000082CD36820D05B0401D40C2313600020BD
:10FEF000BDE8F08117B91368234017D013681C427E
:10FF0000D3D1FFF787FFA0EB08002A68B842F1D9E8
:10FF1000F1E70D48A2E740F22123F340D907DFD4EF
:10FF2000064B082CDB68DED11460E0E72A6E032064
:10FF300085F85C3042F004022A66D9E700200240CE
:10FF40000063025800210240002302400368186C3D
:10FF5000704700BF70B5002282B0019290F85C201B
:10FF6000012A00F0E580034601201A6883F85C004E
:10FF7000D2F808C01CF0040F09D01A6E012042F01C
:10FF800020021A66002283F85C2002B070BDD1F80E
:10FF900000C0DFF8BCE3CCF384647245264613D07E
:10FFA000CCF3130EBEF1000F00F0C0809CFAACFC45
:10FFB000BCF1000F03D0BCFA8CFC00FA0CF0D2F8B4
:10FFC0001CC04CEA0000D061486802F1300E1F24CA
:10FFD0004FEA901C00F01F000CF00C0C04FA00F526
:10FFE00006FA00F45EF80C0020EA050020434EF803
:10FFF0000C00906810F0040F906871D105076FD461
:020000040801F1
:1000000008680724C0F3045C4FEAD05E04FA0CF5DC
:100010000EF0040E02F1140454F80E0020EA05005C
:100020008D6805FA0CFC40EA0C0044F80E00DFF87D
:1000300020E348697245D1F810C00646086800F010
:100040000981C14C246804F07044B4F1805FD46825
:1000500000F0748114F0100FD46800F06F81640810
:1000600004F0080506FA05F5BCF1040F00F0B381B1
:1000700002F1600E00F0F8445EF82C0000F0004041
:10008000204328434EF82C0091F821C00869ACF1B8
:10009000010C0C695EF82000BCFA8CFC20F00040DA
:1000A0004FEA5C1C40EACC704EF82400087E0C69D4
:1000B000A0F10100D2F810C004F01F0EB0FA80F0D9
:1000C0002CF4F04C4009C00200FA0EF040EA0C009B
:1000D00010619068C40727D4CC68086826460AE0F7
:1000E0009068C40720D4DFF868C2CC68624508680D
:1000F000264600F0E88006F0180CDFF860E22EFAE1
:100100000CFED2F8C0C00EEA0004C0F3130E2CEAB5
:100110000E0C4CEA040CC2F8C0C0DFF844C26645BD
:100120003CD00968002906DB00202BE7A04046E709
:10013000022002B070BD8548824200F0F18000F5D7
:100140008070824200F0EC80DFF818C2DCF8080012
:1001500005467F48D0F808E01EF0010F7FF40DAF90
:10016000DFF804E205F0E074714500F0AA81DFF8E1
:10017000FCE1714500F09581DFF8F4E17145D3D1E0
:100180006D02D1D48242CFD1DCF8082022F0E07297
:10019000224342F48002CCF80820C5E7BEF1000FEC
:1001A00000F0A58090FAA0FCBCF1000F00F0E28006
:1001B000BCFA8CFC0CF1010C0CF01F0CBCF1090F0B
:1001C00040F2D88090FAA0FCBCF1000F00F0DB8177
:1001D000BCFA8CFC0CF1010C4FEA8C6C0CF0F84C66
:1001E00090FAA0FEBEF1000F00F0CA81BEFA8EFEAA
:1001F00001240EF1010E0EF01F0E04FA0EFE4CEA61
:100200000E0C90FAA0F0002800F0B881B0FA80F04F
:10021000013000F01F000A3800EB4000000540F0FC
:10022000007040EA0C0C4FEADC5E0724CCF3045C5F
:100230000EF0040E04FA0CF502F1140454F80E004A
:1002400020EA05008D6805FA0CFC40EA0C0044F831
:100250000E0066E7BCF1040FD46800F0E680C4F33A
:10026000C10400F0F8450EF1600E60005EF82C400D
:1002700006FA00F0284340F000404EF82C00D1F878
:1002800010C0CC695EF82C0020F0807020434EF83E
:100290002C0091F820C00869ACF1010C0C695EF8E3
:1002A0002000BCFA8CFC20F000704FEA5C1C40EA95
:1002B0004C604EF8240026488068C0073FF534AFF4
:1002C000CC680868264606F0180CDFF890E0204C51
:1002D0002EFA0CFED4F8B0C00EEA0005C0F3130EDF
:1002E0002CEA0E0C4CEA050CC4F8B0C015E7800EE1
:1002F0004FF0010C013000F01F0E80060CFA0EFCCE
:1003000000F0F840BEF1090F40EA0C0C5CD9AEF1E8
:100310000A0E0EEB4E0E4FEA0E5040F0007080E7D2
:100320000C490A4A8968926812F0010F0A4A9268D9
:100330007FF423AED0073FF520AEF5E6C4F3820488
:10034000650006FA05F58FE60010005C002002400B
:10035000006002580023024000210240FFFF0F000E
:100360000000FF4700630258000052C7000021C38D
:10037000000084CB90FAA0FCBCF1000F00F00C81CF
:10038000BCFA8CFC0CF1010C4FEA8C6C0CF0F84CB4
:1003900090FAA0FEBEF1000F00F0FB80BEFA8EFEC8
:1003A00001240EF1010E0EF01F0E04FA0EFE4CEAAF
:1003B0000E0C90FAA0F0002800F0E880B0FA80FE61
:1003C0000EF1010E0EF01F0E0EEB4E0E4FEA0E5EFA
:1003D0004EEA0C0C27E7D2F860E04FEA806C0EF092
:1003E000F84EBEEB806F03D1106E20F00040106617
:1003F000506E00F0F840844503D1506E20F000406C
:100400005066906E00F0F840844503D1906E20F065
:1004100000409066D06E00F0F84084457FF459AEFD
:10042000D06E20F00040D06653E6D2F860C0C0F332
:10043000130ED2F860C0CCF3846CBEF1000F64D10F
:10044000C0F3846EF44500F0AA80D2F864C0D2F8FC
:1004500064C0CCF3846CF44500F0CA80DFF8C4C1FA
:10046000DCF868E0DCF868C0CCF3846CC0F3846E20
:10047000E64500F0A980DFF8ACC1DCF86CE0DCF800
:100480006CC0CCF3846CC0F3846060457FF428AE0C
:10049000DFF890C1DCF86C0020F00040CCF86C0074
:1004A00009E7EE013FF540AE82427FF43DAEDCF855
:1004B000082022F0E072224342F08072CCF808203B
:1004C00032E629023FF530AE82427FF42DAEDCF8F1
:1004D0000820514922F0E072224342F40002CCF895
:1004E00008200A684D499209A1FB021292090132C3
:1004F00052000192019A002A3FF416AE019A013A85
:100500000192019A002AF9D10EE690FAA0FEBEF1FE
:10051000000F03D0BEFA8EFEF44540D0D2F864C07E
:10052000D2F864C0CCF3846C90FAA0FEBEF1000F48
:1005300003D0BEFA8EFEE6455AD0DFF8E8C0DCF8FC
:1005400068E0DCF868C0CCF3846C90FAA0FEBEF1E1
:10055000000F03D0BEFA8EFEE64535D0DFF8C4C0EA
:10056000DCF86CE0DCF86CC0CCF3846C90FAA0F0A2
:1005700000283FF4B5ADB0FA80F086E7284850E691
:100580004FF0020E3BE64FF0806C29E64FF4401E20
:100590001EE74FF0020E0AE74FF0806CF8E62148A4
:1005A000D0F860C02CF0004CC0F860C0D0F864C037
:1005B000406EC0F3846C0868C0F3130EBEF1000FE8
:1005C000B2D1C0F3846E46E71648D0F868C02CF06C
:1005D000004CC0F868C0D0F86CC0C06EC0F3846C2A
:1005E0000868C0F3130EBEF1000F3FF44CAFBDE737
:1005F0000C48D0F864C02CF0004CC0F864C0D0F8AF
:1006000068C0806EC0F3846C0868C0F3130EBEF13E
:10061000000F3FF42BAF98E770000020632D3E05DC
:10062000000050FE0060025803689A6812F0040F40
:100630009A6870B5044601D1160738D5DA68950175
:1006400002D5627E012A41D002299A6831D0500732
:1006500002D59A68920756D5012952D09A68100798
:1006600008D59A68920705D498682A4A024042F051
:1006700020029A60032944D10C25FFF7CBFB2368A5
:1006800006469B682B4212D0FFF7C4FB801B2368F1
:100690000528F6D99A682A42F3D0236E012043F048
:1006A00010032366636E43F00103636670BD002090
:1006B00070BD160708D59A68950705D49968154A3C
:1006C0000A4042F020029A600825D6E7227E012ADD
:1006D000BAD11A68500606D40F4A01E0013ADCD0BC
:1006E00019684906FAD540221A609A68560708D553
:1006F0009A68950705D49968064A0A4042F01002A4
:100700009A600425B9E79868024A024042F0100254
:100710009A60A1E7C0FFFF7F00DC0C0038B50368DA
:100720009A68D10722D499680446204A114209D018
:10073000236E012043F010032366636E43F0010330
:10074000636638BD99681A4A0A4042F001029A600D
:10075000FFF760FB2368174A0546934208D1164A03
:100760009268D2060AD0154A934207D1002038BDBC
:1007700002F580729342F2D0114A92681A68D0074B
:10078000F4D49A68D10707D49A6822F0004222F084
:100790003F0242F001029A60FFF73CFB421B2368D4
:1007A000022AEBD91A68D207E8D4C1E73F000080DB
:1007B000C0FFFF7F002002400023024000210240D2
:1007C000006302584449034602688A425FD001F53B
:1007D00080718A425BD041498968926812F00402B4
:1007E0005BD193F85C00012857D04FF0010C1846FC
:1007F00000B585B083F85CC0CDE901320391FFF705
:100800008DFFDDE90132002849D11A6EDFF8D8C02A
:10081000039902EA0C0C1A6801F01F014CF4807C69
:10082000C3F860C0DFF8C4C062453CD09646D3F838
:1008300060C02CF4801CC3F860C0D3F860C01CF406
:10084000805C46D0D3F864C02CF0060CC3F864C0BA
:100850004FF01C0C7245C2F800C04FF0000C83F83A
:100860005CC025D040F2212C2CFA01F1C9071FD41D
:100870001A6E42F480121A66DEF80C20920110D52E
:100880001A6E22F4405242F480521A6609E014496A
:100890008968926812F00402A3D00220704783F89E
:1008A0005C2005B000BDDFF830E00029C5D1BEE70F
:1008B000D168890105D5196E21F4405141F4805168
:1008C00019669168074B0B4043F00403936005B031
:1008D00000BDC3F864C0BBE70020024000630258BB
:1008E00000230240C0FFFF7FFEF0FFFF0021024017
:1008F00038B503689A68950702D59B68002038BD13
:100900009A68D407FAD59A68044602F00D02012AC3
:1009100009D0236E012043F010032366636E43F079
:100920000103636638BD986803210D4A024042F016
:1009300002029A601960FFF76DFA236805469B680A
:10094000D90703D4DAE79B68DB07D7D5FFF762FA4C
:10095000401B23680228F6D99A68D207F3D5D8E756
:10096000C0FFFF7F90F85C30012B1CD001230321D6
:1009700010B580F85C300446FFF756FE20B1002326
:10098000012084F85C3010BD2046FFF7B1FF00283D
:10099000F5D1226E054B134043F00103236600237B
:1009A00084F85C3010BD0220704700BFFEEEFFFFF0
:1009B000464A0368934210B5044625D002F580727A
:1009C000934221D0424B9B6813F4403F21D002F068
:1009D00035FF6368B3F5003F62D0B3F5403F67D0A1
:1009E000B3F5803F5CD03B4B4208B3EB500F39D29C
:1009F000394B9A4244D9394B9A4249D92268936873
:100A000043F44073936010BD354B9B6813F4403F33
:100A1000DDD14FF40020002104F03EF96368B3F506
:100A2000101F41D014D8B3F5E01F3FD042D8B3F522
:100A3000801F08D043D8B3F5002F04D023F4002240
:100A4000B2F5802FCFD19B0C5B00B0FBF3F0CAE76F
:100A5000B3F5201F0CD0B3F5301FC4D11D4BB3EB41
:100A6000502F0DD32268936823F44073936010BD18
:100A7000184B020AB3EB102FF4D2174B9A4207D847
:100A80002268936823F4407343F48073936010BD2D
:100A90002268936823F4407343F40073936010BD9D
:100AA0001B0CB0FBF3F09EE780099CE700099AE776
:100AB000800898E7B3F5001F95D1400993E7B3F597
:100AC000A01FC0D0B3F5C01FBDD08CE700200240EE
:100AD00000630258105E5F0020BCBE0040787D01BC
:100AE0000023024030B5002385B00393002800F0B6
:100AF000B980036E0246002B00F0B88011688B6845
:100B00009D0003D58868A94B03408B608B68DC008F
:100B100018D4A74BA7481B68D1F808C09B09A0FBB5
:100B20000303A5489B090CEA0000013340F0805004
:100B300088600393039B2BB1039B013B0393039BAF
:100B4000002BF9D18B68D80000F18280136E01254B
:100B500043F010031366536E43F0010353668B6832
:100B600013F0040F136E79D113F0100C76D1136EBD
:100B700023F4817343F0020313668B68DB077FD590
:100B80008E4B994200F09880D36B946892F82000C5
:100B9000234392F819C0012843EA4C3343EA004347
:100BA00003D1506A013843EA4043906A20B1D46AC5
:100BB00000F47870234303438048814200F09B8017
:100BC000D1F80CC07E480CEA00001843C8608B685E
:100BD00013F0040F8B682BD11B0729D4774B107EA1
:100BE0009942D2F840C04FEA803092F844E000F0D9
:100BF000B180CB68BEF1010F1C46724B04EA0303BF
:100C000043EA0003106B43EA0003CB6000F0BB80B3
:100C10000B6923F001030B6110460B6923F070434D
:100C200043EA0C030B610092FFF7C2FE009A1168C1
:100C30001369012B38D00B6B23F00F030B63136E7A
:100C4000284623F0030343F00103136605B030BDCB
:100C50008B68002513F0040F136E85D0136E43F0DC
:100C6000100313660125284605B030BDCDE90030DC
:100C7000FAF736FFDDE90032536682F85C303DE773
:100C8000514B99424AD003F58073994246D04B4B61
:100C90009B68D8073FF574AF4C485468836823F4C9
:100CA0007C13234383606BE7086BD36920F00F004C
:100CB000013B03430B63C2E7D36BD06892F819E0A2
:100CC000184393680C3B40EA4E30102B03D8DFF8F2
:100CD00010C15CF823C092F820E040EA0E40BEF15B
:100CE000010F40EA0C032CD0906A20B1D46A00F4C2
:100CF000787023430343DFF8C4C03548DCF80CE0C8
:100D00000EEA00001843CCF80C00DCF81030506BF1
:100D100023F040630343CCF8103058E72A4B9B681C
:100D200013F0010F2B4B9B687FF42EAFDC073FF5D0
:100D30002BAF29485468836823F47C1323438360D2
:100D400022E7506A013843EA4043906A00287FF462
:100D50002EAFD0E792F83830BEF1010FCC6840EAF0
:100D60004303184804EA000043EA0003CB6039D08B
:100D70000B6923F001030B610B6923F0704343EA15
:100D80000C030B6154E7D2E91330D1F810E00343B0
:100D9000906C013843EA0043506D03430F480EEA5C
:100DA0000000034343F0010335E700BFC0FFFF5FCE
:100DB00070000020632D3E05C0FFFF6F00600258E9
:100DC00003C0F0FFFCBFFFFF002002400063025899
:100DD0000740F0FF00210240002302401EF800FC03
:100DE000D04A0408506D936CD1F810E003430548D5
:100DF0000EEA00000343D06C0343106D034343F03D
:100E00000103B8E71FF800FC30B54FF0000C85B0C7
:100E1000CDF80CC090F85CC0BCF1010F48D015466D
:100E200001220C46019080F85C20FFF761FD019BD8
:100E300020BBD3F860E004F480311F4A05F0804CF9
:100E40000EEA0202D3F800E042F002021A661B4AE0
:100E5000DEF80840224042EA0C020A4342F0004217
:100E6000CEF80820DEF808201549002A0FDB1A6E9C
:100E700022F0030242F001021A6603E01A6E42F009
:100E800010021A66002283F85C2005B030BD039A78
:100E900001320392039A8A42E4D31A6E00210120A0
:100EA00022F0120283F85C1042F010021A66ECE79E
:100EB000022005B030BD00BFFDEEFFFFC0FFFE3FCA
:100EC00000F8C32590F85C20012A38D003460022A0
:100ED0000120D3F800C030B5DFF8BCE09DB083F846
:100EE0005C00F4451892199207D0196E83F85C20C3
:100EF00041F0200119661DB030BD244A90684007BA
:100F00000BD5DCF808201A6E012042F020021A6688
:100F1000002283F85C201DB030BDDCF808004407D7
:100F2000F1D40868A8B91A49886820F4404088605C
:100F3000DCF80800C00704D592680020E8E702202A
:100F400070479268D407F8D48868124A02408A60D1
:100F5000F3E70F4C4D68D4F808E02EF4404E4EEA0B
:100F6000050EC4F808E0DCF808C01CF0010FE3D15E
:100F70009268D507E1D48A68054C1043054AD4F835
:100F800008C00CEA02021043A060D6E7002102402C
:100F900000230240E0F0FFFF0020024006494FF628
:100FA000FF0C0002054BCA6800F4E06002EA0C0284
:100FB00010430343CB60704700ED00E00000FA05EA
:100FC000144BDB68C3F30223A3F1030CBCF1040F41
:100FD00000B516D84FF0FF3EC3F107030EFA03F336
:100FE0000EFA0CFEDB4322EA0E021940002801FA39
:100FF0000CF141EA02014FEA011106DB064B1954DC
:1010000000BD00220F239446EFE700F00F00034BD2
:10101000195400BD00ED00E000E400E014ED00E034
:10102000002807DB012300F01F01034A40098B4021
:1010300042F82030704700BF00E100E0431EB3F1EA
:10104000807F01D3012070474FF0E0220020054946
:101050004FF0F00C5361072381F823C090611361B6
:10106000704700BF00ED00E070B50446FEF7D2FE09
:10107000002C6DD094F83530022B64D125680646DB
:10108000AD4B9D4266D018339D4263D018339D42CC
:1010900000F0F38018339D4200F01A8118339D420E
:1010A00000F0258118339D4200F0FF8018339D42E7
:1010B00000F02E8118339D4200F04A8103F55673EB
:1010C0009D4200F0588118339D4200F0638118332F
:1010D0009D4200F06E8118339D4200F06C81183300
:1010E0009D4200F06A8118339D4200F068811833F8
:1010F0009D4200F0688118339D4200F062812B68A8
:101100008E4A23F00E0395422B6000F0BF808C4B7B
:101110009D4200F0BB8014339D4200F0B780143331
:101120009D4200F0B38014339D4200F0AF80143331
:101130009D4200F0AB8014339D4200F0A780143331
:101140009D4214D1A2E080220023626584F83430ED
:10115000012070BD2B68226E23F01E032B606B698B
:1011600023F080036B61136823F4807313602B6892
:1011700023F001032B6005E0FEF74CFE831B052BDB
:1011800000F28A802B68DB07F6D423686A49E26D97
:101190008B42A06D02F01F025ED018318B425BD0F3
:1011A00018318B4258D018318B4255D018318B42B0
:1011B00052D018318B424FD018318B424CD018315D
:1011C0008B4249D001F556718B4245D018318B4284
:1011D00042D018318B423FD018318B423CD018316D
:1011E0008B4239D018318B4236D018318B4233D0F4
:1011F00018318B4230D001219140514A41604F4813
:101200005049834218BF934200F13C000CBF0122B9
:1012100000228B4208BF42F001022831834208BFFE
:1012200042F0010228308B4208BF42F0010228310F
:10123000834208BF42F001028B4208BF42F0010224
:101240006AB9414A93420AD000230122184684F821
:10125000352084F8343070BD3F2393408360E36EC3
:10126000D4E919215160002BEED01A68D4E91C1082
:1012700022F480721A604860E6E7344B1A6C22F060
:101280001E021A645A6D22F080025A65226E13689B
:1012900023F4807313606AE7202103220023616531
:1012A00084F8343084F8352052E7284BD3F888206E
:1012B00022F01E02C3F88820D3F89C2022F080027E
:1012C000C3F89C20226E136823F4807313604EE7EA
:1012D0001E4B9A6D22F01E029A65DA6E22F0800291
:1012E000DA66226E136823F4807313603FE7174BAE
:1012F0001A6F22F01E021A67D3F8842022F08002AF
:10130000C3F88420226E136823F4807313602EE7E1
:101310000E4BD3F8A02022F01E02C3F8A020D3F871
:10132000B42022F08002C3F8B420226E136823F4A4
:10133000807313601BE700BF10000240085402587E
:101340001C54025830540258945402580000024071
:101350001E4BD3F8B82022F01E02C3F8B820D3F8F1
:10136000CC2022F08002C3F8CC20226E136823F434
:1013700080731360FBE6164B1A6922F01E021A6195
:101380005A6A22F080025A62226E136823F4807334
:101390001360ECE60E4B9A6A22F01E029A62DA6B38
:1013A00022F08002DA63226E136823F480731360E4
:1013B000DDE6074B62E7064B8BE7054B98E7044BEE
:1013C00074E7034BC5E7024BA3E700BF00000240F0
:1013D00000040240002800F0A28008B590F83530E3
:1013E000022B40F08F8003684E4A934200F08E80BB
:1013F0001832934200F08A801832934200F08680BF
:101400001832934200F08280183293427ED0183214
:1014100093427BD01832934278D01832934275D0E1
:1014200002F55672934271D0183293426ED0183240
:1014300093426BD01832934268D01832934265D0F1
:101440001832934262D0183293425FD018329342DE
:101450005CD0354ADFF8DCE01968734518BF934269
:10146000DFF8D4C021F00E010EF13C0E0CBF0122BA
:1014700000221960634508BF42F0010219680CF1AF
:10148000280C734508BF42F0010221F001016345B9
:1014900008BF42F001020CF1140C1960634508BF4B
:1014A00042F0010221498B4208BF42F0010212B909
:1014B0001F4A93421CD10123D0F858E0D0E9171CF1
:1014C000DCF8002001F01F0122F480728B40CCF880
:1014D0000020CEF80430C36ED0E9192151603BB131
:1014E0001A68D0E91C1C22F480721A60C1F804C08A
:1014F00001210022036D80F8351080F8342063B19B
:1015000098470AE080234365012008BD042280F843
:1015100035201A6822F001021A60002008BD01205F
:10152000704700BF100002401C54025880540258FB
:10153000945402580854025830540258406D704771
:10154000F0B5D1E901740E690D68002F32D1264340
:1015500046EA8546D1E9065425434C692543CC68C3
:101560002543846E04FB03F3D0F88440086A44F8F2
:10157000236004EB830445EA00656560104DCB8968
:10158000EB5CB3B14FF0000C907804EB0C0ED77805
:101590000CF1040C000416785378043240EA07601A
:1015A000304340EA0320CEF80800C889285C604533
:1015B000EAD8F0BD2E43264346F08046CAE700BF76
:1015C000144B04082DE9F04798B004464C224849D2
:1015D00005A808F07CFF002C7AD02368454A934286
:1015E00000F0818094F8982002F0FF01002A73D067
:1015F0009A6922F010029A61FEF70CFC054604E09D
:10160000FEF708FC401B0A2859D823689A6911077D
:10161000F6D49A6942F001029A61FEF7FBFB054697
:1016200004E0FEF7F7FB401B0A2848D823689A69B4
:10163000D207F6D59A6942F002029A61227C012A09
:101640009A690CBF22F0400242F040029A61627C2B
:10165000012A9A690CBF42F4804222F480429A61C6
:10166000A27C012A9A690CBF22F4805242F4805273
:101670009A619A69D4E9020122F44072012942EA8E
:1016800000029A619A6922F0A4029A611A6922F012
:1016900010021A6130D0002932D002299A6900F074
:1016A0007D8142F0800203299A611A6942F010029A
:1016B0001A6125D19A6942F020029A6120E0D4F89B
:1016C0009C30032243F00103C4F89C3084F8982036
:1016D000012018B0BDE8F087204684F89910FAF789
:1016E00073FA236884E702F5807262607AE700BFCC
:1016F00008D1010800A000409A6942F004029A61F2
:10170000B0F5407FD4E9061202F1FF3201F1FF315A
:101710004FEA022242EA4162216A01F1FF3142EAC4
:101720000102616901F1FF3142EA0142DA610ED141
:10173000A16AD4E90B020139013A0138120142EAE7
:1017400000220A43616A013942EA0142DA60226EEC
:1017500000922AB1D3F8C020616E0A43C3F8C020BA
:10176000E26D0098A16E9146D0428A4609D0D3F826
:10177000C8200DEB810122F0070249690A43C3F832
:10178000C820226C656C01924AB1D3F8BC200DEBE5
:10179000850122F0070249690A43C3F8BC20D4E955
:1017A00012C0BCF1000F0AD0D3F8BC200DEB8001B1
:1017B00022F07002496942EA0112C3F8BC20D4E960
:1017C000142E52B1D3F8BC100DEB8E0621F4E0615B
:1017D000766941EA0621C3F8BC1072498B4200F0D9
:1017E000D6800EFB02F24FF00008666B03920122D6
:1017F000C4F89C8084F89820D3F88420C4F894809E
:101800006FF38F02A76B019942EA8602D4F83CE09D
:1018100005FB01F5C3F88420D3F88420029522F457
:101820007F0242EA0742C3F88420F219D3F88810F5
:101830006FF38F0141EA820102EB4E02C3F8881078
:10184000D3F8881021F4FE0141EA0E41C3F8881054
:10185000D3F8A0106FF38F0141EA82012A44019D61
:10186000C3F8A010D3F8A01021F4FE0141EA05410D
:1018700000FB0CF50398C3F8A010D3F8B0106FF379
:101880008F0141EA8201C3F8B0105119D3F8B0209A
:1018900022F4FE0242EA0C42C3F8B020D3F8AC2096
:1018A0006FF38F0242EA81020144C3F8AC20D3F8FF
:1018B000F0206FF38F0242EA8102C3F8F020D3F8E0
:1018C000F020D4F858C022F47C1201EB4C0142EA1B
:1018D0000C42C3F8F020344AB218920002EB87069B
:1018E000029F06EBCE0E01960EEB870707EB8505F0
:1018F000029505EB8005D3F8C00005EBCC0C0395F1
:101900006FF38F000AFB09F540EA810100980CEBA8
:101910008505C3F8C010D3F8C01021F47C1141EA4A
:101920000941C3F8C0100AFB00F1D3F8C00020F051
:101930007C56009805EB810146EA0060019EC3F8E1
:10194000C000029BA767E367039BC4F88850E26668
:10195000C4F89010C4E9203C144B9942C4E91C6EB1
:101960000BD88A4205D242F8048BD4F890309A42C0
:10197000F9D3002018B0BDE8F087D4F89C300322DA
:1019800043F02003C4F89C3084F89820A0E66168F6
:101990006668896821F00301B16022E742F0200205
:1019A0009A61ADE600A00040002B0010FCD300407F
:1019B000704700BF844690F89800012807D0DCF8F3
:1019C0009C30012043F00403CCF89C307047009811
:1019D000DCF800C040EA4303002043EA820343EA04
:1019E0000113CCF88030704790F898200346012A04
:1019F00007D0D0F89C20012042F00402C3F89C20BC
:101A00007047D0F800C00222002180F89820DCF84E
:101A10001820084622F00102CCF81820C3F89C10C8
:101A2000704700BF90F898308446022B27D1026897
:101A3000936943F0010393619369D80706D4332374
:101A400001E0013B23D09169C907FAD5936923F0DE
:101A5000100393619369180706D5332301E0013B16
:101A600015D091690907FAD493690020012143F048
:101A700002039361CCF894008CF898107047D0F86A
:101A80009C3043F00803C0F89C3001207047DCF81C
:101A90009C300322012043F00103CCF89C308CF8E9
:101AA0009820704790B110B50446FFF7BBFF22683D
:101AB0002046D36D23F00303D365FFF779FF00239E
:101AC000C4F89C30184684F8983010BD0120704747
:101AD00070B590F8983082B00446022B13D1036899
:101AE0001D46D3F8C03013F07C5F15D0D5F8C43054
:101AF00013F400131E4616D0D0F89C3043F4007344
:101B0000C0F89C3005E0D0F89C3043F00803C0F8E2
:101B10009C30012002B070BDD0F89C3043F020030F
:101B2000C0F89C30F5E7D5F8C430C3F30443019303
:101B3000FFF706FD0122019B304602FA03F3C5F8C8
:101B4000D030C4F8943002B070BD00BFD0F894001B
:101B5000704700BF90F898200346022A07D0D0F8BB
:101B60009C20012042F00802C3F89C2070470368C3
:101B70000020C3F8D4107047F0B50D4690F89810C7
:101B8000022957D1402D64D0412D7ED0016DA9424C
:101B900058D9416D0027C46F05FB01F104EB8101A9
:101BA0000C6804F0804454600E68002C40F0908073
:101BB000C6F38A4616600C6804F0005494600C6802
:101BC00004F0004414618C88D4614C6804F47024DF
:101BD000D460240C4E6806F4801656614E6806F4F4
:101BE00000169661CE7906F07F061662414E16F811
:101BF00004C04C68E40F5462BCF1000F0ED0013BEE
:101C000001F1070EAEF1060C1EF8014F03F8014F6B
:101C1000ACEB010CD489345D6445F3D8402D0368E6
:101C200059D0412D62D01F2D59D80122AA40C3F8A6
:101C3000982052E0D0F89C3043F00803C0F89C3064
:101C40000120F0BDD0F89C3043F02003C0F89C3058
:101C5000F6E70168D1F8A04014F4FE0FF2D0D1F8F5
:101C6000A44064062DD0D1F8A440E70101D5D1F8F5
:101C7000A040D1F8A410C1F30524416C274604FB11
:101C800001F1446F04EB81018AE70168D1F8B040AB
:101C900014F4FE0FD6D0D1F8B440660611D0D1F8B6
:101CA000B440E40101D5D1F8B040D1F8B410C1F38B
:101CB0000524C16C274604FB01F1846F04EB81010C
:101CC0006EE7D0F89C3043F48073C0F89C30B7E7DF
:101CD00026F060466EE7C3F8A8700020F0BD05F05E
:101CE0001F050122AA40C3F89C20F6E7C3F8B8708C
:101CF000F3E700BF144B0408034600201B685B6C2D
:101D000003F0070CC3F30222C1E900C203F0180C70
:101D1000C3F34012C1E902C2C3F3801CC3F3C01273
:101D2000C1E904C2C3F3C02CC3F30032C1E906C247
:101D3000C3F3403CC3F38032C3F30643C1E908C296
:101D40008B6270474029036804D0D3F8B40000F0D8
:101D50007F007047D3F8A40000F07F00704700BFF9
:101D60000368D3F8C40000F03F007047064BD86802
:101D700010F0010006D00549054A59605A60D8683C
:101D800000F00100704700BF0020005223016745AA
:101D9000AB89EFCD044BDA6842F00102DA60D86813
:101DA000C04300F0010070470020005270B50446A7
:101DB0000D46FEF72FF8174A13695E0704D5611C1C
:101DC00019D113695C07FCD4012D01D0002070BD2E
:101DD000104A114913690B4006D11369DB03F5D58D
:101DE0004FF480335361F1E70C4C2846A169194345
:101DF000A161536170BD0646FEF70CF8801BA0423E
:101E000005D824B1034A13695807F5D4DCE7032049
:101E100070BD00BF002000520000EE17506B012083
:101E200038B51E4B187D012836D001F1784C0120C1
:101E3000BCF5801F187500D338BD154600220C462E
:101E400001464CF250309A61FFF7B0FF134B00BBD4
:101E500013482A46C16841F00201C160BFF36F8F89
:101E6000BFF34F8F05F1200C611B106850500432F6
:101E70006245FAD1BFF36F8FBFF34F8F01214CF250
:101E80005030FFF793FF0649044BCA6822F0020264
:101E9000CA6000221A7538BD022038BD506B01207F
:101EA000002000522DE9F8433B4F3B7D012B70D0C1
:101EB00000230124894605463C75BB614368D90768
:101EC00040D40368012B3BD04FF0FF33C9F80030FA
:101ED000AA68D5F80CC0164602EB0C039A422FD222
:101EE000DFF8BC802D4C06E0D5E9022C01360CEB66
:101EF0000203B34224D96B6801214CF25030DB0756
:101F0000F4D5D8F80C302A6923F4E663C8F80C300D
:101F1000D8F80C3043EA0623134343F08403C8F88F
:101F20000C30FFF743FFD8F80C302340C8F80C30D2
:101F30000028D9D0C9F8006000233B75BDE8F883BC
:101F40000020F9E721464CF25030FFF72FFFF0B99F
:101F50002968A142B8D16A682B69D207F0D5104C24
:101F60004CF25030E26822F03002E260E268134343
:101F7000E360E36843F08803E360FFF717FFE3687B
:101F8000003823F0080318BF0120E360D4E720469F
:101F9000D2E70220BDE8F883506B0120FBF8FFFF79
:101FA000002000522DE9F04F0E46096885B0002947
:101FB00000F0AD8000234FF0010B4FF0B04E0096C3
:101FC0000BFA03FC1CEA010A00F09C80009E5A00F8
:101FD0007468032604F0030506FA02F705F1FF38DA
:101FE000B8F1010F40F29680032D0BD0009ED0F87F
:101FF0000C80B66828EA070806FA02FC4CEA080CCE
:10200000C0F80CC005FA02F2056814F4403F25EA56
:10201000070542EA0502026074D0744D03F003071D
:102020000F26D5F8F420BF0042F0020206FA07FCA2
:102030006F4EC5F8F420D5F8F42023F00305B04224
:1020400005F1B04502F0020205F580650392039A9E
:10205000AA6822EA0C022CD006F58066B04200F095
:10206000A080644EB04200F0A280DFF88CC16045D1
:1020700000F09180DFF884C1604500F0A480DFF8B3
:1020800080C1604500F0A580DFF878C1604500F0B0
:102090009480DFF874C1604500F0A180DFF86CC166
:1020A00060450CBF4FF0090C4FF00A0C0CFA07F713
:1020B0003A43AA60E702DEF8002054BF22EA0A028F
:1020C0004AEA0202A602CEF80020DEF8042054BF3D
:1020D00022EA0A024AEA0202A503CEF80420DEF848
:1020E000842054BF22EA0A024AEA0202E403CEF83C
:1020F0008420DEF8802054BF22EA0A024AEA020263
:10210000CEF88020013331FA03F27FF459AF05B0E5
:10211000BDE8F08F009E022DD0F80890F66829EAFD
:10212000070906FA02F8009E48EA0908B668C0F8EE
:102130000880C4F30018D0F8049008FA03F829EADC
:102140000C0C48EA0C0CC0F804C006FA02FCD0F8EB
:102150000C8028EA07084CEA080CC0F80CC07FF491
:1021600051AF03F0070C009E4FEAD3084FEA8C0CE6
:10217000366900EB880806FA0CF6D8F8209001962C
:102180000F2606FA0CFC019E29EA0C0946EA090C06
:10219000C8F820C036E74FF0030C0CFA07F73A43B3
:1021A00087E74FF0010C0CFA07F73A4381E74FF04D
:1021B000020C0CFA07F73A437BE74FF0060C0CFAD7
:1021C00007F73A4375E74FF0040C0CFA07F73A4368
:1021D0006FE74FF0050C0CFA07F73A4369E74FF049
:1021E000070C0CFA07F73A4363E700BF00440258B4
:1021F0000000025800080258000C02580010025853
:102200000014025800180258001C025800240258FA
:1022100002B909048161704738B5104CE36813F0C6
:10222000040FE36805D103F00703181A18BF012053
:1022300038BD23F007030343E360FDF7EBFD0546DC
:1022400005E0FDF7E7FD401BB0F57A7F04D8636831
:102250009B04F6D5002038BD012038BD0048025847
:10226000024AD36843F08073D36070470048025835
:10227000F0B58DB078B390F8BD340446056803F02E
:10228000FF02002B00F0818028460323261D84F8DE
:10229000BD34EB6B254613F4807308BFE36005F093
:1022A00057F955F8107BEC46AE46BEE80F00ACE897
:1022B0000F00BEE80F00ACE80F009EE803008CE8BA
:1022C0000300384696E80E0005F072F8014630B17A
:1022D000022384F8BD34012528460DB0F0BD0B90D3
:1022E000206805F03DF9D4F804C00B99BCF1000F4B
:1022F0002AD00A460127084602EBC20302F1010E6A
:1023000004EB830383F83C20A3F856205FFA8EF297
:1023100083F83D70624583F84000D864C3E911003A
:10232000EAD3002201EBC103481C04EB830383F8CA
:102330007C12C1B283F87D22614583F88022C3F804
:102340008C22C3E9A122EDD3EC460FCDACE80F00FF
:102350000FCDACE80F0095E803008CE8030096E889
:102360000E00206805F084F905460028B0D101224E
:10237000636A84F83800934284F8BD240BD0206847
:1023800005F01EFD28460DB0F0BD80F8BC24FDF719
:1023900047F8206879E7204600F0D6FDEFE700BF58
:1023A00090F8BC34012B1BD00122036810B580F8D3
:1023B000BC24DA6BD20502D4826A012A0BD004460F
:1023C000184605F0BDF8206805F0EAFC0023184621
:1023D00084F8BC3410BD9A6B42F480329A63EEE705
:1023E000022070472DE9F04F066889B00446304658
:1023F00005F022FD10B109B0BDE8F08F0546206858
:1024000005F0EEFC0028F6D0D6F8083806F5006294
:102410002068C3F30D230392C4F8FC3405F0E0FCFC
:102420008107236803D55A6902F002025A611846EF
:1024300005F0D6FCC206236814D59A6922F0100272
:102440009A61376A07F4F01207F00F08B2F5802F8F
:1024500000F0F482B2F5402F00F03E829A6942F01B
:1024600010029A61184605F0BBFC070300F1598180
:10247000206805F0B5FC10F4802F206840F0F6804D
:1024800005F0AEFC0028C0F2D080206805F0A8FC62
:10249000030500F1BF80206805F0A2FC000114D5FF
:1024A0002268536903F00063536194F8F434002BFD
:1024B00040F0FB810121204684F8F414536DC3F3EE
:1024C0008303C4F8F83400F053FD206805F088FC5D
:1024D00010F4805F206840F09F8105F081FC10F4CB
:1024E000005F206840F0818105F07AFC010700F16F
:1024F0007381206805F074FC02061CD5B36962681C
:1025000023F08003012AB36115D92746012503E092
:1025100001352437AA420ED997F8A332012BF7D1FF
:1025200005EBC501206804EB810101F51F7105F081
:102530003DFB6268ECE7206805F052FCC30235D52C
:102540006268012A14D906F512632746B0460125B0
:1025500026461C4697F864302168012B01D10029DA
:1025600076DB013520342437AA42F3D83446464678
:102570002068436903F48013436105F031FC87024E
:1025800016D4206805F02CFC400000F11C81206866
:1025900005F026FC41077FF52EAF23685D686A07CA
:1025A00000F16B825A682A435A6024E72068E4E706
:1025B0006768012F28D906F532622346012103E01E
:1025C0008F4203F124031FD093F8A4020131156850
:1025D00020320128F4D1002DF2DAD4F8FC0405F4FD
:1025E000803500F001008542EAD1012083F8A30282
:1025F000B06940F08000B06170690506E0D4039ACC
:10260000536843F4007353602068436903F4001374
:102610004361B7E7039B9B68DF0700F133822068C3
:10262000436903F40063436136E7039A536823F078
:102630000103536094F8F434012B00F046812046E6
:10264000FCF77CFF2068436903F0004343611DE70A
:1026500005F00F0187F86330306801EBC10106EB2C
:1026600081013C3105F0A2FA72687AE705F0C4FBFB
:10267000002800F0448106F510628046AB462068D1
:102680003546A1460026174604E001364FEA5808B1
:102690002434203718F0010F07D101364FEA5808CB
:1026A0002434203718F0010FEFD0F1B205F0B4FB5D
:1026B00003465FFA86FAD80716D5012006F00F0107
:1026C000039A00FA01F1526B22EA010203994A636C
:1026D000D9F80C10B860814200F0D88151464846C4
:1026E0000493FCF7EFFE049B190701D50822BA609A
:1026F000DA0601D51022BA60580601D54022BA6028
:10270000990700F158811A0600F10381D9F80000F9
:102710005FEA5803984600F0F880013624342037E9
:10272000C0E7206805F060FB074600283FF4A0AE34
:10273000AA4623460494B146002506F5306403E01A
:1027400001357F0820342433FE0705D401357F0886
:1027500020342433FE07F3D5049AE9B205935FFAD7
:1027600085F8106805F050FB10F0010F0646059B38
:1027700040F02F81300700F14D81F10601D5102284
:10278000A260B2070FD5D9F81420100604D503991A
:102790004A6842F480624A6093F87F22012A00F07E
:1027A000BB810222A260B10601D52022A260B20440
:1027B00002D54FF40052A2607F0800F0A2800135DC
:1027C00020342433C6E72046FCF7C4FE2068436962
:1027D00003F080434361DBE62046FCF77DFE206882
:1027E000436903F00803436184E605F029FB206890
:1027F00005F014F82568206101F020F8227C0146DC
:10280000284604F023FE2046FCF76AFE2068436950
:1028100003F40053436167E6039A1021536823F0E1
:102820000103536004F0D2FE6068D8B106F510636E
:102830004FF67F31996001351A682033854222F4C2
:10284000001243F8202CC3F8E811D3F8E02122F459
:102850000012C3F8E021D3F8E02142F00062C3F88F
:10286000E021E7D10399226BCB6943F00113CB61DF
:10287000FAB9039942F22B034A6913434B610B697E
:1028800043F00B030B61D6F8003804F2C442217BFD
:1028900023F4FE632068C6F8003805F0E1FA2068EA
:1028A000436903F48053436117E62046FCF72EFE8C
:1028B0000BE6039AD2F8843043F00B03C2F884305D
:1028C000536C43F00B035364DDE70021204684F88A
:1028D000F41400F04DFBB5E6082204F2C441304682
:1028E00005F0C6F9C7F30A1208EBC801236804EB28
:1028F0008101D1F890020244C1F89022AEE520682F
:10290000BEE54E465546049CB2E52E464C465D4615
:10291000B6E5D4E91321D9F8000091423FF6F8AEAC
:10292000A2EB010E636C00F5106C07909E450CEB5A
:10293000461C28BF9E46DCF818300EF1030E9BB2F1
:10294000B3EB9E0FC0F0E48006960646CDE9047511
:10295000654617461AE0636C524630469F4228BFD0
:102960001F4699F80C300093BBB2A16C05F06CF9CE
:10297000216DA36CF81C39443B44E76C2165A364CA
:10298000AB699BB2B3EB900FC0F0BC808F42A7EB5A
:102990000107E0D8DDE90475069ED9F80000079B21
:1029A00006F00F0201219140D3F8342822EA0102F7
:1029B000C3F83428ACE631462846049304F006FEFA
:1029C00094F83F20049B012A00F0BF800222BA60E5
:1029D00099E6049901220868A260C96800F530628E
:1029E000D0F840E002EB45120129D2F808C07AD0B5
:1029F00074498E4500F09F802DB9049AD2F88C223C
:102A0000002A00F0CD80414604980593FCF74EFD66
:102A1000059BAFE6049A059311680822A26001F5B0
:102A20003062086C684902EB45128842D2F808C04F
:102A300041D80498FCF734FD059B9EE647F6F072FA
:102A400017423FF40BAD08EBC803C7F30A12304638
:102A500004EB83031746D3F88812049305F008F9B2
:102A6000049BD3F888223A44C3F88822D3F89022F2
:102A70003A44C3F890222368F0E42046FCF76EFD48
:102A800023688FE52046FCF741FDC8E5D4E9110233
:102A90000244A264002E7FF421AED9F84C20002A13
:102AA0007FF41CAE09F2C442D9F80000049305F08B
:102AB000D7F9049B12E61CF4004F37D04FF40041C5
:102AC00004989160FCF7ECFC059B049AD1680129FD
:102AD0007FF453AE0593134602F2C442186805F022
:102AE000BFF9059B49E61CF0080F37D036498E45E3
:102AF0007FF640AE1CF4004F3FF43CAE4FF4004173
:102B0000916037E63A46D9F80000049FDDE90556A2
:102B10008A423FF6FDAD42E700224146049883F821
:102B20007F220593FCF70EFD059B3AE60498FCF71F
:102B3000B7FC059BC9E71CF4004FDFD11CF0200F48
:102B40003FF461AF202191605DE700225146484685
:102B500084F83F20FCF7FAFC049B37E71CF0200FB9
:102B600002D02021916005E617498E4502D91CF458
:102B7000004FC3D11169D3F89C22C1F31201521A3C
:102B8000C3F89022002D7FF43EAF0499D1F88C1247
:102B900079B10498D0F888121144C0F8881232E74D
:102BA00005932946049B03F2C44205F059F9059B9D
:102BB00029E705930121049B03F2C44205F050F973
:102BC000059B20E70A31544F0A30544F90F8BC342B
:102BD000012B1AD0034602680121104600B583B0CC
:102BE00083F8BC140192009305F0EAF8019A009B67
:102BF000D16B11F4807F02D1996A012907D000229C
:102C0000104683F8BC2403B000BD02207047916BCE
:102C100021F4803191630022104683F8BC2403B074
:102C200000BD00BF034690F8BC04012812D04FF04D
:102C3000010C186800B583B083F8381083F8BCC461
:102C4000019305F09BF80022019B104683F8BC24F9
:102C500003B000BD0220704710B501F00F0E090649
:102C600082B00EEBCE0C4FEA8C0C26D40CF51F7103
:102C70004FF00004844401448CF87D428A604A7815
:102C800081F800E00B710AB1A1F81AE0022B01D122
:102C900000234B7190F8BC34012B17D0034601225E
:102CA000006883F8BC24019304F0C4FD0022019B5A
:102CB000104683F8BC2402B010BD0CF13C014FF06B
:102CC0000104844401448CF83D40D7E7022002B05F
:102CD00010BD00BF01F00F02090602EBC2034FEA6C
:102CE00083031DD403F51F714FF0000C034401440E
:102CF00083F87DC20A7090F8BC34012B1DD00346C6
:102D00000122006800B583B083F8BC24019304F06D
:102D1000DBFD0022019B104683F8BC2403B000BDFC
:102D200003F13C014FF0010C0344014483F83DC022
:102D30000A7090F8BC34012BE1D10220704700BF2B
:102D400001F00F0101EBC10C4FEA8C0C10B500EB48
:102D50000C0E1C4600238EF87C120CF51F718EF8A9
:102D60007D32CEF88C420144CEF89032C368CEF862
:102D70008822012B006808BFCEF89822DAB204F04E
:102D800001FE002010BD00BF01F00F0101EBC101E9
:102D900000EB8100D0F89002704700BF01F00F01F6
:102DA00001EBC10C4FEA8C0C38B500EB0C0E012581
:102DB00000248EF83C100CF13C018EF83D5001448B
:102DC000CEE91334C368CEF84820AB42006808BF90
:102DD000CEF85820DAB204F0D5FD002038BD00BF8F
:102DE000436801F00F029A4234D80B0626D401EB57
:102DF000C1014FF0000C8B0003F51F710344014427
:102E000083F87DC24FF0010C0A7081F802C090F87F
:102E1000BC3463452DD00346006800B583B083F809
:102E2000BCC4CDE9003204F049FFDDE900329AB1BB
:102E30000022104683F8BC2403B000BD02EBC2039D
:102E40004FF0010C9B0003F13C010344014483F863
:102E50003DC0D7E70120704703F2C442197B1868D0
:102E600004F0FEFF0022009B104683F8BC2403B050
:102E700000BD0220704700BF436801F00F029A4274
:102E800034D802EBC203090610B54FEA830382B0BF
:102E90001BD403F51F7100240344014483F87D42D1
:102EA00000240A708C7090F8BC34012B1BD00346B0
:102EB0000122006883F8BC24019304F033FF20460C
:102EC000019B83F8BC4402B010BD03F13C01012416
:102ED0000344014483F83D4000240A708C7090F84C
:102EE000BC34012BE3D1022002B010BD0120704799
:102EF00000B5D0F800E0DEF8243029B943EA0243F7
:102F00000020CEF8283000BDDEF82800013903EBA0
:102F1000104C0AD00023184601330EEB80008B4280
:102F2000D0F804010CEB104CF5D140314CEA0242D0
:102F300000200EEB810ECEF8042000BD03460020D9
:102F40001B685962704700BF01464FF0010C00201A
:102F5000064A0B6881F8F404C1F800C5996941F08C
:102F600000619961596D0A435A657047030000106A
:102F7000704700BF344B996AD3F828C01CF47C7F9B
:102F8000CCF3051000B5D3F82CE05A6B36D0C2F361
:102F9000CC020EF0010E01F0030107EE900A0EFBC9
:102FA00002F20129B8EEE77A06EE902AFAEEE96A13
:102FB00002D0022941D011B3DFED247A87EE876A6F
:102FC0001B6BC3F3080307EE903AF7EE005AF8EED6
:102FD000E77A77EEA67A77EEA57A67EE867A1A4BCD
:102FE0001B6BC3F34623013307EE103AF8EEC76AB2
:102FF00087EEA67AFCEEC77A17EE900A00BD1A6833
:1030000092061DD51968F7EE005A114A1B6BC1F3E1
:10301000C101C3F30803CA4007EE903A06EE102A36
:10302000F8EEE77AB8EEC66A77EEA66AC6EE077AD9
:1030300036EEA57A67EE877AD1E7DFED067ABDE74F
:10304000DFED057ABAE700BF004402580024744A55
:103050000090D003001BB74B0024744C002800F0F4
:10306000BD81036870B50446D8072ED593490A6917
:10307000896A02F03802102A00F0F080182A00F065
:10308000E8806368B3F5803F00F00881002B00F012
:103090004681B3F5A02F894B1A6800F0538222F4C1
:1030A00080321A601A6822F480221A60FCF7B2FE9D
:1030B000824D064605E0FCF7ADFE801B642800F259
:1030C0002C812B689A03F6D523689E077ED4D806F8
:1030D00028D57A490A69896A02F03802082A00F07C
:1030E000CD80182A00F0C580E369744D002B00F0F4
:1030F0004E812B6843F080032B60FCF78BFE064665
:1031000005E0FCF787FE801B022800F206812B6891
:10311000DA05F6D5EB68226A23F07C5343EA0263B2
:10312000EB6023681D0716D56369644D002B00F022
:103130000C816B6F43F001036B67FCF76BFE064677
:1031400005E0FCF767FE801B022800F2E6806B6F4B
:103150009807F6D523689A0616D5A369574D002B14
:1031600000F004812B6843F480532B60FCF752FE7F
:10317000064605E0FCF74EFE801B022800F2CD80DB
:103180002B689B04F6D52368590700F18D80636A8C
:10319000D3B14A4D2A6902F03802182A00F085811D
:1031A000022B2B6823F080732B6000F01981FCF751
:1031B00031FE044605E0FCF72DFE001B022800F25C
:1031C000AC802B689B01F6D4002070BD3B4A13698C
:1031D000926A13F0380322D1384BE2681B68580713
:1031E00001D5002A43D0354D2B6823F01903134332
:1031F0002B60FCF70FFE064605E0FCF70BFE801B7C
:10320000022800F28A802B685907F6D56B6822697C
:1032100023F0FE4343EA02636B60236857E7182BF1
:1032200000F0D880254DE2682B68002A00F0C180AC
:1032300023F0190313432B60FCF7ECFD064604E072
:10324000FCF7E8FD801B022867D82B685A07F7D5E2
:10325000DCE701F0030102297FF413AF174A12687B
:1032600091037FF532AF6268002A7FF42EAF012010
:1032700070BD01F0030101297FF436AF0F4A1268D7
:10328000D10502D5E269802AF1D10C49206ACA68C9
:1032900022F07C5242EA0062CA6043E7074A1368A0
:1032A00043F48033136001E7054D2B6843F48073CA
:1032B0002B60FCF7AFFD064609E000BF0044025852
:1032C00000480258FCF7A6FD801B642825D82B680F
:1032D000DA05F7D5A368012B00F05A81002B00F026
:1032E0003981052BA84B1A6F00F0588122F001029A
:1032F0001A671A6F22F004021A67FCF78BFDA24DC1
:10330000064606E0FCF786FD41F28833801B9842B2
:1033100003D82B6F9B07F5D539E7032070BD9A4D75
:103320002B6823F480332B602B6823F480232B60DD
:10333000FCF770FD064604E0FCF76CFD801B64287A
:10334000EBD82B689B03F7D4BEE66B6F23F0010329
:103350006B67FCF75FFD064604E0FCF75BFD801B36
:103360000228DAD86B6F9907F7D4F3E62B6823F4B9
:1033700080532B60FCF74EFD064604E0FCF74AFD47
:10338000801B0228C9D82B689804F7D4FBE62B6869
:1033900023F080032B60FCF73DFD064604E0FCF7BC
:1033A00039FD801B0228B8D82B68DB05F7D42368C9
:1033B000B8E623F001032B60FCF72CFD064604E081
:1033C000FCF728FD801B0228A7D82B685B07F7D4E1
:1033D00023687CE695077FF425AFFDE60120704762
:1033E000FCF718FD064604E0FCF714FD801B0228DC
:1033F00093D82B689901F7D4A96A644BA26A0B4051
:103400001343E26A43EA0213AB62216BD4E90D3243
:103410000139013B013AC1F308015B0212049BB27E
:1034200002F4FE021343E26B013A0B43120602F070
:10343000FE4213432B63EB6A23F00103EB626B6BD9
:10344000A26C6FF3CF0343EAC2036B63EB6A226C97
:1034500023F00C031343EB62EB6A626C23F002036C
:10346000494C1343EB62EB6A43F48033EB62EB6A43
:1034700043F40033EB62EB6A43F48023EB62EB6AC4
:1034800043F00103EB622B6843F080732B60FCF781
:10349000C1FC054605E0FCF7BDFC401B02283FF6D9
:1034A0003CAF23689A01F6D58EE6012BAA6A286BF9
:1034B0003FF4DDAE02F00303A16A8B427FF4D7AE86
:1034C000C2F30512E36A9A427FF4D1AE236BC0F3D4
:1034D0000802013B9A427FF4CAAE636BC0F34622F6
:1034E000013B9A427FF4C3AEA36BC0F30642013B9B
:1034F0009A427FF4BCAEE36BC0F30660013B984296
:103500007FF4B5AE6B6BA26CC3F3CC039A423FF46D
:103510005BAE1D4AD36A23F00103D362FCF77AFC49
:103520000546FCF777FCA842FBD0174AA16C536B09
:103530006FF3CF0343EAC1035363D36A43F001033C
:10354000D36241E642F480221A601A6842F4803263
:103550001A60ABE50C4D2B6F23F001032B672B6F2B
:1035600023F004032B67FCF755FC064607E0FCF745
:1035700051FC41F28833801B98423FF6CEAE2B6F50
:103580009807F4D403E600BF004402580CFCFFFF88
:10359000064A136F43F001031367AEE642F00402DC
:1035A0001A671A6F42F001021A67A6E60044025831
:1035B0000C4A136903F03803102B0DD0182B09D0D7
:1035C00063B913689B060BD513680748C3F3C1039F
:1035D000D8407047FFF7CEBC044870470448704796
:1035E00001487047004402580090D00300366E0135
:1035F00000093D0078B18B4A136803F00F038B423A
:103600000BD2136823F00F030B431360136803F00E
:103610000F038B4201D00120704703682DE9F04170
:103620005F070BD5804C0569A26902F070029542D4
:1036300004D9A26922F070022A43A2611E070BD5A9
:10364000794C4569E26902F07002954204D9E26959
:1036500022F070022A43E261DD060BD5724C8569C7
:10366000E26902F4E062954204D9E26922F4E06280
:103670002A43E2619C060BD56B4CC569226A02F0B5
:103680007002954204D9226A22F070022A43226213
:1036900088469907074603F0010257D5624CC06877
:1036A000A16901F00F01884204D9A16921F00F013D
:1036B0000143A16182B35C4AB968936923F47063E2
:1036C0000B43936179681368022900F0A1800329F4
:1036D00000F09A80012900F0A1805D0733D5524C9B
:1036E00041F28835236923F007030B432361FCF77C
:1036F00091FB064605E0FCF78DFB801BA84200F21B
:103700008B8023697A6803F03803B3EBC20FF2D1E0
:103710003B689C0706D5F86843498A6902F00F02A6
:1037200082426BD83F490A6802F00F02424510D925
:103730000A6822F00F0242EA08020A600A6802F0F0
:103740000F02424505D00120BDE8F081002AB2D128
:10375000E8E758070BD5344938698A6902F07002E6
:10376000904204D28A6922F0700202438A611907EA
:103770000BD52D497869CA6902F07002904204D2D3
:10378000CA6922F070020243CA61DA060BD52649E3
:10379000B869CA6902F4E062904204D2CA6922F4AC
:1037A000E0620243CA619B060BD51F4AF969136A9E
:1037B00003F07003994204D2136A23F070030B43A1
:1037C0001362FFF7F5FE184A03461848916992699B
:1037D000C1F30321164D02F00F02164C415C825CCE
:1037E00001F01F01144802F01F02CB4000682B605B
:1037F000D3402360BDE8F041FCF7A6BA8A6922F005
:103800000F0202438A618DE79B013FF568AF9AE79B
:103810009A033FF564AF96E7032095E7DE053FF591
:103820005EAF90E70020005200440258C04A0408EE
:10383000700000206C000020780000201B4A08B5B2
:10384000136903F03803102B29D0182B09D043BB80
:1038500013689B0627D51268154BC2F3C102D340EB
:1038600002E0FFF787FB03461048DFF854C0826987
:103870008069C2F30322DFF84CE000F00F000D492D
:103880001CF802201CF8000002F01F0200F01F00CC
:10389000D34023FA00F00B60CEF8000008BD064BC1
:1038A000E2E7064BE0E7024BDEE700BF00440258C8
:1038B0000090D0037000002000366E0100093D002A
:1038C000C04A04086C00002008B5FFF7B7FF054B9D
:1038D000054ADB69C3F30213D35C03F01F03D8402E
:1038E00008BD00BF00440258C04A040808B5FFF7ED
:1038F000A5FF054B054ADB69C3F30223D35C03F044
:103900001F03D84008BD00BF00440258C04A040845
:10391000F8B5364C06460F46236823F080632360D3
:10392000FCF778FA054604E0FCF774FA401B02281D
:1039300056D823681A01F7D4A36A326823F47C337B
:1039400043EA0233A362D6E90232013B013A5B0249
:1039500012049BB202F4FE0213437268013AC2F3EE
:10396000080213433269013A120602F0FE42134381
:10397000A363E36A726923F0C0031343E362E36A5B
:10398000B26923F020031343E362E36A23F01003D8
:10399000E362E36BF2696FF3CF0343EAC203E363CD
:1039A000E36A43F01003E362E36ADFB1012F0CBF67
:1039B00043F4801343F40013E3620C4C236843F098
:1039C00080632360FCF726FA054604E0FCF722FA40
:1039D000401B022804D823681B01F7D50020F8BD3E
:1039E0000320F8BD43F40023E362E6E700440258F5
:1039F000F8B5364C06460F46236823F08053236003
:103A0000FCF708FA054604E0FCF704FA401B02281C
:103A100056D823689A00F7D4A36A326823F07C73DF
:103A200043EA0253A362D6E90232013B013A5B0248
:103A300012049BB202F4FE0213437268013AC2F30D
:103A4000080213433269013A120602F0FE421343A0
:103A50002364E36A726923F440631343E362E36A15
:103A6000B26923F400731343E362E36A23F48073BF
:103A7000E362636CF2696FF3CF0343EAC2036364EA
:103A8000E36A43F48073E362E36ADFB1012F0CBFA2
:103A900043F4000343F08073E3620C4C236843F06B
:103AA00080532360FCF7B6F9054604E0FCF7B2F951
:103AB000401B022804D823689B00F7D50020F8BDDE
:103AC0000320F8BD43F48003E362E6E700440258B4
:103AD0002DE9F843D0E900320446180140F1318164
:103AE000616EB1F5001F00F0758500F26586002952
:103AF00000F0C785B1F5801F40F062869949896A58
:103B000001F00301032900F05B86022104F10800A3
:103B1000FFF7FEFED4E90032002840F0C086616E57
:103B2000904D0026286D20F4401001432965D905E9
:103B300000F10C8135465F0528D5D4F8A410B1F505
:103B4000800F00F0658500F22986002900F08E853F
:103B5000B1F5001F40F02C868249896A01F003010B
:103B6000032900F02586002104F10800FFF7D0FEAC
:103B70000546D4E90032002D40F05C85794FD4F839
:103B8000A400B96D21F460010143B965180528D579
:103B9000D4F8A810B1F1007F00F0F28400F213868F
:103BA000002900F05385B1F1807F40F016866D4901
:103BB000896A01F00301032900F00F86002104F156
:103BC0000800FFF7A5FE0546D4E90032002D40F0BD
:103BD000E984644FD4F8A800B96D21F0E061014395
:103BE000B965990118D5E16C202900F0778400F2BD
:103BF000048639B1102940F003865A48C16A41F45D
:103C00000031C162002D40F0C283564FE06CF96C68
:103C100021F030010143F964DF0426D5E16DB1F5EF
:103C2000005F00F0988400F2DC85002900F0158523
:103C3000B1F5805F40F0DD854A49896A01F00301F2
:103C4000032900F0D685002104F10800FFF760FE8B
:103C50000546D4E90032002D40F08F84414FE06DDD
:103C6000396D21F4E04101433965980424D5216E72
:103C7000B1F5003F00F0E68300F2668591B1B1F541
:103C8000803F40F06B853749896A01F003010329C1
:103C900000F06485012104F10800FFF739FE0546B4
:103CA000D4E90032002D40F0CB842E4F206E396DC8
:103CB00021F4E02101433965590426D5D4F8AC102C
:103CC000B1F1005F00F0D18300F25A8591B1B1F1FA
:103CD000805F40F05F852349896A01F00301032971
:103CE00000F05885012104F10800FFF711FE054698
:103CF000D4E90032002D40F0A6841A4FD4F8AC006D
:103D0000B96D21F0E0410143B9651F040DD5E16EA5
:103D1000B1F1805F00F02282B1F1005F00F07A859E
:103D2000002900F0208201263546D8012BD5A16C50
:103D3000032900F29785DFE811F01C001700AB03A0
:103D40001C0003F00066D9057FF5F4AEA16D0429CF
:103D500000F28585DFE811F0EE024C042904F3023D
:103D6000F30200BF004402583C48C16A41F40031EC
:103D7000C162002D40F00983384FA06CF96C21F02E
:103D800003010143F964590200F13982D9072FD5A3
:103D9000A16F28292AD8DFE811F0030229002900A1
:103DA00029002900290029002900F40129002900FF
:103DB00029002900290029002900A9042900290037
:103DC00029002900290029002900030229002900CF
:103DD00029002900290029002900030229002900BF
:103DE000290029002900290029000302012635465F
:103DF0009F0724D5616F052900F22D85DFE811F0BA
:103E00001500060061041500150015001349896AA4
:103E100001F00301032900F01E85012104F10800CF
:103E2000FFF776FD0546D4E90032002D40F03084DE
:103E30000A4F606F796D21F00701014379655807DA
:103E400028D5D4F89010052900F20185DFE811F09B
:103E50001700080026041700170017000044025836
:103E6000AA49896A01F00301032900F0F0840121C5
:103E700004F10800FFF74CFD0546D4E90032002D9F
:103E800040F00984A14FD4F89000B96D21F00701EA
:103E90000143B965990626D5D4F88C10B1F1005FBD
:103EA00000F0AA8200F2428491B1B1F1805F40F04B
:103EB00047849649896A01F00301032900F0408490
:103EC000002104F10800FFF723FD0546D4E9003284
:103ED000002D40F0D2838D4FD4F88C00796D21F005
:103EE000E041014379655F0626D5D4F89810B1F515
:103EF000006F00F0948200F2358491B1B1F5806FCB
:103F000040F03A848149896A01F00301032900F0F5
:103F10003384002104F10800FFF7FAFC0546D4E9D8
:103F20000032002D40F01583784FD4F89800B96D19
:103F300021F4E0510143B965180626D5D4F89C1048
:103F4000B1F5804F00F0B78200F2E38391B1B1F593
:103F5000005F40F0E8836D49896A01F0030103299D
:103F600000F0E183002104F10800FFF7D1FC0546D1
:103F7000D4E90032002D40F07783644FD4F89C00E0
:103F8000B96D21F460410143B96519070BD5D4F827
:103F90008000B0F5805F00F0C8825C4F796D21F43D
:103FA000405101437965DF060BD5D4F89400B0F594
:103FB000807F00F0A682554FB96D21F44071014316
:103FC000B965180324D5D4F8A010B1F5803F00F0EE
:103FD000E981B1F5003F10D0002940F0CF804B4877
:103FE000806A00F00300032800F0C88004F1080094
:103FF000FFF78EFC0546D4E90032002D40F03F83E8
:10400000424FD4F8A000B96D21F440310143B965A5
:1040100059030FD5D4F88410B1F5001F00F0D581F5
:10402000B1F5401F00F0CC80B1F5801F00F0C380D7
:1040300001263546DF031ED5216D002900F08C8155
:10404000B1F5803F74D13149896A01F00301032938
:104050006ED0022104F10800FFF75AFC0546D4E9AE
:104060000032002D40F08081284F206DF96C21F442
:1040700080310143F96498005ED499030DD5E16F56
:10408000B1F5807F00F0728140F2858121F480706B
:10409000B0F5007F00F06F810126DF0206D51B48D6
:1040A000256F016D21F00041294301659D0206D570
:1040B0001648A56E016D21F08071294301655800F5
:1040C00009D51249086920F4004008610869D4F84C
:1040D000B45028430861002B06DA0C48656DC16CAA
:1040E00021F040512943C164190207D50749D4F88A
:1040F00088004B6D23F4400303434B65D30700F165
:10410000E280970700F1F28002E000BF004402580D
:10411000550700F1FE80100700F1C480D10600F1C0
:10412000B08093065BD4301E18BF0120BDE8F88331
:10413000012698003546A0D5AD49896A01F00301F2
:10414000032900F07A83022104F12800FFF750FCD4
:104150000028D4E9003218BF01268EE7A448C16ABE
:1041600041F40031C162002D40F00D81A04FE06E9E
:10417000396D21F0405101433965D6E501263546B8
:1041800046E79B49896A01F0030103293FF42EAEFB
:10419000012104F10800FFF7BBFB0546D4E900321A
:1041A000002D40F04A82924FA06F796D21F03801C6
:1041B000014379651CE68E48C16A41F40031C16251
:1041C000002D40F0E6808A4FD4F88400796D21F408
:1041D0004011014379652DE7012692060CD5844BE9
:1041E0009B6A03F00303032B06D0022104F128008D
:1041F000FFF7FEFB002896D00120BDE8F8837D4F35
:104200003B6843F480733B60FBF704FE804606E0A6
:10421000FBF700FEA0EB0800642800F2F5823B6883
:10422000DB05F5D5002D40F0F082714AD4F8B030AE
:10423000116F594011F4407F0BD0116F106F21F4B2
:10424000407140F480301067106F20F480301067A8
:104250001167B3F5807F00F00F8303F44072B2F56D
:10426000407F00F01F8362490A6922F47C520A6190
:104270005F48C3F30B01076F3943D4E9003201678C
:1042800084E55B4B9B6A03F00303032BA4D001215D
:1042900004F12800FFF7ACFB626800283FF441AF4F
:1042A00003269AE7524B9B6A03F00303032B00F0AB
:1042B000CA82002104F12800FFF79AFB00286268F7
:1042C00018BF03262AE74A4B9B6A03F00303032B1C
:1042D00000F0B782002104F10800FFF719FB6268C3
:1042E000002818BF032697077FF512AF404B9B6A43
:1042F00003F00303032B00F0A882012104F108005E
:10430000FFF706FB6268002818BF032655077FF5F4
:1043100002AF374B9B6A03F00303032B00F08F823D
:10432000022104F10800FFF7F3FA0028626818BFC1
:104330000326F0E62E48C16A41F40031C1623546D9
:10434000002D40F044812A4FA06D396D21F0070106
:1043500001433965FFF7EFBB2548C16A41F40031DD
:10436000C162002D3FF480AE2E4684E6204FF86AED
:1043700040F40030F8629DB91D4D686D20F4407026
:104380000143696589E62E46CFE42E46FBE42E46BE
:1043900042E42E464EE600297FF47EAE002DEBD09F
:1043A0002E467AE61249896A01F0030103293FF497
:1043B000E5AE022104F12800FFF71AFB0546D4E917
:1043C0000032002D3FF41CAE59E10949896A01F021
:1043D000030103293FF42CAE012104F12800FFF76B
:1043E00007FB0546D4E90032002D3FF4ECAED0E7E0
:1043F0000044025800480258BB49896A01F0030191
:10440000032900F09D81022104F12800FFF7F0FA52
:104410000546D4E90032002D3FF45DAD2DE1B249EF
:10442000896A01F00301032900F0A681022104F149
:104430002800FFF7DDFA0546D4E90032002D3FF4ED
:1044400073AD86E0A849896A01F00301032900F0F1
:104450008581012104F12800FFF7CAFA0546D4E955
:104460000032002D3FF421ACEAE09F49896A01F057
:104470000301032900F08E81012104F12800FFF7D8
:10448000B7FA0546D4E90032002D3FF436ACDAE045
:104490009549896A01F00301032900F0E3810221B3
:1044A00004F10800FFF734FA0546D4E90032002D84
:1044B0003FF462AC69E78C49896A01F00301032982
:1044C00000F03181022104F12800FFF791FA05463E
:1044D000D4E90032002D3FF450ADC5E08249896A2D
:1044E00001F00301032900F08B81022104F108008F
:1044F000FFF70EFA0546D4E90032002D3FF485ABF4
:1045000045E77949896A01F00301032900F0B18187
:10451000022104F12800FFF76BFA00282368D4F881
:10452000940018BF0126626845E56F49896A01F069
:104530000301032900F09A81022104F12800FFF70A
:1045400057FA00282368D4F8800018BF0126626853
:1045500023E52E46F0E46449896A01F0030103294A
:1045600000F04781002104F12800FFF741FA0546D9
:10457000D4E90032002D3FF471AB2E46FFF775BB36
:104580005949896A01F00301032900F026810021BD
:1045900004F12800FFF72CFA0546D4E90032002D7B
:1045A0003FF417AB2E46FFF71CBB4F49896A01F059
:1045B0000301032900F05381002104F12800FFF7D3
:1045C00017FA0546D4E90032002D3FF4BCAE2E4662
:1045D000FFF7B1BA4449896A01F00301032900F0E9
:1045E000EF80022104F12800FFF702FAFFF792BAE8
:1045F0003D49896A01F00301032900F0308100215F
:1046000004F10800FFF784F90546D4E9003297E683
:104610003549896A01F00301032900F0C9800021AE
:1046200004F12800FFF7E4F90546D4E90032002D33
:104630003FF4A4AA2E46FFF7A9BA2E46FFF7D8BB2F
:104640002E46FFF739BB2E46FFF75FBB2648C16AEF
:1046500041F40031C162FFF7B9BA2348C16A41F49D
:104660000031C162FFF7F7BA2E468EE41E48C16AD8
:1046700041F40031C162FFF77EBA2E4633E42E4684
:10468000C6E4194DE86A40F40030E862FFF748BA22
:104690002E46FFF7D4BB2E46FFF7FCBB1249896AB2
:1046A00001F00301032900F0D280012104F1280068
:1046B000FFF79EF90546D4E90032002D3FF4E2AB46
:1046C000E9E70949896A01F00301032900F0C38081
:1046D000012104F12800FFF78BF90546D4E90032E7
:1046E000002D3FF4A5ABD3E7004402587549896A11
:1046F00001F0030103293FF479AB012104F1280003
:10470000FFF776F90546D4E90032002D3FF44BADB2
:1047100093E721F40050B0F5004F3FF42BACB1F516
:10472000C04F3FF427AC012635462EE421F08050DF
:10473000B0F1804F3FF4CCABB1F1405F3FF4C8AB78
:1047400001263546FFF7CFBB21F48030B0F5802F2E
:104750003FF4A8AAB1F5403F3FF4A4AA012635468C
:10476000FFF7AABA21F48060B0F5805F3FF4D9ABBF
:10477000B1F5406F3FF4D5AB01263546FFF7DCBB02
:1047800021F08050B0F1804F3FF4B4AAB1F1405F06
:104790003FF4B0AA01263546FFF7B7BA21F400105E
:1047A000B0F5000F3FF4E7A9B1F5C00F3FF4E3A95E
:1047B00001263546FFF7EAB9B1F5401F3FF4B0A92D
:1047C0000126FFF7C0BA21F08070B0F1806F3FF48E
:1047D000FDA9B1F1407F3FF4F9A901263546FFF765
:1047E00000BAB1F5405F3FF436AAB1F5804F3FF40F
:1047F00032AA01263546FFF738BA30293FF402AA1B
:1048000001263546FFF708BA03252E46D4E90032C3
:10481000FFF7BCBA2B49896A01F0030103293FF471
:1048200082AA012104F10800FFF772F80546D4E9D5
:104830000032002D3FF49AACA5E501261DE40126C7
:1048400069E401265DE4012668E4012660E40126AE
:104850003546FFF71FBB01263546FFF7F0BA0126A4
:10486000FFF768B901263546FFF78DBA0126FFF735
:1048700094BB0126FFF79FBBFBF7CCFA114F814693
:1048800041F2883805E0FBF7C5FAA0EB0900404586
:1048900012D83B6F9807F6D5D4F8B030DDE4032684
:1048A000FFF751BA0748084A016902EA131221F4D6
:1048B0007C510A430261DBE40326D4E90032354629
:1048C000FFF764BA00440258CFFFFF0008B5FEF7B7
:1048D000B5FF054B054A1B6AC3F30213D35C03F013
:1048E0001F03D84008BD00BF00440258C04A040856
:1048F000484A10B5D2F828C0D2F828E0D46A1EF48D
:104900007C3FCEF30533D16B5AD0C1F3CC01C4F355
:10491000001E07EE903A0CF003030EFB01F1012B91
:10492000B8EEE77A06EE901AFAEEE96A03D0022BA7
:1049300069D0002B48D0DFED387A87EE876A936B19
:10494000C3F3080307EE903AF7EE005AF8EEE77A61
:1049500077EEA67A77EEA57A67EE867A2D4AB7EEDD
:10496000006A936BC3F3462307EE103AB8EEC77A9A
:1049700037EE067AC7EE876AFCEEE66AC0ED006A9B
:10498000936BC3F3064307EE103AB8EEC77A37EEDF
:10499000067AC7EE876AFCEEE66AC0ED016A936BA1
:1049A000C3F3066306EE903AF8EEE66A76EE866AA0
:1049B00087EEA67AFCEEC77A17EE903A836010BDB8
:1049C000C0E90033836010BD13689B061ED5D2F882
:1049D00000C0F7EE005A936B1049CCF3C102C3F349
:1049E0000803D14007EE903A06EE101AF8EEE77A87
:1049F000B8EEC66A77EEA66AC6EE077A36EEA57AF4
:104A000067EE877AAAE7DFED067A96E7DFED057AAB
:104A100093E700BF004402580024744A0090D0037A
:104A2000001BB74B0024744C484A10B5D2F828C07C
:104A3000D2F828E0D46A1EF07C7FCEF30553516C87
:104A40005AD0C1F3CC01C4F3002E07EE903A0CF01B
:104A500003030EFB01F1012BB8EEE77A06EE901A84
:104A6000FAEEE96A03D0022B69D0002B48D0DFEDC3
:104A7000387A87EE876A136CC3F3080307EE903A1F
:104A8000F7EE005AF8EEE77A77EEA67A77EEA57A97
:104A900067EE867A2D4AB7EE006A136CC3F346239D
:104AA00007EE103AB8EEC77A37EE067AC7EE876A95
:104AB000FCEEE66AC0ED006A136CC3F3064307EE32
:104AC000103AB8EEC77A37EE067AC7EE876AFCEE80
:104AD000E66AC0ED016A136CC3F3066306EE903A12
:104AE000F8EEE66A76EE866A87EEA67AFCEEC77A7C
:104AF00017EE903A836010BDC0E90033836010BDAB
:104B000013689B061ED5D2F800C0F7EE005A136C4E
:104B10001049CCF3C102C3F30803D14007EE903A29
:104B200006EE101AF8EEE77AB8EEC66A77EEA66AD5
:104B3000C6EE077A36EEA57A67EE877AAAE7DFED4A
:104B4000067A96E7DFED057A93E700BF0044025846
:104B50000024744A0090D003001BB74B0024744C0F
:104B6000484A10B5D2F828C0D2F828E0D46A1EF41A
:104B70007C7FCEF30513516B5AD0C1F3CC0104F006
:104B8000010E07EE903A0CF003030EFB01F1012B2E
:104B9000B8EEE77A06EE901AFAEEE96A4CD0022BEC
:104BA0006CD0002B4BD0DFED387A87EE876A136B21
:104BB000C3F3080307EE903AF7EE005AF8EEE77AEF
:104BC00077EEA67A77EEA57A67EE867A2D4AB7EE6B
:104BD000006A136BC3F3462307EE103AB8EEC77AA8
:104BE00037EE067AC7EE876AFCEEE66AC0ED006A29
:104BF000136BC3F3064307EE103AB8EEC77A37EEED
:104C0000067AC7EE876AFCEEE66AC0ED016A136BAE
:104C1000C3F3066306EE903AF8EEE66A76EE866A2D
:104C200087EEA67AFCEEC77A17EE903A836010BD45
:104C3000C0E90033836010BDDFED147AB5E7136877
:104C40009B06B0D5D2F800C0F7EE005A136B10499E
:104C5000CCF3C102C3F30803D14007EE903A06EE4D
:104C6000101AF8EEE77AB8EEC66A77EEA66AC6EED4
:104C7000077A36EEA57A67EE877AA7E7DFED057A41
:104C800093E700BF004402580024744C0024744A87
:104C90000090D003001BB74BA0F580730B4300B509
:104CA00085B047D0A0F580630B4332D0A0F50063F8
:104CB0000B4367D0A0F580530B4346D0A0F50053BB
:104CC0000B4300F0B380A0F500230B4300F00381F9
:104CD000A0F580330B4300F00D81A0F580430B431A
:104CE00000F0D580A0F50040084320D1934B1B6D08
:104CF00003F04053B3F1805F52D0B3F1005F00F096
:104D00003B81A3B98D4B186810F4003046D08C4815
:104D100044E08A4A936D03F46003B3F5800F7BD0BF
:104D200074D9B3F5C00F38D0B3F5000F57D00020B9
:104D300005B000BD814B1B6D03F00703042BF6D8B3
:104D4000DFE803F02E42382B4C007C4A136D03F44D
:104D5000E043B3F5005F5FD058D9B3F5405F1CD096
:104D6000B3F5804FE3D1D36C126803F04053520780
:104D70003DD5002B3BD1714B72481B68C3F3C10377
:104D8000D8400BE06D4A936D03F0E063B3F1007F10
:104D900042D03BD9B3F1407F5FD16B4805B000BD35
:104DA000664B186810F00070F8D001A8FFF7D8FE25
:104DB0000298F3E7614B186810F00050EED001A89C
:104DC000FFF732FE0198E9E75C4B186810F00060CD
:104DD000E4D001A8FFF78CFD0198DFE7574AD36CB8
:104DE000116803F04053490701D5002B3DD0534AC9
:104DF0001268D00502D5B3F1805F6AD04F4A1268BD
:104E0000910394D5B3F1005F91D180E74BB1106865
:104E100010F00060C2D0DCE7106810F00050BDD088
:104E2000CDE7106810F00070B8D0BEE7434A136DAC
:104E300003F4E023B3F5403F13D01CD8B3F5803F13
:104E400000F08880B3F5003F6DD0002B7FF46FAF8A
:104E500005B05DF804EBFEF737BDB3F1806FBED04F
:104E600065E7106810F0040098D013683548C3F364
:104E7000C103D84092E7B3F5802F25D0B3F5A02F1A
:104E80007FF455AF106810F4003087D03FE72B4A0D
:104E9000936D03F0E043B3F1405F74D064D8B3F195
:104EA000805F69D0B3F1005F73D0002B7FF43FAF18
:104EB000FEF7C4FC214B254A1B6AC3F30213D35CE3
:104EC00003F01F03D84069E7106810F480703FF4C6
:104ED00065AF1F4862E7194A936D03F44033B3F599
:104EE000803F16D0B3F5003F3FF43DAF002B7FF479
:104EF0001EAF8CE7114BDA6CD2037FF552AF186806
:104F000010F000603FF44AAF01A8FFF7F1FC0398EE
:104F100044E7106810F000503FF440AF01A8FFF7DD
:104F200083FD03983AE7106810F000503FF436AF65
:104F300001A8FFF779FD029830E700BF004402584E
:104F400000366E010090D0030080BB00C04A040808
:104F500000093D00106810F000603FF41FAF01A889
:104F6000FFF7C6FC029819E7B3F1804F18D0B3F1F0
:104F7000A04F3FF4C7AEDAE60D4B186810F00060A2
:104F80003FF40CAFEBE7106810F004003FF406AFFD
:104F9000F1E6074B186810F000503FF4FFAEC7E78A
:104FA000034B186810F480703FF4F8AE91E700BF2F
:104FB0000044025803682E495A69D3F818C04CF0CF
:104FC000080CC3F818C0D3F818C04CF0100CC3F884
:104FD00018C0D3F800C02CF0010CC3F800C0D3F8FF
:104FE00010C00CEA01011961996821F440419960EF
:104FF00090F88110042901D091062ED490F88110E8
:10500000032901D051061DD4910509D5D0F884108B
:1050100041F00101C0F88410996941F4007199616F
:10502000D20509D5D0F8842042F00802C0F88420C7
:105030009A6942F480729A610023A0F86230A0F865
:105040006A307047D0F8841041F00401C0F8841031
:10505000996941F040019961D6E7D0F8841041F098
:105060008001C0F88410996941F020019961C5E779
:1050700090FCFFFF002800F0C68001680346674AE5
:105080004FF0000CC06891422DE9F04182B0C3F8A6
:1050900028C072D0A2F5784291426ED002F58062AB
:1050A000914274D00F287CD8C208DC6B01324FEAE1
:1050B000541C0CFB0222082A73D893F8812002F0BA
:1050C000FF0C002A00F093804FF000080222D3F872
:1050D00004C0D3F838E083F881200CF480060A6815
:1050E00022F001020A608A6802F4F8179A69B2F1A4
:1050F000806F67D00EB1062872D80C6824F48074D3
:105100000C6042EA0C025C6B42EA0E0222435C6ACB
:1051100022431C6922435C6922431C6A2243DC69E6
:105120002043DC6C2243DC6B204340EA0800384318
:10513000886098680243986C0243986D0243CA6085
:10514000BCF1000F31D18A6822F4C05242F40062EF
:105150008A608A6822F4C06242F480628A600A6DC2
:1051600022F001020A65002201211046C3F88420C2
:1051700083F8811002B0BDE8F081294A274C9142A2
:1051800018BFA14203D002F58062914295D100F18F
:105190000802DC6BD2084FEA541C0CFB0222102AD6
:1051A0008BD9012002B0BDE8F0810A6D22F0010226
:1051B0000A65002ED7D0CA68586D22F0004202431B
:1051C000CA60D0E7BCF5800F1FD0BCF1000F91D1B1
:1051D000BEF1805F91D10C6844F480540C608CE780
:1051E0000C681D6D24F480742C430C6089E718460C
:1051F00083F880C00193F6F7A7FB019B9A6A1968B0
:105200009046D86862E701207047BEF1000F7FF436
:1052100072AF0C6844F480540C606CE700300140BD
:10522000003800402DE9F041174690F8802082B008
:10523000012A00F083801D460368044601919846C8
:10524000012380F88030FAF7E5FD94F881300646B6
:105250000199012BD8B26ED1002900F0D180B7FAA4
:1052600087F35B09002F00F0CB8003226366A4F86C
:10527000683084F88120C4F88430A4F86270A4F8FF
:105280006A30E1652168A4F860700846C4E91C33FF
:10529000A368B3F5C02F00F0F480CB6823F4C023DB
:1052A00043F40033CB604B686FF30F033B434B6019
:1052B0000B6843F001030B606368B3F5800F03D103
:1052C0000B6843F400730B606F1CE36818BF012781
:1052D0000F2B71D8072BB4F862309BB24FD9D3B9DA
:1052E00039E0B4F86220E36D92B21846012A40F228
:1052F0009F80E26B002A00F09B8053F8042B0A6227
:10530000E365B4F86230023BA4F86230B4F862306E
:1053100008469BB2FBB14B6913F00203E1D1019344
:10532000FAF778FD801B019BA84202D3002F40F0C2
:10533000AD802168EAE7002384F88030022002B0C3
:10534000BDE8F081FAF766FD801B854202D8002F88
:1053500040F09080206843691B07F3D52046FFF793
:1053600029FE0122002384F88120D4F8840084F8E7
:105370008030C01A18BF012002B0BDE8F081002BB8
:10538000E9D04B6913F002036AD0B4F86230E26DE1
:105390009BB2032B3AD9E36B402B37D952F8043B2D
:1053A0000B62B4F86230E265043BA4F86230B4F8F2
:1053B000623008469BB2E2E7B4F862309BB283B930
:1053C000C9E7E26D52F8043B0B62B4F86230E26563
:1053D000013BA4F86230B4F8623008469BB2002B5F
:1053E000B9D04B6913F00203EBD10193FAF712FD28
:1053F000801B019BA84201D3002F47D12168EAE717
:10540000002384F8803002B0BDE8F081B4F8623047
:105410009BB2012B17D9E36BABB132F8023BA8F872
:105420002030B4F86230E265023BA4F86230BEE797
:1054300030F8023BA8F82030B4F86230E065013B58
:10544000A4F8623062E7137881F82030E36D2168B8
:105450000133E365B4F86230013BA4F86230A6E79B
:105460000193FAF7D7FC801B019BA84200D36FB9C8
:1054700021689CE7D4F8843043F02003C4F88430DA
:105480006CE70B6843F400630B600CE72046019364
:10549000FFF790FDD4F88420019B012142F4807233
:1054A000032084F88030C4F8842084F8811046E713
:1054B0002DE9F0471D4690F88030089E012B00F042
:1054C0009B80012304469146884680F8803003681B
:1054D0009A46FAF79FFC94F881300746012BD8B220
:1054E00040F08780B9F1000F18BFB8F1000F7BD0F2
:1054F000B5FA85F35B09002D76D022680521C4F842
:10550000649084F88110C4F88430A4F86A50A4F838
:105510006250C4F85C80A4F86850A4F86050C4E9F4
:105520001C33D36823F4C023D36053686FF30F0395
:105530002B435360136843F0010313606368B3F5B2
:10554000800F00F0EC8016F10108E36818BF4FF0FF
:1055500001080F2B53D9A94600E0226845EA090348
:105560009BB2002B00F08E80536999070DD565B171
:10557000E36D53F8041B1162E365B4F86230013B3C
:10558000A4F86230B4F86250ADB2536948F2080131
:105590000B4210D0B9F1000F0DD0116BB4F86A2096
:1055A000636E013A43F8041BA4F86A20B4F86A90C9
:1055B00063661FFA89F9FAF72DFCC01BB042CCD301
:1055C000B8F1000FC9D02046FFF7F4FCD4F88430BE
:1055D0000021012243F48073032084F88010C4F872
:1055E000843084F8812002E0002384F88030BDE814
:1055F000F087002384F880300220BDE8F087072B75
:10560000A94630D852E053699B070ED56DB1E36DC2
:1056100033F8021BAAF82010E365B4F86230013BAE
:10562000A4F86230B4F86250ADB25369D80711D50E
:10563000B9F1000F0ED0BAF83020636E23F8022BB8
:105640006366B4F86A30013BA4F86A30B4F86A3093
:105650001FFA83F9FAF7DEFBC01BB04202D3B8F1A0
:10566000000FB0D1226845EA09039BB2002BCAD1D2
:1056700008E0FAF7CFFBC01B864202D8B8F1000F52
:1056800052D1226853691B07F3D52046FFF792FCDD
:105690000122002384F88120D4F8840084F880302B
:1056A000C01A18BF0120BDE8F087226845EA090347
:1056B0009BB2002BE6D051691346890710D57DB106
:1056C000E36D1B7882F82030B4F86230013BA4F817
:1056D0006230E36DB4F862500133ADB2E365236824
:1056E0005A69D20712D5B9F1000F0FD093F83020C4
:1056F000636E1A70B4F86A30013BA4F86A30636EC6
:10570000B4F86A9001331FFA89F96366FAF782FBED
:10571000C01BB042C9D3B8F1000FC6D053E713681D
:1057200043F4007313600EE7D4F8843043F0200391
:10573000C4F88430A9E700BF036A1E4A23F00103BE
:1057400030B50362036AD0F804C0D0F818E023F043
:1057500002030C680EEA0202DFF85CE022437045A7
:105760008C6843EA04030FD00EF5806E70450BD0B1
:105770000EF5705E704507D00EF5806E704503D053
:105780000EF5806E70450DD1CC6823F008032CF423
:10579000407E2343D1E9054523F0040344EA050C88
:1057A0004CEA0E0C4968C0F804C082614163036290
:1057B00030BD00BF8CFFFEFF00000140036A1E4A9F
:1057C00023F4807330B50362036AD0F804C0D0F8C4
:1057D0001CE023F400730C680EEA0202DFF860E0BC
:1057E000224370458C6843EA04230FD00EF5806E87
:1057F00070450BD00EF5804E104C704518BFA0427E
:105800000BD00EF5806E70450FD106E023F40063D7
:10581000CC6843EA042323F480632CF4405ED1E98E
:10582000054544EA050C4EEA0C1C4968C0F804C062
:10583000C261C163036230BD8CFFFEFF00400140C6
:1058400000000140036A8C461A4A23F4805310B5C5
:105850000362036A4168D0F81CE023F40053DCF8CB
:1058600000400EEA0202DFF854E042EA04227045EA
:10587000DCF8084043EA04330ED00EF5806E704524
:105880000AD00EF5804E0C4C704518BFA04203D0D4
:105890000EF5806E704505D121F48041DCF814408E
:1058A00041EA8411DCF804C04160C261C0F840C024
:1058B000036210BDFF8CFFFE00400140000001406C
:1058C000036A8C461A4A23F4803310B50362036AD4
:1058D0004168D0F854E023F40033DCF800400EEACD
:1058E0000202DFF854E022437045DCF8084043EA46
:1058F00004430ED00EF5806E70450AD00EF5804E32
:105900000C4C704518BFA04203D00EF5806E704558
:1059100005D121F48031DCF8144041EA0421DCF89F
:1059200004C041604265C0F858C0036210BD00BFAA
:105930008FFFFEFF0040014000000140036A8C46DB
:105940001A4A23F4801310B50362036A4168D0F841
:1059500054E023F40013DCF800400EEA0202DFF802
:1059600054E042EA04227045DCF8084043EA04535C
:105970000ED00EF5806E70450AD00EF5804E0C4CA0
:10598000704518BFA04203D00EF5806E704505D15A
:1059900021F48021DCF8144041EA8421DCF804C0C1
:1059A00041604265C0F85CC0036210BDFF8FFFFE1E
:1059B000004001400000014010290AD8DFE801F052
:1059C00019090909540909096C0909095C09090936
:1059D000640090F84330012B6FD10B1F0C2B63D860
:1059E000DFE803F0466262625E6262624E62626299
:1059F000560090F83E30012B5FD1022380F83E30F4
:105A0000036801F01F010122DFF808C1186A8A400B
:105A1000634520EA02001862196A42EA01021A622A
:105A200046D0364A934243D002F5705293423FD05B
:105A300002F58062934242D002F5806293423ED0EA
:105A4000B3F1804F02D02E4A93423DD199682D4A3E
:105A50000A40062A06D0B2F5803F03D01A6842F009
:105A600001021A600020704790F83F30012B24D1CA
:105A7000022380F83F30C3E790F84130012B1CD15E
:105A8000022380F84130BBE790F84230012B14D15B
:105A9000022380F84230B3E790F84030012B0CD15C
:105AA000022380F84030ABE7022380F84330A7E7B9
:105AB0005A6C42F400425A64C8E7012070475A6C9D
:105AC00042F400425A64C9E702F50062DFF848C0B8
:105AD0000D48634518BF93420C490CBF01220022B8
:105AE000834208BF42F001028B4208BF42F001022C
:105AF000002AABD1064A9342B0D1A7E70004014087
:105B000000040040070001000018004000E00040D1
:105B100000E400400000014000080040704700BF62
:105B2000FFF74ABF70B5394AB0F1804F384CA0EB4F
:105B300002024D69A0EB040C0368B2FA82F28C6891
:105B4000BCFA8CFCD1F800E04FEA52124FEA5C1C20
:105B500028D03ABB2F4EB0423CD006F58066B0420A
:105B600038D006F58066B0421CD0BCF1000F19D1C8
:105B7000294A904232D002F5806290422ED0A2F59E
:105B8000C842264E904218BFB04227D002F580622C
:105B9000904223D023F080032B430360C462C0F8FB
:105BA00028E014E04E6823F070033343CE6823F4FA
:105BB0004073334323F080032B430360C462C0F877
:105BC00028E012B9BCF1000F13D00B690363012365
:105BD000436170BD23F070034A681343CA6823F41D
:105BE0004073134323F080032B430360C462C0F867
:105BF00028E0094A0A4B984218BF9042E5D003F5C5
:105C000080639842E1D00123436170BD00000140F0
:105C100000040140000400400040014000480140F1
:105C20000044014070B310B590F83D30044603F0D5
:105C3000FF0213B32146022384F83D3051F8040BD0
:105C4000FFF770FF0123002084F8483084F83E30CD
:105C500084F83F3084F8403084F8413084F8423092
:105C600084F8433084F8443084F8453084F8463072
:105C700084F8473084F83D3010BD80F83C20FFF7B1
:105C80004DFFD7E701207047036A1F4A23F0100336
:105C900030B50362036AD0F804C0D0F818E023F0EE
:105CA00020030C680EEA0202DFF864E042EA0422F4
:105CB00070458C6843EA04130FD00EF5806E704572
:105CC0000BD00EF5804E114C704518BFA0420BD082
:105CD0000EF5806E70450FD106E023F08003CC688E
:105CE00043EA041323F040032CF4406ED1E9054548
:105CF00044EA050C4EEA8C0C4968C0F804C0826185
:105D00008163036230BD00BFFF8CFFFE0040014095
:105D10000000014090F83C30012B00F098800346D1
:105D200000B583B0142A0CD8DFE802F02B0B0B0B64
:105D30003F0B0B0B540B0B0B680B0B0B7D0B0B0B67
:105D400011000120002283F83C2003B000BD186838
:105D500001910093FFF7F2FD426D019942F4006258
:105D6000009B09694265426D22F480624265426D82
:105D700042EA012242650020002283F83C2003B061
:105D800000BD186801910093FFF7D6FC8269019964
:105D900042F00802009B09698261826922F00402D4
:105DA000826182690A438261E5E718680191009384
:105DB000FFF76AFF8269019942F40062009B09695A
:105DC0008261826922F480628261826942EA0122F0
:105DD0008261D0E7186801910093FFF7EFFCC26978
:105DE000019942F00802009B0969C261C26922F070
:105DF0000402C261C2690A43C261BCE7186801912A
:105E00000093FFF71FFDC269019942F40062009BF5
:105E10000969C261C26922F48062C261C26942EA50
:105E20000122C261A7E7186801910093FFF748FDBE
:105E3000426D019942F00802009B09694265426D7A
:105E400022F004024265426D0A43426593E7022054
:105E5000704700BF90F83C30012B58D003680246D1
:105E6000022010B5DFF8B8E082F83D0073455868AD
:105E7000D3F808C041D00EF5806E73453DD020F0B8
:105E8000700E2448244C834218BFB3F1804F0CBFDE
:105E900001200020A34208BF40F0010004F5806407
:105EA000A34208BF40F0010004F54064A34208BFCC
:105EB00040F0010004F59434A34208BF40F0010013
:105EC0000C684EEA040EC3F804E0DFF858E07345AE
:105ED00008BF40F0010010B91048834205D189681D
:105EE0002CF0800C4CEA0101996000230121184636
:105EF00082F83D1082F83C3010BD4C6820F47000F0
:105F000020430C6820F0700020435860E7E702202F
:105F1000704700BF000400400008004000E400405B
:105F20000000014000E000408446026800B552E8ED
:105F3000003F23F4907342E800310029F7D115485F
:105F400002F1080353E8003F034002F1080E4EE857
:105F500000310029F4D1DCF86C30012B08D000238B
:105F60002022CCF87430CCF88C20CCF86C3000BDFA
:105F700052E8003F23F0100342E800310029EED040
:105F800052E8003F23F0100342E800310029EFD12E
:105F9000E5E700BFFEFFFFEF10B50368044653E8D6
:105FA000002F22F4907243E800210029F7D12B48FA
:105FB00003F1080252E8002F024003F1080C4CE8FC
:105FC00000210029F4D1E26E012A29D099681A46ED
:105FD00049060FD400230F214FF0200CA4F85E30A7
:105FE00018461162916941F008019161C4F88CC0B2
:105FF000E36610BD03F1080252E8002F22F04002D0
:1060000003F1080040E800210029F3D1D4F8800012
:10601000B8B100230365FBF727F8A0B92268D9E7D8
:1060200053E8002F22F0100243E800210029CDD0D0
:1060300053E8002F22F0100243E800210029EFD19D
:10604000C4E71A46C6E7D4F88000FBF777FA2028A1
:10605000E4D110230320C4F8903010BDFEFFFFEF01
:10606000704700BF08B5806B0023A0F85E30A0F831
:106070005630F5F73DFC08BD704700BF0368024687
:10608000D96930B540F60F04D3F800E083B0D3F8F7
:1060900008C021422DD18C0606D50EF020040CF04C
:1060A00080552C4340F04081D06E012800F0A48040
:1060B000C80200F194800D0607D50CF4000C0EF018
:1060C000800050EA0C0040F037814C0603D51EF0EA
:1060D000400F40F0ED80080203D51EF0804F40F0E5
:1060E0004A81CB0103D5BEF1000FC0F24A8103B053
:1060F00030BDAA481CEA000040F0EB80A84C1EEA24
:10610000040FD1D0CD0700F1E68001F008045CB1A6
:106110000EF02004044307D008201862D2F8900043
:1061200040F00800C2F8900008050BD51EF0806F03
:1061300008D04FF400601862D2F8900040F02000C0
:10614000C2F89000D2F890000028D0D0890607D578
:106150000EF0200E0CF0805C5EEA0C0E40F0F28037
:10616000D2F89000996800F02800009201F04001F8
:1061700051EA0004104600F00A810193FFF7D4FEB3
:10618000019B009A996811F0400F00F0EC8003F138
:10619000080151E8001F21F04001083343E80010D6
:1061A00060B1136803F1080151E8001F21F04001BC
:1061B00003F1080444E800100028F3D1D2F880006D
:1061C000002800F0D080774B00920365FBF702F9BE
:1061D00000288CD0009AD2F88000036DA8E01CF44F
:1061E000800F3FF468AF4FF480111046196203B07E
:1061F000BDE8304001F028B8CD067FF559AF1EF05C
:10620000100F3FF455AF1021196299684C0640F108
:10621000CB80D2F880000468616889B200293FF41D
:1062200066AFB2F85C408C427FF661AFA2F85E10B8
:10623000C169B1F5807F31D053E8001F21F480712E
:1062400043E80014002CF7D103F1080151E8001FC6
:1062500021F0010103F1080545E80014002CF3D1F9
:1062600003F1080151E8001F21F0400103F1080586
:1062700045E80014002CF3D12021C2F88C10D4661C
:1062800053E8001F21F0100143E80014002CF7D15F
:106290000092FAF7E9FE009AB2F85C400223104639
:1062A0001367B2F85E30E11A89B2FFF7E5FE1EE728
:1062B00053E8001F21F0400143E800100028F7D107
:1062C000034620211046C2F888109367FFF7C8FEE6
:1062D0000DE7CC070AD51EF4807F07D001241C628D
:1062E000D2F8904044F00104C2F890408D0701F0CC
:1062F000080431D51CF0010F3FF409AF02201862E9
:10630000D2F8900040F00400C2F8900048072ED563
:1063100004201862D2F8900040F00200C2F8900009
:10632000002C7FF4F9AEFFE6436F002B3FF4DFAEA5
:1063300003B0BDE830401847936F002B3FF4D7AE51
:106340001046F5E7516F00293FF40AAF104600925E
:106350008847009A136803E74D077FF5D8AE1CF015
:10636000010FD5D1D3E61046F5F7C2FABFE6002CEF
:106370003FF4DAAED0E6104603B0BDE8304000F09E
:1063800067BF104603B0BDE8304000F05FBFF5F7CF
:10639000AFFA009AC2F89040A9E600BF01000010D1
:1063A0002001000465600108B2F85E40B2F85C109C
:1063B000B2F85E00091B80B21FFA81FCBCF1000F2D
:1063C0003FF495AE00283FF492AE53E8000F20F45E
:1063D000907043E80004002CF7D1104903F1080045
:1063E00050E8000F084003F1080545E80004002CC0
:1063F000F4D120205467C2F88C00D46653E8000F13
:1064000020F0100043E80004002CF7D1022361467D
:1064100010461367FFF730FE69E600BFFEFFFFEF8F
:10642000D0F88C20222A08B5036804D09A6942F07B
:1064300008029A6108BD5B6AB0F86010826D0B407B
:106440001370B0F85E10836D01395A1CA0F85E100D
:10645000B0F85E3082659BB2002BEBD1036853E845
:10646000002F22F4907243E800210029F7D103F1B4
:10647000080252E8002F22F0010203F1080C4CE858
:1064800000210029F3D11B4A4FF0200C41679342B1
:10649000C0F88CC0016702D05A68110216D4C26ECF
:1064A000012A24D10022C26653E8002F22F01002F4
:1064B00043E800210029F7D1DA69D20601D510227C
:1064C0001A62B0F85C10FFF7D7FD08BD53E8002F43
:1064D00022F0806243E800210029E0D053E8002F39
:1064E00022F0806243E800210029EFD1D7E7F5F7D9
:1064F000B5F908BD000C0058D0F88C20222A08B548
:10650000036804D09A6942F008029A6108BD5A6A89
:10651000B0F860C0816D02EA0C0221F8022BB0F8DD
:106520005E208165013AA0F85E20B0F85E2092B24C
:10653000002AEBD153E8002F22F4907243E80021A7
:106540000029F7D103F1080252E8002F22F00102DE
:1065500003F1080C4CE800210029F3D11B4A4FF04D
:10656000200C41679342C0F88CC0016702D05A6882
:10657000110216D4C26E012A24D10022C26653E849
:10658000002F22F0100243E800210029F7D1DA6938
:10659000D20601D510221A62B0F85C10FFF76CFD2C
:1065A00008BD53E8002F22F0806243E80021002953
:1065B000E0D053E8002F22F0806243E80021002958
:1065C000EFD1D7E7F5F74AF908BD00BF000C005836
:1065D00002682DE9F8430446D06913689668D4F838
:1065E0008C10222906D01346926942F008029A6163
:1065F000BDE8F8839946B4F868301BB9B4F85E304A
:10660000BDE8F883810670D5B4F86070634D03E08F
:1066100018F0200F69D02268526AA36D3A401A70B0
:10662000B4F85E1023680139A26DA4F85E1001323F
:10663000D3F81C80A26518F0070F29D018F0010FBD
:106640000AD019F4807F07D001221A62D4F8902072
:1066500042F00102C4F8902018F0020F79D0F2073E
:1066600012D5022218F0040F1A62D4F8902042F0DA
:106670000402C4F8902007D004221A62D4F89030A3
:1066800043F00203C4F89030D4F89030002B69D165
:10669000B4F85E309BB2002BBAD1236853E8002FC8
:1066A00022F4807243E800210029F7D103F10802A7
:1066B00052E8002F2A4003F1080040E80021002999
:1066C000F4D120226167C4F88C20354A21679342B7
:1066D00002D05A6811022BD4E26E012A49D020461A
:1066E000F5F7BCF818F0200F95D1B4F85E309BB2E6
:1066F000002B3FF47DAFB4F868209A427FF678AF64
:10670000236803F1080252E8002F22F0805203F1BF
:10671000080040E800210029F3D1224A626753E8CB
:10672000002F42F0200243E800210029F7D15FE763
:1067300053E8002F22F0806243E800210029CBD0EB
:1067400053E8002F22F0806243E800210029EFD1B6
:10675000C2E718F0040F97D0F0078DD4D4F890302A
:10676000002B95D02046F5F7C3F80023C4F89030ED
:106770008EE70022E26653E8002F22F0100243E881
:1067800000210029F7D1DA69D20601D510221A6258
:10679000B4F85C102046FFF76FFC39E7FEFFFFEF0F
:1067A000000C0058216401082DE9F8430368D969F9
:1067B0001A689D689146D0F88C20222A05D09A69E3
:1067C00042F008029A61BDE8F883B0F8682080467C
:1067D0001AB9B0F85E30BDE8F8838C066ED5B0F813
:1067E0006070644C03E0B30668D5D8F800305A6A8C
:1067F000D8F858103A4021F8022BB8F85E20C8F8B3
:106800005810013AA8F85E20DE69700726D0F1071B
:106810000AD519F4807F07D001221A62D8F8902097
:1068200042F00102C8F89020B2077DD5E80711D5E3
:10683000022271071A62D8F8902042F00402C8F8C8
:10684000902007D504221A62D8F8903043F0020352
:10685000C8F89030D8F89030002B6DD1B8F85E3081
:106860009BB2002BBFD1D8F8003053E8002F22F4A0
:10687000807243E800210029F7D103F1080252E8B1
:10688000002F224003F1080040E800210029F4D144
:106890002022C8F87410C8F88C20374AC8F8701045
:1068A000934202D05A6811022DD4D8F86C20012AE4
:1068B00049D04046F4F7D2FFB30696D4B8F85E301C
:1068C0009BB2002B3FF47FAFB8F868209A427FF666
:1068D0007AAFD8F8003003F1080252E8002F22F016
:1068E000805203F1080040E800210029F3D1234A37
:1068F000C8F8742053E8002F42F0200243E800213A
:106900000029F7D15FE753E8002F22F0806243E8C7
:1069100000210029C9D053E8002F22F0806243E80B
:1069200000210029EFD1C0E7720793D5E80789D489
:10693000D8F89030002B91D04046F4F7D9FF0023CF
:10694000C8F890308AE70022C8F86C2053E8002F7E
:1069500022F0100243E800210029F7D1DA69D206BB
:1069600001D510221A62B8F85C104046FFF784FB8C
:1069700039E700BFFEFFFFEF000C0058F964010883
:106980000169826803680A43D3F800C030B5044641
:10699000C06987B061690A43A64902430CEA010154
:1069A000D4F824C00A43E1681A605A6822F44052BD
:1069B0000A43A1695A60A04A934200F02481226AE6
:1069C000D3F808E011439D4A0EEA02021143996090
:1069D000DA6A22F00F0242EA0C02DA62984A934223
:1069E0002ED0984A934220D0974A93421DD0974A7E
:1069F00093421AD0964A934217D0964A93421FD098
:106A0000954A934211D0954A93420ED0944A9342AC
:106A100016D0944A934213D0012000234FF0011264
:106A20006367A266A36707B030BD8F4B5B6D03F051
:106A30000703052BF0D8DFE803F09E5F6A91728BA5
:106A4000894B5B6D03F03803282BE5D801A252F87F
:106A500023F000BFD36B0108196A0108196A010805
:106A6000196A0108196A0108196A0108196A0108F6
:106A7000196A0108F96A0108196A0108196A010806
:106A8000196A0108196A0108196A0108196A0108D6
:106A9000196A01080F6B0108196A0108196A0108CF
:106AA000196A0108196A0108196A0108196A0108B6
:106AB000196A01085D6B0108196A0108196A010861
:106AC000196A0108196A0108196A0108196A010896
:106AD000196A01081F6B0108196A0108196A01087F
:106AE000196A0108196A0108196A0108196A010876
:106AF000196A0108516B0108B0F5004F41D0684692
:106B0000FDF7F6FE019808B3D4F824C00BE0B0F509
:106B1000004F6ED003A8FDF787FF0498F3E7B0F5A8
:106B2000004F524835D0524A636832F81C104FF675
:106B3000EF72B0FBF1F000EB5300B0FBF3F0A0F10B
:106B4000100393423FF668AF2368D860002064E7E3
:106B5000B0F5004F1DD04FF40040E4E7B0F5004F12
:106B60003DD0414B1A6892062ED51B684148C3F3AD
:106B7000C103D840D7E7B0F5004F27D0FCF7A4FEFB
:106B8000C1E76846FDF7B4FE01980028DED0D4F8CE
:106B900024C0374B626833F81C105308B0FBF1F087
:106BA00003EB40034FF6EF71B3FBF2F3A3F11002D6
:106BB0008A423FF631AF23F00F02C3F3420321684C
:106BC00013439BB2CB60C1E72A48ACE7FCF77CFEDD
:106BD000DBE7B0F5004F11D0FCF788FE93E7224BBE
:106BE0001A6891060DD51B682248C3F3C103D8402B
:106BF000CFE703A8FDF718FF0498C6E7FCF776FE79
:106C0000C3E71C48C5E798680C4A02400A43164986
:106C10009A60DA6A22F00F0242EA0C02DA628B6DA5
:106C200003F00703052B3FF6F7AEDFE803F05E59EC
:106C30004F256461F369FFCF000C0058FFF4FF118A
:106C4000001001400044004000480040004C00405B
:106C5000005000400014014000780040007C0040DB
:106C600000180140001C01400044025800093D008A
:106C7000244B04080090D003234B1A6890063CD4A0
:106C80002248234B656833F81C2005EB4501B0FB17
:106C9000F2F399423FF6C0AEB3EB053F3FF6BCAE10
:106CA00000231946E9F738FD4FF4807C03460021A4
:106CB00068082A46E3FB0C010023E9F72DFD154B7C
:106CC000A0F540729A423FF6A7AE3DE703A8FDF754
:106CD000ABFE049800283FF439AFD4F824C0D0E7C5
:106CE0006846FDF705FE0198F4E7FDF7EFFDF1E7D3
:106CF0004FF40040C5E70848C3E71B680348C3F3E7
:106D0000C103D840BDE700BF004402580090D00343
:106D1000244B0408FFFC0F0000093D00836ADA07DA
:106D200010B406D50168C46A4A6822F400322243CE
:106D30004A609C0706D50168046B4A6822F48032D9
:106D400022434A60590706D50168446B4A6822F419
:106D5000802222434A601A0706D50168846B4A687C
:106D600022F4004222434A60DC0606D50168C46B67
:106D70008A6822F4805222438A60990606D5016807
:106D8000046C8A6822F4005222438A605A060BD5AA
:106D90000168D0F844C04A68BCF5801F22F4801214
:106DA00042EA0C024A600AD01B0606D50268C16C92
:106DB000536823F400230B43536010BC70474A68A8
:106DC000846C22F4C00222434A60EDE72DE9F041D1
:106DD0000446006882B0D0F81CC0089D31EA0C0C53
:106DE0000CBF4FF0010C4FF0000C944509D16E1C04
:106DF0000BD1C36931EA03030CBF01230023934283
:106E0000F7D0002002B0BDE8F0811E4690460F4644
:106E1000F9F700F8801BA84224D8B5FA85F2520988
:106E200005B323681968490706D5D96911F0080127
:106E30001AD1DA69120508D4DB6937EA03030CBFFB
:106E4000012300234345E3D0DBE74FF400622046F3
:106E500001911A62FFF768F820230199C4F8903075
:106E600084F884100320CDE70825204601921D6296
:106E7000FFF75AF8019A0120C4F8905084F8842052
:106E8000C0E700BF2DE9F0411746D0F8882084B054
:106E9000202A42D10D4600293BD0B7FA87F2520989
:106EA000002F36D01E4621230446C0F89020C0F89B
:106EB00088300392F8F7AEFFA3688046039AB3F5D3
:106EC000805FA4F85470A4F8567031D01746B4F817
:106ED00056309BB263B931E015F8012B9A62B4F8D1
:106EE0005620013AA4F85620B4F8562092B22AB39C
:106EF00043460022802120460096FFF767FF80B9B5
:106F00002368002DE8D137F8022BC2F308029A62F9
:106F1000E5E7012004B0BDE8F081022004B0BDE83F
:106F2000F08120230320C4F8883004B0BDE8F0814C
:106F30002369002BCAD12F461D46C8E743460022CD
:106F4000402120460096FFF741FF0028E9D1202389
:106F5000C4F8883004B0BDE8F08100BF002210B54D
:106F6000044684B0C0F89020F8F754FF2168034627
:106F70000868000710D40A6852071DD40023202295
:106F80001846C4F88820C4F88C20E36623670023E1
:106F900084F8843004B010BD6FF07E41002220469A
:106FA000039300914FF40011FFF710FF039B40BBC8
:106FB00021680A685207E1D56FF07E4000224FF445
:106FC000800100902046FFF701FF0028D6D02368FB
:106FD00053E8002F22F4907243E800210029F7D1F2
:106FE00003F1080252E8002F22F0010203F1080029
:106FF00040E800210029F3D12023C4F88C3003207D
:10700000C5E7236853E8002F22F0800243E80021FF
:107010000029F7D12023C4F88830F0E780B3D0F8F6
:10702000883010B5044633B3226824232046C4F8C0
:107030008830136823F001031360FFF7A1FC0128D7
:1070400017D0A36A8BB9236820465A6822F490426D
:107050005A609A6822F02A029A601A6842F0010285
:10706000BDE810401A60FFF779BF2046FFF756FED3
:10707000E9E7012010BD80F88430F4F7E1F9D3E7A7
:1070800001207047944682680023B2F5805F00B506
:107090008165A0F85CC0A0F85EC043674FD082BB9A
:1070A000036993420CBFFF237F2300212222A0F813
:1070B0006030C0F890100168C0F88C2001F108031E
:1070C00053E8003F43F0010301F1080E4EE800329F
:1070D000002AF3D1436ED0F808E0B3F1005F0269F3
:1070E00034D0BEF5805F15D02D4B4367B2B151E867
:1070F000003F43F4907341E80032002AF7D10020AA
:1071000000BDB2F1805FD0D10369002B0CBF7F239B
:107110003F23CAE7002A38D1224B436751E8003F9A
:1071200043F0200341E80032002AE8D051E8003F54
:1071300043F0200341E80032002AEFD1DFE7026983
:1071400040F2FF13002A18BFFF23AEE7B0F8683003
:107150006345C6D8BEF5805F1AD0134B43673AB17A
:1071600051E8003F43F4807341E80032002AF7D130
:1071700001F1080353E8003F43F0805301F1080098
:1071800040E80032002AF3D1B9E7054B4367AEE788
:1071900012B9064B4367EBE7034B4367E0E700BFD9
:1071A00021640108F9640108D1650108A967010893
:1071B000D0F88C30202B1ED1D9B1B2FA82F35B0902
:1071C000BAB1D0F800C0C3660D4B9C4515D0DCF8B1
:1071D00004301B0211D500B55CE8003F43F080632A
:1071E0004CE8003EBEF1000FF6D15DF804EBFFF76E
:1071F00049BF0120704702207047FFF743BF00BF1F
:10720000000C005803680E4A99689B68C1F34261FC
:107210004FEA537C535C12F80C201B01120100B59D
:10722000DFF820E01EF80CC01EF80110B2FBFCF2E3
:10723000B3FBF1F3A0F86A20A0F8683000BD00BFEE
:10724000444B04083C4B0408704700BF704700BF24
:10725000704700BF90F88420012A19D002680346C5
:107260002420002100B5C3F888004FF0200E1068DC
:10727000D2F800C020F000502CF0010CC2F800C081
:10728000596610600846C3F888E083F8841000BD92
:107290000220704790F88420012A2BD002684FF01A
:1072A000240C034610B582B0C0F888C01468D2F828
:1072B00000C02CF0010CC2F800C0D2F808C02CF0BD
:1072C000604C4CEA01019160416E79B1CDE900203A
:1072D000FFF798FFDDE90023002120201460C3F8A8
:1072E0008800084683F8841002B010BD4FF00111E9
:1072F0008166F1E70220704790F88420012A2BD0A4
:1073000002684FF0240C034610B582B0C0F888C064
:107310001468D2F800C02CF0010CC2F800C0D2F8FA
:1073200008C02CF0606C4CEA01019160416E79B1AB
:10733000CDE90020FFF766FFDDE9002300212020D2
:107340001460C3F88800084683F8841002B010BDAA
:107350004FF001118166F1E70220704782B00023EF
:10736000124A019302E00369002B08DB019B013301
:107370000193019B9342F6D9032002B0704700238A
:107380000A4A0193036943F00103036103E00369BF
:1073900013F0010306D0019B01330193019B93423B
:1073A000F5D9E9E7184602B0704700BF400D030069
:1073B00084B010B50DF10C0C04468CE80E00089B4F
:1073C000012B29D1826BA3F142130F9922F4803251
:1073D00001298263C26803EA0203C360C36823F41D
:1073E0004013C3602AD02046FFF7B8FF059B012B4E
:1073F0000ED1E26D144B92B2E265E26D1343E36588
:10740000A36843F00603A360A36843F02003A360CE
:10741000BDE8104004B07047C36843F04003C36048
:10742000FFF79CFF0C9B23B9A36B43F48033A3634A
:10743000DCE7A36B23F48033A363D7E7C36843F48B
:107440008013C360CFE700BF0000EE03022A0346AB
:107450000AD04FF41051DA68002022F47052DA603A
:10746000DA680A43DA607047234A24488A1882425D
:107470002CD9234A23488A1882422AD9224A2348EF
:107480008A18824228D9224A22488A18824226D360
:10749000214A22488A18824224D9214A21488A183E
:1074A000824222D3204A21488A188242D1D3204ADC
:1074B00020488A1882421BD31F4A20488A188242D9
:1074C0002CBF4FF4C0514FF4E051C4E74FF470515A
:1074D000C1E74FF46051BEE74FF45051BBE74FF4A2
:1074E0004051B8E74FF43051B5E74FF42051B2E7BF
:1074F0004FF40051AFE700BF405327FFFF340C00AB
:10750000401E1BFF3F420F0000DC0BFF7F4F1200AD
:10751000808CF9FE20D6130060B6E5FE5FE316000E
:1075200000D3CEFE40771B00C05BB3FEC0912100AC
:1075300000CA91FE20753800E05459FEE09C4100DD
:10754000034600209A6842F001029A60704700BF2B
:10755000034600209A6822F001029A60704700BF3B
:1075600038B5C3680129054623F0C043C36017D06E
:10757000A1B9C3680C4643F08043C36001E0322CDC
:107580000CD001200134F8F74BFC6B69DB07F6D413
:10759000A4F13200B0FA80F0400938BD012038BDB6
:1075A000C368002443F00053C36001E0322CF5D0DF
:1075B00001200134F8F734FC6B69DA07F6D5A4F141
:1075C0003200B0FA80F04009E7E700BF82B0002344
:1075D000124A019302E00369002B08DB019B01338F
:1075E0000193019B9342F6D9032002B070478901B1
:1075F00000230A4A41F020010193016103E003697D
:1076000013F0200306D0019B01330193019B9342A9
:10761000F5D9E9E7184602B0704700BF400D0300F6
:1076200082B00023114A019302E00369002B08DBBA
:10763000019B01330193019B9342F6D9032002B0D1
:10764000704700211023094A0191036103E0036997
:1076500013F0100306D0019B01330193019B934269
:10766000F5D9EBE7184602B0704700BF400D0300A4
:1076700084B02DE9F04107AD0446119E85E80E0067
:1076800000230D4619461A46013304EB82020F2BE4
:10769000C2F80411F7D104F50067002E40F0A6806F
:1076A0007B6843F002037B60A36B23F40013A363A6
:1076B000236843F040032360236843F08003236082
:1076C0000023C4F8003ED4F80038C4F800380C9BFE
:1076D000012B00F09080D4F8003843F00303C4F885
:1076E000003810212046FFF771FF80462046FFF743
:1076F00097FF48EA000E00225FFA8EFE3A61BEF163
:10770000000E7A61FA6118BF4FF0010E002D3ED0D5
:10771000D4F8001904F5106300295CDB002119601E
:1077200001324FF0000C4FF67F309542C3F810C085
:1077300098600CD053F8201F0029EFDA01324FF087
:10774000904195421960C3F810C09860F2D1D4F806
:10775000002B04F53063002A42DB0022002119606F
:1077600001324FF0000C4FF67F309542C3F810C045
:1077700098600CD053F8201F0029EFDA01324FF047
:10778000904195421960C3F810C09860F2D13B69EE
:10779000002223F480733B616FF08043A261636138
:1077A000099B1BB9A36943F01003A361A269194B9C
:1077B00013430D9AA3611AB1A36943F00803A361AF
:1077C000012E03D1A269144B1343A3617046BDE897
:1077D000F04104B070474FF00061C4F800199FE712
:1077E0004FF00062C4F8002B0022B9E7A36B43F40A
:1077F0000013A36364E70A9B23B9D4F80038C4F8E4
:1078000000386EE7D4F8003843F00103C4F80038BC
:1078100067E700BF00383C8004000040D0F808381B
:107820009A0705D413F0060F0CBF00200F207047F5
:107830000220704700B50A78012300F5006C02F0C1
:107840000F0E00EB421003FA0EF391F801E0BEF1C7
:10785000010F19D0DCF81C2042EA0343CCF81C309D
:10786000D0F8003B1B040DD48B68D0F800CBC3F3D9
:107870000A030979134A43EA0C0343EA81431A4392
:10788000C0F8002B002000BDDCF81CE04EEA03032A
:10789000CCF81C30D0F800391B04F3D48B68D0F836
:1078A00000E9C3F30A0391F804C0064943EA0E0352
:1078B00043EA8C4343EA82531943C0F8001900207D
:1078C00000BD00BF008000100A78497800EB421329
:1078D00001292AD0D3F8001B002919DB4FF480318D
:1078E00002F00F02D0F83CC801FA02F223492CEA58
:1078F000020CC0F83CC8D0F81CC82CEA0202C0F840
:107900001C280020D3F8002B1140C3F8001B70473F
:10791000D3F8001B41F00061C3F8001BD3F8001B33
:1079200041F08041C3F8001BD8E7D3F800190029C3
:107930000BDAD3F8001941F00061C3F80019D3F84D
:10794000001941F08041C3F8001902F00F01012233
:10795000D0F83CC88A400A492CEA020CC0F83CC85E
:10796000D0F81CC82CEA0202C0F81C280020D3F86A
:1079700000291140C3F80019704700BF0078F3EFE9
:10798000007833ECF0B54C780D78012CD1F810C0AC
:1079900000EB451391F804E056D0D3F8104B67463E
:1079A0008E686FF31204C3F8104BD3F8104B6FF3CB
:1079B000DC44C3F8104B03F5306435BB07B10E61EE
:1079C0000E622569C6F3120C012A4CEA05052561F1
:1079D000256945F40025256131D0BEF1010F0CD198
:1079E000D0F8082812F4807FD3F8002B0CBF42F0A7
:1079F000005242F08052C3F8002BD3F8002B42F023
:107A00000442C3F8002B0020F0BD002FD9D0BD19CF
:107A1000012A05F1FF35B5FBF6F5ADB205FB06F61B
:107A20000E62C6F3120C604E06EAC545266945EAA9
:107A30000605256125694CEA05052561CDD1CA6891
:107A4000002ACAD06261C8E703F510663469BCF148
:107A5000000F36D16FF3DC44012A3461346944F4F9
:107A60000024346134696FF31204346175D0D3F8A3
:107A70000069BEF1010F644646F00446C3F8006990
:107A8000C1D1D0F8086816F4807FD3F800690CBF24
:107A900046F0005646F08056C3F80069002AB2D17D
:107AA000A4B20334A408AED0CB6800EB053503EBD9
:107AB000840105F5805553F8042B8B422A60FAD1D6
:107AC000A1E76FF31204346134696FF3DC4434616D
:107AD0008C6825BB64454ED3346944F4002434617A
:107AE0003469CCF3120CBEF1010F4CEA040434618A
:107AF00021D0012A53D0D3F800290C6942F0044266
:107B0000C3F80029002C3FF47EAF05F00F050123D8
:107B1000D0F83428AB401343C0F8343873E704EB93
:107B20000C07013FB7FBF4F41F4F07EAC444376961
:107B30003C433461D4E73469012A24F0C044346101
:107B4000346944F00054346118D0D3F8004944F04B
:107B50000444C3F800490C6993E7CA6902B1726131
:107B6000BEF1010F0DD0D3F80029002042F00442ED
:107B7000C3F80029F0BDA4460C61ADE7CA6902B1A3
:107B80007261D0F8082812F4807FD3F800290CBF66
:107B900042F0005242F08052C3F80029E3E7CA697C
:107BA000002AE0D07261DEE70000F81F4A7882B058
:107BB0004FF0000C0B78012A4FEA4313CDF804C0B4
:107BC00023D000F53060C158C218002902DB002024
:107BD00002B0704750F803C042F210714CF0006CD4
:107BE00040F803C050F803C04CF0804C40F803C08C
:107BF00002E01368002BEADA019B01330193019B39
:107C00008B42F6D9012002B0704700F51060C158D0
:107C1000C2186145DBDA50F803C042F210714CF033
:107C2000006C40F803C050F803C04CF0804C40F8A2
:107C300003C002E01368002BC9DA019B01330193F2
:107C4000019B8B42F6D9DDE79DF800C0BCF1000F27
:107C50000CD103339B0809D0013201EB830300EB05
:107C6000023051F8042B8B420260FAD10020704799
:107C700070B55FEA920E064602F003051BD000F5D0
:107C800080548C4600231846013322689E454CF8E8
:107C9000042BF8D1043101EB80005DB106F580566C
:107CA00005440022316821FA02F3083200F8013B52
:107CB000A842F8D170BD0846EFE700BF4A780B78BC
:107CC000012A00EB43100CD0D0F8002B002A00DB77
:107CD000A3B9D0F8003B43F40013C0F8003B0020E8
:107CE0007047D0F80029002A00DB73B9D0F80039BA
:107CF00043F40013C0F8003900207047D0F8003B6F
:107D000023F08043C0F8003BE3E7D0F8003923F0CC
:107D10008043C0F80039D0F8003943F40013C0F8AC
:107D20000039E9E70B794A7891F800C0023B012A53
:107D300000EB4C10DBB211D0D0F8002B012B22F459
:107D40000012C0F8002B01D900207047D0F8003B8A
:107D500043F08053C0F8003B00207047D0F8002962
:107D6000012B22F40012C0F80029EDD8D0F8003918
:107D700043F08053C0F800390020704703460901E2
:107D80000020D3F8002801F4FE6122F4FE62C3F85B
:107D90000028D3F800281143C3F80018704700BF2B
:107DA00003460020D3F8002E194622F00302C3F840
:107DB000002ED3F8043823F00203C1F804387047CA
:107DC00003460020D3F8002E194622F00302C3F820
:107DD000002ED3F8043843F00203C1F8043870478A
:107DE0004269806910407047D0F81838D0F81C08F4
:107DF0001840000C704700BFD0F81838D0F81C08A5
:107E0000184080B2704700BF00EB4111D1F8082B39
:107E1000D0F8140810407047D0F81028D0F8343843
:107E200000EB411001F00F01D0F80809CB40DB0155
:107E3000DBB2134318407047406900F001007047FF
:107E400003460020D3F8002919466FF30A02C3F84D
:107E50000029D3F8043843F48073C1F8043870471C
:107E60009446134A00F5306300B5D0F840E09645DB
:107E700003D9D0F8002B002A17DB002201291A6150
:107E80001A6942F400221A611A6942F018021A6152
:107E90001A6942F0C0421A6107D1C3F814C0D0F881
:107EA000003B43F08023C0F8003B002000BD00BF32
:107EB0000A30544F78B10023C0F8B832C0F8C43249
:107EC000C0F8D03209B1C0F8B4120123027080F8B2
:107ED0009C32F7F747BB0320704700BF00B5002373
:107EE00085B0ADF80E3099B1CA6A0346C0F8B81231
:107EF00032B101900DF10E009047019BC3F8D00202
:107F0000D3F8D82200200132C3F8D82205B000BD32
:107F1000032005B000BD00BFF7F75EBBD0F8B83254
:107F20000BB11B6818471846704700BF08B5D0F85A
:107F3000B8325B689847002818BF032008BD00BF0F
:107F400010B5044682B000F2AA20019000F080FC37
:107F5000B4F8B032012294F8AA12C4F8983201F0B1
:107F60001F030198C4F89422934210D0022B07D02B
:107F7000A3B90146204602B0BDE8104000F06EB93A
:107F80000146204602B0BDE8104000F083BB014628
:107F9000204602B0BDE8104000F036BB01F0800181
:107FA000204602B0BDE81040F7F748BB034631B9A0
:107FB000D0F894C2BCF1030F0FD00020704790F8A6
:107FC0009C22032AF9D1D0F8B8229269002AF4D071
:107FD0004FF0000CC0F8D4C2104700B5D0E957CE1E
:107FE00083B0F44509D890F89C22032A11D0184692
:107FF00000F0A4FC002003B000BDACEB0E0C114659
:108000007246E645C0F85CC128BF624600F08EFCAF
:10801000F0E7D0F8B8221269002AE8D0C0F8D412EC
:1080200001909047019BE2E730B5044683B069B9FF
:10803000D0F894C2BCF1020F18D094F8A03213B15A
:10804000002384F8A032002003B030BD90F89C32A9
:10805000032BF8D1D0F8B8325B69002BF3D00022A3
:10806000C0F8D42203B0BDE830401847D0E907CEAD
:10807000F44510D81FD094F89C32032B2FD08021C8
:108080002046F7F7DBFA204600F064FC94F8A032B3
:10809000002BD8D0D4E7ACEB0E0C01911146C0F800
:1080A0001CC0624600F02CFC019B20461A46194673
:1080B000F7F708FBC1E782699445DCD8D0F89852FD
:1080C000AA42D8D20A46019100F01AFC019B204630
:1080D0001A461946C4F89832F7F7F4FAADE7D4F81F
:1080E000B832DB68002BCAD000222046C4F8D42264
:1080F0009847C4E700210122D0F8B83270B580F863
:108100009C2204464160C0F89412C0F8A41280F882
:10811000A0121BB15B680BB19847B0B900260022D2
:108120004023204601251146F7F76EFA402300222E
:108130008021C4F860312046A4F86451F7F764FA4E
:1081400040233046A584236270BD0326E7E700BFC5
:10815000034600201974704790F89C220346042AB5
:1081600003D090F89C2280F89D220422002083F8FE
:108170009C22704790F89C32042B03D190F89D32DA
:1081800080F89C320020704790F89C22032A01D08E
:108190000020704708B5D0F8B83213B1DB6903B1DD
:1081A0009847002008BD00BFD0F8D422AE3250F866
:1081B000222062B108B590F89C32032B01D0002038
:1081C00008BD136A002BFAD09847002008BD032091
:1081D000704700BFD0F8D422AE3250F8222062B1EE
:1081E00008B590F89C32032B01D0002008BD536ADB
:1081F000002BFAD09847002008BD0320704700BF2D
:10820000002070470121D0F8B82280F89C1242B1BA
:108210005268017908B5904708B9002008BD0320CD
:1082200008BD0020704700BF002070470020704745
:108230000278B0F802C01346944503D80CE09C4580
:108240000AD902781044134442789BB2052AF6D129
:1082500082788A42F3D17047002070470A7803463B
:1082600002F06002202A2DD0402A2BD010B50C46F7
:1082700084B062B1802118460093F7F7DFF900213E
:108280000098F7F7DBF90022104604B010BD4A78D9
:10829000092AEFD801A151F822F000BF1583010887
:1082A0003F830108758201085D830108758201081A
:1082B00075830108BD83010875820108F1830108F7
:1082C000D5820108D3F8D4221846AE3253F82230B2
:1082D0009B681847A278A749012A0A7000F26C81AE
:1082E00090F89C12C8B20229044600F04581032888
:1082F00000F01581184680210093F7F79FF90021BF
:108300000098F7F79BF99B4B00981978FFF70EFE42
:108310000322B9E790F89C22013A022AAAD8E288FF
:10832000022AA7D1D0F8A4C20146BCF1000F0CBFAD
:108330000123032341F80C3F00F0D4FAA3E790F89F
:108340009C22013A022A95D86288012A9BD10022F8
:108350001846C3F8A42200F0F1FA94E76288012AD3
:10836000F6D0022A86D1A288120A80F8A02200F054
:10837000E5FA88E7A288002A7FF47CAFE288002A29
:108380007FF478AF62887F2A3FF674AF90F89C1232
:1083900003293FF46FAFD1B280F89E12CDE90001FE
:1083A000F7F778F9009800F0C9FADDE90031002903
:1083B00000F02581022283F89C2264E76188002076
:1083C0000A0AADF80E00013A062A3FF653AF01A0A3
:1083D00050F822F09784010877840108AD840108E1
:1083E00075820108758201085B8401081B840108FD
:1083F000E288012A7FF43EAF90F89C120229C8B2AD
:1084000000F2D28000283FF435AF19460023084619
:1084100041F8083F00F066FA35E71A7C002A7FF43D
:1084200029AFD3F8B8220DF10E000093126B9047DC
:10843000072201464270009BE288002A6BD0BDF8FB
:108440000E0000283FF416AF824228BF02461846AD
:10845000ADF80E2000F046FA15E71A7C002A7FF4EA
:1084600009AFD3F8B8220DF10E000093526B90477C
:10847000009B0146E0E7197CD3F8B822009300295D
:1084800040F0B280926A0DF10E0090470222014640
:108490004270009BD0E7D3F8B4220DF10E01187C96
:1084A000009312689047009B0146C5E7C9B20529B1
:1084B0003FF6E0AEDFE801F029231D171103D3F8E2
:1084C000B4229269002A3FF4D5AE0DF10E01187C5A
:1084D00000939047009B0146AEE7D3F8B42252695F
:1084E000002AF2D1C6E6D3F8B4221269002AECD1F0
:1084F000C0E6D3F8B422D268002AE6D1BAE6D3F8AF
:10850000B4229268002AE0D1B4E6D3F8B4225268CB
:10851000002ADAD1AEE6184600F010FAB3E61FFAE8
:1085200082FC002A51D059686145F4D0C9B218467E
:108530000093FFF7FBFC0F4B1978009B184659601E
:10854000FFF7ECFC009B0028E5D080210190184645
:10855000F7F774F800210098F7F770F8009B197985
:108560001846FFF7E3FC0221009B019A83F89C1256
:108570008AE600BF6C6B0120002ACCD018465A60F6
:1085800001210093FFF7CAFC009B78B38021019082
:108590001846F7F753F800210098F7F74FF8009BBB
:1085A000019A83F89C426FE603287FF463AE191D9D
:1085B000184600F097F966E680210090F7F73EF83C
:1085C00000210098F7F73AF8A2E64FF0020E1146A4
:1085D0001846C3F804C083F89CE20093FFF7A6FC9A
:1085E000009800F0ABF94EE6D26A4CE718460093CB
:1085F00000F0A4F90322009B83F89C2243E60122A9
:1086000083F89C223FE600BF10B50B780A4682B083
:10861000044659060ED503F06003402B0AD0802192
:10862000F7F70CF800212046F7F708F80023184662
:1086300002B010BD94F89C32013B022B02D8117994
:10864000012908D980212046F6F7F8FF00212046AD
:10865000F6F7F4FFEAE720460192FFF7E5FDA8B937
:10866000D4F8B8329B688BB1C4F8D4022046019983
:108670009847019A0346D288002AD8D10028D6D13B
:108680000190204600F05AF9019BD0E703231846D9
:1086900002B010BD0A46B1F804C010B5137882B01C
:1086A00004465FFA8CF103F06003202B3ED0402B90
:1086B0003CD053B180212046F6F7C0FF0021204670
:1086C000F6F7BCFF002002B010BD5378012B54D048
:1086D000032B3ED0002BEDD190F89C32022BDAB266
:1086E00078D0032AE6D10CF00F031CF0800F03EBC7
:1086F000830300EB830340F08280B3F86431002BE6
:10870000D8D00CF07F0C0CEB8C0C00EB8C0303F539
:10871000AA734A0640F085804FF0000C02221946E9
:108720002046C3F800C000F0DDF8CBE720460092F9
:10873000FFF77CFD0028C5D1D4F8B832C4F8D402C4
:108740009B68002BBED00099204602B0BDE81040C7
:10875000184790F89C32022B5FFA83FC30D0BCF1B2
:10876000030FA7D1538823B9480602D0D388002B22
:1087700069D0204600F0E2F8A4E790F89C32022B82
:108780005FFA83FE1CD0BEF1030F93D15388002BF8
:1087900098D11CF07F0F4FD12046CDE9001200F098
:1087A000CDF800992046FFF741FD00288AD1D4F882
:1087B000B832C4F8D4029B68002B83D00199C3E778
:1087C0004B063FF477AFF6F739FF80212046F6F7E6
:1087D00035FF77E749067FF46DAF1CF0800F0CF092
:1087E0007F0318D103EB830300EB830101F5AA712A
:1087F0000023022220460B6000F074F862E79B8C95
:10880000002B3FF457AF0CF07F03013303EB8303DE
:1088100000EB83037DE7013303EB830300EB83016C
:10882000E6E720460093F6F721FF009B00283FF47F
:1088300073AF4FF0010C71E7CDE90012F6F70AFFB4
:10884000DDE90012A8E72046F6F7F8FE91E700BF41
:108850000B7803704B7843704B8843808B88838000
:10886000CB88C380704700BF10B504468021F6F75F
:10887000E5FE00212046BDE81040F6F7DFBE00BF50
:1088800050B3034600B5007885B030B3581C01934F
:10889000CDE90212E7F726FD0130039AC0B201309C
:1088A0004000DDE9013184461080032281F800C0D8
:1088B0004A70187870B19C464FF0000E02235A1C83
:1088C000C8540233D2B2DBB201F802E01CF8010F47
:1088D0000028F4D105B000BD70474FF0020C60468F
:1088E000E2E700BF08B513460A460221C0E9063395
:1088F000C0F894120021F6F7D9FE002008BD00BF91
:1089000008B513460A460021F6F7D0FE002008BD40
:1089100008B513460A460321C0E95633C0F894123D
:108920000021F6F7CFFE002008BD00BF08B51346B2
:108930000A460021F6F7C6FE002008BD08B54FF034
:10894000040C0023C0F894C21A461946F6F7AEFE8E
:10895000002008BD08B54FF0050C0023C0F894C2F4
:108960001A461946F6F7AEFE002008BDD0F8D432FC
:1089700000EB8300D0F8C012B1B1D0F8C4328BB193
:1089800091F80002FF280DD09B6800B583B091F8E4
:10899000012201919847FF230199002081F80032BC
:1089A00003B000BD002070470320704703460A2231
:1089B00001481A80704700BFF800002070B582217E
:1089C00006460F48FFF734FC012105460C48FFF727
:1089D0002FFC812104460A48FFF72AFC0DB1102321
:1089E000AB711CB1002240236271237118B10022C7
:1089F00040234271037143230148338070BD00BF9F
:108A00007C000020FFF7DABF70B5822106460F48D0
:108A1000FFF70EFC012105460C48FFF709FC8121F8
:108A200004460A48FFF704FC0DB11023AB711CB1DA
:108A3000002202232271637118B100220223027105
:108A4000437143230148338070BD00BF7C00002088
:108A5000D0F8D422B03250F82220C2B100B583B091
:108A6000CDE90002F6F73AFE009B019AD3F8D4C292
:108A700002F50371C2F80C0203EB8C03D2F8040276
:108A8000D3F8C432DB689847002003B000BD032050
:108A9000704700BF70B5D0F8D44200EB840CDCF80E
:108AA000C06246B301F00F0E0A460EEB8E0400EBD7
:108AB0008404A5696DB9DCF8C43200211B69C6F8CD
:108AC000141223B106F50471D6F808029847002065
:108AD00070BD0EEBCE0ED0F8C83203EB8E035B6C8C
:108AE000B5FBF3FE03FB1E53002BE4D11A46A36132
:108AF000F6F7DCFDEBE7032070BD00BFD0F8D42211
:108B000000EB820C002270B5DCF8C05284B08DF806
:108B10000D20ADF80E2065B191F800E003460C463B
:108B20001EF0600220D0202A06D021461846FFF70A
:108B30009BFE032004B070BDCA884E7892B31EF02D
:108B4000800F4FD0DCF8C412304601938E6829465E
:108B5000B047E28829460198072A28BF0722FFF775
:108B6000C1FE002004B070BD4A780B2ADDD801A1F7
:108B700051F822F0D18B0108638B01082B8B01087F
:108B80002B8B01082B8B01082B8B01082B8B0108E9
:108B90002B8B01082B8B01082B8B0108BD8B010847
:108BA000B38B0108DCF8C43230469B68984700203C
:108BB000D8E790F89C22032AD3D0B6E790F89C22FD
:108BC000032AB2D101220DF10D01FFF78BFEC8E798
:108BD00090F89C22032AA8D102220DF10E01FFF782
:108BE00081FEBEE7402A294685F8006228BF402260
:108BF00085F80122FFF78CFEB3E700BF38B50446C5
:108C000000258121F6F70EFD012120462587F6F784
:108C100009FD82212046A4F87851F6F703FDD4F827
:108C2000D432E56404EB8303D3F8C0228AB1D3F8CD
:108C3000C4325B689847D4F8D432B03354F8230078
:108C4000F6F754FDD4F8D432B03344F82350C4F8C6
:108C5000BC52002038BD00BF70B504464FF4077009
:108C6000F6F740FD054600285BD04FF4077200215F
:108C700001F023FBD4F8D432B03344F82350237CE2
:108C8000C4F8BC52BBB34023022281212046F6F730
:108C9000BBFC01214023022220462187F6F7B4FCC9
:108CA0000126102208238221A4F84E202046032208
:108CB000A4F87861F6F7A8FCD4F8D4220023A4F82D
:108CC0004C6004EB8202C5F80432D2F8C422126868
:108CD00090470023D5F80422C5F81432C5F818329D
:108CE00022B3237CBBB94FF4007331462046F6F71C
:108CF000E9FC002070BD4FF4007302228121204660
:108D0000F6F782FC01214FF40073022220462187EE
:108D1000F6F77AFCC4E7402331462046F6F7D2FC4A
:108D2000E7E7D4F8D432B03344F82300022070BD12
:108D300039B1D0F8D42200EB82030020C3F8C4126A
:108D400070470320704700BFD0F8D432B03350F8DA
:108D500023302BB10020C3F80812C3F8102270474B
:108D600003207047D0F8D432B03350F823301BB111
:108D70000020C3F80412704703207047D0F8D432A3
:108D8000B03350F82330A3B110B5D3F814420CB16E
:108D9000012010BDD3F810C201228121C3F8142292
:108DA000D3F808226346C0F82CC0F6F77FFC2046B3
:108DB00010BD0320704700BFD0F8D422B03250F865
:108DC00022208AB1D2F8042208B5037C2BB14023BB
:108DD0000121F6F777FC002008BD4FF40073012154
:108DE000F6F770FC002008BD0320704700B52DED9C
:108DF000028BB0EE408A83B000F03CFAB4EE488AB1
:108E0000F1EE10FA06D6DFED0C7AB4EEE78AF1EE59
:108E100010FA03D403B0BDEC028B00BDCDED017A96
:108E200001F028FBDDED017A87EEA70A212303601C
:108E300003B0BDEC028B00BD00000000000000008C
:108E400010B510EE102AC2F30A53B3F57D7FB7EECA
:108E5000C06A84B01BD226EE067BB3F5667F6CD366
:108E600026EE072B27EE021B714B93ED1A3B93ED79
:108E7000185B93ED164BA7EE035BA2EE046BB0EE0E
:108E8000460BA5EE010BB7EEC00B04B010BD40F2CF
:108E90002E418B4259D8664A92ED087B26EE077B1D
:108EA000FDEEC77B92ED0A5B17EE903A03F50003E7
:108EB0001B16990707EE903A54BF114602F1700154
:108EC000DC07B8EEE77BA7EE456B26EE067B1DD4EC
:108ED00003F0030302EBC30291ED185B92ED000B6C
:108EE00091ED1A3B26EE000BB0EE456B91ED164B63
:108EF000A7EE036B20EE075B27EE057BA5EE040BC8
:108F0000A6EE070BB7EEC00B04B010BD91ED144BED
:108F100027EE075B91ED126B91ED0E2BA7EE046B24
:108F200027EE054B91ED0C0B91ED103BA7EE020BDC
:108F3000A5EE030BA6EE040BE4E712F0FF4FE3D11E
:108F4000B7EEC77B8DED037ADEE7B3F5FF6F4CD24A
:108F5000C2F38361374B8DED010A03EB810C53F8AB
:108F60002110C2F31603C2F3C25043F4000383403E
:108F7000DCF82000DCF810C003FB01F1A3FB00E0EB
:108F8000E3FB0C0101F100539C0F03F04043C91AAD
:108F9000E7F794FB019A9FED246B04EBD27241EC4E
:108FA000170B900754BF224B234B27EE067BE1079C
:108FB00027EE076B1ED41E4901EBC20293ED185B2E
:108FC00093ED1A3B92ED000B93ED164B27EE000B41
:108FD000B0EE457B20EE065BA6EE037BA5EE040B10
:108FE00026EE056BA7EE060B8CE704B0BDE810403B
:108FF00000F030B993ED144B26EE065B93ED127B37
:1090000093ED0E2BA6EE047B26EE054B93ED0C0B99
:1090100093ED103BA6EE020BA5EE030BA7EE040B9F
:1090200070E700BFAFF30080182D4454FB21193CBA
:10903000B04B04084C4B0408204C0408000000000E
:1090400010EE102AC2F30A53B3F57D7FB7EEC07A53
:109050001ED2B3F5667F72D327EE077B27EE071B80
:10906000734B93ED142B93ED125B93ED0E3BA7EE38
:10907000025B27EE012B93ED0C6B93ED104BA7EEEB
:10908000036BA1EE046BA5EE026BB7EEC60B704747
:1090900040F22E418B4255D8654A92ED086B27EE7F
:1090A000066BFDEEC66B92ED0A5B16EE903A03F589
:1090B00000031B16990706EE903A54BF114602F1C1
:1090C0007001D807B8EEE66BA6EE457B27EE076B7E
:1090D0001CD503F0030302EBC30291ED185B92ED84
:1090E000000B91ED1A3B27EE000BB0EE457B91EDA6
:1090F000164BA6EE037B20EE065B26EE056BA5EE77
:10910000040BA7EE060BB7EEC00B704791ED144BA6
:1091100026EE065B91ED127B91ED0E2BA6EE047B05
:1091200026EE054B91ED0C0B91ED103BA6EE020BDC
:10913000A5EE030BA7EE040BB7EEC00B7047B7EE1E
:10914000000A7047B3F5FF6F53D2C2F38361394B06
:1091500003EB810C53F82110C2F31603C2F3C25083
:1091600043F4000310B58340DCF82000DCF810C0A5
:1091700003FB01F1A3FB00E0E3FB0C0101F1005351
:1091800082B09C0F03F04043C91A8DED010AE7F746
:1091900095FA019A9FED246B04EBD27241EC170B08
:1091A000900754BF224B244B27EE067BE10727EEA6
:1091B000076B20D51E4902F0030201EBC20293EDBA
:1091C000185B92ED000B93ED1A3B27EE000BB0EE0F
:1091D000457B93ED164BA6EE037B20EE065B26EE59
:1091E000056BA5EE040BA7EE060BB7EEC00B02B0A5
:1091F00010BD00F02FB893ED144B26EE065B93EDF7
:10920000127B93ED0E2BA6EE047B26EE054B93ED21
:109210000C0B93ED103BA6EE020BA5EE030BA7EE95
:10922000040BE2E7AFF30080182D4454FB21193CF6
:10923000B04B04084C4B0408204C040810B582B015
:109240008DED010A044601F015F99DED010A046057
:1092500002B010BD70EE407AB4EE400A87EEA77AF5
:10926000F1EE10FAB0EE470A02D62120FFF7E6BF72
:10927000704700BFB1EEC00A704700BF70B504462A
:109280000D46164645EC104B02F02EF97EB1C5F3A3
:109290000A53C3F16B03002B09DD1B0503F17F515A
:1092A000002001F5401141EC170B20EE070B70BDBB
:1092B0002DE9F04F2DED0A8B97B088460E920022D3
:1092C000059012924FF0000A4FF0000B11910A78AE
:1092D0002B2A0C4601F101011DD00AD80D2A05D810
:1092E000082AF3D872B10023089384E0202AEDD035
:1092F000F9E72D2A11D10122611C1191089262789F
:10930000002A39D10E9BCDF84480002B40F06285B5
:109310004BEC10AB2BE00022EEE700210891302A45
:1093200040F0A180627802F0DF02582A5BD10293FC
:10933000089B019312AB0093894A059813AB11A9BE
:1093400001F0B4F910F00F05064605D0062D15D131
:1093500001340023119408930E9B002B40F03C85B0
:10936000089B002BD4D04BEC17ABB1EE470B17B0DA
:10937000BDEC0A8BBDE8F08F0C46D0E7129A3AB1EB
:10938000352114A802F0A5F91299059801F060FDA5
:10939000013D042D06D8DFE805F014031E2114005A
:1093A000DDE914ABF30548BF4BF0004B2BF0004355
:1093B0001B0D1B05002BCFD101F05CF822230360AD
:1093C000CAE7DDE914A3139A23F4801302F23342AF
:1093D00043EA025BE6E7DFF890B1E3E76FF0004BAA
:1093E0004FF0FF3ADEE7013411942378302BFAD0A6
:1093F000002BB1D00123002606932046099637465C
:109400000A230578A5F13002092A2ED955490122EF
:1094100000F05BFF002839D000202A463B468146F9
:109420008446652A01D0452A1BD123B9069B0343F4
:109430003FF468AF0023DDF8448008F10102119287
:1094400098F801202B2A00F081802D2A00F08680D8
:1094500000210791A2F13001092940F28B80CDF85B
:1094600044800025A5E00023C5E7082FDCBF099A4A
:1094700003FB025200F10100D5BF303A03FB065254
:109480000992A2F1300601371190BAE7119B5A1CDC
:1094900011925A78002F3CD081463B46A2F1300110
:1094A000092912D94FF0010CBBE7119B5A1C1192EC
:1094B0005A780130302AF8D0A2F13103082B00F29B
:1094C00090848146119C00200346303A00F101014E
:1094D000079218D089449E460A930A250EF1010C82
:1094E000ACEB0302914216DC0A9D20EAE0700544D1
:1094F0000133082D03441DDC099A07980A2101FB5A
:10950000020209920021119A501C119052780846CB
:10951000C4E73846CEE7BEF1080F04DC099A6A4377
:109520000992E646DAE706FB05FEBCF1100FD8BF4C
:109530007646F6E70F2DDEBF079A0A2101FB0626C5
:10954000E0E74FF000094FF0010C6FE700220792AF
:1095500008F10202119298F802207BE70122F6E757
:10956000844E0408904C04080000F07F119A511CAE
:1095700011915278302AF9D0A2F1310108293FF631
:1095800070AFA2F1300E119A0A9211460131119179
:109590000A78A2F13005092D37D90A9D491B0829FF
:1095A00044F61F6502DC7545A8BF7546079901B1F1
:1095B0006D42002B4ED1069B03437FF4CDAEBCF130
:1095C000000F7FF49FAE692A27D024DC492A24D0DB
:1095D0004E2A7FF497AE984911A801F085FA002829
:1095E0003FF490AE119B1B78282B2DD1934914AAE0
:1095F00011A801F08EFA052826D1159BDDF850A0A0
:1096000043F0FF4B4BF4E00BA6E60A2505FB0E2EBC
:10961000AEF1300EBAE76E2ADBE7894911A801F0F6
:1096200063FA00283FF46EAE119B8649013B11A8F6
:10963000119301F059FA10B9119B01331193DFF81E
:1096400014B24FF0000A87E67F4800F051FF5BEC50
:1096500010AB81E6DDED097AA5EB0902B8EE677B78
:10966000002F08BF1F46102B07921A46A8BF1022D2
:10967000092B5BEC17AB13DC079900293FF46CAEA8
:1096800007996ADD162952DC704B03EBC10393ED99
:10969000007B4BEC16AB27EE067B5BEC17AB5BE677
:1096A0006A4901EBC20111ED125B06EE906A0F2BC5
:1096B000B8EE666BA7EE056B5BEC16ABDCDD0799CD
:1096C0009A1A0A44002A40F3958022F00F0112F002
:1096D0000F0250D1B1F59A7F5DDC0A115C494BEC69
:1096E00017AB00260846012A79D117EE902A5BECC9
:1096F00017ABA2F1547B00EBC60292ED007B4BEC62
:1097000016AB544A27EE067B17EE901A52480A40D1
:1097100082425BEC17AB3ED8A0F58010824286BF38
:10972000DFF838B14FF0FF3A01F1547B30E0079891
:10973000C3F125018142C2DB444AC3F10F0302EBAE
:10974000C30191ED007B4BEC16ABC31A02EBC302D5
:1097500027EE067B92ED006B9DE71631AFDB3B4BAE
:10976000A9EB050503EBC50595ED007B4BEC16ABAE
:1097700086EE077B91E7354800EBC20292ED007B55
:109780004BEC16AB27EE067B5BEC17AB0029A1D1A7
:10979000002206929AE00024254609942646059A5E
:1097A000DFF8B0B0222313604FF0000A099B002BB2
:1097B0003FF4D2AD1299059801F04AFB0598314665
:1097C00001F046FB0598294601F042FB09990598EE
:1097D00001F03EFB0598214601F03AFBBCE512F092
:1097E000010F03D091ED006B27EE067B013652107E
:1097F000083178E7CCD05242111112F00F020DD18E
:109800001F292DDD0024254609942646059A22238A
:109810004FF0000A4FF0000B1360C7E70B4800EB56
:10982000C20292ED007B4BEC16AB86EE077B5BEC45
:1098300017AB0029ACD0E3E79B4C0408704E04083A
:10984000924C0408954C0408534D0408F84F040842
:10985000D04F04080000F07F0000A07CFFFFEF7FE6
:1098600011F0100218BF6A2206924BEC17ABB64AF1
:10987000C80703D592ED006B27EE067B491002F175
:109880000802F5D1069A5BEC17ABC2B117EE900A4D
:10989000C0F30A52C2F16B06002E10DD1F2E40F3FA
:1098A0002881342ED8BFC2F14B028A46DBBF4FF06D
:1098B000FF3101FA02F24FF05C7B02EA000B4BEC45
:1098C00017ABB5EE407BF1EE10FA9BD0099A0092EF
:1098D00005983A46214601F023FB099000283FF401
:1098E0005AAF079A002AA9EB05039FED93BBA8BFC7
:1098F00000230A93002422EAE2730D932546099B74
:109900000598596801F066FA064600283FF447AF0B
:10991000099B1A694BEC19AB023203F10C0192005E
:109920000C3000F0D4FDB0EE490B059814AA13A931
:1099300001F04AFE129000283FF431AF0598012152
:1099400001F084FB054600283FF429AF139F069AD7
:10995000002FABBF0A9B0D9BDDF83480DDF828900B
:10996000ACBF07EB0309A3EB0708149BBF1A1F4406
:10997000764A013F9742C3F1360380F2CC80D11B77
:109980001F3A9742A3EB01034FF00102C0F2B780E8
:109990008A400C9200220B9209EB03079844069B25
:1099A000B94598444B46A8BF3B464345A8BF4346EC
:1099B000002BC2BFFF1AA8EB0308A9EB03090A9BFF
:1099C000002B18DD294605981A4601F00BFC0546C8
:1099D00000283FF4E4AE0146129A059801F04CFBD2
:1099E000034600283FF4DBAE129905980F9301F06F
:1099F0002FFA0F9B1293002F00F39180079B002BEF
:109A000008DD31460D9A059801F0ECFB064600286A
:109A10003FF4C5AEB8F1000F08DD31460598424667
:109A200001F03CFC064600283FF4B9AEB9F1000F46
:109A300008DD294605984A4601F030FC0546002815
:109A40003FF4ADAE12990598324601F0B5FC0446DC
:109A500000283FF4A4AE0023D0F80C80C360294650
:109A600001F08EFC002875DA58EA0A0840F09B8065
:109A7000CBF31303D946002B40F095802BF0004325
:109A80001B0D1B05B3F1D66F40F28D8063691BB9C6
:109A90002369012B40F3878021460122059801F0BC
:109AA000FDFB2946044601F06BFC00287BDD284BBA
:109AB000069A09EA0303002A00F09480B3F1D66FF6
:109AC00000F29080B3F15C7F7FF6A0AE9FED1C7B2F
:109AD0004BEC16AB1E4B26EE077B17EE902A13407D
:109AE0005BEC17AB002B7FF465AE059A2223136065
:109AF00060E64FF0FF31B14001EA0A0ADFE6C7F144
:109B00007F4707F57F0707F57B47E23702FA07F142
:109B10000B910C9240E700220B920122F9E7129977
:109B200005983A4601F0BAFB129000287FF466AF20
:109B300035E600BFAFF300800000C0FFFFFFDF414C
:109B40000000000000005039984E040802FCFFFF9E
:109B50000000F07FD9465ED1CBF31303B8F1000FBC
:109B60002AD0AB4A93422BD1069B5246FBB1A94B5C
:109B70000BEA0303B3F1D46F4FF0FF311AD81B0D7A
:109B8000C3F16B0301FA03F39A4219D1A24B994531
:109B900002D101323FF403AE9E4B09EA030303F501
:109BA000801B4FF0000A069B002B8FD102E64FF07E
:109BB000FF33E9E70B46E7E753EA0A033FF477AFE1
:109BC0000B9BC3B113EA090FEDD0069A50465946D4
:109BD000B8F1000F13D0FFF751FB39EE007B5BECBF
:109BE00017ABE0E7A3F580136FEA135B6FEA0B5B3B
:109BF0004FF0FF3AD7E70C9B13EA0A0FE4E7FFF7B1
:109C00003DFB39EE400BB5EE400BF1EE10FA5BEC8C
:109C100010ABC8D1FAE52946204601F02DFDB0EE83
:109C2000007BB4EEC70BF1EE10FA5DD8B8F1000F6F
:109C300064D1BAF1000F4BD1CBF31303B7EE008B15
:109C4000002B60D1B4EEC80BB6EE008BF1EE10FA2B
:109C500001D420EE088BB1EE48AB6E4F6F4909EA94
:109C60000700884253EC1A2B7CD1A9F1547B4BECB2
:109C70001CABB0EE4C0B0B9001F036FCA0EE0ACB07
:109C80001CEE903A664A0B981F4097425BEC1CAB67
:109C90003CD919EE902A604B9A4204D119EE103A41
:109CA00001333FF47CADDFF870B14FF0FF3A129909
:109CB000059801F0CDF80598314601F0C9F80598EE
:109CC000294601F0C5F80598214601F0C1F816E6CD
:109CD000BAF1010F03D1BBF1000F3FF497ADBFEE16
:109CE00000ABB7EE008BB8E7B6EE008B20EE088B2A
:109CF000B8F1000FAFD0B0EE48ABAEE7B7EE00ABB7
:109D0000B0EE4A8BA9E7BFEE00ABA6E703F1547BA8
:109D1000069B002BCBD12BF000431B0DB0EB035F58
:109D2000C5D151EC180B03F01FF8E6F7C7FCCBF3D5
:109D3000130341EC170B43EA0A0353EA080338EE16
:109D4000478B3ED09FED2C7BB4EEC78BF1EE10FA23
:109D50003FF530AD9FED2A7BB4EEC78BF1EE10FAE4
:109D6000A5DD27E50699E1B1B0F1D46F19D8B4EEBD
:109D7000CB8BF1EE10FA11D8BCEEC88B18EE103A6E
:109D8000012B38BF012308EE103AB8EE488BB8F12A
:109D9000000F13D1B1EE487B53EC172B03F1D661C2
:109DA0000B1AB0EE490B43EC1A2B0B9001F09CFB05
:109DB0000B98AAEE009B5BEC19ABA9E7B0EE487BD1
:109DC000EAE79FED117BB4EEC78BF1EE10FA7FF559
:109DD0006EAFEFE4002308930E9A119B1360FFF718
:109DE000BFBA652A3FF4ADAB452A3FF4AAAB4FF0AA
:109DF000010CFFF7E0BB00BF9535A094FFFFDF3FEC
:109E000035E5AF350000E03F9535A094FFFFCF3F2B
:109E1000FFFF0F000000F07FFFFFEF7F0000E07FFB
:109E2000FFFF9F7C0000000010B5214C214B0A462B
:109E300001462068FFF73CFAB4EE400BF1EE10FA51
:109E4000B0EE407B0DD717EE903A002B1A4804DA9B
:109E500000F056FBB1EE400A10BDBDE8104000F026
:109E60004FBBB7EEC00BDFED156AB0EEC06AB4EEC3
:109E7000666AF1EE10FA08DDB0EEC76B9FED0A5B83
:109E8000B4EE456BF1EE10FA0ADD10EE103A13F065
:109E9000FF4FE1D117EE902A094B1340002BDBD086
:109EA000236822221A60D7E7FFFFFFFFFFFFEF7F43
:109EB0007C02002010010020534D0408FFFF7F7F2B
:109EC0000000F07F2DE9F043344E86460D462846CB
:109ED00015F8014B375D17F00807F8D12D2C10D17C
:109EE0002C780127851C33F0100015D1302C0DD1B2
:109EF000287800F0DF00582808D16C78023510234C
:109F00000AE02B2C04BF2C78851CECE7002BF6D143
:109F1000302C14BF0A2308234FF0FF380026B8FB6B
:109F2000F3F803FB08F96FEA09093046A4F1300C95
:109F3000BCF1090F10D86446A3421EDDB6F1FF3F05
:109F400007D0804516D301D1A14513DB00FB0340A8
:109F5000012615F8014BE9E7A4F1410CBCF1190FFA
:109F600001D8373CE8E7A4F1610CBCF1190F04D823
:109F7000573CE1E74FF0FF36EBE7731C06D1222395
:109F8000CEF80030304632B9BDE8F08307B1404228
:109F9000002AF9D006B1691E1160F5E7C14E040828
:109FA000FFF790BF13460A46014602480068FFF7D4
:109FB00089BF00BF7C020020002310B50446C0E921
:109FC0000033C0E90433836081814366C2818361C9
:109FD000194608225C3000F070F90D4B63620D4B9E
:109FE000A3620D4BE3620D4B23630D4B24629C4235
:109FF00006D003F16802944202D0D0339C4205D1CE
:10A0000004F15800BDE8104000F05EBA10BD00BF7A
:10A01000FDA1010823A201085BA2010881A2010899
:10A02000706B0120024A0349034800F06BB800BF7F
:10A03000040100208DC401088002002041680C4BFF
:10A04000994210B5044601D002F020FAA168094BEC
:10A05000994202D0204602F019FAE168064B994273
:10A0600004D02046BDE8104002F010BA10BD00BF79
:10A07000706B0120D86B0120406C012010B50A4B99
:10A080000A4A1A600A4800220421FFF795FF09488E
:10A0900001220921FFF790FFBDE810400648022287
:10A0A0001221FFF789BF00BFA86C012025A001087D
:10A0B000706B0120D86B0120406C0120014800F03A
:10A0C00004BA00BFB16C0120014800F0FFB900BF25
:10A0D000B16C012010B50446FFF7F0FF236A1BB1F5
:10A0E000BDE81040FFF7F0BF044B2362044B1B6830
:10A0F000002BF5D1FFF7C2FFF2E700BF3DA001083A
:10A10000A86C01202DE9F8438046894614460026B4
:10A11000D4E90175013F05D52468002CF8D13046FB
:10A12000BDE8F883AB89012B07D9B5F90E300133AF
:10A1300003D029464046C84706436835EAE7000091
:10A140000CB430B5154B0C1E1D689DB008DA8B237E
:10A150002B604FF0FF301DB0BDE8304002B07047BB
:10A160004FF000031B9318BF0123E31A04930793D6
:10A170000B4B029006900593209A21AB02A928462A
:10A18000019301F057FB431CBCBF8B232B60002CB9
:10A19000E1D0029B00221A70DDE700BF7C020020A4
:10A1A0000802FFFF0EB470B59DB021AC00254FF43E
:10A1B000017354F8046BADF814301B9502900690AF
:10A1C000E6F790F80B4B039007900B480B934FF674
:10A1D000FF73ADF816303246234602A900680F958A
:10A1E0001495019401F078FC1DB0BDE8704003B0F7
:10A1F000704700BF1FA201087C02002010B50C466A
:10A20000B1F90E1000F012F90028ABBF636DA389FD
:10A210001B1823F48053ACBF6365A38110BD0020DD
:10A2200070472DE9F0411F468B89DB0505460C463A
:10A23000164605D5B1F90E100223002200F0E4F80D
:10A24000A389B4F90E1023F48053A38132463B4610
:10A250002846BDE8F04100F0FBB810B50C46B1F956
:10A260000E1000F0D1F8B4F90C30421C0BBF23F4EF
:10A27000805343F48053A381A38118BF606510BD50
:10A28000B1F90E1000F0B0B8884210B501EB02042D
:10A2900002D98442234607D8431EA14207D011F8B1
:10A2A000012B03F8012FF8E70244824200D110BDD0
:10A2B00013F8011D02F8011DF7E70244034693421B
:10A2C00000D1704703F8011BF9E710B56AB10139F5
:10A2D0008418027811F8013F9A4204D10130A0425B
:10A2E00001D0002AF5D1D01A10BD1046FCE70000BD
:10A2F0001B4B2DE9F0411C68656C06460F463DBBC3
:10A30000502000F0A3FC606428B90246154B1648A3
:10A310005B2100F0FBF88560626CC0E90055C2E982
:10A320000355626CC2E90555626CC2E90A55626C5C
:10A33000C2E90C55626CC2E90E55626CC2E9105557
:10A34000626CC2E91255626C15772B46656C6B62C4
:10A350002A46394630460123BDE8F04100F006B8F0
:10A360007C0200209E4C0408B54C0408F0B504465D
:10A3700008B9146844B1204614F8015B4F1E17F861
:10A38000016F1EB965B91560002005E0B542F6D130
:10A39000002BF0D114600370F0BD1C460CE01DB919
:10A3A000274614F8013B4E1E16F8015FAB42F6D16A
:10A3B000002BF2D000233B701460EDE70A7870B5F3
:10A3C0006AB970BD9A4209D10C46054614F8013F9E
:10A3D000002BF6D015F8016F9E42F7D001300378BC
:10A3E000002BEFD11846ECE738B5064C00230546A4
:10A3F0000846236002F068FC431C02D1236803B1C5
:10A400002B6038BDAC6C012038B5074C05460846BA
:10A410001146002222601A4602F07EFC431C02D143
:10A42000236803B12B6038BDAC6C012038B5074CF4
:10A43000054608461146002222601A4602F074FCC6
:10A44000431C02D1236803B12B6038BDAC6C0120E2
:10A4500038B5074C054608461146002222601A46C8
:10A4600002F078FC431C02D1236803B12B6038BD95
:10A47000AC6C0120014B1868704700BF7C020020C3
:10A4800070B50D4B0D4C00261D1BB6EBA50F09D169
:10A4900002F02EFE0A4C0B4B00261D1BB6EBA50F3F
:10A4A00005D170BD54F8043B98470136EDE754F8E8
:10A4B000043B98470136F1E7C8500408C850040827
:10A4C000C8500408CC5004087047704770470A44CD
:10A4D000914200F1FF3300D1704710B511F8014BE4
:10A4E00003F8014F9142F9D110BD000000000000B7
:10A4F0009FED010B704700BF000000000000F87FD7
:10A500009FED010A704700BF0000C07F1FB51D46C8
:10A51000094B1B680646D86852B1084C0091CDE93A
:10A520000142074933462A4601F0D8FF02F06CF891
:10A53000044C2246F2E700BF7C020020184D0408BC
:10A54000254D0408534D040837B5002944D051F86F
:10A55000043C0190002BA1F10404B8BFE41800F002
:10A560002DFC1E4A0198136833B96360146003B070
:10A57000BDE8304000F028BCA34208D92568611925
:10A580008B4201BF19685B6849192160EDE71A46E3
:10A590005B680BB1A342FAD911685518A5420BD1DB
:10A5A000246821445418A3421160E0D11C685B6800
:10A5B00053600C441460DAE702D90C230360D6E739
:10A5C000256861198B4204BF19685B68636004BF2A
:10A5D000491921605460CAE703B030BDB86C01204E
:10A5E0000369B3EB611F2DE9F0434FEA611200F1FB
:10A5F000140443DD11F01F0104EB830C04EB82050E
:10A600000CD100F110062946614532D39B1A9B00FC
:10A61000033DAC4538BF0023234414E054F82260C6
:10A62000C1F12008CE4005F1040EA146F44515D82D
:10A630009A1A9200043A0135AC4538BF0022A3189B
:10A64000A65006B104331A1BA3424FEAA20208BF68
:10A650000023026108BF4361BDE8F083DEF80070AB
:10A6600007FA08F7374349F8047B5EF8046BCE40DD
:10A67000DCE751F8047B46F8047FC5E72346E2E7B0
:10A68000A0F13003092B02D82038C0B27047A0F1E6
:10A690006103052B01D84738F7E7A0F14103052BEB
:10A6A00001D82738F1E70020704700002DE9F04F6E
:10A6B00085B00F4602930B68019091469C1C207850
:10A6C0003028A04604F10104F9D0A8EB0303A3F15C
:10A6D000020BFFF7D5FF8246002838D19F4901229F
:10A6E0004046FFF7F2FD0546002863D198F80100C7
:10A6F0002646FFF7C5FF00285ED020783028A04608
:10A7000004F10104F9D0FFF7BBFFB0FA80F464094B
:10A7100035464FF0010BC24656460AF1010A307821
:10A72000FFF7AEFF0028F7D18C4901223046FFF732
:10A73000CCFD78B945B9554656460AF1010A30783C
:10A74000FFF79EFF0028F7D1AD1BAD0004E0002409
:10A750002546E0E7002DF7D1337803F0DF03502BD7
:10A7600037D173782B2B29D02D2B2BD0711C4FF088
:10A77000000A0878FFF784FF431EDBB2182B28D8A5
:10A78000A0F1100211F8010FFFF77AFF431EDBB2B0
:10A79000182B1AD9BAF1000F00D052421544396073
:10A7A000CCB1BBF1000F0CBF06270027384605B01F
:10A7B000BDE8F08F464655460124CDE74FF0000A2C
:10A7C000B11CD6E74FF0010AFAE70A2303FB0200A7
:10A7D000D6E73146E3E7A6EB0803013B2146072B0A
:10A7E0000ADC019800F0F6FA044640B95C4B0246D8
:10A7F000E4215C48FFF78AFE01315B10EFE700F1CE
:10A80000140A002357469B46B04537D347F804BB8C
:10A81000A7EB0A07BB102361584600F0CBFBD9F821
:10A820000060C0EBC707B74254DDBF1B3946204666
:10A8300000F072FF804678B17B1E591103F01F02B1
:10A840005AF821104FF0010808FA02F20A4203D028
:10A85000434536DC4FF0020839462046FFF7C0FE7C
:10A860003D44D9F80830AB4242DA0198214600F065
:10A87000EFFA0E9A00231360A32797E716F8012D2D
:10A880002E2A12D0202B04D147F804BB4FF0000B26
:10A890005B4630780393FFF7F3FE039B00F00F0055
:10A8A00098404BEA000B0433AEE7B045EAD82B4999
:10A8B000039301223046FFF708FD039B0028E1D1F6
:10A8C000A2E7B91E204600F027FF0028C2D04FF0B3
:10A8D0000308C1E709DAF71B214601983A4600F060
:10A8E000DDFCED1B044600F1140A4FF00008B8E748
:10A8F000D9F80430AB426FDD5D1BAE4234DCD9F8D1
:10A900000C30022B22D0032B24D0012B15D1AE42C8
:10A9100013D1012E0BD1029AD9F804301360012310
:10A920002361CAF800300E9B62271C603EE7711E4F
:10A93000204600F0F1FE0028EDD10198214600F0FC
:10A9400087FA0E9A0023136050272FE70F9B002BE6
:10A95000F3D1E0E70F9B002BDDD1EEE7904C04082C
:10A96000544D0408654D04086F1EB8F1000F30D136
:10A9700027B13946204600F0CFFE80467A110123E8
:10A980005AF8222007F01F07BB40134229462046F1
:10A9900018BF48F00208761BFFF722FED9F80450D2
:10A9A0000227B8F1000F42D0D9F80C30022B15D095
:10A9B000032B17D0012B09D118F0020F06D0DAF8BB
:10A9C000003048EA030818F0010F0ED147F01007D5
:10A9D0002DE04FF00108D1E70127E2E70F9BC3F11B
:10A9E00001030F930F9B002BF0D0D4F810A004F1BB
:10A9F000140303EB8A0100201A68B2F1FF3F1BD059
:10AA000001321A60022F04F114033CD1D9F800205E
:10AA1000013AB24209D17111012253F8213006F0F6
:10AA20001F0602FA06F61E423AD147F020070E9B97
:10AA30001C60029B1D60B9E643F8040B9942DBD809
:10AA4000A3689A4517DB61680198013100F0C2F9EB
:10AA5000804618B91A4B02468421CAE6226902329E
:10AA600004F10C0192000C30FFF731FD21460198F2
:10AA700000F0EEF9444623695A1C04EB830322617B
:10AA800001225A61BEE7226952450BDD01212046B1
:10AA9000FFF7A6FDD9F808300135AB42FFF6E5AE69
:10AAA0000127C2E716F01F06FAD003EB8A03C6F1AE
:10AAB000200653F8040C00F07DFAB042E6DBEFE725
:10AAC000544D0408C2F10802920070B5C2F120068C
:10AAD0004368046803FA06F52C43D340046040F849
:10AAE000043F8842F4D370BD30B5036801390133A7
:10AAF00011F8014F14B90360012030BD13F8012B88
:10AB0000A2F14105192D98BF2032A242F0D00020B9
:10AB1000F3E72DE9F04F0B6887B05E11029013F058
:10AB20001F0302EB86060193029B18BF0436002523
:10AB3000371F196846F8045C9046B9463C46AB4658
:10AB4000AA464A784B1C039332B3104605910492EF
:10AB5000FFF796FD002851D1049A0599202A16D8AE
:10AB6000DA4512DD4C4506D2072D04DC2A4649465B
:10AB70002046FFF7A7FF444553D90023A4F1040959
:10AB800044F8043CD3464C461D460399D9E7292A8C
:10AB900059D1029B02311960BAF1000F53D04C45D4
:10ABA00006D2072D04DC2A4649462046FFF78AFFD5
:10ABB000444538D9A8F10402234653F8041B42F84F
:10ABC000041F9F42F9D23B1B23F003030134033ED1
:10ABD000B44288BF002308F10402134400211A463E
:10ABE00004339F421160FAD23B681BB9474528D114
:10ABF00001233B60052007B0BDE8F08F0135082D2B
:10AC00000AF1010A06DD4445BFD9002344F8043C9B
:10AC10000125043C226800F00F0040EA0210206089
:10AC2000B3E70825B1E7019B002BDDD0C3F120037A
:10AC30004FF0FF32DA4056F8043C134046F8043C2B
:10AC4000D2E7043FD0E70420D5E70000024B0146DD
:10AC5000186800F025B800BF7C02002070B50F4CCA
:10AC60000E462168054611B901F0BEFC2060314650
:10AC7000284601F0B9FC431C03D14FF0FF342046B5
:10AC800070BDC41C24F00304A042F8D0211A284649
:10AC900001F0AAFC0130F2D1EFE700BFB46C012053
:10ACA0002DE9F843CD1C25F0030508350C2D38BFE0
:10ACB0000C25002D064601DBA94204D90C23336084
:10ACC0000020BDE8F883334F00F078F83B681C465D
:10ACD0003CBB29463046FFF7C1FF431C044656D112
:10ACE0003C68A046B8F1000F40D1002C49D0236841
:10ACF0004146304604EB030901F076FC814540D122
:10AD000021686D1A29463046FFF7A8FF013038D078
:10AD100023682B4423603B685A685ABBC7F80080FD
:10AD20000EE02268521B1ED40B2A16D96119A342C9
:10AD3000256018BF5960636808BF396062514B6075
:10AD4000304600F041F804F10B00231D20F007000D
:10AD5000C21A1CBF1B1AA350B3E76268A3420CBF00
:10AD60003A605A60ECE723466468B1E74446D8F895
:10AD70000480B7E71A465B68A342FBD10023536007
:10AD8000DEE70C233360304600F01EF898E70560DC
:10AD9000D6E700BFB86C012082B001B901A942B169
:10ADA0004BB113780B601278101E18BF012002B04F
:10ADB00070471046FBE76FF00100F8E70148FFF726
:10ADC00084BB00BFB06C01200148FFF77FBB00BF10
:10ADD000B06C012070B5C46905460E4684B91020D8
:10ADE000FFF734FF0446E86128B90246164B1748BE
:10ADF0006B21FFF78BFB0023C0E901330360C360C5
:10AE0000E36853B921220421284601F004FCEB69D0
:10AE1000E060DB680BB9002070BD53F8260030B14C
:10AE2000026843F826200023C0E90333F4E7012138
:10AE300001FA06F4621D9200284601F0ECFB00289E
:10AE4000E9D0C0E90164EEE79E4C0408C64D040851
:10AE500070B5C46906460D4674B91020FFF7F6FEBA
:10AE60000246F06120B9094B09488F21FFF74EFBDC
:10AE7000C0E901440460C4603DB1F3696A68DB68FD
:10AE800053F82210296043F8225070BD9E4C0408EC
:10AE9000C64D04082DE9F0410D6907460C461E46D3
:10AEA00001F1140C0020DCF8003099B202FB0161C2
:10AEB0001E0C0B0C02FB063389B2013001EB03417F
:10AEC00085424CF8041B4FEA1346ECDC0EB3A36832
:10AED000AB4219DC616838460131FFF77BFF8046E1
:10AEE00028B902460C4B0D48BA21FFF70FFB226927
:10AEF000023204F10C0192000C30FFF7E8FA21460F
:10AF00003846FFF7A5FF444604EB850301355E6133
:10AF100025612046BDE8F081544D0408C64D040863
:10AF20002DE9F843884614461F4609220833064691
:10AF300093FBF2F3002101229A4209DB3046FFF72E
:10AF400049FF40B90246194B1948D321FFF7DEFAF1
:10AF500052000131F0E7089B4361092C4FF00103D7
:10AF6000036108DC08F10A050924641B2B199F42C0
:10AF700012DCBDE8F88308F10905A946A04419F8D8
:10AF8000013B0146303B0A223046FFF783FFC145B3
:10AF9000F5D12544083DE8E715F8013B0146303B73
:10AFA0000A223046FFF776FFE0E700BF544D040861
:10AFB000C64D0408B0F5803F034636BF03040020A9
:10AFC0001020B3F1807F3CBF1B020830B3F1805FDB
:10AFD0003CBF1B010430B3F1804F3CBF9B000230EB
:10AFE000002B04DB5B0001D5013070472020704747
:10AFF000036813F0070201460BD0DA0722D4980742
:10B0000049BF5B089B0801200B605CBF0B600220FE
:10B01000704798B2A0B91B0C1020DAB20AB90830F8
:10B020001B0A1A0704BF1B0904309A0704BF9B08B8
:10B030000230DA0702D45B0806D001300B6070479B
:10B040001046EAE7002070472020704710B50C46F4
:10B050000121FFF7BFFE024628B9054B054840F223
:10B060004511FFF753FA01234461036110BD00BF8E
:10B07000544D0408C64D04082DE9F04FD1F8108056
:10B08000D2F81090C84585B00E46144604DB4B46F6
:10B090000C46C14616469846A368616809EB080746
:10B0A000BB42B8BF0131FFF795FE30B902464B4BAA
:10B0B0004B484FF4B171FFF729FA00F1140505EB85
:10B0C000870B2B4600225B4522D306F1140101EBCE
:10B0D000880304F1140C0CEB890C029304F11503A2
:10B0E00063458CBF002301230093ACEB0403153BA5
:10B0F0009B080193029B03918B420CD8002F03DD28
:10B100005BF8043D002B67D0076105B0BDE8F08F08
:10B1100043F8042BD7E7B1F800A0BAF1000F28D00C
:10B1200004F11408A9464FF0000E58F8042BD9F882
:10B13000003096B29BB20AFB0633D9F80060120CBD
:10B14000360C73440AFB026606EB13469BB243EAD5
:10B150000643C44549F8043B4FEA164EE5D8009A29
:10B16000019B002A4FEA830308BF00232B44C3F846
:10B1700004E0039BB3F802E00431BEF1000F29D0D4
:10B180002B6804F114069846A9464FF0000A32884D
:10B190000EFB02A202EB18429BB243EA024349F8BB
:10B1A000043B56F8043BD9F800804FEA134A1FFAD3
:10B1B00088F30EFB0A3303EB1243B4454FEA134AFC
:10B1C000E5D8009E019A002E4FEA820208BF0022B5
:10B1D0002A44536004358DE7013F8FE7544D04083E
:10B1E000C64D04082DE9F843174612F003028046C5
:10B1F0000D4607D0264C013A002354F82220FFF7D1
:10B2000049FE0546BF103FD0D8F81C4094B9102025
:10B21000FFF71CFD0446C8F81C0030B902461D4B60
:10B220001D4840F2B311FFF771F90023C0E9013363
:10B230000360C360A66846B940F271214046FFF73B
:10B2400005FF0023A060064603602C464FF000096E
:10B2500007F001037F1053B1294632464046FFF7FD
:10B260000BFF214605464046FFF7F2FD67B1306807
:10B2700038B9324631464046FFF7FEFE3060C0F82E
:10B28000009006462C46E3E72846BDE8F88300BF59
:10B29000C44F04089E4C0408C64D04082DE9F84F1D
:10B2A0000C4649682669A36806EB62160746914674
:10B2B0004FEA621A06F1010843450BDB3846FFF7F7
:10B2C00089FD054648B902462B4B2C484FF4EF71D7
:10B2D000FFF71CF901315B00EEE700F114010023D8
:10B2E0000A461846534539DB20692AEAEA7A01EB17
:10B2F0008A0104F1140319F01F098C4603EB800046
:10B3000030D0C9F1200A4FF0000E1A68E34602FA65
:10B3100009F242EA0E02CBF8002053F8042B9842BF
:10B320000CF1040C22FA0AFEEFD8031B153B23F0A4
:10B33000030304F11502904238BF00231944C1F8F9
:10B3400004E0BEF1000F00D1B0463846C5F81080C9
:10B350002146FFF77DFD2846BDE8F88F42F8040B33
:10B360000133BFE753F8041BCCF8001098420CF1EE
:10B37000040CF7D8E8E700BF544D0408C64D040894
:10B3800003690A699B1A30B50ED11430143100EBF1
:10B39000820401EB820154F8045D51F8042D9542BA
:10B3A00004D006D24FF0FF33184630BDA042F2D38E
:10B3B000FAE70123F8E700002DE9F74F8A46064631
:10B3C000114650461446FFF7DBFF051E12D12946F1
:10B3D0003046FFF7FFFC024628B9414B40F23721C7
:10B3E0004048FFF793F80123C0E90435104603B045
:10B3F000BDE8F08FBCBF5346A2463046DAF80410D1
:10B40000BABF1C4601250025FFF7E4FC024618B927
:10B41000334B40F24521E3E7DAF810702669C56046
:10B420000AF1140904F1140E00F114050AF11003D5
:10B4300009EB87080EEB86060193AB464FF0000C34
:10B44000019B5EF8040B53F804AF01931FFA8AF1D5
:10B4500083B2CB1A000C6344C0EB1A4000EB2340CC
:10B460009BB243EA004376454BF8043B4FEA204C3D
:10B47000E6D8331B153B153423F00303A64238BF2F
:10B480000023E8184B441C1D04302646A5EB090593
:10B4900046450ED308F10301091B21F003010133D6
:10B4A000984538BF0021014451F8043DABB1176104
:10B4B0009CE706EB050E56F8041BE2464FEA1149DD
:10B4C0001CFA81FC514409EB2C4989B241EA09413B
:10B4D0004FEA294CCEF80010DAE7013FE4E700BF5D
:10B4E000544D0408C64D040882B08DED000B019A3E
:10B4F0000F4B1340A3F15073002B08DC5B42B3F1F8
:10B50000A07F4FEA235204DA4FF4002313410022B4
:10B5100008E0A2F114031E2BDABF4FF00042DA401C
:10B52000012200231946104641EC100B02B070476F
:10B530000000F07FF8B5056900F1140606EB8505FB
:10B540002F1F55F8044C2046FFF734FDC0F12003AF
:10B550000A280B6016DCC0F10B0C24FA0CF1BE4279
:10B5600041F07F5334BF55F8081C0021153004FA10
:10B5700000F021FA0CF143F4401301430A4643EC76
:10B58000102BF8BDBE423ABF55F8081CA5F10807BC
:10B5900000210B3812D0C0F1200521FA05F38440B8
:10B5A0001C43B74244F07F538CBF57F8044C00242F
:10B5B0008140EC4043F440132143DFE744F07F53E4
:10B5C00043F44013DAE700002DE9F7430F46012169
:10B5D00059EC108B1646FFF7FDFB054630B90246C5
:10B5E000234B244840F20F31FEF790FFC9F30A5471
:10B5F000C9F313030CB143F480130193B8F10003B2
:10B6000023D068460093FFF7F3FC0099D8B1019A64
:10B61000C0F1200302FA03F30B43C2406B610192B5
:10B62000019BAB61002B0CBF012202222A61A4B155
:10B63000A4F2334404443C60C0F135003060284635
:10B6400003B0BDE8F0836961EAE701A8FFF7D0FC29
:10B65000019B6B6120300122E8E705EB8203A0F239
:10B66000324038601869FFF7A5FCC0EB4210E5E7EF
:10B67000544D0408C64D0408F7B50E466946074602
:10B68000FFF758FF01A9304655EC104BB0EE407B58
:10B69000FFF750FF33693A69D21ADDE900369B1B88
:10B6A00003EB4213002BCCBF17EE902A10EE902A2A
:10B6B00051EC100BD6BFC3EB033302EB035502EB87
:10B6C000035145EC174B41EC160B87EE060B03B00C
:10B6D000F0BD013970B549111469013102F114034B
:10B6E00000EB810103EB8404051FA3420CD3A31AD2
:10B6F000113B23F003031132944238BF0023184456
:10B700000023884205D370BD53F8046B45F8046FDD
:10B71000EBE740F8043BF4E700F1140200694B1139
:10B72000984210B511DB0ADD11F01F0107D052F865
:10B73000234024FA01F000FA01F18C420BD102EB14
:10B740008303934203D8002010BD0346F7E753F864
:10B75000041D0029F5D00120F6E749B1FF2A85BF75
:10B760008A2303600A704FF0FF3098BF01207047B2
:10B77000084670472DE9F0478E681F46BE42824654
:10B780000C469046334653D8B1F90C0010F4906F34
:10B790002BD065692368096905EB4505A3EB010911
:10B7A00005EBD5757B1C6D104B44AB422A4684BF1C
:10B7B0001D462A46430527D511465046FFF770FA25
:10B7C000064658B321694A46FEF781FEA38923F451
:10B7D000906343F08003A381266165614E44A5EB2D
:10B7E00009052660A5603E463B461F4620683A464E
:10B7F0004146FEF749FDA3689B1BA36023683B44B9
:10B8000023600020BDE8F087504600F018FF064690
:10B810000028E1D121695046FEF796FE0C23CAF8B4
:10B820000030A38943F04003A3814FF0FF30E9E7E4
:10B830003E46DBE72DE9F0471F468B891B069CB08F
:10B8400006460D46144610D50B6973B94021FFF723
:10B8500027FA2860286130B90C2333604FF0FF309D
:10B860001CB0BDE8F08740236B61002309932023BF
:10B870008DF8293003973023654F8DF82A304FF02B
:10B88000010823461A7899461AB1252A03F10103C3
:10B89000F8D1B9EB040A0BD053462246294630466C
:10B8A000FFF768FF013000F0A380099A5244099223
:10B8B00099F80030002B00F09B8000224FF0FF33FE
:10B8C000CDE9053209F10109049207928DF8532060
:10B8D0001A924C46052214F8011B4D48E4F710FD5E
:10B8E000049AD0B9D00644BF20238DF853301107F5
:10B8F00044BF2B238DF8533099F800302A2B13D0F6
:10B9000007994B4600204FF00A0C1A78303A092A62
:10B910001C464AD9A8B1079113E0C01B08FA00F0F1
:10B9200010430490A146D4E7039B191D1B680391A3
:10B93000002BBBBF5B4242F0020207930793B8BFE4
:10B94000049223782E2B0AD163782A2B32D1039BC1
:10B950001A1D1B68039243EAE37302340593DFF870
:10B96000C090217803224846E4F7CAFC38B1049B12
:10B97000A0EB090040228240134301340493217854
:10B9800024488DF828100622E4F7BAFC002835D0A8
:10B99000214818BB039B073323F0070308330393A5
:10B9A000099B0344013409936BE701330CFB01212C
:10B9B0000120AAE700230593611C18464FF00A0CEA
:10B9C0000A78303A092A0C4603D9002BC7D00590D3
:10B9D000C5E701310CFB00200123F1E703AB009325
:10B9E0002A460E4B04A93046AFF30080421CD7D143
:10B9F000AB895B063FF532AF099831E703AB0093A3
:10BA00002A46064B04A9304600F050FAEEE700BF84
:10BA1000204E04082A4E04080000000075B70108F3
:10BA2000264E040838B54B1C144603D14FF0FF35A1
:10BA3000284638BD938923F020039381636B5268B5
:10BA4000CDB28BB1A36B934208DD23685A1E2260EE
:10BA500003F8015C636801336360E9E7214600F0A5
:10BA600088FD0028F1D0E1E72169236851B19942AE
:10BA700008D213F8011CA94204D1013B0132236012
:10BA80006260D5E7C4E90F3204F144036363032322
:10BA9000A363234603F8465F23600123DCE710B568
:10BAA0000C46496B69B104F14403994201D0FEF799
:10BAB0004BFD236C63600020606313B1E36B236074
:10BAC00010BD2369236000236360A38943F0200332
:10BAD000A3814FF0FF30F3E72DE9F04F0D46ADF5B0
:10BAE000237D0021CDE9441101A94691A449A091EB
:10BAF000DFF898B2A349A19180466F46009392F86F
:10BB00000090B9F1000F00F056811BF8093013F0D6
:10BB1000080302F101061AD06B68002B10DD2B68B8
:10BB20001A781BF80220120701D43246E7E7459A3B
:10BB3000013245926A680133013A6A602B60EBE793
:10BB4000A19B2946404698470028E8D0EDE7B9F187
:10BB5000250F40F082804193439353782A2B02BFF4
:10BB60001023961C41930A22B2461AF8011BA1F138
:10BB70003003092B1CD984480322E4F7C1FB38B1F8
:10BB8000814B419AC01A0123834013434193564687
:10BB900016F8013B782B06D8572B10D8252B5CD0F4
:10BBA00056D8002B74D0032347930A23429387E08F
:10BBB000439B02FB0311303943915646D4E7A3F16E
:10BBC0005802202AEFD801A151F822F09FBC0108A9
:10BBD000A7BB0108A7BB0108FBBC0108A7BB010864
:10BBE000A7BB0108A7BB0108A7BB0108A7BB0108A9
:10BBF000A7BB0108A7BB010811BD0108F7BC0108DC
:10BC000057BC010857BC010857BC0108A7BB010875
:10BC1000B1BC0108A7BB0108A7BB0108A7BB01086D
:10BC2000A7BB010821BD0108B9BC010897BC0108E8
:10BC3000A7BB0108A7BB01081DBD0108A7BB0108E0
:10BC4000F7BC0108A7BB0108A7BB01089FBC0108FE
:10BC5000453B022BA7D8052331E06B68002B0DDD97
:10BC60002B681A784A4540F0A68001336A682B6039
:10BC7000459B013A01336A60459356E7A19B2946EB
:10BC8000404698470028EBD04498002840F08B802D
:10BC90004FF0FF308BE0419A42F020024192419AEE
:10BCA00042F40072419210226E2B429206D801E0BB
:10BCB00000234293032302E0082342930423479383
:10BCC0006B68002B3ADD419B590605D42B681A7826
:10BCD0001BF80220120738D4479B022B47DC3B4657
:10BCE0002A4641A9404600F00BFA012863D00228F9
:10BCF0007FF41BAFC8E70A22D6E7314601A800F05F
:10BD0000FFFB419B43F04003419306460123D6E7E6
:10BD1000419B43F0400341930023D0E70223CEE749
:10BD20004198C3063FF501AF3B68459A191D39603C
:10BD30001B68C4074CBF1A801A60F6E6A19B29460F
:10BD4000404698470028BED09EE7459A013245926A
:10BD50006A68013A002A6A6002DD01332B60B5E7A8
:10BD6000A19B2946404698470028AFD08CE7042B7A
:10BD70000EDC3B462A4641A9404600F01BFAB4E7D8
:10BD800025BA01089FBA0108264E0408C14E0408CE
:10BD90000A4B002B3FF4C9AE3B462A4641A9404618
:10BDA000AFF30080A1E7AB895B063FF571AF0DF5FE
:10BDB000237DBDE8F08F4498F9E700BF0000000044
:10BDC0002DE9F047914698468A680B69089E934290
:10BDD000B8BF1346C9F8003091F8432007460C4617
:10BDE00012B10133C9F800302368990642BFD9F86F
:10BDF00000300233C9F80030256815F0060507D178
:10BE000004F1190AE368D9F800209B1AAB4229DC37
:10BE100094F843302268003B18BF012392062ED4C9
:10BE200004F1430241463846B047013021D023682F
:10BE3000A168226903F00603042B01BFE568D9F865
:10BE40000030ED1A25EAE57518BF00258B1A2B4442
:10BE50009142C8BF1D464FF000091A344D451AD112
:10BE6000002008E00123524641463846B0470130E1
:10BE700003D14FF0FF30BDE8F0870135C2E7E1188C
:10BE80005A1C302081F84300224494F8451082F86F
:10BE900043100233C4E70123224641463846B047E7
:10BEA0000130E6D009F10109D8E700002DE9F0439F
:10BEB00098460B7E85B0782B174606460C9A0C46A2
:10BEC00009D8622B01F1430108D8002B00F0DC8077
:10BED000582B00F0BD8004F1420539E0A3F1630066
:10BEE0001528F8D801A555F820F000BF45BF010876
:10BEF00059BF0108D7BE0108D7BE0108D7BE010847
:10BF0000D7BE010859BF0108D7BE0108D7BE010836
:10BF1000D7BE0108D7BE010869C0010885BF010866
:10BF200017C00108D7BE0108D7BE010891C001089B
:10BF3000D7BE010885BF0108D7BE0108D7BE0108DA
:10BF40001FC001081368191D1B68116004F1420528
:10BF500084F842300123A8E013682568181D10609A
:10BF6000280601D51B6803E06A06FBD5B3F900304B
:10BF7000002B03DA2D225B4284F84320DFF878C1DE
:10BF80000A2213E02568106815F0800F50F8043B72
:10BF900002D16D0648BF9BB21060227EDFF858C107
:10BFA0006F2A5DD10822002084F843006568A560EF
:10BFB000002D05DB20681D4320F00400206051D0D7
:10BFC0000D46B3FBF2F002FB103E9A421CF80EE065
:10BFD00005F801ED0346F4D9082A0BD12368DA07E6
:10BFE00008D5236962689A42DEBF302305F8013C18
:10BFF00005F1FF35491B2161CDF800803B4603AABE
:10C0000021463046FFF7DCFE013053D14FF0FF30C0
:10C0100005B0BDE8F083236843F020032360DFF818
:10C02000DCC0782384F845302068156810F0800F54
:10C0300055F8043B03D110F0400F18BF9BB21560B8
:10C04000C50744BF40F02000206023B11022AAE7BA
:10C05000DFF8A4C0E6E7226822F020022260F5E7BC
:10C060000A22A0E70D46B7E71368D4F800C060695C
:10C070001D1D15601CF0800F1B6801D0186003E0C7
:10C080001CF0400FFAD01880002323610D46B3E75F
:10C090001368191D11601D68626800212846E4F7C5
:10C0A0002FF908B1401B606063682361002384F8A6
:10C0B0004330A1E723692A4639463046C04701305C
:10C0C000A4D023689B0714D4E068039B9842B8BFB0
:10C0D00018469DE7012304F1190239463046C0474E
:10C0E000013093D00135E36803995B1AAB42F1DC70
:10C0F000EAE70025F7E700BF314E0408424E040886
:10C100002DE9F84315468A6880460C4632B98A699B
:10C11000002A14BF4FF0FF3201228A602268DFF844
:10C120009090D1065FBF1A68111D1960166800272C
:10C13000A06988B1012807D12B681A7863699B5CD4
:10C1400053B9002F32D023E0022821D12B681B786D
:10C1500019F803301B071BD42368DA065EBF2B686F
:10C160001B7806F8013B6B68013B6B602B68013361
:10C170002B60A368013B0137A3604BB16B68002BB8
:10C18000D6DCD4F880312946404698470028CFD0E5
:10C19000236813F0100305D1E2680132E260A2695E
:10C1A00002B1337023693B4423610020BDE8F8836A
:10C1B000C14E04082DE9F04F9946704B0C4682465B
:10C1C000164693E8070087B003AB83E807006C4B83
:10C1D000A1696C4A032908BF1A46A36801925A1E36
:10C1E000B2F5AE7F84BF6FF4AE7503EB050827464A
:10C1F00084BF40F25D13A36057F81C3B43F45063C7
:10C2000098BF4FF0000823603D464FF0000B3168A7
:10C2100003AB097853F82B000222E4F771F820B33E
:10C22000BBF1010F54D162682AB92268082142F497
:10C23000007261602260226822F4A0622260A2681B
:10C24000511EA1608AB13268511C3160127805F824
:10C25000012B7268013A002A726006DCD4F8802152
:10C2600031465046904700287DD10BF1010BBBF1C0
:10C27000030FCCD1616809B90A216160424B606942
:10C28000591A00F03DF94FF0000BA368002B3BD08A
:10C29000316862690878125C002A35D0302822683B
:10C2A00024D1100522D50BF1010BB8F1000F03D0FA
:10C2B000013308F1FF38A3607368013B002B736002
:10C2C0001BDD336801333360A368013BA360DCE707
:10C2D000BBF1020FB3D1226802F4C061B1F5007F57
:10C2E000C8D11021616042F48072A7E722F4106285
:10C2F00022600B7805F8013BDEE7D4F88031314647
:10C30000504698470028DFD02368DB050BD5BD4297
:10C3100007D915F8011CD4F87C31324650469847AD
:10C32000013DBD4227D0226812F0100212D12A70BE
:10C330006368019E39465046B047D9F800302168FD
:10C340001A1DC9F800208E061B680FD51860E36817
:10C350000133E3602369ED1B5D442B44236100201E
:10C3600007B0BDE8F08F4FF0000BCDE7CA074CBF18
:10C3700018801860EBE70120F2E700BF54D10108F4
:10C3800091C70108A19F0108634E0408B1F90C2070
:10C390002DE9F041160705460C4651D44B68002B99
:10C3A00002DC0B6C002B49DDE66A002E46D0002330
:10C3B00012F480522F682B6031D0626DA389590727
:10C3C00005D56368D21A636B0BB1236CD21A0023B4
:10C3D000E66A216A2846B047421CB4F90C3006D1FF
:10C3E00029681D2945D8284ACA40D60741D50022C8
:10C3F0006260D9042269226004D5421C01D12B68F5
:10C4000003B96065616B2F60C1B104F144039942C7
:10C4100002D02846FEF798F8002363630EE0216AF5
:10C4200001232846B0470246501CC7D12B68002B79
:10C43000C4D01D2B01D0162B1AD12F6000201DE077
:10C440000F69002FFAD093070E6808BF4B690F6081
:10C4500018BF0023A6EB07088B60B8F1000FEDDDD5
:10C46000216AA66A43463A462846B047002807DCB8
:10C47000A38943F04003A3814FF0FF30BDE8F08172
:10C480000744A8EB0008E8E70100402038B50B6935
:10C4900005460C4613B91D46284638BD18B1036A37
:10C4A0000BB9FDF717FEB4F90C30002BF3D0626E18
:10C4B000D00704D4990502D4A06DFEF706F82846EB
:10C4C0002146FFF763FF636EDA070546E4D4A389CC
:10C4D0009B05E1D4A06DFDF7F9FFDDE70EB403B5D0
:10C4E000014603AB054853F8042B0068019300F0A4
:10C4F00079F902B05DF804EB03B070477C020020CC
:10C5000070B50B785E2B0BBF4B784C1C8C1C00223B
:10C5100008BF0122411E00F1FF0501F8012FA942C9
:10C52000FBD113B9621E104670BD82F00101C154E7
:10C530002246144614F8015B2D2D05D05D2D16D032
:10C54000002DF0D02B46F2E756785D2EFAD0B3429C
:10C55000F8DC02321C460134A6420155FBDCF41A19
:10C56000013CB342A8BF002401332344E1E7224643
:10C57000D9E72DE9F0410C46496B04F14403994297
:10C580001DD14FF48061FEF78BFB18B94FF0FF30DF
:10C59000BDE8F0814FF48063A36394F84630606394
:10C5A00080F8FF3394F8453080F8FE3394F8443037
:10C5B00080F8FD3300F2FD3020600020E8E7A66B34
:10C5C00077003A4600F03BF805460028DED000EB45
:10C5D0000608014632464046FDF779FFC4E90D578B
:10C5E000C4F80080E9E7000038B5064C0023054692
:10C5F0000846236000F0A0FB431C02D1236803B16E
:10C600002B6038BDAC6C012008B5062000F0B8FAEC
:10C61000012000F0A7FB70B5A1FB026535B93146DA
:10C62000FEF73EFB044628B9204670BD0C2303608C
:10C630000024F9E732462946FDF73FFEF4E72DE9ED
:10C64000F041074615460C4621B9BDE8F0411146B8
:10C65000FEF726BB2AB9FDF777FF2C462046BDE83A
:10C66000F08100F0A9FA8542064602D8B5EB500FDA
:10C67000F4D829463846FEF713FB804608B94446ED
:10C68000ECE7B5422A46214628BF3246FDF71FFF98
:10C6900021463846FDF758FFF1E70000242B2DE92D
:10C6A000F047884601D8012B06D1FDF7E3FE16239B
:10C6B00003600020BDE8F087344E0D46294615F88A
:10C6C000014B375D17F00807F8D12D2C10D12C78CD
:10C6D00001278D1C33F0100115D1302C0DD1297894
:10C6E00001F0DF01582908D16C78023510230AE0E7
:10C6F0002B2C04BF2C788D1CECE7002BF6D1302CB2
:10C7000014BF0A23082307F1004E0EF1FF3E00215B
:10C71000BEFBF3F90E4603FB19EAA4F1300CBCF1A1
:10C72000090F10D86446A3421EDDB1F1FF3F07D0C8
:10C73000B14516D301D1A24513DB06FB0346012107
:10C7400015F8014BE9E7A4F1410CBCF1190F01D830
:10C75000373CE8E7A4F1610CBCF1190F04D8573C51
:10C76000E1E74FF0FF31EBE74B1C05D122230360DB
:10C77000764632B930469DE707B17642002AF9D0B5
:10C7800009B105F1FF38C2F80080F3E7C14E040893
:10C79000FFF784BF9368013B002B10B4936007DA66
:10C7A0009469A34201DB0A2902D110BC00F02EB922
:10C7B0001368581C10601970084610BC7047F8B513
:10C7C00006460F461446D518AC4201D1002007E0BA
:10C7D00014F8011B3A463046FFF7DCFF431CF3D147
:10C7E000F8BD00002DE9F04706469CB00D46144602
:10C7F0001F4618B1036A0BB9FDF76CFC6B6ED907C5
:10C8000005D4AB899A0502D4A86DFDF75EFEAB890D
:10C810001B0701D52B699BB92946304600F034F936
:10C8200070B16B6EDE0704D54FF0FF301CB0BDE871
:10C83000F087AB899C05F7D4A86DFDF747FEF3E7B9
:10C840000023099320238DF82930039730236A4F62
:10C850008DF82A304FF0010823461A7899461AB10C
:10C86000252A03F10103F8D1B9EB040A0BD0534692
:10C87000224629463046FFF7A2FF013000F0A38090
:10C88000099A5244099299F80030002B00F09B80DD
:10C8900000224FF0FF33CDE9053209F1010904927E
:10C8A00007928DF853201A924C46052214F8011B6A
:10C8B0005148E3F725FD049AD0B9D00644BF2023A0
:10C8C0008DF85330110744BF2B238DF8533099F85E
:10C8D00000302A2B13D007994B4600204FF00A0C4A
:10C8E0001A78303A092A1C464AD9A8B1079113E0B0
:10C8F000C01B08FA00F010430490A146D4E7039B44
:10C90000191D1B680391002BBBBF5B4242F0020262
:10C9100007930793B8BF049223782E2B0AD163782C
:10C920002A2B32D1039B1A1D1B68039243EAE3733F
:10C9300002340593DFF8D090217803224846E3F7CC
:10C94000DFFC38B1049BA0EB090040228240134376
:10C9500001340493217829488DF828100622E3F742
:10C96000CFFC00283ED0264818BB039B073323F09A
:10C97000070308330393099B0344013409936BE7CE
:10C9800001330CFB01210120AAE700230593611C60
:10C9900018464FF00A0C0A78303A092A0C4603D997
:10C9A000002BC7D00590C5E701310CFB0020012307
:10C9B000F1E703AB00932A46124B04A93046AFF3CC
:10C9C0000080431CD7D16B6ED90705D4AB899A057B
:10C9D00002D4A86DFDF77AFDAB895B063FF524AF65
:10C9E000099823E703AB00932A46064B04A9304677
:10C9F000FFF75CFAE5E700BF204E04082A4E040862
:10CA000000000000BFC70108264E0408F8B505461F
:10CA10000F46144618B1036A0BB9FDF75BFBA36917
:10CA2000A360A3891A0701D5236943B92146284683
:10CA300000F02AF818B14FF0FF363046F8BD2369F0
:10CA40002068C01A6369834205DC21462846FFF747
:10CA50001DFD0028EFD1A368013BA36023685A1C89
:10CA600022601F70636901308342FEB204D0A38943
:10CA7000DB07E2D50A2EE0D121462846FFF706FD66
:10CA80000028DAD0D7E7000038B5284B05461868EB
:10CA90000C4618B1036A0BB9FDF71CFBB4F90C3056
:10CAA000190720D4DA0607D409222A6043F040038C
:10CAB000A3814FF0FF3031E0580711D5616B41B1D0
:10CAC00004F14403994202D02846FDF73DFD0023BE
:10CAD00063630022A38962602269226023F0240339
:10CAE00043F00803A38123694BB9A38903F420739E
:10CAF000B3F5007F03D02146284600F089F8B4F949
:10CB00000C3013F001020AD00022A2606269524286
:10CB1000A261226942B913F08000C7D138BD9907DC
:10CB200058BF6269A260F4E70020F7E77C020020AA
:10CB30001F2938B505460C4604D9162303604FF06B
:10CB4000FF3038BDC26B12B152F821304BB92846C4
:10CB500000F030F8224601462846BDE8384000F093
:10CB600017B8012B0AD0591C03D1162303600120EA
:10CB7000E7E7002142F82410204698470020E0E72C
:10CB8000024B01461868FFF7D3BF00BF7C020020AC
:10CB900038B5074C0023054608461146236000F0CF
:10CBA000B3F8431C02D1236803B12B6038BD00BF2A
:10CBB000AC6C012000F098B851F8043C181F002B11
:10CBC000BCBF0B58C018704770B50E46B1F90E10B7
:10CBD000002996B014461D460ADAB28912F0800286
:10CBE00013D14FF4806100202A60216016B070BD1F
:10CBF0006A4600F047F80028EFDB019A02F4704221
:10CC0000A2F500535A425A41EBE700224021EAE7DD
:10CC10008B8973B59E0705460C4607D504F147037B
:10CC2000236023610123636102B070BD01AB6A46DA
:10CC3000FFF7CAFF009E28463146FEF731F8B4F9E7
:10CC40000C3038B99A05EFD423F0030343F0020304
:10CC5000A381E3E743F08003A381019B2060C4E943
:10CC60000406002BE0D0B4F90E10284600F01CF8A2
:10CC70000028D9D0A38923F0030343F00103A38143
:10CC8000D2E7000038B5074C002305460846114698
:10CC9000236000F021F8431C02D1236803B12B600C
:10CCA00038BD00BFAC6C012038B5064C00230546EA
:10CCB0000846236000F020F8431C02D1236803B12A
:10CCC0002B6038BDAC6C0120024B58221A604FF02B
:10CCD000FF307047AC6C0120024B58221A604FF0B5
:10CCE000FF307047AC6C0120024B58221A604FF0A5
:10CCF000FF307047AC6C0120024B58221A600020B4
:10CD0000704700BFAC6C0120024B58221A604FF0F4
:10CD1000FF307047AC6C0120024B58221A604FF074
:10CD2000FF307047AC6C0120024B58221A604FF064
:10CD3000FF307047AC6C0120044A05491368002B92
:10CD400008BF0B461844106018467047BC6C0120A1
:10CD5000C06C0120024B58221A604FF0FF30704720
:10CD6000AC6C0120FEE700BF41EC170BB5EEC07BB9
:10CD7000F1EE10FA01D400F00BB808B581F00041D3
:10CD800000F006F8404261EB410108BD00000000E0
:10CD90009FED0B7B41EC160B9FED0B5B26EE077BAB
:10CDA000BCEEC77BB8EE474BA4EE456BFCEEC67BF2
:10CDB00017EE101A17EE900A704700BFAFF300800D
:10CDC000000000000000F03D000000000000F04105
:10CDD0002DE9F04782B00646DDF828E00846B44663
:10CDE0000D46002B4ED18A4214466DD9B2FA82F21A
:10CDF00042B1C2F12003954026FA03F394401D434B
:10CE000006FA02FC260CA7B2B5FBF6F14FEA1C436A
:10CE100006FB115543EA054301FB07F0984209D987
:10CE2000E31801F1FF3580F00381984240F2008160
:10CE3000023923441B1A1FFA8CFCB3FBF6F006FBE5
:10CE400010334CEA034C00FB07F363450AD914EB9B
:10CE50000C0C00F1FF3580F0ED80634540F2EA8074
:10CE6000A444023840EA0140ACEB030C0021BEF1BF
:10CE7000000F04D02CFA02F30022CEE9003202B0F7
:10CE8000BDE8F0878B4209D9BEF1000F01D0CEE991
:10CE900000610021084602B0BDE8F087B3FA83F1D3
:10CEA000174600294DD1834202D3B24200F20F81CE
:10CEB000B6EB070C60EB030301201D46BEF1000F2B
:10CEC000DDD0CEE900C5DAE7002A00F098801A46E6
:10CED000B4FA84F3002B40F0AF800B1B270CA6B2F2
:10CEE0000121B3FBF7F54FEA1C4007FB153340EA7D
:10CEF000034306FB05F8984507D9E31805F1FF3011
:10CF000002D2984500F2E8800546A3EB08031FFA19
:10CF10008CFCB3FBF7F007FB10334CEA034C06FB29
:10CF200000F3634508D914EB0C0C00F1FF3602D274
:10CF3000634500F2CE803046ACEB030C40EA05407E
:10CF400095E7C1F120058B4022FA05FC4CEA030C61
:10CF500000FA01F426FA05F3E84002FA01F943EA7F
:10CF600004084FEA1C4206FA01FAB0FBF2F71FFA76
:10CF70008CF602FB17004FEA184444EA004407FB12
:10CF800006F0A0420AD91CEB040407F1FF3380F03D
:10CF90009C80A04240F29980023F6444241A1FFA08
:10CFA00088F3B4FBF2F002FB104443EA044300FBB5
:10CFB00006F69E4209D91CEB030300F1FF3480F012
:10CFC00082809E427FD90238634440EA0740A0FB3A
:10CFD00009749B1BA3423E46A04664D361D0BEF1B8
:10CFE000000F0AD0BAEB060263EB080303FA05F55B
:10CFF000CA401543CB40CEE9005300213FE77308F8
:10D0000043EAC1734A08190C41EA02414FEAC67C5F
:10D010009BB2B2FBF4F02646A04627461F2243EA05
:10D020000143B1FBF4F1A3EB080341EA004158E7E7
:10D030002946FFE6284615E71A46C3F120019C4021
:10D0400026FA01F320FA01F190400343270C06FA77
:10D0500002FCB1FBF7F0A6B207FB1015190C41EA70
:10D06000054100FB06F58D423BD9611801D28D4286
:10D0700020D8491B0138B1FBF7F5019505FB06F8EF
:10D08000019D9BB207FB151143EA0143434526D29C
:10D09000E31805F1FF31C6D24345C4D2A91E23448B
:10D0A000C1E7BA459BD2B7EB090664EB0C04013823
:10D0B000A04694E7651B29440238B1FBF7F50195BA
:10D0C00005FB06F8DCE720467FE71F4666E70846D3
:10D0D000F4E6A44402382FE7023D234415E7019902
:10D0E000A1E7491BB1FBF7F5019505FB06F8C7E77A
:10D0F000F8B500BFF8BC08BC9E467047F8B500BF45
:08D10000F8BC08BC9E46704714
:10D108000000000000000000000000000000000017
:10D118000000000001000000020000000300000001
:10D1280004000000000000000500000000000000EE
:10D1380000000000000000000600000000000000E1
:10D14800000000000000000007000000654E040811
:10D15800684E04086B4E040848372C41524D2C5237
:10D16800455345545F5245515545535445442C4603
:10D1780049454C443D5245440D0A000048372C416E
:10D18800524D2C52455345545F52455155455354C1
:10D1980045442C4649454C443D424C55450D0A00F2
:10D1A80041524D2C53594E432C52455345542C460D
:10D1B80049454C442C5245440D0A000041524D2C1F
:10D1C80053594E432C52455345542C4649454C44DB
:10D1D8002C424C55450D0A00257300002C00000018
:10D1E80048372C4C4F43414C5F534552564F2C45C2
:10D1F80052522C524541534F4E2C50415253450DDB
:10D208000A0000004C4F43414C5F534552564F00B3
:10D2180053455400494E444558000000414E474C80
:10D22800455F44454700000048372C4C4F43414C6C
:10D238005F534552564F2C4552522C524541534F3D
:10D248004E2C534552564F5F494E4445580D0A00DF
:10D2580048372C4C4F43414C5F534552564F2C4551
:10D2680052522C524541534F4E2C414E474C455F2C
:10D2780052414E47450D0A0048372C4C4F43414C0C
:10D288005F534552564F2C41434B2C494E44455809
:10D298002C256C752C414E474C455F4445472C2541
:10D2A8002E31660D0A00000041524D00434F4C5587
:10D2B8004D4E5F4341544348000000005345510020
:10D2C8004649454C4400000052454400424C5545EF
:10D2D8000000000054455354000000005441534BD3
:10D2E800330000005441534B3200000048372C4CA7
:10D2F8004F472C5441534B325F52585F4259544563
:10D30800532C53415645440D0A00000048372C4C15
:10D318004F472C5441534B325F52585F4259544542
:10D32800532C534156455F4641494C0D0A000000B5
:10D33800524B2C544553542C5441534B322C00001F
:10D34800524B2C544553542C5441534B332C00000E
:10D358004C4F43414C5F534552564F2C0000000040
:10D3680053544152540000005241444955535F4DB3
:10D378004D00000048372C544553542C5441534B0E
:10D38800332C425553590D0A0000000048372C54DD
:10D398004553542C5441534B332C41434B2C534548
:10D3A800512C256C752C4649454C442C25730D0A87
:10D3B8000000000048372C544553542C5441534B1B
:10D3C800332C41434B5F41434345505445440D0A78
:10D3D8000000000048372C544553542C5441534BFB
:10D3E800322C425553590D0A0000000048372C4C86
:10D3F8004F472C5441534B325F52585F535441525C
:10D40800542C53415645440D0A00000048372C4C13
:10D418004F472C5441534B325F52585F535441523B
:10D42800542C534156455F4641494C0D0A000000B3
:10D4380048372C544553542C5441534B322C4143B8
:10D448004B2C5345512C256C752C4649454C442C86
:10D4580025730D0A0000000048372C544553542CFE
:10D468005441534B322C41434B5F41434345505445
:10D4780045440D0A000000004E45585400000000C5
:10D48800535445500000000048372C544553542C41
:10D498005441534B322C41434B2C5345512C256C52
:10D4A800752C4649454C442C25732C535445502C17
:10D4B800256C750D0A00000053544F500000000001
:10D4C80048372C544553542C25732C4552522C5212
:10D4D8004541534F4E2C50415253450D0A00000010
:10D4E80048372C544553542C25732C4552522C52F2
:10D4F8004541534F4E2C50415253452C4C454E2CD0
:10D50800256C750D0A00000048372C544553542CDF
:10D518005441534B322C4552522C524541534F4E95
:10D528002C4C494E455F544F4F5F4C4F4E470D0AA8
:10D5380000000000504155534500000048372C4179
:10D54800524D2C434F4C554D4E5F43415443482C4C
:10D5580041434B2C5345512C256C752C4649454C61
:10D56800442C25732C434F4D4D414E442C25730DAF
:10D578000A000000524553554D450000524B2C41BE
:10D58800524D2C444953435F43415443482C505215
:10D5980045505F484947485F41434B0048372C4155
:10D5A800524D2C524B5F52454144590D0A00000020
:10D5B80048372C41524D2C524B5F52455345545FCE
:10D5C80041434B0D0A000000524B2C41524D2C5246
:10D5D800454144590000000048372C41524D2C5217
:10D5E8004B5F52455345545F444F4E450D0A00006A
:10D5F800524B2C41524D2C52455345542C41434BD0
:10D608000000000048372C41524D2C444953435FD9
:10D6180043415443482C505245505F484947485F5E
:10D62800434F4E4649524D45440D0A00524B2C413A
:10D63800524D2C52455345542C444F4E4500000042
:10D6480041524D2C25732C484F4C442C5345512C9A
:10D65800256C750D0A000000524B2C41524D2C25AB
:10D66800732C484F4C445F444F4E452C5345512C26
:10D67800256C7500524B2C41524D2C25732C45526C
:10D68800522C5345512C256C7500000048372C410D
:10D69800524D2C434F4C554D4E5F43415443482CFB
:10D6A80041524D5F484F4C445F574149540D0A0061
:10D6B80048372C41524D2C434F4C554D4E5F4341FA
:10D6C8005443482C41524D5F484F4C445F444F4EA1
:10D6D800450D0A0048372C41524D2C434F4C554DAF
:10D6E8004E5F43415443482C484F4C445F464149A0
:10D6F8004C2C5345512C256C752C4649454C442CD3
:10D7080025730D0A0000000048372C41524D2C4368
:10D718004F4C554D4E5F43415443482C41524D5F49
:10D72800484F4C445F54494D454F55540D0A00002D
:10D7380041524D2C53594E432C4649454C442C528A
:10D7480045440D0A0000000041524D2C53594E43E8
:10D758002C4649454C442C424C55450D0A000000C6
:10D7680048372C5553422C52582C00000D0A000003
:10D7780048372C4552522C5052455441534B5F4127
:10D78800524D5F4C494E455F544F4F5F4C4F4E478B
:10D798000D0A000048372C41524D2C444953435F31
:10D7A80043415443482C505245505F484947485FCD
:10D7B8004153594E435F53544152540D0A000000DF
:10D7C80041524D2C444953435F43415443482C50E4
:10D7D8005245505F484947482C4649454C442C25FA
:10D7E800732C4944312C25642C4944322C25642C53
:10D7F8004944362C25640D0A0000000048372C41A6
:10D80800524D2C444953435F43415443482C505292
:10D8180045505F484947485F54494D454F55540D59
:10D828000A000000444953435F4341544348000001
:10D8380041524D2C25732C53544152542C5345516D
:10D848002C256C752C4649454C442C25730D0A0033
:10D8580041524D2C25732C5354415455532C534548
:10D86800512C256C750D0A00524B2C41524D2C251C
:10D87800732C41434B2C5345512C256C75000000EB
:10D88800524B2C41524D2C25732C444F4E452C5352
:10D8980045512C256C750000524B2C41524D2C25BE
:10D8A800732C49444C452C5345512C256C7500006C
:10D8B800524B2C41524D2C25732C425553592C5305
:10D8C80045512C256C75000048372C41524D2C25AC
:10D8D800732C574149545F524B2C5345513D256C8D
:10D8E800750D0A0048372C41524D2C25732C534F87
:10D8F80046545F54494D454F55542C5345513D2589
:10D908006C750D0A0000000041524D2C25732C53F4
:10D91800544F502C5345512C256C750D0A000000AE
:10D9280048372C41524D2C25732C53544F505F537C
:10D93800454E545F41465445525F534F46545F54D9
:10D94800494D454F55542C5345513D256C750D0A8D
:10D95800000000005441534B335F52494E475F501B
:10D968004C4143450000000048372C41524D2C25BE
:10D97800732C53544152545F53454E540D0A0000C2
:10D9880048372C41524D2C25732C41434B2C534581
:10D99800513D256C750D0A002C524541534F4E2CB4
:10D9A8005245434F56455245445F000048372C4185
:10D9B800524D2C25732C444F4E452C5345513D2533
:10D9C8006C750D0A0000000048372C5741524E2C48
:10D9D8005441534B312C444953435F4341544348CA
:10D9E8005F5245434F56455245442C41524D5F487E
:10D9F8004F4D453D4F4B2C434F4E54494E55450DC9
:10DA08000A00000048372C41524D2C25732C5245F2
:10DA18004D4F54455F4552524F522C5345513D2569
:10DA28006C750D0A0000000048372C41524D2C251A
:10DA3800732C524B5F425553592C5345513D256C1D
:10DA4800750D0A0048372C41524D2C25732C524530
:10DA580053544152545F41465445525F524B5F49BB
:10DA6800444C452C5345513D256C750D0A0000006A
:10DA780048372C4552522C41524D5F4C494E455F18
:10DA8800544F4F5F4C4F4E470D0A000048372C410A
:10DA9800524D2C25732C4259504153535F4E4F5FC2
:10DAA800524B2C5345513D256C750D0A0000000062
:10DAB800534C4F540000000050524553454C4543C9
:10DAC8005400000041524D2C504C4154464F524D89
:10DAD8005F5049434B2C50524553454C4543542CB9
:10DAE8005345512C256C752C4649454C442C2573BF
:10DAF8002C434F554E542C25750D0A00524B2C4182
:10DB0800524D2C504C4154464F524D5F5049434B57
:10DB18002C50524553454C4543545F41434B2C537D
:10DB280045512C256C750000524B2C41524D2C5000
:10DB38004C4154464F524D5F5049434B2C5052452F
:10DB480053454C4543545F444F4E452C5345512C47
:10DB5800256C7500524B2C41524D2C504C4154466B
:10DB68004F524D5F5049434B2C4552522C5345510F
:10DB78002C256C750000000041524D2C504C41542E
:10DB8800464F524D5F5049434B2C535441545553C3
:10DB98002C5345512C256C750D0A000041524D2C13
:10DBA800504C4154464F524D5F5049434B2C5354AF
:10DBB8004152542C5345512C256C752C4649454CE3
:10DBC800442C25732C534C4F542C256C750D0A008E
:10DBD800524B2C41524D2C504C4154464F524D5FA4
:10DBE8005049434B2C41434B2C5345512C256C75C4
:10DBF80000000000524B2C41524D2C504C415446D1
:10DC08004F524D5F5049434B2C444F4E452C534582
:10DC1800512C256C7500000048372C41524D2C5072
:10DC28004C4154464F524D5F5049434B2C25735F2E
:10DC3800574149542C5345513D256C752C4649454F
:10DC48004C443D25732C534C4F543D256C750D0A9F
:10DC58000000000048372C41524D2C504C4154468E
:10DC68004F524D5F5049434B2C25735F54494D45E6
:10DC78004F55542C5345513D256C752C534C4F54DE
:10DC88003D256C750D0A000048372C41524D2C502B
:10DC98004C4154464F524D5F5049434B2C25735FBE
:10DCA80053454E542C5345513D256C752C464945DA
:10DCB8004C443D25732C534C4F543D256C750D0A2F
:10DCC8000000000048372C41524D2C504C4154461E
:10DCD8004F524D5F5049434B2C25735F41434B2CAA
:10DCE8005345513D256C752C534C4F543D256C754F
:10DCF8000D0A000048372C41524D2C504C415446D7
:10DD08004F524D5F5049434B2C25735F444F4E454E
:10DD18002C5345513D256C752C534C4F543D256C67
:10DD2800750D0A0048372C41524D2C504C41544631
:10DD38004F524D5F5049434B2C25735F4552522C2F
:10DD48005345513D256C752C534C4F543D256C75EE
:10DD58000D0A000048372C4552522C504C4154466D
:10DD68004F524D5F5049434B5F4C494E455F544FAE
:10DD78004F5F4C4F4E470D0A0000000048372C41BA
:10DD8800524D2C504C4154464F524D5F5049434BD5
:10DD98002C25735F4259504153535F4E4F5F524B8E
:10DDA8002C5345513D256C752C534C4F543D256CD7
:10DDB800750D0A0048372C41524D2C25732C5354AD
:10DDC8004152545F4153594E432C5345513D256CA4
:10DDD800750D0A0048372C41524D2C25732C53548D
:10DDE8004152545F53454E545F4153594E430D0AB7
:10DDF8000000000048372C41524D2C434F4C554DE4
:10DE08004E5F43415443482C464F524D414C5F436B
:10DE180048414E4E454C5F4143544956450D0A0012
:10DE280048372C41524D2C25732C41434B5F4153AD
:10DE3800594E432C5345513D256C750D0A00000081
:10DE480048372C41524D2C25732C52454D4F544583
:10DE58005F4552524F525F4153594E432C534551DF
:10DE68003D256C750D0A000048372C41524D2C2574
:10DE7800732C524B5F425553595F4153594E432CB3
:10DE88005345513D256C750D0A00000048372C415B
:10DE9800524D2C25732C4259504153535F4E4F5FBE
:10DEA800524B5F4153594E432C5345513D256C7598
:10DEB8000D0A000041524D2C25732C5245545241F5
:10DEC80043542C5345512C256C752C4649454C44DC
:10DED8002C25730D0A00000048372C41524D2C2583
:10DEE800732C524554524143545F574149542C5363
:10DEF80045513D256C750D0A0000000048372C413E
:10DF0800524D2C434F4C554D4E5F43415443482C82
:10DF1800524554524143545F53454E540D0A000034
:10DF280048372C41524D2C434F4C554D4E5F434181
:10DF38005443482C524554524143545F41434B0D7E
:10DF48000A00000048372C41524D2C434F4C554D88
:10DF58004E5F43415443482C524554524143545F09
:10DF6800444F4E450D0A000048372C41524D2C4372
:10DF78004F4C554D4E5F43415443482C52455452E3
:10DF88004143545F54494D454F55540D0A00000014
:10DF980041524D2C4155585F48544438352C53450F
:10DFA800542C5345512C256C752C4649454C442C12
:10DFB80025732C534552564F5F49442C25752C50D8
:10DFC800554C53452C256C752C54494D452C256CC6
:10DFD800750D0A00524B2C4155585F48544438354A
:10DFE8002C41434B2C5345512C256C7500000000E7
:10DFF800524B2C4155585F48544438352C444F4EA9
:10E00800452C5345512C256C75000000524B2C4172
:10E0180055585F48544438352C4552522C53455175
:10E028002C256C750000000048372C4155585F4876
:10E03800544438352C574149542C5345513D256C8F
:10E04800752C5441524745543D494425752C50552B
:10E058004C53453D256C752C54494D453D256C75F3
:10E068000D0A000048372C4155585F48544438354C
:10E078002C41434B0D0A000048372C4155585F4846
:10E08800544438352C444F4E450D0A0048372C412E
:10E0980055585F48544438352C52454D4F54455FC8
:10E0A8004552524F520D0A0048372C4552522C41C6
:10E0B80055585F48544438355F4C494E455F544F76
:10E0C8004F5F4C4F4E470D0A0000000048372C4167
:10E0D80055585F48544438352C41434B5F54494D9B
:10E0E800454F55540D0A000048372C4155585F4894
:10E0F800544438352C444F4E455F54494D454F558F
:10E10800540D0A0048372C4D4F544F522C46454564
:10E11800444241434B5F5052494D455F425950413B
:10E1280053530D0A0000000048372C4D4F544F52EE
:10E138002C464545444241434B5F494E535546465C
:10E14800494349454E542C72657175697265643D41
:10E15800330D0A0048372C524F5554452C46494E2A
:10E16800414C5F5452414E534C4154494F4E2C45FB
:10E178004E44504F494E545F434150545552452CDC
:10E188004D4F44453D4152435F5354594C455F32CE
:10E19800440D0A0048372C524F5554452C544153CE
:10E1A8004B325F444941474F4E414C2C454E4450F9
:10E1B8004F494E545F434150545552452C4D4F449E
:10E1C800453D4152435F5354594C455F32440D0A13
:10E1D8000000000048372C524F5554452C545241EA
:10E1E8004E534C4154494F4E5F574954485F54551C
:10E1F800524E2C5452414E534C4154494F4E5F4459
:10E208004F4E452C48454144494E475F5345545469
:10E218004C450D0A0000000048372C524F55544514
:10E228002C46494E414C5F5452414E534C4154493F
:10E238004F4E2C444F4E452C45585F4D4D3D252E95
:10E2480031662C45595F4D4D3D252E31660D0A002E
:10E2580048372C524F5554452C5441534B332C427C
:10E268004C55452C504F53545F524F5554455F46BB
:10E27800494E414C5F504154482C504154483D430D
:10E28800554249435F42455A4945522C434C4F53E6
:10E2980045445F4C4F4F503D58595F454E44504F91
:10E2A800494E540D0A00000048372C524F5554452A
:10E2B8002C5441534B332C5245442C504F53545FEC
:10E2C800524F5554455F46494E414C5F5041544862
:10E2D8002C504154483D43554249435F42455A49B1
:10E2E80045522C434C4F5345445F4C4F4F503D587B
:10E2F800595F454E44504F494E540D0A00000000E6
:10E3080048372C524F5554452C5441534B332C42CB
:10E318004C55452C504F53545F524F5554455F460A
:10E32800494E414C5F504154482C42455A49455248
:10E338005F454E44504F494E542C444F4E450D0AAC
:10E348000000000048372C524F5554452C54415377
:10E358004B332C5245442C504F53545F524F555415
:10E36800455F46494E414C5F504154482C42455AFE
:10E378004945525F454E44504F494E542C444F4EE8
:10E38800450D0A0048372C524F5554452C544153DB
:10E398004B325F444941474F4E414C2C42455A4904
:10E3A80045525F454E44504F494E542C444F4E45BC
:10E3B8000D0A000048372C524F5554452C544153F0
:10E3C8004B325F444941474F4E414C2C50415448D1
:10E3D8003D365F504F494E545F42455A4945522C8D
:10E3E800434C4F5345445F4C4F4F503D58595F483D
:10E3F800454144494E475F454E44504F494E540DA0
:10E408000A00000048372C544553542C5441534BB0
:10E41800332C434F4E54524F4C2C50415553455F6B
:10E4280041434345505445440D0A000048372C5495
:10E438004553542C5441534B332C41434B2C534597
:10E44800512C256C752C4649454C442C25732C437E
:10E458004F4D4D414E442C25730D0A0048372C541E
:10E468004553542C5441534B332C434F4E54524F25
:10E478004C2C524553554D455F41434345505445F7
:10E48800440D0A0048372C544553542C5441534BDF
:10E49800332C434F4E54524F4C2C53544F505F41E2
:10E4A800434345505445440D0A000000534C4F5710
:10E4B8000000000048372C544553542C5441534B0A
:10E4C800332C434F4E54524F4C2C534C4F575F41B3
:10E4D800434345505445440D0A0000004E4F524DE9
:10E4E800414C000048372C544553542C5441534B4D
:10E4F800332C434F4E54524F4C2C4E4F524D414C9F
:10E508005F41434345505445440D0A0048372C5455
:10E518004553542C5441534B332C4552522C53459C
:10E52800512C256C752C524541534F4E2C25732C7C
:10E538004649454C442C25730D0A0000504152535E
:10E54800450000004C494E455F544F4F5F4C4F4EBD
:10E558004700000053544F505045440048372C4161
:10E56800524D2C434F4C554D4E5F43415443482C1C
:10E5780025732C5345512C256C752C4649454C4424
:10E588002C25730D0A0000005041555345440000E6
:10E59800524553554D45440048372C544553542C47
:10E5A8005441534B332C25732C5345512C256C75F2
:10E5B8002C4649454C442C25730D0A0048372C54E9
:10E5C8004553542C5441534B332C50415553455FBC
:10E5D800484F4C440D0A000048372C544553542CDE
:10E5E8005441534B332C524553554D455F4143439A
:10E5F80045505445440D0A0048372C564953494F55
:10E608004E2C57484954455F4C494E452C52494772
:10E6180048545F454447455F5343414E2C44495253
:10E628003D52494748540D0A0000000048372C560F
:10E638004953494F4E2C57484954455F4C494E451C
:10E648002C52494748545F454447455F5343414E20
:10E658002C4449523D4C4546540D0A0056495349ED
:10E668004F4E2C57484954455F4C494E452C5155FF
:10E678004552592C5345512C256C752C5048415303
:10E68800452C25730D0A00005441534B325F414617
:10E698005445525F5345434F4E444152595F534886
:10E6A8004946540048372C564953494F4E2C574831
:10E6B8004954455F4C494E452C53544152542C53B0
:10E6C80045513D256C752C50484153453D25732CCB
:10E6D8005245465F5931303D256C642C5245465FA2
:10E6E800413130303D25640D0A0000005441534B40
:10E6F800315F41465445525F4152430048372C56DA
:10E708004953494F4E2C57484954455F4C494E454B
:10E718002C54494D454F55542C5345415243485F5D
:10E72800524553544152542C5441534B332C484F67
:10E738004C445F414E445F574149540D0A00000064
:10E7480048372C564953494F4E2C57484954455F32
:10E758004C494E452C54494D454F55542C4641552E
:10E768004C540D0A00000000524B2C564953494F97
:10E778004E2C57484954455F4C494E452C464F55F9
:10E788004E442C5345512C256C752C5931302C2571
:10E798006C642C413130302C256C642C572C256C42
:10E7A800642C482C256C642C52582C256C64000071
:10E7B800524B2C564953494F4E2C57484954455FA4
:10E7C8004C494E452C464F554E442C5345512C250B
:10E7D8006C752C5931302C256C642C413130302C1F
:10E7E800256C642C572C256C642C482C256C6400F3
:10E7F80048372C564953494F4E2C57484954455F82
:10E808004C494E452C52494748545F454447455F5B
:10E81800524541435155495245442C52455455524D
:10E828004E5F544F5F434C4F5345445F4C4F4F50DE
:10E838000D0A000048372C564953494F4E2C57486B
:10E848004954455F4C494E452C545241434B2C5931
:10E8580031303D256C642C465931303D256C642C93
:10E8680044413D252E32662C414C49474E3D257585
:10E878000D0A000048372C564953494F4E2C57482B
:10E888004954455F4C494E452C52494748545F45C9
:10E898004447452C53544152542C544152474554F3
:10E8A8005F583D252E30660D0A00000048372C566B
:10E8B8004953494F4E2C57484954455F4C494E459A
:10E8C8002C43524F535345442C53544F50504544B6
:10E8D8000D0A000048372C564953494F4E2C5748CB
:10E8E8004954455F4C494E452C52454A4543545F6F
:10E8F8005931305F4A554D500D0A0000524B2C5685
:10E908004953494F4E2C57484954455F4C494E4549
:10E918002C4E4F545F464F554E442C5345512C2591
:10E928006C75000048372C564953494F4E2C5748B0
:10E938004954455F4C494E452C52494748545F4518
:10E948004447455F4C4F53542C4C41544552414C1D
:10E958005F5343414E0D0A0048372C564953494FDF
:10E968004E2C57484954455F4C494E452C4D495308
:10E97800532C434F4E54494E55450D0A0000000094
:10E9880048372C4552522C57484954455F4C494EFC
:10E99800455F524553504F4E53455F544F4F5F4C60
:10E9A8004F4E470D0A00000048372C564953494F2F
:10E9B8004E2C57484954455F4C494E452C524947BF
:10E9C80048545F454447455F5354414C452C4C419E
:10E9D800544552414C5F5343414E0D0A000000001C
:10E9E80048372C564953494F4E2C57484954455F90
:10E9F8004C494E452C52494748545F454447452C9D
:10EA0800535441424C453D256C752F256C752C5847
:10EA18003D252E30660D0A0048372C564953494F7C
:10EA28004E2C57484954455F4C494E452C5249474E
:10EA380048545F454447452C444F4E452C583D2586
:10EA48002E30662C53544F505045440D0A00000098
:10EA580048372C564953494F4E2C57484954455F1F
:10EA68004C494E452C5354414C455F5245534554EF
:10EA78002C5345415243485F524553554D450D0A65
:10EA88000000000048372C564953494F4E2C574830
:10EA98004954455F4C494E452C5345415243482CF7
:10EAA8004449523D524556455253452C53504545CD
:10EAB800443D252E32662C543D256C756D730D0A28
:10EAC8000000000048372C564953494F4E2C5748F0
:10EAD8004954455F4C494E452C5345415243482CB7
:10EAE8004449523D464F52574152442C5350454594
:10EAF800443D252E32660D0A0000000048372C419F
:10EB0800524D2C444953435F43415443482C50527F
:10EB180045505F484947485F41434B45445F41463C
:10EB28005445525F4152430D0A00000048372C41BA
:10EB3800524D2C444953435F43415443482C50524F
:10EB480045505F484947485F574149545F414654DB
:10EB580045525F4152430D0A0000000048372C41DE
:10EB6800524D2C444953435F43415443482C50521F
:10EB780045505F484947485F41434B45445F4245DC
:10EB8800464F52455F4152430D0A000048372C4119
:10EB9800524D2C444953435F43415443482C5052EF
:10EBA80045505F484947485F574149545F42454689
:10EBB8004F52455F4152430D0A00000048372C531D
:10EBC800544152542C555345525F4B45592C666954
:10EBD800656C643D5245440D0A00000048372C53CB
:10EBE800544152542C555345525F4B45592C666934
:10EBF800656C643D424C55450D0A000052554E0067
:10EC0800574149540000000048372C53544152548E
:10EC18002C574149545F4649454C442C6A6F7973D7
:10EC28007469636B3D52494748545F5245445F4F8E
:10EC3800525F444F574E5F424C55450D0A00000045
:10EC480048372C53544152542C5441534B325F543F
:10EC58004553542C4649454C445F53454C45435411
:10EC680045440D0A0000000048372C5354415254C3
:10EC78002C5441534B335F544553542C4649454C0F
:10EC8800445F53454C45435445440D0A0000000079
:10EC980048372C53544152542C574149545F4B45E3
:10ECA800595F52454C454153450D0A0048372C538E
:10ECB800544152542C574149545F555345525F4B68
:10ECC80045592C6A6F793D25752C7261773D256C05
:10ECD800750D0A0048372C53544152542C5553454E
:10ECE800525F4B45592C6669656C643D554E4B4ED9
:10ECF8004F574E0D0A00000048372C544553542CEA
:10ED08005441534B322C25732C5345512C256C758B
:10ED18002C4649454C442C25730D0A0048372C4194
:10ED2800524D2C5052455441534B5F53594E435FFB
:10ED38004143544956452C4649454C443D52454467
:10ED48000D0A000048372C41524D2C505245544171
:10ED5800534B5F53594E435F4143544956452C46E4
:10ED680049454C443D424C55450D0A0048372C4115
:10ED7800524D2C574149545F52455345545F4245C3
:10ED8800464F52455F524F5554450D0A000000004A
:10ED980048372C41524D2C52455345545F434F4EF2
:10EDA8004649524D45445F4245464F52455F524F92
:10EDB8005554450D0A00000048372C41524D2C523D
:10EDC800455345545F4259504153535F4E4F5F522C
:10EDD8004B5F4245464F52455F524F5554450D0AC9
:10EDE8000000000048372C41524D2C5245534554E1
:10EDF8005F424C4F434B45445F4245464F52455F47
:10EE0800524F5554450D0A0048372C41524D2C4459
:10EE18004953435F43415443482C505245505F483F
:10EE28004947485F535441525445445F4245464F11
:10EE380052455F4152430D0A000000004641554CBF
:10EE48005400000048372C4641554C542C53415629
:10EE580045442C574149545F53544152545F544FD1
:10EE68005F52455345540D0A0000000048372C46B0
:10EE780041554C542C555345525F4B45595F5245AB
:10EE880053544152540D0A0048372C544553542CBE
:10EE98005441534B322C494E495449414C5F5348D5
:10EEA8004946542C4C4546543D3337306D6D0D0A58
:10EEB8000000000048372C544553542C5441534B00
:10EEC800322C494E495449414C5F53484946542CC9
:10EED80052494748543D3337306D6D0D0A000000E4
:10EEE80052554E4E494E470048372C544553542CE2
:10EEF8005441534B322C57484954455F4C494E4571
:10EF08002C53544152542C5245465F5931303D32AE
:10EF18003030302C544F4C3D3130302C4143434538
:10EF28004C3D302E31300D0A0000000048372C547B
:10EF38004553542C5441534B322C4552522C534573
:10EF4800512C256C752C524541534F4E2C25732C52
:10EF58004649454C442C25730D0A0000574849542E
:10EF6800455F4C494E45000048372C544553542CB6
:10EF78005441534B322C57484954455F4C494E45F0
:10EF88002C5245464552454E43455F5245414348FC
:10EF980045442C464F52574152443D25756D6D0DE1
:10EFA8000A00000048372C544553542C5441534B05
:10EFB800322C57484954455F4C494E452C475952C5
:10EFC8004F5F414C49474E2C53544152542C5441A5
:10EFD800524745543D57484954455F4C494E455F53
:10EFE80046494E414C0D0A0048372C544553542C81
:10EFF8005441534B322C57484954455F4C494E4570
:10F008002C4759524F5F414C49474E2C444F4E456F
:10F018002C5441524745543D57484954455F4C4943
:10F028004E455F46494E414C0D0A00004D4F544F26
:10F03800525F524F55544500444F4E450000000062
:10F0480048372C524F5554452C5441534B325F4945
:10F058004E495449414C5F53484946542C524947FC
:10F0680048543D3337306D6D2C4D4F44453D544128
:10F07800534B325F57484954455F4C494E450D0A3A
:10F088000000000048372C524F5554452C5441532A
:10F098004B325F57484954455F4C494E452C5354B1
:10F0A8004152542C5245465F5931303D3230303050
:10F0B8002C544F4C3D3130302C53504545443D3055
:10F0C8002E31302C414343454C3D302E31300D0A12
:10F0D8000000000048372C524F5554452C544153DA
:10F0E8004B325F57484954455F4C494E452C524571
:10F0F800464552454E43455F524541434845442C99
:10F10800464F52574152443D25756D6D0D0A00001A
:10F1180048372C544553542C5441534B332C4F529D
:10F128004249545F53544152542C4449523D4C4532
:10F1380046542C5241444955533D3435306D6D2C5D
:10F14800414E474C453D3336306465670D0A000033
:10F1580048372C544553542C5441534B332C4F525D
:10F168004249545F53544152542C4449523D5249E8
:10F178004748542C5241444955533D3435306D6D00
:10F188002C414E474C453D3336306465670D0A00C7
:10F198004F5242495400000048372C524F555445AD
:10F1A8002C5441534B332C424C55452C5748495409
:10F1B800455F4C494E455F415050524F4143482CA2
:10F1C800464F52574152443D3634306D6D0D0A005A
:10F1D80048372C524F5554452C5441534B332C42ED
:10F1E8004C55452C57484954455F4C494E455F415D
:10F1F8004C49474E2C53544152542C5245465F5962
:10F2080031303D333030302C544F4C3D3130302C80
:10F21800583D3530302C414E474C453D300D0A00A5
:10F2280048372C524F5554452C5441534B332C429C
:10F238004C55452C57484954455F4C494E455F410C
:10F248004C49474E2C444F4E452C53544F50504533
:10F25800440D0A0048372C524F5554452C544153FD
:10F268004B332C5245442C57484954455F4C494E22
:10F27800455F415050524F4143482C464F525741E9
:10F2880052443D3634306D6D0D0A000048372C521B
:10F298004F5554452C5441534B332C5245442C570D
:10F2A800484954455F4C494E455F414C49474E2CAF
:10F2B80053544152542C5245465F5931303D3330F6
:10F2C80030302C544F4C3D3130302C583D35303097
:10F2D8002C414E474C453D300D0A000048372C5212
:10F2E8004F5554452C5441534B332C5245442C57BD
:10F2F800484954455F4C494E455F414C49474E2C5F
:10F30800444F4E452C53544F505045440D0A00006D
:10F31800494E56414C4944005441534B335F424C8B
:10F3280055455F57484954455F4C494E455F414CE8
:10F3380049474E005441534B335F5245445F574849
:10F348004954455F4C494E455F414C49474E000082
:10F3580048372C524F5554452C5441534B325F4437
:10F368004941474F4E414C2C4649454C443D524536
:10F37800442C4241434B574152443D313631306D64
:10F388006D2C4C41544552414C3D323037356D6DF2
:10F398002C5455524E3D4C4546543138302C434F31
:10F3A8004E54524F4C3D46554C4C5F5345474D4586
:10F3B8004E545F32440D0A0048372C524F5554457D
:10F3C8002C5441534B325F444941474F4E414C2CDA
:10F3D8004649454C443D424C55452C4241434B57C8
:10F3E8004152443D313631306D6D2C4C41544552BB
:10F3F800414C3D323037356D6D2C5455524E3D528F
:10F40800494748543138302C434F4E54524F4C3DA5
:10F4180046554C4C5F5345474D454E545F32440D5D
:10F428000A00000048372C524F5554452C5441537C
:10F438004B325F50524553454C4543542C46494541
:10F448004C443D5245442C434F554E543D322C427A
:10F4580045464F52455F57484954455F4C494E45CC
:10F468000D0A000048372C524F5554452C5441532F
:10F478004B325F50524553454C4543542C46494501
:10F488004C443D424C55452C434F554E543D322C2F
:10F498004245464F52455F57484954455F4C494E8F
:10F4A800450D0A0048372C524F5554452C544153AA
:10F4B8004B325F544F5F5441534B332C4649454CB4
:10F4C800443D5245442C4241434B574152443D39F7
:10F4D80035306D6D2C4C41544552414C3D4C4546A0
:10F4E800543130306D6D2C44495354414E43453DA1
:10F4F8003935352E3234396D6D0D0A0048372C52A6
:10F508004F5554452C5441534B325F544F5F54412F
:10F51800534B332C4649454C443D424C55452C42AF
:10F5280041434B574152443D3935306D6D2C4C4168
:10F53800544552414C3D4C4546543130306D6D2C4C
:10F5480044495354414E43453D3935352E323439BB
:10F558006D6D0D0A0000000048372C524F55544578
:10F568002C5441534B335F454E5452595F545552B6
:10F578004E2C4649454C443D5245442C4449523D45
:10F5880052494748542C414E474C453D39316465F2
:10F59800670D0A0048372C524F5554452C54415397
:10F5A8004B335F454E5452595F5455524E2C464981
:10F5B800454C443D424C55452C4449523D524947DF
:10F5C80048542C414E474C453D39316465670D0A16
:10F5D800000000004C4546545F3930646567000000
:10F5E8004E4F4E450000000048372C524F555445A9
:10F5F8002C4649454C443D424C55450D0A000000F7
:10F608004649454C442C424C55450D0A0000000023
:10F6180048372C4641554C542C4E4F5F4649454C73
:10F62800445F53454C45435445440D0A00000000CF
:10F6380048372C524F5554452C4649454C443D5269
:10F6480045440D0A000000004649454C442C5245EB
:10F65800440D0A0048372C52432C524F5554455FED
:10F6680041424F525445445F42595F52430D0A008C
:10F6780048372C5741524E2C4641554C545F434F06
:10F688004E54494E55452C434F44453D256C752CE9
:10F698004E4558545F53544147453D310D0A0000CB
:10F6A80048372C544553542C5441534B322C574112
:10F6B80049545F4E4558545F53544154494F4E0D79
:10F6C8000A00000048372C544553542C5441534BDE
:10F6D800322C414C4C5F53544154494F4E535F4474
:10F6E8004F4E450D0A00000048372C544553542C02
:10F6F8005441534B332C4F524249545F434F4D5062
:10F708004C4554450D0A000048372C4641554C5489
:10F718002C41524D5F505245505F484947485F4E13
:10F728004F545F434F4E4649524D45442C524F5516
:10F7380054455F424C4F434B45440D0A00000000BE
:10F7480048372C5741524E2C5441534B312C574873
:10F758004954455F4C494E455F4E4F545F464F559F
:10F768004E442C434F4E54494E55452C46414C4C23
:10F778004241434B3D25756D6D0D0A0048372C52AB
:10F788004F5554452C57484954455F4C494E452CD4
:10F798005245464552454E43455F524541434845CB
:10F7A800442C464F52574152443D36356D6D2C53CB
:10F7B800504545443D302E30356D2F732C50524FF7
:10F7C80046494C453D46495845440D0A000000004D
:10F7D80048372C41524D2C444953435F43415443CD
:10F7E800482C484F4D455F434F4E4649524D45447E
:10F7F8005F4245464F52455F5441534B325F545226
:10F80800414E534645520D0A0000000048372C521D
:10F818004F5554452C5441534B325F454E54525921
:10F828002C4759524F5F414C49474E2C5354415233
:10F83800542C5441524745543D444941474F4E4149
:10F848004C5F46494E414C0D0A00000048372C5287
:10F858004F5554452C5441534B325F454E545259E1
:10F868002C4759524F5F414C49474E2C444F4E4507
:10F878002C5441524745543D444941474F4E414C11
:10F888005F46494E414C0D0A0000000048372C5293
:10F898004F5554452C5441534B325F5052455345B4
:10F8A8004C4543545F444F4E452C41524D5F4849A7
:10F8B80047485F52454144590D0A000048372C52C9
:10F8C8004F5554452C5441534B325F504C4154468C
:10F8D8004F524D2C4759524F5F414C49474E2C537C
:10F8E800544152542C5441524745543D5748495469
:10F8F800455F4C494E455F46494E414C0D0A000054
:10F9080048372C524F5554452C5441534B325F5075
:10F918004C4154464F524D2C4759524F5F414C4928
:10F92800474E2C444F4E452C5441524745543D5761
:10F93800484954455F4C494E455F46494E414C0D38
:10F948000A00000048372C524F5554452C54415357
:10F958004B325F534C4F545F53544152542C534CC9
:10F968004F543D256C750D0A0000000048372C5295
:10F978004F5554452C5441534B325F434F4D504CD7
:10F988004554452C534C4F54533D382C41524D5FF0
:10F99800444F4E452C484F4C440D0A0048372C52D2
:10F9A8004F5554452C5441534B325F5348494654A4
:10F9B8002C4449523D4C4546542C56414C55453DE6
:10F9C800256C750D0A00000048372C524F555445D8
:10F9D8002C5441534B325F544F5F5441534B332C9B
:10F9E8004759524F5F414C49474E2C53544152544A
:10F9F8002C5441524745543D5441534B335F4F5269
:10FA08004249545F454E5452590D0A0048372C520A
:10FA18004F5554452C5441534B325F544F5F54411A
:10FA2800534B332C4759524F5F414C49474E2C4456
:10FA38004F4E452C5441524745543D5441534B3346
:10FA48005F4F524249545F454E5452590D0A0000C7
:10FA580048372C524F5554452C5441534B332C5056
:10FA680052455F4F524249545F464F5257415244A4
:10FA78002C44495354414E43453D36356D6D0D0A6E
:10FA88000000000048372C4641554C542C54415333
:10FA98004B332C424C55452C41524D5F484F4C44FA
:10FAA8005F4641494C45442C41524D5F52455441B3
:10FAB800494E45445F484947482C524F5554455F85
:10FAC80041424F525445440D0A00000048372C5219
:10FAD8004F5554452C5441534B332C424C55452CCF
:10FAE800504F53545F4F524249545F535045434916
:10FAF800414C2C41524D5F484F4C445F444F4E455A
:10FB08000D0A000048372C524F5554452C54415388
:10FB18004B332C424C55452C504F53545F4F524257
:10FB280049545F524556455253452C444953544114
:10FB38004E43453D36306D6D0D0A000048372C5256
:10FB48004F5554452C5441534B332C424C55452C5E
:10FB5800504F53545F4F524249545F4759524F5F79
:10FB6800414C49474E2C53544152540D0A00000051
:10FB780048372C524F5554452C5441534B332C4243
:10FB88004C55452C504F53545F4F524249545F4790
:10FB980059524F5F414C49474E2C444F4E450D0A30
:10FBA8000000000048372C524F5554452C544153FF
:10FBB8004B332C424C55452C504F53545F4F5242B7
:10FBC80049545F5455524E2C4449523D5249474876
:10FBD800542C414E474C453D39306465670D0A0049
:10FBE80048372C524F5554452C5441534B332C42D3
:10FBF8004C55452C504F53545F5455524E5F4759FE
:10FC0800524F5F414C49474E2C53544152540D0AB0
:10FC18000000000048372C524F5554452C5441538E
:10FC28004B332C424C55452C504F53545F5455522E
:10FC38004E5F4759524F5F414C49474E2C444F4EF7
:10FC4800450D0A0048372C4641554C542C54415315
:10FC58004B332C424C55452C57484954455F4C4929
:10FC68004E455F4E4F545F524541434845442C41F1
:10FC7800524D5F52455441494E45445F48494748B3
:10FC88002C524F5554455F41424F525445440D0A3A
:10FC98000000000048372C4641554C542C54415321
:10FCA8004B332C424C55452C41524D5F52455452D2
:10FCB8004143545F4641494C45442C524F555445A5
:10FCC8005F41424F525445440D0A000048372C52B8
:10FCD8004F5554452C5441534B332C424C55452CCD
:10FCE80057484954455F4C494E455F41524D5F5214
:10FCF8004554524143542C444F4E450D0A000000D0
:10FD080048372C4C4F43414C5F534552564F2C5467
:10FD180041534B335F424C55452C424F54485F4F3B
:10FD280050454E2C5041303D38302E302C50413209
:10FD38003D39302E302C484F4C445F4D533D3530C3
:10FD480030300D0A0000000048372C4C4F43414C1E
:10FD58005F534552564F2C5441534B335F424C55D9
:10FD6800452C504530392C4944335F504841534560
:10FD78002C414E474C453D302E306465670D0A00D6
:10FD880048372C4641554C542C5441534B332C4244
:10FD98004C55452C52494E475F504C4143455F46B0
:10FDA80041494C45442C46494E414C5F524F5554AD
:10FDB800455F41424F525445440D0A0048372C4C88
:10FDC8004F43414C5F534552564F2C5441534B338C
:10FDD8005F424C55452C504530392C52494E475FAF
:10FDE800504C4143455F444F4E452C414E474C458E
:10FDF8003D3130322E306465670D0A0048372C4695
:10FE080041554C542C5441534B332C5245442C41AE
:10FE1800524D5F484F4C445F4641494C45442C4144
:10FE2800524D5F52455441494E45445F4849474801
:10FE38002C524F5554455F41424F525445440D0A88
:10FE48000000000048372C524F5554452C5441535C
:10FE58004B332C5245442C504F53545F4F52424918
:10FE6800542C41524D5F484F4C445F444F4E450D12
:10FE78000A00000048372C524F5554452C54415322
:10FE88004B332C5245442C504F53545F4F524249E8
:10FE9800545F524556455253452C44495354414E9C
:10FEA80043453D36306D6D0D0A00000048372C5231
:10FEB8004F5554452C5441534B332C5245442C50E8
:10FEC8004F53545F4F524249545F4759524F5F4115
:10FED8004C49474E2C53544152540D0A000000001F
:10FEE80048372C524F5554452C5441534B332C52C0
:10FEF80045442C504F53545F4F524249545F475921
:10FF0800524F5F414C49474E2C444F4E450D0A0015
:10FF180048372C524F5554452C5441534B332C528F
:10FF280045442C504F53545F4F524249545F5455E7
:10FF3800524E2C4449523D52494748542C414E4751
:10FF48004C453D39306465670D0A000048372C522E
:10FF58004F5554452C5441534B332C5245442C5047
:10FF68004F53545F5455524E5F4759524F5F414C5F
:10FF780049474E2C53544152540D0A0048372C52CD
:10FF88004F5554452C5441534B332C5245442C5017
:10FF98004F53545F5455524E5F4759524F5F414C2F
:10FFA80049474E2C444F4E450D0A000048372C4611
:10FFB80041554C542C5441534B332C5245442C57E7
:10FFC800484954455F4C494E455F4E4F545F524532
:10FFD80041434845442C41524D5F52455441494E96
:10FFE80045445F484947482C524F5554455F414264
:08FFF8004F525445440D0A006C
:020000040802F0
:1000000048372C4641554C542C5441534B332C52B9
:1000100045442C41524D5F524554524143545F4632
:1000200041494C45442C524F5554455F41424F5233
:100030005445440D0A00000048372C524F55544592
:100040002C5441534B332C5245442C57484954456A
:100050005F4C494E455F41524D5F524554524143BA
:10006000542C444F4E450D0A0000000048372C4CDC
:100070004F43414C5F534552564F2C5441534B33E1
:100080005F5245442C424F54485F4F50454E2C50D0
:1000900041303D38302E302C5041323D39302E30F9
:1000A0002C484F4C445F4D533D353030300D0A00E5
:1000B00048372C4C4F43414C5F534552564F2C54BC
:1000C00041534B335F5245442C424F54485F434C9D
:1000D0004F53452C5041303D3135302E302C50415E
:1000E000323D33302E300D0A0000000048372C4CD2
:1000F0004F43414C5F534552564F2C5441534B3361
:100100005F5245442C504530392C4944335F5048A8
:100110004153452C414E474C453D302E3064656778
:100120000D0A000048372C4C4F43414C5F53455259
:10013000564F2C5441534B335F5245442C5045305D
:10014000392C52494E475F504C4143455F444F4E16
:10015000452C414E474C453D3130322E3064656769
:100160000D0A000048372C524F5554452C5441532A
:100170004B332C5245442C504F53545F524F5554DF
:10018000455F46494E414C5F504154482C444F4EC8
:10019000452C504154483D43554249435F42455ADE
:1001A0004945522C53484946543D323831306D6DE3
:1001B0002C524556455253453D3636356D6D0D0A28
:1001C0000000000048372C4641554C542C544153F4
:1001D0004B332C5245442C52494E475F504C4143BF
:1001E000455F4641494C45442C46494E414C5F527F
:1001F0004F5554455F41424F525445440D0A00004B
:1002000048372C524F5554452C5441534B332C50A6
:100210004F53545F524F5554455F46494E414C5FD2
:100220005455524E2C4649454C443D5245442C446D
:1002300049523D4C4546542C414E474C453D393082
:100240006465670D0A00000048372C524F5554452D
:100250002C5441534B332C504F53545F524F5554F1
:10026000455F46494E414C5F5455524E2C464945D8
:100270004C443D424C55452C4449523D4E4F4E4511
:100280002C414E474C453D306465670D0A00000027
:1002900048372C524F5554452C5441534B332C4323
:1002A0004F4D504C4554452C504F53545F524F5571
:1002B00054455F46494E414C5F444F4E452C46499C
:1002C000454C443D25732C46494E414C5F534849AB
:1002D00046543D25756D6D2C46494E414C5F4D4F42
:1002E00056453D257325756D6D2C5455524E3D2553
:1002F000730D0A005245560048372C524F5554454D
:100300002C544553542C504F53545F524F55544521
:100310002C444F4E450D0A0048372C524F5554453A
:100320002C544553542C504F53545F444F4E452C3E
:100330004C4F43414C5F50574D5F4F4E4C590D0A47
:100340000000000048372C524F5554452C444F4E66
:10035000452C574149545F4E4558545F53544152C0
:10036000540D0A0048372C52432C494E5055545FC7
:100370004556454E542C49474E4F5245445F464FD3
:10038000525F434F4E54494E554954590D0A00008F
:100390004C49564500000000484F4C440000000006
:1003A00048372C52432C52454C45415345442C531D
:1003B00049474E414C5F4C4F53542C574149545F71
:1003C000555345525F4B45590D0A000048372C5292
:1003D000432C52454C45415345442C4348355F4CD2
:1003E0004F572C574149545F555345525F4B455920
:1003F0000D0A000048372C52432C49444C452C63CD
:1004000068353D25752C6368313D25752C63683250
:100410003D25752C6368343D25752C76616C6964C7
:100420003D256C752C756172745F6572723D256C2B
:10043000750D0A0048372C52432C49444C452C6E0C
:100440006F5F6672616D652C76616C69643D256CC9
:10045000752C756172745F6572723D256C750D0A3D
:10046000000000005243000048372C52432C5441F6
:100470004B454F5645520D0A0000000048372C529C
:10048000432C4D4F544F525F454E41424C455F46C1
:1004900041494C0D0A00000048372C52432C41437F
:1004A000544956452C736F757263653D25732C63F3
:1004B00068313D25752C6368323D25752C636833A2
:1004C0003D25752C6368343D25752C6368353D25C5
:1004D000752C6368363D25752C76785F6D6D3D25EE
:1004E0006C642C76795F6D6D3D256C642C777A5F3A
:1004F0006D7261643D256C642C76616C69643D2588
:100500006C752C6C6F73743D256C752C6661696C11
:10051000736166653D256C752C72616E67653D255E
:100520006C752C756172745F6572723D256C752CEB
:1005300063616E5F74783D256C750D0A00000000E4
:1005400048372C52432C4143544956452C736F7500
:100550007263653D25732C6E6F5F6672616D652CED
:1005600076616C69643D256C752C6C6F73743D25E8
:100570006C752C6661696C736166653D256C752CC4
:1005800072616E67653D256C752C756172745F656F
:1005900072723D256C752C63616E5F74783D256CBD
:1005A000750D0A0048372C52432C52454C45415397
:1005B000455F5A45524F5F4641494C0D0A000000C5
:1005C00048372C52432C52454C454153455F5245C8
:1005D0005452590D0A00000048372C52432C4D4FFD
:1005E000544F525F434F4D4D414E445F4641494C3D
:1005F0000D0A000048372C52432C4D4F544F525F88
:10060000454E41424C455F52455452590D0A000037
:100610004C4F472C4E4F4E450D0A00004C4F472C77
:10062000424547494E2C736C6F743D256C752C7395
:1006300065713D256C752C636F756E743D256C7509
:100640002C73746174653D256C752C6661756C74D2
:100650003D256C752C706572696F645F6D733D2507
:100660006C752C7265636F72645F62797465733D3B
:10067000256C750D0A000000696E6465782C74693C
:100680006D655F6D732C73746174652C6661756C38
:10069000742C6779726F5F6D7261645F732C79611E
:1006A000775F6D7261642C73706565645F6D6D5FFB
:1006B000732C636F7272656374696F6E5F6D7261C4
:1006C000645F732C64697374616E63655F6D6D2C18
:1006D00074656D705F6D432C666C5F6D7261645FF5
:1006E000732C66725F6D7261645F732C726C5F6DE8
:1006F0007261645F732C72725F6D7261645F732CE0
:1007000063616E5F74785F6572726F72732C636180
:100710006E5F6275735F6F6666732C63726F73735F
:100720005F6D6D2C63726F73735F636D645F6D6D6E
:100730005F732C63726F73735F73706565645F6D55
:100740006D5F732C6576656E740D0A00256C752CD3
:10075000256C752C256C752C256C752C256C642CE2
:10076000256C642C256C642C256C642C256C642C05
:10077000256C642C256C642C256C642C256C642CF5
:10078000256C642C256C752C256C752C256C642CC3
:10079000256C642C256C642C256C750D0A000000FA
:1007A0004C4F472C454E440D0A00000020202020CD
:1007B000202000002D2D0000444D2D4D43303200EF
:1007C00056425553000000005600000059415700A2
:1007D0006465670044495354000000006D00000048
:1007E000524B00004A4F59004F4B000050524553A6
:1007F0005300000052494748540000004C454654FD
:100800000000000055500000444F574E000000000B
:1008100044614D69616F0000444D2D4D4330322DD0
:100820004837204344430000483720434443204393
:100830006F6E6669670000004837204344432049D3
:100840006E7465726661636500000000F4E601087D
:1008500090E6010818F3010818F3010820F30108D5
:100860003CF301080AD7A33C295C0F3D295C0F3DEE
:100870000AD7A33CCDCC4C3ECDCCCC3E9A99193F67
:10088000CDCC4C3F00000000000000000000000044
:100890000000000000000000000000000000000058
:1008A00000000000CDCC4C3DEC51383E0AD7233E31
:1008B00089926A420000803F000080BF0000803FB4
:1008C000000080BF000000000000000000000000E9
:1008D0000000000000000000000000000000000018
:1008E000000000000000803F000080BF0000803F4B
:1008F000000080BF000000000100020003000400AF
:10090000000048C10000484189926AC289926A4247
:10091000000040C100004041000000000000FA4318
:10092000000000000000A040CDCC4C3DEC51383E12
:100930000AD7233E89926A420000803F000080BFB0
:100940000000803F000080BF01030004050000009C
:100950000000803F0000803F0000803F0000803F9B
:1009600000000040CDCC4C3E3333B33E6666263F9C
:100970000000803FE803DC05D00750005000B004C1
:100980000807B004080700002C0100000100000067
:10099000EC070208F4070208FC0702080408020832
:1009A000080802080000000000000000000000002D
:1009B0000000000000000000000000000000000037
:1009C0000000000000000000000000000000000027
:1009D0000000000000000000000000000000000017
:1009E0000000000000000000000000000000C00146
:1009F000C001C001C001C001C001C0018000800071
:100A00008000800080008000800000000000000066
:100A100000008001C003C00380010000000000004E
:100A200000000000000000000000E01CE01CF01EC0
:100A3000700E380718030801840000000000000051
:100A400000000000000000000000000000000000A6
:100A50000000000000000000000000000000000096
:100A60000000000000000000000000000000000086
:100A700020102010201020102010FE7FFE7F100874
:100A8000100810081008100810081008FE7FFE7FDC
:100A9000080408040804080408040000000000001A
:100AA0000000000000000000000000000001000144
:100AB000C007601910311831183918393801700120
:100AC000E001C0038007000F001D003900311C3118
:100AD0001C310C310C11180DE00700010001000160
:100AE0000000000000000000000000000000000006
:100AF0001C1036186308630C63046304630263020A
:100B00006301361D9C37802280634063406320630D
:100B10002063306310221836081C0000000000001B
:100B200000000000000000000000000000000000C5
:100B3000F00098018C018C018C018C018C00CC00A0
:100B40007800183E1C083608320863046304C304A6
:100B5000C303834306438E26781C00000000000078
:100B6000000000000000000000001C003C003C00F1
:100B70003000300010000C000600000000000000F3
:100B80000000000000000000000000000000000065
:100B90000000000000000000000000000000000055
:100BA00000000000000000000000004000200010D5
:100BB0000008000C0004000600030003000380018D
:100BC000800180018001800180018001800100039B
:100BD0000003000300060006000C000800100020BF
:100BE00000400000000000000000020004000800B7
:100BF0001000300020006000C000C000C000800174
:100C00008001800180018001800180018001C0009D
:100C1000C000C00060006000300010000800040048
:100C200002000000000000000000000000000000C2
:100C30000000000000018003800300011C713C796A
:100C4000783DC0070001C007783D3C791C71000168
:100C5000800380038001000000000000000000000D
:100C60000000000000000000000000000000000084
:100C7000000000000000000100010001000100016F
:100C800000010001FC7F00010001000100010001E2
:100C90000001000100000000000000000000000052
:100CA0000000000000000000000000000000000044
:100CB0000000000000000000000000000000000034
:100CC0000000000000000000000000000000000024
:100CD000000000001C003C003C0030003000100010
:100CE0000C000600000000000000000000000000F2
:100CF00000000000000000000000000000000000F4
:100D000000000000FE7F0000000000000000000066
:100D100000000000000000000000000000000000D3
:100D200000000000000000000000000000000000C3
:100D300000000000000000000000000000000000B3
:100D400000000000000000000000000000000000A3
:100D5000000018003C003C001800000000000000EB
:100D600000000000000000000000004000600020C3
:100D70000030001000180008000C000400060002FB
:100D80000003000180018000C000400060002000DE
:100D900030001000180008000C00040006000200DB
:100DA0000000000000000000000000000000000043
:100DB000C007600C30181830183018200C600C6018
:100DC0000C600C600C600C600C600C600C601820F7
:100DD000183018303018600CC00700000000000008
:100DE0000000000000000000000000000000000003
:100DF00000018001F80180018001800180018001F3
:100E000080018001800180018001800180018001DA
:100E1000800180018001C003F81F00000000000075
:100E200000000000000000000000000000000000C2
:100E3000E007101C0818043004300C300C3000306F
:100E4000001800080004000200018000400020207B
:100E5000102008200430FC1FFC1F000000000000D0
:100E60000000000000000000000000000000000082
:100E7000E003180E0C0C0C180C180C180018000CC1
:100E80000006C003000E00180010003000300C30C7
:100E90000C300C100C18180CE003000000000000CF
:100EA0000000000000000000000000000000000042
:100EB000000C000E000E000F800E800E400E600E23
:100EC000200E100E100E080E040E040EFE7F000EF3
:100ED000000E000E000E000E000EC07F000000008D
:100EE0000000000000000000000000000000000002
:100EF000F03FF03F10001000100008000800C80785
:100F0000280C1818081000300030003000300C3069
:100F10000C3004180418080CF00300000000000056
:100F200000000000000000000000000000000000C1
:100F3000800FC010203010301800180008000C007E
:100F40008C0F6C183C301C600C600C600C600C60EA
:100F50001860182030306018C00700000000000042
:100F60000000000000000000000000000000000081
:100F7000F83FF83F1C100C080408040400040002A9
:100F80000002000100010001800080008000C0001C
:100F9000C000C000C000C000C00000000000000091
:100FA0000000000000000000000000000000000041
:100FB000E007300C18180C300C300C301C3038188E
:100FC0007008E007B007180E0C1C06380630063013
:100FD000063006300C18180CE0030000000000007A
:100FE0000000000000000000000000000000000001
:100FF000E00318040C080C18061006300630063002
:10100000063006380C3C1836F03100300018001855
:1010100000180C0C0C060C03F0010000000000008E
:1010200000000000000000000000000000000000C0
:10103000000000000000000000000000000080012F
:10104000C003C00380010000000000000000000099
:1010500000008001C003C003800100000000000008
:101060000000000000000000000000000000000080
:101070000000000000000000000000000000C000B0
:10108000C0000000000000000000000000000000A0
:10109000000000000000C000C00080008000400090
:1010A00040000000000000000000000000000020E0
:1010B000001000080004000600038001C00060006A
:1010C000300018000C00180030006000C0008001E3
:1010D00000030006000400080010002000000000CB
:1010E0000000000000000000000000000000000000
:1010F0000000000000000000000000000000FE7F73
:1011000000000000000000000000FE7F0000000062
:1011100000000000000000000000000000000000CF
:1011200000000000000000000000000000000400BB
:101130000800100020006000C000800100030006CD
:10114000000C001800300018000C0006000380019D
:10115000C000600020001000080004000000000033
:101160000000000000000000000000000000C007B8
:101170003018083008600C601C601C601C60003077
:10118000001C00060001800080008000800000003C
:1011900000008001C003C0038001000000000000C7
:1011A000000000000000000000000000000000003F
:1011B000C0076018103018200C2F8C4D864CC64C80
:1011C000C64C664C66446644662666266615CC1C8C
:1011D0000C40082018303018C00700000000000044
:1011E00000000000000000000000000000000001FE
:1011F000C001C001C001400160032003200320039F
:101200003006100610061006F80F080C080C080C23
:101210000C0C0418041806181F7C000000000000C5
:1012200000000000000000000000000000000000BE
:10123000FE07181C183818301830183018301818D5
:10124000180CF80718181830182018601860186063
:101250001860186018301818FE0F00000000000019
:10126000000000000000000000000000000000007E
:10127000C0276038103018200C400C4004000600D5
:1012800006000600060006000600060006000C40E8
:101290000C400C2018303018C0070000000000007F
:1012A000000000000000000000000000000000003E
:1012B000FE03180E1818183018301830186018600F
:1012C000186018601860186018601860186018308E
:1012D000183018101818180EFE0300000000000047
:1012E00000000000000000000000000000000000FE
:1012F000FE3F183018201860184018001808180809
:10130000180CF80F180C1808180818001800180006
:101310001840184018201830FE3F00000000000060
:1013200000000000000000000000000000000000BD
:10133000FE7F1870184018C0188018001810181078
:101340001818F81F1818181018101800180018008E
:1013500018001800180018007E00000000000000AF
:10136000000000000000000000000000000000007D
:10137000C013701C101018100C200C200400060064
:10138000060006000600060006FC063006300C309B
:101390000C30183018303008C00700000000000082
:1013A000000000000000000000000000000000003D
:1013B0003F7E0C180C180C180C180C180C180C1874
:1013C0000C180C18FC1F0C180C180C180C180C1806
:1013D0000C180C180C180C183F7E000000000000C0
:1013E00000000000000000000000000000000000FD
:1013F000F81F80018001800180018001800180014F
:1014000080018001800180018001800180018001D4
:101410008001800180018001F81F000000000000B1
:1014200000000000000000000000000000000000BC
:10143000E07F000600060006000600060006000623
:10144000000600060006000600060006000600066C
:101450000006000600060006000600060E060E0343
:101460008E01FC00000000000000000000000000F1
:101470007E7C18181808180418061802180198011C
:101480009801D801B803380318071806180E180C6D
:10149000181C1818183018307EFC000000000000DE
:1014A000000000000000000000000000000000003C
:1014B0007E00180018001800180018001800180006
:1014C000180018001800180018001800180018005C
:1014D0001840184018201830FE3F0000000000009F
:1014E00000000000000000000000000000000000FC
:1014F0001FF81C381C381C381C3C34343434343449
:10150000343674326432643264326431C431C4318A
:10151000C431C430C43084309FFC0000000000009F
:1015200000000000000000000000000000000000BB
:101530001F7C1C103C103410341074106410E41024
:10154000C410C41184118413041304170416041E58
:10155000041C041C041C04181F18000000000000D8
:10156000000000000000000000000000000000007B
:10157000C003300C181808100C300C3006600660E0
:1015800006600660066006600660066006600C2065
:101590000C3008101818300CC003000000000000C8
:1015A000000000000000000000000000000000003B
:1015B000FE0F18181830186018601860186018604E
:1015C00018301818F80F1800180018001800180024
:1015D00018001800180018007E000000000000002D
:1015E00000000000000000000000000000000000FB
:1015F000C003300C18180C100C300C20066006606C
:101600000660066006600660066006600660E461CB
:101610002C331C321816300EC007004C007C0038EA
:1016200000000000000000000000000000000000BA
:10163000FE07181C183818301830183018301818D1
:10164000180CF80798031803180718061806180E40
:10165000180C180C181C18187E78000000000000E8
:10166000000000000000000000000000000000007A
:10167000E027303818300C200C200C000C0018002B
:101680007800E003800F001E0038007000600460E6
:101690000460086018303818C80F0000000000000F
:1016A000000000000000000000000000000000003A
:1016B000FC3F8C2184618241824180018001800154
:1016C0008001800180018001800180018001800112
:1016D0008001800180018001E0070000000000001F
:1016E00000000000000000000000000000000000FA
:1016F0003F7C0C100C100C100C100C100C100C106B
:101700000C100C100C100C100C100C100C100C10F9
:101710000C100C1008083804E00300000000000062
:1017200000000000000000000000000000000000B9
:101730003EF81820182018203010301030103010CB
:10174000600860086008E00CC004C004C0048003A6
:1017500080038003800300010001000000000000FE
:101760000000000000000000000000000000000079
:10177000DFF38661862186218C210C218C238C133A
:101780008C138C134C1358125816580E380E380EF2
:10179000380E300C1004100410040000000000008B
:1017A0000000000000000000000000000000000039
:1017B0007E3E180838083004300470026002E001F0
:1017C000C001C001800180034003400720062006BD
:1017D000100C100C081808183E7C000000000000D7
:1017E00000000000000000000000000000000000F9
:1017F0007E7C1C10181018083008300C700460042F
:101800006002C002C002C00180018001800180012D
:101810008001800180018001E007000000000000DD
:1018200000000000000000000000000000000000B8
:10183000F83F18180818040C040E000600070003EF
:1018400080038001C001C000E00060007000300033
:10185000382018201C100C18FE1F0000000000008B
:1018600000000000000000000000C03F40004000F9
:101870004000400040004000400040004000400068
:101880004000400040004000400040004000400058
:101890004000400040004000400040004000C03F89
:1018A0000000000000000000000000000000080030
:1018B0001800180010003000200060006000400098
:1018C000C0008000800180010001000300020006CA
:1018D00000060004000C000800180018001000307A
:1018E00000200000000000000000FC0300020002D5
:1018F00000020002000200020002000200020002D8
:1019000000020002000200020002000200020002C7
:101910000002000200020002000200020002FC03BA
:10192000000000000000000000008007C006200842
:101930001010000000000000000000000000000087
:101940000000000000000000000000000000000097
:101950000000000000000000000000000000000087
:101960000000000000000000000000000000000077
:101970000000000000000000000000000000000067
:101980000000000000000000000000000000000057
:101990000000000000000000000000000000000047
:1019A0000000FFFF0000000000007800C000000100
:1019B0000000000000000000000000000000000027
:1019C0000000000000000000000000000000000017
:1019D0000000000000000000000000000000000007
:1019E00000000000000000000000000000000000F7
:1019F0000000000000000000000000000000F003F4
:101A000018060C0C0C0C000C800F700C1C0C0C0C31
:101A1000060C060C064C0C4FF838000000000000C5
:101A200000000000000000000000000000001000A6
:101A30001E00180018001800180018001800180FD1
:101A4000D81838303860186018601860186018604E
:101A50001860182038307818C8070000000000000F
:101A60000000000000000000000000000000000076
:101A70000000000000000000000000000000C0079F
:101A8000700C181818180C180C000C000C000C0026
:101A90000C20182018103008C007000000000000BB
:101AA0000000000000000000000000000000001026
:101AB000001E001800180018001800180018E01B7D
:101AC000301C181818180C180C180C180C180C18B6
:101AD0000C180818181C307AE009000000000000FB
:101AE00000000000000000000000000000000000F6
:101AF0000000000000000000000000000000C0071F
:101B0000300C181808100C300C30FC3F0C000C0086
:101B10000C00182018107018C0070000000000000A
:101B200000000000000000000000000000000000B5
:101B3000003E80C380C0C0C0C000C000C000FC1F09
:101B4000C000C000C000C000C000C000C000C00095
:101B5000C000C000C000C000F80F0000000000007E
:101B60000000000000000000000000000000000075
:101B70000000000000000000000000000000C0772E
:101B8000306C10181818181818181018300CF007A6
:101B900018001800F00FF03F08700C600C600C602B
:101BA0003838E00F000000000000000000001000C6
:101BB0001E00180018001800180018001800980FD0
:101BC000D81838301830183018301830183018300D
:101BD00018301830183018307EFC0000000000006B
:101BE00000000000000000000000000000000000F5
:101BF0008003800380030000000000000001F80162
:101C000080018001800180018001800180018001CC
:101C10008001800180018001F81F000000000000A9
:101C200000000000000000000000000000000000B4
:101C30000038003800380000000000000010801F4D
:101C400000180018001800180018001800180018D4
:101C50000018001800180018001800180018180CB8
:101C60001806F00300000000000000000000100053
:101C70001E00180018001800180018001800183E60
:101C8000180C1806180318019801D8013803180712
:101C90001806180C181C18187E7C000000000000A4
:101CA0000000000000000000000000000000000133
:101CB000F8018001800180018001800180018001A4
:101CC000800180018001800180018001800180010C
:101CD0008001800180018001F81F000000000000E9
:101CE00000000000000000000000000000000000F4
:101CF0000000000000000000000000000800EE1CD2
:101D00009C338C318C318C318C318C318C318C31D9
:101D10008C318C318C318C31DE7B00000000000076
:101D200000000000000000000000000000000000B3
:101D300000000000000000000000000010001E0F66
:101D4000D81838301830183018301830183018308B
:101D500018301830183018307EFC000000000000E9
:101D60000000000000000000000000000000000073
:101D70000000000000000000000000000000C0079C
:101D8000701C103018300C600C600C600C600C6023
:101D90000C60183018303018C00700000000000038
:101DA0000000000000000000000000000000000033
:101DB00000000000000000000000000010009E0F66
:101DC00058183830182018601860186018601860AB
:101DD0001860183038307818980718001800180064
:101DE00018007E000000000000000000000000005D
:101DF0000000000000000000000000000000C02300
:101E0000303C183818300C300C300C300C300C30A2
:101E10000C3008301838303CE033003000300030EF
:101E2000003000FC00000000000000000000000086
:101E300000000000000000000000000060007E3C88
:101E400060666061E000E0006000600060006000CB
:101E50006000600060006000FE07000000000000FD
:101E60000000000000000000000000000000000072
:101E70000000000000000000000000000000E0275B
:101E800030381830182018007000E003800F001C54
:101E9000043004300C301C18EC0F0000000000006F
:101EA0000000000000000000000000000000000032
:101EB00000000000800080008000C000E000FC1FE7
:101EC000C000C000C000C000C000C000C000C00012
:101ED000C000C020C0208011000F000000000000E2
:101EE00000000000000000000000000000000000F2
:101EF00000000000000000000000000010201E3C58
:101F00001830183018301830183018301830183091
:101F100018301830183830F4E013000000000000CA
:101F200000000000000000000000000000000000B1
:101F300000000000000000000000000000007E3CE7
:101F40001818180838083004300470026002600263
:101F5000E001C001C001C0008000000000000000DE
:101F60000000000000000000000000000000000071
:101F70000000000000000000000000000000DFF78B
:101F80008E630C238C238C239813981358165816A1
:101F9000700E700E700E200420040000000000007F
:101FA0000000000000000000000000000000000031
:101FB0000000000000000000000000000000FC3EE7
:101FC00070087004E004C002C00180038003400771
:101FD0006006200C100C18183E7E00000000000067
:101FE00000000000000000000000000000000000F1
:101FF00000000000000000000000000000007E7CE7
:102000001818180830083008300460046004C00252
:10201000C002C00280018001800180008000800039
:102020004C003C0000000000000000000000000028
:102030000000000000000000000000000000FC1F85
:102040000C0C040E0406000380038001C000E000B5
:102050007020302038301C18FC1F000000000000E9
:102060000000000000000000000000300008000434
:102070000004000400040004000400040004000440
:1020800000040002800100020004000400040004B7
:10209000000400040004000400040004000400081C
:1020A00000300000000100010001000100010001FA
:1020B0000001000100010001000100010001000118
:1020C0000001000100010001000100010001000108
:1020D00000010001000100010001000100010001F8
:1020E000000100010000000000000C0010002000B2
:1020F00020002000200020002000200020002000E0
:10210000200040008001400020002000200020002E
:1021100020002000200020002000200020001000CF
:102120000C00000000003800C4008640026100225C
:10213000001C000000000000000000000000000083
:10214000000000000000000000000000000000008F
:10215000000000000000000000000000000000007F
:10216000000000000000000000000000000000006F
:10217000000000000000000000000000000000005F
:10218000000000000000000000000000000000004F
:10219000000000000000000000000000600060007F
:1021A00060006000600060006000400020002000CF
:1021B00020000000000000006000600060000000DF
:1021C0000000000000000000600660063003980177
:1021D0008800440000000000000000000000000033
:1021E00000000000000000000000000000000000EF
:1021F00000000000000000000000000010021002BB
:1022000010021002FE07FE0708020801080108017B
:102210000801FE07FE070401040104010401000097
:102220000000000000000000000040004000F0013D
:1022300058034C03CC034C0058007000E000C00170
:10224000C00140034C035C034C034801F000400014
:102250004000000000000000000000000E010A0124
:10226000910091009100510051003A00AE03A0028C
:1022700050045004480448044804840284030000C5
:1022800000000000000000000000000038006C00AA
:102290006C006C006C006C002C0098071C011A018B
:1022A000330133016301E300C308C6093C070000A2
:1022B00000000000000000000C001C0010001000D6
:1022C0000800040000000000000000000000000002
:1022D00000000000000000000000000000000000FE
:1022E0000000000000000000000400020001800067
:1022F000800040004000200020002000200020003E
:10230000200020004000400080008000000100020A
:10231000000400000000000002000400080010009B
:10232000100020002000400040004000400040001D
:1023300040004000200020001000100008000400B1
:10234000020000000000000000000000000000008B
:102350004000C0004000460C4E0FD001F0015E0F5F
:10236000460C40004000400000000000000000005B
:10237000000000000000000000000000000000005D
:10238000000040004000400040004000FE0F4000C0
:10239000400040004000400000000000000000003D
:1023A000000000000000000000000000000000002D
:1023B000000000000000000000000000000000001D
:1023C00000000000000000000C001C0010001000C5
:1023D00008000400000000000000000000000000F1
:1023E000000000000000000000000000FE070000E8
:1023F00000000000000000000000000000000000DD
:1024000000000000000000000000000000000000CC
:1024100000000000000000000000000000000000BC
:1024200000000000000000001C001C001C00000058
:10243000000000000000000000040006000200038D
:10244000000100018000800040004000600020008A
:10245000200010001000080008000C000400060016
:102460000200000000000000000000000000F0007A
:1024700098010C030C030606060606060606060669
:102480000606060606060C030C039801F000000081
:1024900000000000000000000000000000004000FC
:1024A0007C00600060006000600060006000600010
:1024B000600060006000600060006000FC030000DD
:1024C0000000000000000000000000000000F80014
:1024D0008401020306030603000300018001C0001B
:1024E000600020001000080204020602FE03000043
:1024F0000000000000000000000000000000780064
:10250000C6008601860180018001C0007000800144
:10251000000100030003060306038601F800000023
:10252000000000000000000000000000000080012A
:102530008001C001A001A0019001880188018401EF
:102540008201FE0F8001800180018001E007000010
:102550000000000000000000000000000000FC037C
:1025600004000400040004000400F4008C010403CF
:10257000000300030603060382018401F800000043
:102580000000000000000000000000000000E0016A
:1025900018030C030C0004000600E60116030E06E7
:1025A00006060606060604060C021803F0000000E4
:1025B0000000000000000000000000000000F8071C
:1025C0000C060402040100010001800080004000AC
:1025D000400040006000600060006000600000009B
:1025E0000000000000000000000000000000F801F2
:1025F0000C030606060606060C021C03F000C801C2
:102600000C0306060606060606060C03F00100008B
:102610000000000000000000000000000000F000CA
:102620000C010C03060206060606060606078C06C3
:1026300078060006000300030C018C0178000000FE
:10264000000000000000000000000000000000008A
:102650000000000000000000E000E000E0000000DA
:102660000000000000000000E000E000E0000000CA
:10267000000000000000000000000000000000005A
:10268000000000000000000060006000000000008A
:10269000000000000000000000006000600040003A
:1026A00020002000000000000000000000040002E4
:1026B0000001800040002000100008000400080015
:1026C0001000200040008000000100020004000013
:1026D00000000000000000000000000000000000FA
:1026E0000000000000000000FE07000000000000E5
:1026F000FE070000000000000000000000000000D5
:1027000000000000000000000000000004000800BD
:1027100010002000400080000001000200040002C0
:1027200000018000400020001000080004000000AC
:102730000000000000000000000000000000E003B6
:102740001806040C040C0C0C0C0C00078001400053
:102750004000400000000000E000E000E000000059
:10276000000000000000000000000000E00018036E
:102770000C02CC0564056605A605B604B604B604CD
:10278000B604B602E4010C040C021803F0000000C9
:1027900000000000000000000000000000006000D9
:1027A00060005000D000900090008800880108016F
:1027B000F801040304030402020202060F0F0000E2
:1027C0000000000000000000000000000000FE000B
:1027D0008C030C030C030C030C038C01FC000C0396
:1027E0000C020C060C060C060C060C03FE01000085
:1027F0000000000000000000000000000000E003F6
:1028000018030C060C04040406000600060006006B
:102810000600060006040C040C021803F000000079
:1028200000000000000000000000000000007F0029
:102830008C010C030C030C060C060C060C060C0693
:102840000C060C060C060C030C038C017F00000028
:102850000000000000000000000000000000FF0376
:10286000060306040604060086008600FE008600B5
:10287000860086000600060406040602FF03000028
:102880000000000000000000000000000000FF0346
:10289000060306040604060086008600FE00860085
:1028A0008600860006000600060006001F000000E5
:1028B0000000000000000000000000000000F00028
:1028C00018010C020C0204020600060006000600B5
:1028D000C60F060306030C030C031803F0000000E8
:1028E00000000000000000000000000000000F0FCA
:1028F000060606060606060606060606FE0706067F
:102900000606060606060606060606060F0F000061
:102910000000000000000000000000000000FC03B8
:1029200060006000600060006000600060006000A7
:10293000600060006000600060006000FC03000058
:102940000000000000000000000000000000F80788
:10295000C000C000C000C000C000C000C000C00077
:10296000C000C000C000C000C000C000C000C60061
:1029700066003C0000000000000000000000CF03E3
:102980008601C60046002600160036002E006E00A6
:102990004600C60086008601060106038F07000078
:1029A00000000000000000000000000000001F0008
:1029B00006000600060006000600060006000600E7
:1029C000060006000600060406040602FF030000D7
:1029D00000000000000000000000000000000707E9
:1029E000860386038E038E034E034E034A035A0367
:1029F0005A033A03320332033203120387070000FB
:102A000000000000000000000000000000008E0F29
:102A10000C021C021C0234023402640264024402EE
:102A2000C402840284038403040304031F0200001D
:102A30000000000000000000000000000000F000A6
:102A400098010C030C020606060606060606060694
:102A50000606060606060C020C039801F0000000AC
:102A60000000000000000000000000000000FF0067
:102A70000603060606060606060606068603FE008A
:102A80000600060006000600060006001F00000003
:102A90000000000000000000000000000000F00046
:102AA00098010C030C020606060606060606060634
:102AB0000606060676064C02CC039801F000800755
:102AC0000003000000000000000000000000FF0103
:102AD000060306060606060606060603FE00460070
:102AE000C600860086010603060306060F0E0000D8
:102AF0000000000000000000000000000000F802DC
:102B00000C030602060206000E003C00F800E0037B
:102B1000800300070206020606060C03F00100000F
:102B20000000000000000000000000000000FE07A0
:102B3000620461086108600060006000600060007D
:102B4000600060006000600060006000F80100004C
:102B500000000000000000000000000000001E0750
:102B60000C020C020C020C020C020C020C020C02F5
:102B70000C020C020C020C020C021801F000000006
:102B800000000000000000000000000000000F072F
:102B90000602040104010C010C0188008800980061
:102BA000980050005000700030002000200000000D
:102BB0000000000000000000000000000000F70E10
:102BC000620442044604460464026402E402E4022D
:102BD0009C029C01980198018801880088000000EF
:102BE00000000000000000000000000000009E0740
:102BF0000C01080118019000B00060002000600086
:102C00006000D00090008801080104038E070000D6
:102C100000000000000000000000000000000F0F96
:102C2000060404020C0208011801B800B00070008C
:102C3000600060006000600060006000F80100005B
:102C40000000000000000000000000000000FC0781
:102C50000C020603020180018000400040002000B9
:102C600020001000180008040C040402FE030000F9
:102C70000000000000000000E00320002000200011
:102C80002000200020002000200020002000200044
:102C90002000200020002000200020002000200034
:102CA000E003000000000000000000000400040039
:102CB0000800080010001000100020002000400054
:102CC0004000C000800080000001000100020002FE
:102CD00000020004000000007C00400040004000B2
:102CE00040004000400040004000400040004000E4
:102CF00040004000400040004000400040004000D4
:102D00007C0000000000600090000801000000004E
:102D100000000000000000000000000000000000B3
:102D200000000000000000000000000000000000A3
:102D30000000000000000000000000000000000093
:102D40000000000000000000000000000000000083
:102D50000000000000000000000000000000000073
:102D60000000FF0F000000001800600000000000DD
:102D70000000000000000000000000000000000053
:102D80000000000000000000000000000000000043
:102D90000000000000000000000000000000000033
:102DA0000000000000000000F0010C030C03000311
:102DB000E0031C030E03060306038E0B7C0E0000CB
:102DC00000000000000000000000000008000E00ED
:102DD0000C000C000C000C00CC013C031C060C0683
:102DE0000C060C060C060C060C021C03E401000089
:102DF00000000000000000000000000000000000D3
:102E00000000000000000000F0008C018C01860131
:102E100006000600060006020C020C01F00000008D
:102E20000000000000000000000000000002C003DD
:102E3000000300030003000378038C030C03060364
:102E4000060306030603060304038C07780100004B
:102E50000000000000000000000000000000000072
:102E60000000000000000000E001180308020C064A
:102E70000C06FC070C000C0018041802E00100000E
:102E80000000000000000000000000000000C0037F
:102E90006006300630003000FE01300030003000A7
:102EA000300030003000300030003000FC01000005
:102EB0000000000000000000000000000000000012
:102EC0000000000000000000F007D8068C018C0113
:102ED0008C019801F8000C00FC00CC0306030603EB
:102EE0008E03F800000000000000000008000E0043
:102EF0000C000C000C000C00EC011C030C030C0378
:102F00000C030C030C030C030C030C039E070000C2
:102F10000000000000000000000000000000600051
:102F200060000000000040007C0060006000600065
:102F3000600060006000600060006000FC03000052
:102F40000000000000000000000000000000C001C0
:102F5000C001000000000001F0018001800180013B
:102F60008001800180018001800180018001800159
:102F7000CC007C00000000000000000008000E00F3
:102F80000C000C000C000C008C038C008C004C001E
:102F90006C005C008C008C010C010C039E0700008F
:102FA00000000000000000000000000040007C0065
:102FB0006000600060006000600060006000600011
:102FC000600060006000600060006000FC030000C2
:102FD00000000000000000000000000000000000F1
:102FE00000000000000000003707EE0666066606D7
:102FF000660666066606660666066606FF0F00003B
:1030000000000000000000000000000000000000C0
:103010000000000000000000EE011C030C030C0384
:103020000C030C030C030C030C030C039E070000A1
:103030000000000000000000000000000000000090
:103040000000000000000000F00098010C030606DC
:1030500006060606060606060C030C03F000000032
:103060000000000000000000000000000000000060
:103070000000000000000000EE011C030C060C061E
:103080000C060C060C060C060C031C03EC010C00D1
:103090000C003E00000000000000000000000000E6
:1030A000000000000000000078028C030C030603FF
:1030B000060306030603060304038C0378030003D8
:1030C0000003C00700000000000000000000000036
:1030D00000000000000000009F035806380618009A
:1030E000180018001800180018001800FF00000051
:1030F00000000000000000000000000000000000D0
:103100000000000000000000F0031C030C020C0291
:103110003800F000C003040304038C03FC0100002A
:10312000000000000000000000000000000000009F
:103130002000200030003000FE0130003000300060
:10314000300030003000300030023002E00100007A
:10315000000000000000000000000000000000006F
:1031600000000000000008028E030C030C030C0397
:103170000C030C030C030C030C039C0778010000E8
:10318000000000000000000000000000000000003F
:1031900000000000000000001E070C0208010801EA
:1031A00018019000B000B000600060002000000036
:1031B000000000000000000000000000000000000F
:1031C0000000000000000000F70E620446046402E4
:1031D0006402EC029C01980198019801080000002B
:1031E00000000000000000000000000000000000DF
:1031F0000000000000000000BC0718011001B00032
:1032000060006000E0009000080108039E070000D5
:1032100000000000000000000000000000000000AE
:1032200000000000000000009E07080108010801DE
:1032300090009000B000600060006000200020005E
:1032400024001C000000000000000000000000003E
:103250000000000000000000FC018401C4004400E4
:10326000600020003000180208020C03FC0100007E
:1032700000000000000000000003800080008000CB
:10328000800080008000800080004000200040001E
:10329000800080008000800080008000800080002E
:1032A000000300004000400040004000400040009B
:1032B000400040004000400040004000400040000E
:1032C00040004000400040004000400040004000FE
:1032D00040004000000000000C0010001000100032
:1032E000100010001000100010002000400020000E
:1032F000100010001000100010001000100010004E
:103300000C00000000001C002204C2048003000026
:1033100000000000000000000000000000000000AD
:10332000000000000000000000000000000000009D
:10333000000000000000000000000000000000008D
:103340000000000000000008080808080808000045
:103350001818000000486C24120000000000000053
:10336000000000000000002424247F1212127F12AB
:10337000121200000000081C2A2A0A0C1828282A09
:103380002A1C080800000022251515152A58545437
:10339000542200000000000C1212120A7625291196
:1033A000916E00000006060403000000000000000B
:1033B000000000000040201010080808080808104D
:1033C000102040000002040808101010101010080F
:1033D000080402000000000008086B1C1C6B0808B1
:1033E0000000000000000000080808087F08080826
:1033F00008000000000000000000000000000000C5
:10340000060604030000000000000000FE000000AB
:1034100000000000000000000000000000000000AC
:10342000060600000000804040202010100808041C
:10343000040202000000001824424242424242427A
:1034400024180000000000080E08080808080808F2
:10345000083E00000000003C4242422020100804C8
:10346000427E00000000003C4242201820404042C2
:10347000221C0000000000203028242422227E206C
:10348000207800000000007E0202021A264040421E
:10349000221C0000000000382402021A2642424288
:1034A000241800000000007E2222101008080808DE
:1034B000080800000000003C424242241824424216
:1034C000423C000000000018244242426458404040
:1034D000241C00000000000000001818000000007C
:1034E00018180000000000000000000800000000A4
:1034F000000808040000004020100804020408101E
:10350000204000000000000000007F0000007F005D
:1035100000000000000000020408102040201008F5
:10352000040200000000003C42424640201010000F
:10353000181800000000001C225A555555552D4200
:10354000221C00000000000808181414243C224229
:1035500042E700000000001F2222221E22424242B7
:10356000221F00000000007C4242010101010142D3
:10357000221C00000000001F2242424242424242FE
:10358000221F00000000003F4212121E12120242CF
:10359000423F00000000003F4212121E12120202BF
:1035A000020700000000003C2222010101712122DB
:1035B000221C0000000000E7424242427E4242429A
:1035C00042E700000000003E080808080808080854
:1035D000083E00000000007C1010101010101010A9
:1035E0001010110F0000007722120A0E0A12122288
:1035F000227700000000000702020202020202021B
:10360000427F000000000077363636362A2A2A2A02
:103610002A6B0000000000E346464A4A52525262BA
:10362000624700000000001C2241414141414141EC
:10363000221C00000000003F424242423E020202C1
:10364000020700000000001C2241414141414D534E
:10365000321C60000000003F4242423E1212222211
:1036600042C700000000007C424202041820404291
:10367000423E00000000007F4908080808080808CA
:10368000081C0000000000E742424242424242421F
:10369000423C0000000000E7424222242414141897
:1036A000080800000000006B494949495555362279
:1036B00022220000000000E74224241818182424C5
:1036C00042E70000000000772222141408080808CE
:1036D000081C00000000007E212010100804044295
:1036E000423F000000780808080808080808080891
:1036F00008087800000002020404080808101020DE
:1037000020204040001E101010101010101010103B
:1037100010101E00003844000000000000000000EF
:103720000000000000000000000000000000000099
:10373000000000FF0006080000000000000000007C
:1037400000000000000000000000003C42784442FD
:1037500042FC0000000000030202021A264242421C
:10376000261A000000000000000000384402020297
:10377000443800000000006040404078444242422B
:1037800064D80000000000000000003C427E0202FD
:10379000423C0000000000F08808087E0808080885
:1037A000083E0000000000000000007C22221C02F5
:1037B0003C42423C000000030202023A46424242BE
:1037C00042E700000000000C0C00000E080808088A
:1037D000083E00000000003030000038202020208B
:1037E0002020221E0000000302020272120A16129A
:1037F000227700000000000E0808080808080808E2
:10380000083E0000000000000000007F92929292AB
:1038100092B70000000000000000003B4642424218
:1038200042E70000000000000000003C424242422B
:10383000423C0000000000000000001B2642424203
:10384000221E0207000000000000007844424242AD
:10385000447840E000000000000000774C040404BD
:10386000041F0000000000000000007C42023C40F9
:10387000423E0000000000000008083E080808085A
:103880000830000000000000000000634242424295
:1038900062DC000000000000000000E74224241465
:1038A0000808000000000000000000EB49495555E1
:1038B00022220000000000000000007624181818E2
:1038C000246E000000000000000000E742242414E1
:1038D00018080807000000000000007E22100808F9
:1038E000447E000000C02020202020102020202026
:1038F0002020C00010101010101010101010101008
:103900001010101000060808080808100808080819
:10391000080806000C32C200000000000000000091
:103920000000000000000000000000000000000097
:1039300000000404040404000004000014140A003D
:10394000000000000000000000000A0A1F0A0A1F11
:103950000A0A000000040E1505060C14150E0400DA
:10396000000012150D152E2C2A1200000000040A6A
:103970000A36151529160000020201000000000099
:1039800000000000100808040404040408081000E3
:1039900002040408080808080404020000000004E7
:1039A000150E0E150400000000000008083E08086F
:1039B0000000000000000000000000000202010002
:1039C00000000000003F00000000000000000000B8
:1039D000000000000002000000201010080804048D
:1039E0000202010000000E1111111111110E000050
:1039F0000000040604040404040E000000000E117C
:103A000011080402011F000000000E11100C10101C
:103A1000110E00000000080C0C0A091F081C000011
:103A200000001F01010F1110110E000000000C1208
:103A3000010D1311110E000000001E1008080404EF
:103A40000404000000000E11110E1111110E0000EF
:103A500000000E11111916100906000000000000E8
:103A6000040000000004000000000000000400004A
:103A70000004040000001008040202040810000002
:103A8000000000003F003F000000000000000204B2
:103A9000081010080402000000000E1111080404B0
:103AA0000004000000001C22292D2D1D221C0000F6
:103AB000000004040C0A0A1E1233000000000F125A
:103AC000120E1212120F000000001E11010101015E
:103AD000110E000000000F1212121212120F00003D
:103AE00000001F120A0E0A02121F000000001F121F
:103AF0000A0E0A020207000000001C12010139111F
:103B0000120C000000003312121E121212330000B9
:103B100000001F0404040404041F000000003E0809
:103B20000808080808080907000037120A060A12E0
:103B3000123700000000070202020202223F0000CA
:103B400000003B1B1B1B15151535000000003B1228
:103B500016161A1A1217000000000E111111111179
:103B6000110E000000000F12120E020202070000E8
:103B700000000E1111111117190E180000000F127C
:103B8000120E0A121237000000001E110106081062
:103B9000110F000000001F1504040404040E0000AF
:103BA0000000331212121212120C00000000331225
:103BB000120A0A0C040400000000151515150E0A5F
:103BC0000A0A000000001B0A0A04040A0A1B00007B
:103BD00000001B0A0A0A0404040E000000001F096A
:103BE00008040402121F00001C040404040404045A
:103BF00004041C0000020204040408080810100059
:103C00000E0808080808080808080E00040A000042
:103C100000000000000000000000000000000000A4
:103C20000000003F0204000000000000000000004F
:103C300000000000000C121C123C000000030202F5
:103C4000020E1212120E000000000000001C1202F0
:103C5000120C000000181010101C1212123C000070
:103C600000000000000C121E021C000000182404BA
:103C7000041E0404041E000000000000003C120C9E
:103C8000021C221C00030202020E12121237000054
:103C90000004040000060404040E000000080800EC
:103CA000000C08080808080700030202021A0A06A6
:103CB0000A1300000007040404040404041F0000A5
:103CC00000000000000F1515151500000000000091
:103CD000000F12121237000000000000000C121238
:103CE000120C000000000000000F1212120E02075A
:103CF00000000000001C1212121C1038000000000E
:103D0000001B06020207000000000000001E020C5B
:103D1000101E000000000004041E0404041C000027
:103D200000000000001B1212123C00000000000006
:103D3000001B0A0A04040000000000000015150E14
:103D40000A0A000000000000001B0A040A1B000011
:103D500000000000003312120C08040300000000F1
:103D6000001E0804041E000018080808080C0808B3
:103D700008081800080808080808080808080808BB
:103D800006040404040804040404060016090000E0
:103D900000000000000000004ACE530E5B4E6B6F27
:103DA00073AF73CF7BF0841084308C518C518C7145
:103DB0008C518C518C51843184307C1073F06BD0D9
:103DC00063AF5BAF5BAF63AF63CF73F073F07C1037
:103DD000843084318C518C518C518C518C518C712C
:103DE0008C718C718C718C718C718C718C718C71EB
:103DF0008C718C718C718C718C718C718C718C71DB
:103E00008C718C718C718C718C718C718C718C71CA
:103E10008C718C718C718C518C518C5184318410CB
:103E20007BF073CF73AF738F738F73AF73AF7BCF31
:103E30007BF07C108410843084318C518C518C51F7
:103E40008C518C518C518C718C718C718C718C71EA
:103E50008C718C718C718C718C718C718C718C717A
:103E60008C718C718C718C718C718C718C718C716A
:103E70008C718C718C718C718C718C718C718C715A
:103E80008C718C718C718C718C718C718C518C518A
:103E90008C51843184107BF07BCF73AF73AF73AFE1
:103EA00073AF73CF7BF07BF0841084308430845107
:103EB0008C518C518C518C518C518C718C718C71BA
:103EC0008C718C718C718C718C718C718C718C710A
:103ED0008C718C718C718C718C718C718C718C511A
:103EE0008C518C518C518C518C508C508C508C51ED
:103EF0008C518C518C718C718C718C518C518C517A
:103F0000843184107BF073AF6B6F634E5B0E5AEDA0
:103F100052AD4A6C424C3A0B39EB31CB31CB31CB01
:103F200031EB3A0B3A2B424B426B4A8C52CD62EE4C
:103F30006B2F7B6F839083B08BB18BD18BD08BD069
:103F400083D083D083D083D083D083B083B0839059
:103F50008B908B70837083507B2F730E62CD528C4D
:103F60004A4B422A3A2B3A2C424D426E4AAF52D02B
:103F70005B1063306B706B9073B173B17BF17BF14D
:103F8000841184108410841084107C108410841098
:103F9000843084518C518C518C518C518C518C516A
:103FA0008C518C518C518C518450843084308430AD
:103FB0008430843084308430843084308430842F62
:103FC000842F840F840F840F4ACE530E5B2E6B6FA9
:103FD00073AF73CF7BF0841084308C518C518C7113
:103FE0008C718C518C518C51843084107BF073F027
:103FF0006BD063D063CF63CF6BCF73CF73F07C1084
:1040000084108430843084318C518C518C518C518B
:104010008C518C518C718C718C718C718C718C71F8
:104020008C718C718C718C718C718C718C718C71A8
:104030008C718C718C718C718C718C718C718C7198
:104040008C718C718C718C718C518C518C51843031
:1040500084107BF073CF73AF73AF73AF73AF73CF55
:104060007BD07BF07C1084108430843084318C5180
:104070008C518C518C518C518C518C518C718C7118
:104080008C718C718C718C718C718C718C718C7148
:104090008C718C718C718C718C718C718C718C7138
:1040A0008C718C718C718C718C718C718C718C7128
:1040B0008C718C718C718C718C718C718C718C5138
:1040C0008C518C51843084107BF07BCF73CF73AFD5
:1040D00073CF7BCF7BD07BF07BF084108410843057
:1040E000843184518C518C518C518C518C518C5118
:1040F0008C718C718C718C718C718C718C718C71D8
:104100008C718C718C718C718C718C718C518C5107
:104110008C518C518C518C518C518C508C508C51B9
:104120008C518C718C718C718C718C718C518C5107
:10413000845184307BF073D06B8F634E632E5AEEC4
:1041400052AD4A8C424C3A0B39EB31CB31CB31CBAF
:1041500031EB3A0B3A2B424B4A8C4AAC5ACD630EA8
:10416000734F7B9083B083D18BD18BD18BF18BD06C
:1041700083D083D083B083AF83AF83B083908390A9
:104180008B908B70837083507B2F730E62CD528C1B
:104190004A4B3A2A3A0A3A0B3A2C424D4A8E4AAFD7
:1041A00052EF5B1063306B506B7073907BD07BF081
:1041B0007BF084108410840F83EF7BEF84108410D5
:1041C000843084518C518C518C518C518C518C5138
:1041D0008C518C518C5184318430843084308410E3
:1041E000841084108430843084308430842F842F71
:1041F000840F840F840F840F4ACD52EE5B2E636FC1
:10420000738F73AF7BF0841084308C518C518C7120
:104210008C718C518C518C518451843084107C1061
:1042200073F073F06BD06BD06BCF73CF73CF7BF029
:104230007BF07BF0841084108430843184518C5165
:104240008C518C518C518C518C518C718C718C7126
:104250008C718C718C718C718C718C718C718C7176
:104260008C718C718C718C718C718C718C718C7166
:104270008C718C718C718C718C718C518C518431DE
:10428000843084107BF07BF07BD07BCF73CF7BCFEF
:104290007BD07BD07BF07BF07C108410843084302A
:1042A000843184518C518C518C518C518C518C5156
:1042B0008C718C718C718C718C718C718C718C7116
:1042C0008C718C718C718C718C718C718C718C7106
:1042D0008C718C718C718C718C718C718C718C71F6
:1042E0008C718C718C718C718C718C718C718C71E6
:1042F0008C518C518431843084107BF07BF07BF0C6
:104300007BD07BD07BD07BF07BF07BF07C1084106B
:1043100084108430843184318C518C518C518C5177
:104320008C518C518C718C718C718C718C718C71E5
:104330008C718C718C718C718C718C718C518C51D5
:104340008C518C518C518C518C518C518C518C5185
:104350008C718C718C718C718C718C718C718C5195
:104360008C51843184107BF073AF6B6F634E5B0EA6
:1043700052CD4A8D424C3A0B39EB31CB31CB31EB3C
:1043800031EB3A0B3A2B424B4A8C52AC5AED6B2E26
:10439000736F7BB083D08BF18BF18BF18BF18BF052
:1043A00083D083AF83AF838F838F838F83908390FA
:1043B0008B908B90837083707B4F730E62CD528C89
:1043C0004A4B3A0A31EA31EA31EB3A2C424D426E1D
:1043D0004AAE52CF5AEF63106B306B70739073B06C
:1043E0007BD07BF07BEF7BEF7BEF7BEF840F841048
:1043F000843084518C518C518C518C518C518C5106
:104400008451843184318430843084107C0F7C0F5B
:104410007BEF7C0F7C0F840F840F840F840F840F3D
:10442000840F840F7C0F7C0F4ACD52EE5B2E634EBF
:104430006B8F73AF7BCF841084308C518C518C5137
:104440008C518C518C518C518C51845184318430DD
:104450007C107C107BF073F073CF73CF73CF73CF6E
:104460007BCF7BD07BF07BF0841084108430843051
:1044700084318C518C518C518C518C518C518C715C
:104480008C718C718C718C718C718C718C718C7144
:104490008C718C718C718C718C718C718C718C7134
:1044A0008C718C718C718C718C718C518C518C5184
:1044B0008C518431843084107C107BF07BF07BF055
:1044C0007BD07BD07BD07BD07BF07BF07BF08410EB
:1044D00084108430843084318C518C518C518C51B7
:1044E0008C518C518C518C718C718C718C718C7144
:1044F0008C718C718C718C718C718C718C718C71D4
:104500008C718C718C718C718C718C718C718C71C3
:104510008C718C718C718C718C718C718C718C71B3
:104520008C518C518C51845184318430841084108E
:104530007BF07BF07BF07BF07BF07BF07BF07BF023
:104540007BF07C1084108430843084318C518C5109
:104550008C518C518C518C518C718C718C718C71F3
:104560008C718C718C718C718C718C718C518C51A3
:104570008C518C518C518C518C518C518C518C7133
:104580008C718C718C718C718C718C718C718C5163
:104590008C51843184307C107BD073AF6B6F632E71
:1045A0005AED4A8D424C3A0B39EB31EB31CB31EBC2
:1045B00031EB3A0B422B426C4A8C5ACD630E6B4F57
:1045C0007B9083D083F18C118C118C118C1183F032
:1045D00083D083AF7B6E7B6E7B4E836F836F8390C4
:1045E0008B908B90839083707B4F730E62CD526C57
:1045F000422A39E931C929C931CA31EB3A0B3A2C7F
:10460000424D4A6D528E5ACF62EF6B306B507390B1
:1046100073B073D07BCF7BCF7BCE7BEF83EF8410E7
:10462000843084318C518C518C518C518431843143
:1046300084318431843084107C107BEF7BEF7BEEFF
:104640007BEE7BEF7BEF7C0F7C0F7C0F7C0F7C0F76
:104650007C0F7C0F7C0F7C0F4AAD4ACD5B0E634E06
:104660006B6E73AF7BCF7BF0841084308C518C5198
:104670008C518C518C518C518C518C518451843182
:10468000843084307C107BF07BCF7BCF7BCF7BCFA3
:104690007BCF7BCF7BD07BD07BF07BF07BF084101B
:1046A00084108430843184518C518C518C518C51C4
:1046B0008C518C718C718C718C718C718C718C7132
:1046C0008C718C718C718C718C718C718C718C7102
:1046D0008C718C718C718C718C718C718C518C5132
:1046E0008C518C51845184318430843084107C10FE
:1046F0007BF07BF07BF07BD07BD07BD07BF07BF0C2
:104700007BF07C10841084308430843184518C514F
:104710008C518C518C518C518C518C718C718C7151
:104720008C718C718C718C718C718C718C718C71A1
:104730008C718C718C718C718C718C718C718C7191
:104740008C718C718C718C718C718C718C718C7181
:104750008C718C518C518C518C518C5184318430A2
:104760008430841084107BF07BF07BF07BF07BF056
:104770007BF07BF07BF07C108410843084308431BB
:1047800084518C518C518C518C518C518C518C7129
:104790008C718C718C718C718C718C718C518C5171
:1047A0008C518C518C518C518C518C518C518C7101
:1047B0008C718C718C718C718C718C718C718C7111
:1047C0008C518C51843184107BF073D06B8F634E8D
:1047D0005AEE52AD424C3A2B39EB31EB31EB31EB27
:1047E00039EB3A0B422B4A6C52AD5AED6B2E736F7C
:1047F0007BB083F08C118C118C318C318C1183F057
:1048000083D0838F7B6E7B4E7B4E7B6E838F83B09A
:104810008BB08BB0839083707B4F6B0E5AAD4A4B3D
:104820003A0A31C929A829A829A929A931CA31EBED
:104830003A0B422C4A4D528E5AAE62EF6B2F6B50A0
:10484000739073AF73AF73AF7BCE7BCF7BEF84106E
:104850008430843184318451843184318431843191
:104860008431841084107BF07BEF73CF73CE73CED2
:1048700073CE73CE7BEE7BEF7C0F7C0F7C0F7C0FB7
:104880007C0F7C0F7C0F7C0F428D4AAD52ED5B2D6F
:10489000634E6B6E73AF7BCF7BF0841084108430DB
:1048A0008430843084308430843084308430843068
:1048B0008430841084107BEF7BCF7BCF7BCF7BCF8A
:1048C0007BCF7BD07BD07BD07BD07BD07BD07BF071
:1048D0007BF07C1084108430843084318C518C5176
:1048E0008C518C518C518C518C718C718C718C7160
:1048F0008C718C718C718C718C718C718C718C71D0
:104900008C718C718C718C718C718C718C718C51DF
:104910008C518C518C518C518C5184318431843028
:10492000841084107C107BF07BF07BF07BF07BF0BC
:104930007BF07BF07BF07C1084108410843084301A
:1049400084318C518C518C518C518C518C518C7187
:104950008C718C718C718C718C718C718C518C51AF
:104960008C518C518C718C718C718C718C718C719F
:104970008C718C718C718C718C718C718C718C714F
:104980008C718C718C518C518C518C518C518C51FF
:10499000843184318430843084107C107BF07BF04F
:1049A0007BF07BF07BF07BF07BF07C10841084103C
:1049B000843084318C518C518C518C518C518C5160
:1049C0008C518C718C718C718C718C718C518C515F
:1049D0008C518C518C518C518C518C518C518C71CF
:1049E0008C718C718C718C718C718C718C718C71DF
:1049F0008C518C518451843084107BF073AF6B6F79
:104A00005B0E52CD4A6C422C3A0B31EB31EB31EB61
:104A100039EB3A0B424C4A6C52AD62EE6B2F7B7015
:104A200083B083F08C118C118C318C318C1183F01C
:104A300083D0838F7B4E7B2E7B2E7B6E838F83B0C8
:104A400083D083D083B07B6F732F62CD528C422B87
:104A500039E929A829882988298829A829A931C9B3
:104A600031EA3A0B422C524D5A8D62CE62EF6B2FD7
:104A70006B4F6B6F738F73AF73AF7BCF7BEF841014
:104A8000841084318431843184318431843184319F
:104A9000841184107BF07BCF73CF73AE73AE73AE93
:104AA00073AE73CE7BEE7BEF7C0F7C0F7C0F7C0FA5
:104AB0007C0F7C0F7C0F7C0F426C4A8C52CC5AEDE1
:104AC000630D6B4D6B6E738E7BAF7BCF7BCF7BEFBC
:104AD00083EF83EF83EF83EF83EF83EF83EF83EF46
:104AE00083EF83EF7BCF7BAE7BAE7BCF7BCF7BEF48
:104AF0007BF07BF07BF07BF07BD07BD07BD07BD0DE
:104B00007BD07BD07BF07BF08410841084308431A8
:104B100084518C518C518C518C518C518C718C7175
:104B20008C718C718C718C718C718C718C718C719D
:104B30008C718C718C718C718C718C718C718C718D
:104B40008C718C718C518C518C518C518C518C513D
:104B500084318430843084107C107BF07BF07BF0D7
:104B60007BF07BF07BF07BF07BF07BF07C108410A3
:104B700084308430843184518C518C518C518C51CF
:104B80008C518C518C518C518C518C518C518C513D
:104B90008C518C518C518C518C518C518C718C71ED
:104BA0008C718C718C718C718C718C718C718C711D
:104BB0008C718C718C718C718C518C518C518C518D
:104BC0008C518C518C518431843084308410841009
:104BD0007C107BF07BF07BF07BF07BF07BF07C103B
:104BE000841084308430843184518C518C518C51A8
:104BF0008C518C518C518C518C718C518C518C51AD
:104C00008C518C518C518C518C518C518C518C719C
:104C10008C718C718C718C718C718C718C718C71AC
:104C20008C518C518C51843184307C1073D06B8FBB
:104C3000632E52CD4A8D424C3A0B39EB31EB39EBB6
:104C40003A0B420B424C4A6C52AD62EE6B2F7B70BA
:104C50007BB083D083F18BF18C118C118C1183F09C
:104C600083D0838F7B4E7B2E7B4E7B6F83AF83D035
:104C700083F083D07BB0736F6B0E5AAC4A4B3A0A09
:104C800031C929A829A829A829A829A829A831C84B
:104C900031C939EA420B4A4C5A6C62AD62CE6B0F95
:104CA0006B2F6B4F6B8F738F73AF7BCF7BF07BF072
:104CB000841184318431843184318431843184118C
:104CC00084107BF07BF073CF73AE6BAE6BAD6BADCE
:104CD00073CE73CE7BEE7C0F7C0F842F842F842FBA
:104CE000842F842F842F842F424B4A6B4A8B52ACE3
:104CF0005ACC630C632D6B4D6B4D736E736E738E5C
:104D00007B8E7BAE7BAE7B8E7B8E7B8E7B8E7BAEFB
:104D10007B8E7B8E736D736D738D7BAE7BCF83EFDC
:104D20008410841084107C107BF07BF07BD07BD0CF
:104D30007BCF7BCF7BCF7BD07BF07BF07C10841054
:104D40008430843084318C518C518C518C518C51F5
:104D50008C518C718C718C718C718C718C718C718B
:104D60008C718C718C718C718C718C718C718C715B
:104D70008C718C718C718C718C518C518C518C51CB
:104D80008C518C518451843184308430841084104F
:104D90007C107BF07BF07BF07BF07BF07BF07BF09A
:104DA0007C10841084108430843184518C518C5157
:104DB0008C518C518C518C518C518C51843084305D
:104DC000843084308C518C518C518C518C518C514D
:104DD0008C718C718C718C718C718C718C718C71EB
:104DE0008C718C718C718C718C718C718C718C51FB
:104DF0008C518C518C518C518C5184518431843024
:104E0000843084107C107BF07BF07BF07BF07BF0B7
:104E10007C108410841084308430843184318C512F
:104E20008C518C518C518C518C518C518C518C519A
:104E30008C518C518C518C518C518C518C518C716A
:104E40008C718C718C718C718C718C718C718C717A
:104E50008C518C518C518C51843184107BF073AF08
:104E6000634F5AEE4AAD424C3A2B3A0B39EB39EBD1
:104E70003A0B422C424C4A6C528D5ACE6B0F734FF8
:104E80007B707B9083B083D083F083F18C1183F0AF
:104E900083D0838F7B6F7B4F7B4F836F83B083D0B7
:104EA00083F083D0738F6B2E5ACD4A6B3A2A31E947
:104EB00029C829C829C829C829C831C831E831E812
:104EC00039E93A09422A4A4B5A6C5AAD62CE62EE2F
:104ED0006B2F6B4F6B70739073B07BD07BF07C103B
:104EE000841184118431843184318431843184117A
:104EF00084107BF07BEF73CF73AE6BAD6BAD73AD96
:104F000073CE7BEE7C0E842F842F842F842F842FEE
:104F1000842F843084308430424B4A4B4A4B526B4E
:104F2000528B5AAB5ACC62EC62EC630C6B0C6B0C80
:104F30006B2C6B2C6B2C6B2C6B0C6B0C6B0C6B2C19
:104F40006B2C6B0C6B0C6B0C732C736D7BAE83EF4B
:104F50008430843084308430841084107BF07BF083
:104F60007BD07BD07BCF7BCF7BCF7BCF7BF07BF0AD
:104F70007BF0841084108430843184518C518C51A6
:104F80008C518C518C518C718C718C718C718C7199
:104F90008C718C718C718C718C718C718C718C7129
:104FA0008C718C718C718C718C718C718C718C5139
:104FB0008C518C518C518C518C5184318431843082
:104FC0008430841084107C107BF07BF07BF07BF0CD
:104FD0007BF07BF07BF0841084108430843084304C
:104FE00084308430843084308410841084108410A1
:104FF000841084108410843084308C518C518C51F6
:105000008C518C518C718C718C718C718C718C71F8
:105010008C718C718C718C718C718C718C718C71A8
:105020008C718C718C518C518C518C518C518C5158
:10503000843184308430841084107C107C107C1087
:105040007C10841084108410841084308430843068
:10505000843184518C518C518C518C518C518C5198
:105060008C518C518C518C518C518C518C518C7138
:105070008C718C718C718C718C718C718C718C7148
:105080008C518C518C518C51843184307BF073D095
:105090006B6F5B2E52CD426C3A2C3A0B3A0B3A0BAB
:1050A0003A0B422C422C4A4C4A6D52AD62CE6B0FE9
:1050B000732F73507B707B9083B083D083F083F029
:1050C00083D083B0838F7B6F7B6F839083B083D0DB
:1050D00083D07BAF6B4E62ED528C424A320931E98C
:1050E00031E83208320832293A293A293A293A294C
:1050F0003A2942294A2A524B5A6B5AAC62CD62EE87
:105100006B0F6B4F6B70739073B07BD07BF17C1126
:105110008411843184318431843184318431843107
:1051200084117C107BEF73CF73CE73CD73CD73CDB1
:105130007BEE7C0E842F842F842F845084508450E7
:105140008450845084508450422A422A4A2A4A2A4F
:10515000524A526A5A8A5A8A5A8A5A8A5AAA62AA57
:1051600062AB62AA62AA62AA628A5A8A5A8A628A6E
:1051700062AA62AA62AA62CA6B0B734D7BAE840FED
:1051800084308C518C518C51843184308430841023
:105190007C107BF07BF07BD07BCF7BCF7BCF7BCF3A
:1051A0007BD07BF07BF07C108410843084308431A1
:1051B0008C518C518C518C518C518C518C718C71C7
:1051C0008C718C718C718C718C718C718C718C71F7
:1051D0008C718C718C718C718C718C718C718C71E7
:1051E0008C718C518C518C518C518C518C518C51B7
:1051F0008431843184308430841084107BF07BF0DF
:105200007BF07BF07BF07BF07BF07BF07BF07BF046
:105210007BF07BEF7BEF7BCF7BCF7BAF73AE73AE4F
:1052200073AE73AF7BCF7BEF8410841084308C51CE
:105230008C518C518C518C518C718C718C718C7106
:105240008C718C718C718C718C718C718C718C7176
:105250008C718C718C718C718C518C518C518C51E6
:105260008C518C518451843184308430841084106A
:10527000841084108410841084108410841084108E
:10528000843084308430843184518C518C518C51E1
:105290008C518C518C518C518C518C518C718C71E6
:1052A0008C718C718C718C718C718C718C718C7116
:1052B0008C518C518C518C51843184307C1073D042
:1052C0006B8F632E52EE4A8D424C3A2C3A0B3A0CBD
:1052D0003A0C422C422C424C424C4A6D528D5AAEF2
:1052E00062CE6B0F732F7B507B9083D083F083F063
:1052F00083F083D083B0839083908390839083B036
:105300007BB0736F630E52AC424B3A2A32093209BA
:1053100032293A493A694289428942894289426935
:1053200042694A4A4A4A526B5A8B62AC62CD62EE7B
:105330006B0E6B4F6B70739073B07BD17BF17C11F4
:1053400084118431843184318431843184318431D5
:10535000843184107C107BEF7BEE73EE7BEE7C0E51
:105360007C0E842F842F844F84508C508C508C5012
:105370008C508C508C508C50420941E941E94A09CB
:105380004A094A2952295249524952495A495A49C5
:105390005A495A495A2952285228522852285228E2
:1053A0005A485A495A6962AA6AEB734D7BAE841017
:1053B0008C308C518C518C518C518C518451843156
:1053C0008430841084107BF07BF07BD07BCF7BCF4C
:1053D00073CF7BCF7BCF7BD07BF07BF084108410AE
:1053E0008430843184518C518C518C518C518C512E
:1053F0008C718C718C718C718C718C718C718C71C5
:105400008C718C718C718C718C718C718C718C71B4
:105410008C718C718C718C718C518C518C518C5124
:105420008C518C518C5184318430843084107BF0C9
:105430007BF07BCF7BCF73CF73AF73AF73AF73AEA4
:1054400073AE738E738E6B6E6B6D6B4D6B2D6B2DA0
:105450006B2D6B4D6B6D738E73AE7BCF83F08410B1
:1054600084308C518C518C518C518C718C718C711D
:105470008C718C718C718C718C718C718C718C7144
:105480008C718C718C718C718C718C718C718C5154
:105490008C518C518C518C518C518451843184307D
:1054A000843084308410841084108410841084101C
:1054B000841084108430843084308430843184318A
:1054C00084518C518C518C518C518C518C718C71BC
:1054D0008C718C718C718C718C718C718C718C71E4
:1054E0008C518C518C518C51843184307C1073D010
:1054F0006B8F634F52EE4AAD426C422C3A2C3A0C01
:105500003A0C3A2C3A0C3A2C3A2C422C424C4A6D2A
:10551000528D5AAE62EE732F7B7083B083F083F1AD
:105520008BF183F083B083908390837083707B9042
:105530007B6F6B2E5ACD4A6C422A320932093249AE
:105540003A6942AA4ACA4ACA4AEA52EA52CA4ACA04
:105550004AAA4A8A528A528B5A8C62AC62CD6AEE4F
:105560006B2E6B4F6B70739073B07BD17BF184119A
:105570008431843184318431843184318431843183
:105580008431843084107C0F7C0F7C0E7C0E840E62
:10559000842F842F844F8C508C508C508C508C5086
:1055A0008C508C508C508C5041C841C841C849E83F
:1055B00049E84A084A085208520852085208520854
:1055C000520851E751E751E749E751E751E75207E0
:1055D00052085A485A6962AA6B0C736D7BCF8410CB
:1055E0008C308C518C518C518C518C518C518C51F4
:1055F0008C5184318430843084107C107BF07BF0BB
:105600007BD07BCF73CF73CF73CF7BD07BF07BF01E
:105610007C1084108430843084318C518C518C51B6
:105620008C518C518C518C718C718C718C718C71F2
:105630008C718C718C718C718C718C518C518C71C2
:105640008C718C718C718C718C718C718C718C5192
:105650008C518C518C518C518430843084107BF06F
:105660007BCF7BCF73AF738E6B6E6B6E6B4D6B4D61
:10567000632D632C630C630C5AEC5ACB5ACB5ACB78
:105680005ACB5ACB62EC630C6B4D736E73AE7BCF0F
:105690008410843084308C518C518C518C518C719D
:1056A0008C718C718C718C718C718C718C718C7112
:1056B0008C718C718C718C718C718C718C718C7102
:1056C0008C718C518C518C518C518C518C518C51D2
:1056D0008431843184308430843084108410841088
:1056E00084108410841084108410843084308430BA
:1056F0008430843084518C518C518C518C518C71FC
:105700008C718C718C718C718C718C718C718C51D1
:105710008C518C518C518431843184107BF073D046
:105720006B8F634F530E4AAD426D424C422C3A2C64
:105730003A0C3A0C3A0C320B31EB31EB320B3A0BA0
:10574000422C4A6D5AAE6B0E734F7BB083D083F1FF
:105750008BF183F083B0839083707B507B507B4FC1
:10576000732F62EE5AAD4A4B3A0A32093A293A6926
:1057700042AA4ACA52EB530B530B530B52EB52EB58
:1057800052CA52AA528B528B5AAC62CD62ED6B0E4A
:105790006B2E6B4F6B70739073B07BD17BF1841168
:1057A0008431843184318431843184318431843151
:1057B0008431843184308430840F840F842F842F8B
:1057C000842F844F8C508C508C508C508C508C502B
:1057D0008C508C508C508C5041C741C741C741C739
:1057E00049C849E849E849E851E851E751E749E73C
:1057F00049C749C749C749C751C751E751E7520887
:105800005A285A6962AA6AEB734D7BAE83EF8430E3
:105810008C518C518C718C718C718C518C518C5140
:105820008C518C518C51845184318430841084107B
:105830007BF07BF07BD07BCF73CF73CF73CF7BCFED
:105840007BD07BF07BF084108410843084318451D1
:105850008C518C518C518C518C518C718C718C7100
:105860008C718C718C718C718C718C518C518C7190
:105870008C718C718C718C718C718C718C518C5180
:105880008C518C518C518430843084107BEF7BCFD1
:1058900073AF738E6B6E6B4D632C630C5AEC5ACBEB
:1058A0005ACB5AAB528B528A526A526A4A6A4A4956
:1058B0004A69526A528A5AAB5ACB630C6B4D738E4B
:1058C00073AE7BEF8410843084308C518C518C51BA
:1058D0008C518C718C718C718C718C718C718C7100
:1058E0008C718C718C718C718C718C718C718C71D0
:1058F0008C718C718C718C718C518C518C518C5140
:105900008C518C518C51843184308430843084109B
:1059100084108410841084108410841084108410E7
:1059200084308430843084318C518C518C518C5132
:105930008C518C518C718C718C718C718C518C51FF
:105940008C5184518431843084107C1073D073AFB7
:105950006B6F5B2E52EE4AAD426D424C422C3A2C9C
:105960003A0C3A0C320B31EB29CB29CA29CA29CA85
:1059700031EB422C528D62EE6B4F7B9083D083F1E2
:1059800083F083D083B083707B507B30732F730F91
:105990006AEE5AAD526C422B3A0A3A093A49428AA7
:1059A0004ACA4AEB530B530B530B530B52EB52CBDC
:1059B00052CB52AB52AB5AAB5AAC62CD6AEE6B0EC5
:1059C0006B2E6B4F6B6F739073B07BD07BF17C1140
:1059D000841184318431843184518C518C518451AF
:1059E00084518451843084308430842F842F842FD8
:1059F000844F8C508C508C508C508C508C508C50D0
:105A00008C508C718C718C7141A741A741A749C7FB
:105A100049C749C749E749E749E749C749C749C7A6
:105A200049C751C751E751E752075A275A285A69BF
:105A3000628962CA6B0B734D7BAE83EF84108C302E
:105A40008C518C518C718C718C718C718C718C71AE
:105A50008C518C518C518C518C518C5184318430AF
:105A6000843084107BF07BF07BD07BD073CF73CFFE
:105A700073CF73CF7BD07BF07BF07C1084108430AD
:105A8000843084318C518C518C518C518C518C517F
:105A90008C718C718C718C718C718C518C518C715E
:105AA0008C718C718C718C518C518C518C518C51AE
:105AB0008C318430843084107BEF7BCF73AE738E57
:105AC0006B4D632D630C5AEB5ACB528B528A526A40
:105AD0004A494A494A494A294A2942084208420849
:105AE000420842084A294A49526A52AA5ACB630CD0
:105AF0006B4D738E7BAF7BEF841084308C518C5157
:105B00008C518C518C518C718C718C718C718C710D
:105B10008C718C718C718C718C718C718C718C719D
:105B20008C718C718C718C718C718C718C518C51CD
:105B30008C518C518C518C518C51845184318430D6
:105B4000843084108410841084107C107C107C10AD
:105B50008410841084308430843184518C518C5171
:105B60008C518C518C518C518C518C518C518C514D
:105B700084518431843084107BF073D073AF6B6FA9
:105B8000634F5B0E52CE4AAD426D424C422C3A2CD2
:105B90003A0C3A0C31EB29CB21AA21AA21AA21AA3D
:105BA00029CA31EB424C5AAD6B2E736F83B083B070
:105BB00083B0839083707B507B2F730F6AEF6ACE24
:105BC00062AE5A8D4A4C422B3A0A3A2A3A4A428AE3
:105BD0004ACA4AEB52EB52EB52EB52CB52CB52AB8E
:105BE00052AB528B528B5AAC5AAC62CD6AEE6B0EF2
:105BF0006B2E6B4F6B6F739073B073B07BD07BF178
:105C0000841184318431843184518C518C518C5174
:105C10008C518C5184518450843084308430843051
:105C200084508C508C508C508C508C508C508C509C
:105C30008C508C718C718C7141A741A749A749C7C1
:105C400049C749C749C749C749C749C749C751C7CC
:105C500051E751E752075A285A486269628962CA75
:105C60006AEB732C736D7BAE83EF84108C308C5198
:105C70008C518C718C718C718C718C718C718C715C
:105C80008C718C718C518C518C518C518C518C51EC
:105C900084318430843084107C107BF07BF07BD0A6
:105CA0007BCF73CF73CF73CF7BCF7BD07BF07BF079
:105CB0007C1084108430843184318C518C518C510F
:105CC0008C518C518C718C718C718C518C518C716C
:105CD0008C718C518C518C518C518C51843084300E
:105CE00084107BEF7BCF73AE738E6B6D6B2D630C6B
:105CF0005AEC5ACB528A526A4A494A494A294209BD
:105D0000420841E841E841E839E839C739C739C7AD
:105D100039C739C739C841E842084A29526A52ABE3
:105D20005AEB630C6B4D738E7BCF7BEF841084300A
:105D30008C518C518C518C518C718C718C718C71FB
:105D40008C718C718C718C718C718C718C718C716B
:105D50008C718C718C718C718C718C718C718C715B
:105D60008C718C518C518C518C518C518C518C512B
:105D700084318430843084308410841084107C100A
:105D80007C108410841084108430843084318C51D1
:105D90008C518C518C518C518C518C518C51845123
:105DA000843184307C107BF073D073AF6B6F634EA3
:105DB0005B0E52CE4AAD426D424C424C3A2C3A0CEC
:105DC0003A0C320B31EB29CB21AA218A198921897E
:105DD00021AA29CA3A2B4A8D62EE734F7B707B90C1
:105DE00083707B507B2F730F72EF6ACE62AE5A8E38
:105DF000526D4A4C4A2B420B3A0A3A2A3A4A426AB4
:105E00004AAA4AAB4ACB4AAB4AAB4AAB4A8A4A8A0D
:105E10004A6B526B528B5A8C5AAC62CD6AEE6B0E47
:105E20006B2E6B2E6B4F6B6F739073B073D07BF0D8
:105E30007BF0841184318431843184318C518C51D4
:105E40008C518C518C518C5084508450845084508F
:105E50008C508C508C508C508C508C508C508C5062
:105E60008C518C518C718C7141A749A749A749C7A6
:105E700049C749C749C749C751C751C751C751E762
:105E800052075A275A48626962A96ACA6AEB732C98
:105E9000736D7B8E7BCE83EF84308C308C518C5134
:105EA0008C518C718C718C718C718C718C718C712A
:105EB0008C718C718C718C718C718C518C518C515A
:105EC0008C518C518C5184318430843084107BF01F
:105ED0007BF07BF07BD073CF73CF73CF73CF7BD04E
:105EE0007BF07BF07C1084108430843084318C51C2
:105EF0008C518C518C518C518C518C518C518C51BA
:105F00008C518C518C518C518430841084107BEFD7
:105F10007BAF738E6B6E6B2D630C5AEC5AAB528A4F
:105F2000526A4A494A294208420841E839C839C7F1
:105F300039C739C739A739A739A73187318731869A
:105F400031863186318739A739C739E842084A296D
:105F5000526A5AAB5AEB632C6B6D73AE7BCF83F0F6
:105F6000843084308C518C518C518C518C718C715B
:105F70008C718C718C718C718C718C718C718C7139
:105F80008C718C718C718C718C718C718C718C7129
:105F90008C718C718C718C518C518C518C518C51B9
:105FA0008C518C518451843184308430841084101D
:105FB00084108410841084108410843084308431E0
:105FC00084518C518C518C518C518C518451843121
:105FD00084107C107BF073D06BAF6B6F632E5B0E05
:105FE00052CE4AAD426D424C3A4C3A2C3A0C3A0CE5
:105FF0003A0B31EB29EB29CA21AA19AA1989198967
:1060000021A929CA3A0B4A6C5ACD6B0E732F7B4FCC
:106010007B2F730F72EF6ACE62AE5A8D5A6D524D5E
:106020004A4C4A2C420B420B3A0A3A2A3A4A424A12
:10603000426A428A4A8A4A6A4A6A4A6A4A6A4A4AB0
:106040004A4A526B526B5A8C5AAC62CD62CD62EEA8
:106050006B0E6B0E6B2E6B4F6B6F738F73B073D0B9
:106060007BF07BF0841084118431843184318C5135
:106070008C518C518C518C508C50845084508C504D
:106080008C508C508C508C508C508C508C508C5030
:106090008C508C518C518C7141A649A749A749C796
:1060A00049C749C751C751C751E751E751E75A0797
:1060B0005A28624862896AAA6AEA732B734C7B8DFC
:1060C0007BAE83EF841084308C518C518C518C5179
:1060D0008C718C718C718C718C718C718C718C71D8
:1060E0008C718C718C718C718C718C718C718C51E8
:1060F0008C518C518C518C518C5184318430843032
:1061000084107C107BF07BF07BD07BCF73CF73CF80
:1061100073CF7BCF7BD07BF07BF07C1084108430FE
:10612000843184318C518C518C518C518C518C51D7
:106130008C518C31843084107BF07BCF73AE738EA6
:106140006B4D632C62EC5ACB528A526A4A494229FF
:10615000420841E839C839C739A739A7318731879B
:106160003186318631663166316631663166316637
:106170003166316631663166318639A739C741E803
:1061800042084A49526A5AAB62EC6B2D6B6D73AE92
:106190007BCF841084308C518C518C518C518C71FC
:1061A0008C718C718C718C718C718C718C718C7107
:1061B0008C718C718C718C718C718C718C718C71F7
:1061C0008C718C718C718C718C718C718C518C5127
:1061D0008C518C518C518C51845184318430843059
:1061E000843084308410841084108430843084306F
:1061F0008431843184518C518C51843184318410A8
:106200007BF07BD073AF6B8F6B6F632E5B0E52CEC8
:106210004AAD426D424C3A2C3A2C3A0C3A0C3A0BAD
:106220003A0B31EB29EB29CA21CA21CA21AA21A99B
:1062300021A929CA320B424B528C5ACE6AEE6AEF20
:1062400072EF6ACE6AAE628D5A6D524C4A2C422C65
:10625000420B420B3A0B3A0B3A0B3A2A422A424A79
:10626000424A424A424A424A424A4A4A4A4A4A4AB6
:106270004A4A524B526B5A8C5A8C5AAC62CD62CD00
:1062800062ED62EE630E6B2E6B4F6B6F738F73AFAD
:1062900073B07BD07BD07BF07C1084108431843150
:1062A00084518C518C518C508C508C508C508C5013
:1062B0008C508C508C508C508C508C508C508C50FE
:1062C0008C508C518C518C71418641A649A649A7AE
:1062D00049C751C751C751E751E75A075A275A488A
:1062E000626962896ACA6AEB732C736C7B8D7BCEA0
:1062F00083EF841084308C518C518C518C518C7173
:106300008C718C718C718C718C718C718C718C71A5
:106310008C718C718C718C718C718C718C718C7195
:106320008C718C718C518C518C518C518C518C5145
:1063300084318430843084107BF07BF07BF07BD020
:1063400073CF73CF73CF73CF7BCF7BF07BF07C1099
:1063500084108430843084318431843184318430B9
:10636000843084107BEF7BCF73AE6B6E6B2D630C30
:106370005ACB52AB526A4A49420941E839C839C737
:1063800039A7318731863166316629662966294603
:10639000294629452945294529452945294529458C
:1063A00031653166316631663166316631863187F5
:1063B00039A739C842084A49526A5AAB62EC6B2D78
:1063C000738E7BAF7BEF841084308C518C518C5159
:1063D0008C518C718C718C718C718C718C718C71F5
:1063E0008C718C718C718C718C718C718C718C71C5
:1063F0008C718C718C718C718C718C718C718C71B5
:106400008C518C518C518C518C518C518C518431CC
:1064100084308430843084308430843084308430DC
:1064200084308431843184318431843184307C10EF
:106430007BD073AF6B8F6B6F632E5B0E52CE4AAD0A
:10644000428D424C3A2C3A2C3A0C3A0B3A0B3A0B0E
:106450003A0B320B320B2A0B29EA21EA21EA21EA14
:1064600029EA29EA320A3A2B4A6C528D5AAD62CE99
:1064700062AE628D5A6D524C4A2C420B3A0B39EB8C
:1064800039EB39EB3A0B3A0B420B422B422B422AA7
:10649000422A422A424A424A4A4A4A4A4A4A4A4ABC
:1064A000524B524B526B5A6C5A8C5A8C5AAC5AAC57
:1064B0005ACD62CD62ED630E6B2E6B4E6B6F736FB8
:1064C000738F738F73AF7BD07BD07BF0841084107D
:1064D000843084308430845084508C508C508C5064
:1064E0008C508C508C508C508C508C508C508C50CC
:1064F0008C508C518C518C7141664186418649A6E5
:1065000049C751C751E752075A075A285A48628962
:1065100062A96ACA6B0B732C734D738D7BAE7BEFD4
:10652000841084308C518C518C518C518C518C71D5
:106530008C718C718C718C718C718C718C718C7173
:106540008C718C718C718C718C718C718C718C7163
:106550008C718C718C718C718C518C518C518C51D3
:106560008C518C5184318430843084107C107BF0C9
:106570007BF07BD073CF73CF73CF73CF7BCF7BD0C8
:106580007BF07BF07C1084108410841084108410C5
:106590007BEF7BAF738E6B4D632C62EC5ACB528AD0
:1065A0004A494A29420839C839C739A7318731864B
:1065B00031662966294629452925292521252105D0
:1065C0002105210521052105292529252945316593
:1065D00031663186318631663166316631663166C3
:1065E0003166318639A739C742084A49528A5ACB9F
:1065F000630C6B4D738E7BCF841084308C318C5147
:106600008C518C518C718C718C718C718C718C71E2
:106610008C718C718C718C718C718C718C718C7192
:106620008C718C718C718C718C718C718C718C7182
:106630008C718C718C718C518C518C518C518C5112
:106640008C5184518451843184318431843184313A
:1066500084318431843184318431843084107BF0FE
:1066600073D06B8F6B6F632E5B0E52EE52CD4A8DE3
:10667000426D3A4C3A2C3A0C3A0B3A0B39EB3A0B46
:106680003A0B3A2B322B322B322B322A2A2A2A2A45
:10669000322A322A322B3A4B426C4A6C528C528D3F
:1066A000526D524C4A2C420B39EB39EA31EA31EA4D
:1066B00031EA3A0A3A0A3A2B422B422B422B422B1E
:1066C000422A422A4A4A4A4A4A4A4A4A524A526B49
:1066D000526B526B526B526B526B528C528C528C6F
:1066E00052AC5AAC5ACD62ED630E632E6B2E6B4EDC
:1066F0006B6E736F738F738F73AF7BCF7BF07BF099
:106700008410841084308430843084508C508C50B9
:106710008C508C508C508C508C508C508C508C5099
:106720008C508C518C518C7139453966418649A603
:1067300049C651C751E752075A285A48628962CA66
:106740006AEB6B2B734C736D738E73AE7BCF7BEFE9
:1067500084108430843184518C518C518C518C51F3
:106760008C518C718C718C718C718C718C718C7161
:106770008C718C718C718C718C718C718C718C7131
:106780008C718C718C718C718C718C718C718C5141
:106790008C518C518C518C518C51843184308410AB
:1067A00084107BF07BF07BD07BCF73CF73CF73CF24
:1067B00073CF73CF7BCF7BCF7BCF7BCF7BAF73AEE2
:1067C000738E6B4D630C5ACB52AB526A4A494208E6
:1067D00041E839C739A731873186316631662946A4
:1067E00029462925292521252105210520E420E404
:1067F00020E420E420E4210429252945316639A636
:1068000039C641C639C639A6398631663166294648
:10681000294629663166318639A739C842084A496E
:10682000528A5ACB632C6B6D73AE7BEF841084302D
:106830008C518C518C518C518C718C718C718C71F0
:106840008C718C718C718C718C718C718C718C7160
:106850008C718C718C718C718C718C718C718C7150
:106860008C718C718C718C718C718C518C518C51A0
:106870008C518C518C518C518C518C518451845140
:106880008431843184318431843184107C107BD014
:1068900073AF6B6F634F5B2E5AEE52CE4AAD4A8D8B
:1068A000426D3A4C3A2C3A0C3A0B31EB39EB3A0B3D
:1068B0003A2B3A4B3A6B3A6B3A8B3A8B3A8B3A6BB0
:1068C0003A6B3A6B3A6B3A6B426B428C4A8C4A6C2D
:1068D0004A4B422B3A0B39EA31EA31C931E931E905
:1068E000320A3A0A3A2A424B424B424B424B424B03
:1068F0004A4B4A4A4A4A4A4A526A526B526B526B54
:10690000526B526B526B526B526B4A6B4A6B4A6BB7
:10691000528C528C5AAC5ACD62ED630D632E6B2EA5
:106920006B2E6B4E6B4E736E738F73AF7BAF7BCFE3
:106930007BF07BF084108430843084308C508C5019
:106940008C508C508C508C508C508C508C508C5067
:106950008C518C518C518C7139453965418649A6D1
:1069600049C649C751E752075A485A8962CA6B0B50
:10697000732C736D738D738E73AE73AF7BCF7BF09F
:106980007BF084108430843084318C518C518C5154
:106990008C518C518C518C718C718C718C718C716F
:1069A0008C718C718C718C718C718C718C718C71FF
:1069B0008C718C718C718C718C718C718C718C71EF
:1069C0008C718C518C518C518C518C518C518431E7
:1069D0008430843084107C107BF07BF07BCF73AFED
:1069E00073AF73AF738F738E6B6E6B6E6B4D632D66
:1069F00062EC5ACB528A4A494A2941E839C839A738
:106A000031A73187316631662966294629462945ED
:106A1000292529252105210520E418E418E418C4B6
:106A200018C418E420E421052945318639C641E718
:106A30004A074A074A0741E741C739A63186316606
:106A400029452945294529463166318639A741E836
:106A50004A29526A5AAB62EC6B4D738E7BCF84101D
:106A600084308C518C518C518C518C718C718C7107
:106A70008C718C718C718C718C718C718C718C712E
:106A80008C718C718C718C718C718C718C718C711E
:106A90008C718C718C718C718C718C718C718C512E
:106AA0008C518C518C518C518C518C518C518C51FE
:106AB0008C518C518C518431843184107BF073D093
:106AC000738F6B6F632E5B0E5AEE52CD4AAD4A8DBB
:106AD000426D424C3A2C3A0C3A0B31EB31EB3A0B0B
:106AE0003A2B426B428B42AB42CB42CB42CB42CBA6
:106AF00042CB42CC42AC42AB42AB42AB428B426B4C
:106B0000424B3A2A320A31E931E929E9320932099C
:106B10003A2A3A4A3A4A426B426B426B424B4A4BE0
:106B20004A4B4A4A4A4A526B528B528B528B528B77
:106B3000528B526B526B4A4B4A4B4A4B4A4B4A4B15
:106B40004A6B4A8B528C52AC5ACD5AED630D630D91
:106B5000632D6B2E6B2E6B4E6B6E736E738F73AFDC
:106B60007BCF7BCF7BEF84108430843084508C507B
:106B70008C508C508C508C508C508C508C508C5035
:106B80008C518C518C518C5139453965418649A6BF
:106B900049A649C749E752285A6962AA6B0B734C48
:106BA0007B8D7BAE7BCF7BCF7BCF7BCF7BCF7BD0F7
:106BB0007BF07BF07BF0841084108430843084314F
:106BC0008C518C518C518C518C518C518C718C719D
:106BD0008C718C718C718C718C718C718C718C71CD
:106BE0008C718C718C718C718C718C718C718C71BD
:106BF0008C718C718C718C718C518C518C518C512D
:106C00008C5184518431843084107C107BF073CF9C
:106C100073AF6B8E6B4E632D630C5AEC5ACB52AB39
:106C2000526A4A49420841E839C739A73187318653
:106C3000316631662966294629462946294529258E
:106C4000292529252105210520E418E418C418C4A4
:106C500018C418E421042945318641C64A074A2749
:106C600052485268526852484A2841E739C731862B
:106C70003166294529452925294529463166318727
:106C800039C741E84A29528A5ACB632C736E7BAFCD
:106C90007BEF841084308C518C518C518C518C71D1
:106CA0008C718C718C718C718C718C718C718C71FC
:106CB0008C718C718C718C718C718C718C718C71EC
:106CC0008C718C718C718C718C718C718C718C71DC
:106CD0008C718C718C718C518C518C518C518C516C
:106CE0008C518C518C518C51843184107BF073D039
:106CF0006B8F634F632E5B0E52CE52AD4AAD4A8D01
:106D0000426D424C3A4C3A2C3A0B31EB31EB3A0B98
:106D10003A4B428B4ACB4AEB4B0B4B0B4B0C4B0C7D
:106D2000530C530C4B0C4B0C4AEC4AEB4ACB42AB8A
:106D30003A6A3A2A320932093209320932293A4A80
:106D40003A6A428A428B428B428B428B4A6B4A6B35
:106D50004A6A4A6A526B528B52AB5AAB5AAB52AB2D
:106D6000528A528A4A6A4A4A4A4A424A424A424BEA
:106D70004A6B4A6B4A8B52AC52CC5AEC5AED630DBB
:106D8000630D630D632D6B2E6B4E6B6E6B6E738E8E
:106D900073AF7BCF7BEF7C0F842F843084508C507B
:106DA0008C508C508C508C508C508C508C508C5003
:106DB0008C518C518C518C5141654166498649A654
:106DC00049C649C74A0752485A8A62EB734C7BAEA0
:106DD0007BCF83EF841084107BF07BF07BF07BF023
:106DE0007BF07BD07BF07BF07BF07C1084108430D8
:106DF000843084318C518C518C518C518C518C51FC
:106E00008C718C718C718C718C718C718C718C719A
:106E10008C718C718C718C718C718C718C718C718A
:106E20008C718C718C718C718C718C718C518C51BA
:106E30008C518C518C518431843084107BF073CF11
:106E4000738E6B4D630D5ACC528B4A6A4A49420984
:106E500041E839C739A73187316631662966296625
:106E600029462946294629462946294529452925CD
:106E70002925292521252105210420E418E418E4E9
:106E800018E421042925316639C64A075247526859
:106E90005A885A885A885A8852684A484A0839C7CC
:106EA0003187316629452925292529252945316636
:106EB000318639A739C842094A6A5AAB630C6B4D0F
:106EC000738E7BCF8410843084318C518C518C51E3
:106ED0008C518C518C718C718C718C718C718C710A
:106EE0008C718C718C718C718C718C718C718C71BA
:106EF0008C718C718C718C718C718C718C718C71AA
:106F00008C718C718C718C718C718C718C518C51D9
:106F10008C518C518C518C51843184307BF073D0E6
:106F20006B8F634E632E5AEE52CE52AD4A8D4A8D10
:106F3000426D426D424C3A2C3A0B31EB31EB3A0B3D
:106F4000424B428B4ACB530B532B532C534C5B4C31
:106F50005B4C5B4C5B4C532C532C530B4AEB42CB9E
:106F6000428A3A493229322932293A493A8A42AA8E
:106F700042CA4ACA4ACB4ACB4AAB4AAA4A8A4A8A36
:106F80004A8A528A52AA52AB5ACB5ACB5ACB5ACAC5
:106F900052AA528A4A6A4A4A424A424A424A424AA1
:106FA000424A4A6B4A8B52AB52CC52CC5AEC5AED05
:106FB0005B0D630D632D632D6B4E6B4E6B6E738E8D
:106FC000738E73AF7BCF7BEF840F842F84508C50F4
:106FD0008C508C508C508C508C508C508C508C50D1
:106FE0008C508C518C518C51498649A649A651C769
:106FF00051E7520852285A8A62CB6B4C738E7BEF52
:107000008410843084308430843084107C107BF091
:107010007BF07BF07BD07BD07BD07BF07BF07BF078
:10702000841084108430843184518C518C518C5163
:107030008C518C518C718C718C718C718C718C71A8
:107040008C718C718C718C718C718C718C718C7158
:107050008C718C718C718C718C718C718C718C7148
:107060008C518C518C518C31843084107BCF738E39
:107070006B4D630C52AB4A6A422941E839C731A7CC
:1070800031863166296629462946294629462946F8
:10709000294629462946294529452945294529457D
:1070A0002925292529252125210520E420E420E47E
:1070B00021042925316639A74207524852685A8867
:1070C0005A8862A862A962A95AA95A8952494A28CB
:1070D00041E739A73166294529252925292529454B
:1070E00029463166318739C741E84A49528A5AEB05
:1070F000632D736E73AF7BEF8410843084318C51B9
:107100008C518C518C518C518C518C718C718C7137
:107110008C718C718C718C718C718C718C718C7187
:107120008C718C718C718C718C718C718C718C7177
:107130008C718C718C718C718C718C718C718C7167
:107140008C718C718C518C51843184307BF073D074
:107150006B8F634E5B0E5AEE52CD4AAD4A8D4A8D0F
:10716000426D426D424C3A2C3A0B31EB31EA3A0A0D
:10717000424A4AAB4AEB532B534B5B4B5B6C5B6C09
:107180005B8C638C5B6C5B6C5B4C534B530B4AEAC4
:1071900042AA3A893A493A493A69428A42CA4AEA8B
:1071A0004B0B4B0B4B0B4AEA4ACA4ACA4ACA4ACA59
:1071B00052CA52CA5AEB5AEB5B0B5B0B5B0B5AEB96
:1071C00052CA52AA4A6A4A4A424A424A424A424A2F
:1071D000426A4A6B4A8B4AAB52CB52CC5AEC5AECBD
:1071E0005B0D630D632D632D634D6B4E6B6E6B8E6C
:1071F00073AE73AF7BCF7C0F842F842F84508C5061
:107200008C508C508C308C308C308C308C508C501E
:107210008C508C508C508C5051C751C751E752073D
:1072200052285A495A8A62CB6B2C738E7BCF8410BA
:1072300084308C518C518C51845184318430841031
:1072400084107BF07BF07BF07BD07BD07BCF7BD03E
:107250007BF07BF07C1084108430843084318C513E
:107260008C518C518C518C518C518C718C718C71D6
:107270008C718C718C718C718C718C718C718C7126
:107280008C718C718C718C718C718C718C718C5136
:107290008C518C518431843084107BCF738E6B4D34
:1072A0005AEC52AB4A49420839C731873166294600
:1072B00029452925292529252925294529452945DE
:1072C000294529452945294529452945294529454E
:1072D00029452925292529252105210521042105BF
:1072E0002925296639A742084A4852685A885A8887
:1072F0005A8862A862C962C962C962CA5AA9526937
:107300004A2941E839A73166294529252925292512
:10731000294529463166318639A741E84A29526A0A
:107320005ACB630C6B4D738E7BCF7BF08410843013
:1073300084318C518C518C518C518C518C518C716D
:107340008C718C718C718C718C718C718C718C7155
:107350008C718C718C718C718C718C718C718C7145
:107360008C718C718C718C718C718C718C718C7135
:107370008C718C718C518C51845184307BF073D022
:107380006B8F634E5B0E52CE52AD4A8D4A6D426D8D
:10739000426D424C424C3A0C39EB31EB31EA3A0A3D
:1073A0003A4A42AA4AEB532B5B4B5B6B5B6B638C99
:1073B000638C638C638C636C5B6C5B4B530B4AEA32
:1073C00042AA42893A693A69428A4ACA4B0A532B0D
:1073D000532B532B532B530A530A52EA52EA52EAC5
:1073E0005B0A5B0B632B634B634B634B634B632BFE
:1073F0005AEA52CA4A8A4A6A4A6A424A424A424A4D
:10740000426A4A6A4A8B4AAB52CB52EC5AEC5B0C4A
:107410005B2C632D634D634D6B6D6B6E6B8E73AE2A
:1074200073AE7BCF7BEF840F842F843084508450E5
:1074300084308430843084308430843084308430AC
:107440008C508C508C508C505A075A085A285A49E4
:107450005A69628A62CB6B2C738E7BCF8410843026
:107460008C518C518C518C518C518C518C5184315C
:107470008430841084107BF07BF07BF07BD07BCF5A
:107480007BCF7BD07BF07BF07C1084108410843029
:1074900084318C518C518C518C518C518C518C710C
:1074A0008C718C718C718C718C718C718C718C71F4
:1074B0008C718C718C718C718C718C518C518C5144
:1074C0008C51843084107BEF73AE6B6D632C5ACB80
:1074D000526A422939C831A729662945292521053B
:1074E0002105210521252925292529252945294544
:1074F000294529452945294529452945294529451C
:107500002945294529252925292521052105212523
:10751000294631A741E84A4852695A895A885A8807
:107520005A8862A862C962E96AEA62EA62CA5AAA29
:1075300052694A2939C731873166294529252925C4
:107540002945294631463166318639A739C842086E
:107550004A49528A5ACC632D6B6E73AE7BCF7BF057
:1075600084108430843184518C518C518C518C51D5
:107570008C518C718C718C718C718C718C718C7143
:107580008C718C718C718C718C718C718C718C7113
:107590008C718C718C718C718C718C718C718C7103
:1075A0008C718C718C518C51845184307BF073CFF1
:1075B0006B8F634E5B0E52CD4AAD4A6D426D424DAC
:1075C000424C424C3A2C3A0B39EB31EA31EA3A0A56
:1075D0003A4A428A4ACA530A532B5B4B5B6B638B12
:1075E000638C638C638C5B6B5B4B532B52EA4ACA94
:1075F00042AA42893A69428942AA4AEA532A5B4B23
:107600005B4B534B532A532A532A532A5B2A5B2A38
:10761000634B634B6B6B6B8B6B8B6B8B6B8B636B92
:10762000632B5AEA52AA4A8A4A6A4A6A4A6A4A6AE8
:107630004A6A4A6A4A8B52AB52CB5AEB5B0C5B2CC0
:10764000634C634D636D6B6D6B8E6BAE73AE73CEBF
:107650007BCF7BEF7C0F840F842F84308450845049
:10766000843084308430843084308430843084307A
:1076700084308C508C508C50622862486269628AD7
:1076800062AB62EB6B2C736E7BAF841084308C51D9
:107690008C518C518C518C518C518C518C518C5102
:1076A0008C5184318430843084107C107BF07BF0EA
:1076B0007BD07BCF7BCF7BCF7BF07BF07BF08410CC
:1076C00084108430843184518C518C518C518C5174
:1076D0008C518C718C718C718C718C718C718C71E2
:1076E0008C718C718C718C718C518C518C5184315A
:1076F000843084107BCF738E6B4D630C5AAB4A4938
:10770000420839C731862946292521052105210549
:107710002105210521052925292529452945294610
:1077200029462946294629462946294629462946E1
:1077300029462945292529252905290529052925F8
:10774000316639C74A2952695AA95AA95AA95A8889
:107750005A8862A862C96AE96B0A6B0A630B62CB3A
:107760005AAA4A49420839A731663146312531259E
:10777000314531463146316631663186398739C700
:1077800041E84A29526A5AAB630C634D6B8E73AF62
:107790007BCF7BF084108430843084318C518C51C9
:1077A0008C518C518C518C518C718C718C718C7171
:1077B0008C718C718C718C718C718C718C718C71E1
:1077C0008C718C718C718C718C718C718C718C71D1
:1077D0008C718C518C518C51845184307BF073CFDF
:1077E0006B8F632E5B0E52CD4A8D426C424C422C05
:1077F000422C3A2C3A0C3A0B39EB31EA320A3A2A4B
:107800003A4A428A42AA4AEA530A532A5B4B5B6BC2
:107810005B6B5B6B5B4B5B2B530A4ACA4AAA428A7F
:1078200042693A693A6942894ACA530A5B4B5B6BBF
:107830005B6B5B4A534A534A5B4A5B4A636A636BBE
:107840006B8B6BAB73AB73CC73CC73CC73CC6B8B1C
:10785000634B5B0B5ACA52AA4A8A4A8A4A6A4A6AE4
:107860004A6A4A8A4AAA52CB52EB5B0B5B2C634CA6
:10787000636C6B8D6B8D6BAD73AE73CE73CE7BEE25
:107880007BEF7C0F840F842F843084508C50845085
:107890008430843084308410841084308430843088
:1078A000843084308C508C5062696A896AAA6ACBB1
:1078B0006B0C6B2C6B4D738E7BCF841084308C5192
:1078C0008C518C718C718C718C718C518C518C5150
:1078D0008C518C518C5184318430843084107C10D4
:1078E0007BF07BF07BD07BCF7BCF7BCF7BD07BF0E3
:1078F0007BF07C1084108430843084318C518C5126
:107900008C518C518C518C518C718C718C718C710F
:107910008C718C718C518C518C518C5184308410B1
:107920007BEF7BCF738E6B4D630B5AAA4A6942087B
:1079300039C73186294521252105210420E4210468
:107940002105210529252925294529452946294695
:1079500029462946294629462946294629462946AF
:107960003146314531253125290529052905294685
:1079700031A742084A49528A5AAA5AC95AA95AA84A
:1079800062A862A862C96AE96B0A6B2B6B0B630B76
:107990005ACB526A4A2941C7398639463945394551
:1079A000314631463166316631663166318631871E
:1079B00039A739C842094A4A528B5AEC632D6B6E7B
:1079C00073AF73CF7BF07BF08410843084308431CC
:1079D0008C518C518C518C518C518C518C518C719F
:1079E0008C718C718C718C718C718C718C718C71AF
:1079F0008C718C718C718C718C718C718C718C719F
:107A00008C718C518C518C51845184307BF073CFAC
:107A10006B8F632E5AEE52AD4A6C424C422C3A0C9C
:107A20003A0C3A0C3A0C3A0B39EB320A3A0A3A2A37
:107A30003A493A69428942C94AC94B09532A532AE9
:107A4000532A532A532A52EA4ACA428942693A4976
:107A50003A493A494269428A52EA5B2A5B6B636B54
:107A60005B6B5B6A5B4A5B4A5B6A636B638B6BABAA
:107A700073CB73CB73EC7BEC7C0C7BEC7BEC73AC4F
:107A80006B6B632B5AEA52CA52AA4A8A4A8A4A8ABA
:107A90004A8A4A8A52AA52CB5B0B5B2B636C6B8C73
:107AA0006B8C6BAD6BAD73CD73CE7BEE7C0E7C0FB0
:107AB000842F842F842F843084308C508C508450B9
:107AC0008430843084308410841084308430843056
:107AD000843084508C508C506A8A6AAA6ACB6B0CB2
:107AE0006B2C6B4D736E73AF7BEF841084518C5194
:107AF0008C518C718C718C718C718C718C718C71BE
:107B00008C518C518C518C518C51845184318430E6
:107B1000841084107BF07BF07BD07BCF7BCF7BCF3E
:107B20007BCF7BF07BF07BF0841084108430843139
:107B300084518C518C518C518C518C518C718C7125
:107B40008C718C518C518C518C31843084107BCF52
:107B500073AE738D6B4C630B5ACA52894A48420705
:107B600039C6318529452125210521042104210516
:107B7000210529252925292529452946294629463A
:107B8000294629462946294629462946314631466D
:107B900031463946394539253105310531253146DA
:107BA00039A74208526A5AAA5ACA62CA62C962A965
:107BB00062A962C96AE96B0A6B2B6B2B6B2C630C95
:107BC00062EB528A4A2949C741864166414641468D
:107BD00041463966396631663166316631663166ED
:107BE000318739A739C842084A49528B5ACC632D8C
:107BF0006B6E738E73AF7BCF7BF07BF08410841041
:107C00008430843184518C518C518C518C518C51E5
:107C10008C518C718C718C718C718C718C718C719C
:107C20008C718C718C718C718C718C718C718C716C
:107C30008C718C518C518C51845184307C1073D058
:107C40006B8F634E5AEE4AAD426C422C3A0C39ECC3
:107C500039EC39EB39EB31EB31EB3A0A3A2A3A4954
:107C60003A693A893A893AA942A942C942E94AE9B4
:107C70004AE94AE94AC942A942693A493A293209D4
:107C80003A293A4942694AAA530A5B4B638B638B90
:107C9000638B5B6A5B6A636A638B6BAB6BAB73CB47
:107CA00073EB7BEC7C0C7C0C7C0C7C0C7BEC73CC49
:107CB0006B8B632B5AEA52CA52AA4AAA4AAA4A8A28
:107CC0004A8A4AAA52AA5ACB5B0B634C6B8C6BACA8
:107CD00073CD73CD73CD73ED7BEE7C0E7C2E842F34
:107CE000842F842F842F845084508C508C50843067
:107CF0008430843084308410841084308430843024
:107D000084308C508C508C506AAA6ACB6AEB6B2CF6
:107D10006B4D6B6E738E73AF7BF0843084518C51DE
:107D20008C518C718C718C718C718C718C718C718B
:107D30008C718C718C518C518C518C518C518C511B
:107D400084318430841084107BF07BF07BF07BCF17
:107D50007BCF7BCF7BCF7BD07BF07BF07C10841004
:107D60008430843084318C518C518C518C518C51A5
:107D70008C518C518C51843084107BEF7BCF738E6F
:107D80006B6D6B4C632B630A5AC95AA852674A271A
:107D900041E639A631652945212521052105210521
:107DA00021252925292529452946294629462946C7
:107DB000294629462946294629463146314639462B
:107DC0003946414641454125412539053125314650
:107DD00039A74229528A5ACB62EB62EB62EA62C946
:107DE00062C962EA6B0A6B2B734B734C6B4C6B2C46
:107DF000630C5AAB524949E849A749664966496646
:107E00004966416641663966398631663166316652
:107E10003166318639A739C842084A49528B5AEC33
:107E2000632D6B6E738E73AF73CF7BD07BF07BF063
:107E3000841084108430843084318C518C518C5166
:107E40008C518C518C518C718C718C718C718C71AA
:107E50008C718C718C718C718C718C718C718C713A
:107E60008C718C718C518C518C5184307C1073D0FE
:107E70006B8F634E5AEE4AAD424C3A0C39EB31EB04
:107E800031CB31CB31CB31EB31EA3A0A3A4A3A695C
:107E90003A893A893AA83A883AA83AA83AA842C907
:107EA00042C942A942A93A693A49322932093209FA
:107EB00032093A49428A52CA5B2B636B6BAB63ABA4
:107EC000638B638B638B638B6BAB73CB73EB73EBEA
:107ED0007C0C7C0C7C2C842C842C840C7BEC73CC54
:107EE0006B6B632B5AEA52AA4AAA4AAA4AAA52AA16
:107EF00052AA52AA52CB5AEB632B6B6C6BAC73CD6C
:107F000073ED73ED7BED7C0E7C0E7C2E842F842F25
:107F1000844F844F84508C508C508C5084308430EB
:107F200084308430843084108410843084308430F1
:107F300084308C508C508C506ACB6AEB6B0C6B2C61
:107F40006B4D6B6E738E73AF7BF0841084318C51EC
:107F50008C518C718C718C718C718C718C718C7159
:107F60008C718C718C718C718C518C518C518C51A9
:107F70008C518C5184318430843084107C107BF09F
:107F80007BF07BCF7BCF73CF7BCF7BCF7BF07BF046
:107F90007BF084108430843084318C518C518C512E
:107FA0008C518C51843084107BEF73AE738D6B4C8D
:107FB0006B4C6B2B6B2A6309630862E85AC75287C4
:107FC0004A46420639A63165294521252125212524
:107FD000292529252945294529462946294629466D
:107FE00029462946294631463146314639464146D9
:107FF00049464946514651454925410539253946A5
:1080000039A74209528A5ACB630C630B630B630B8B
:108010006B0A6B0B6B2B734C736C736D736D6B4DC9
:10802000632C5ACB524A51E851A75166596659669A
:1080300051665166496641863986398631663166B0
:1080400031663166318639A739C842084A4952AB90
:108050005AEC632D6B6E738E73AF73CF7BCF7BF057
:108060007BF07BF07C1084108430843084318C5120
:108070008C518C518C518C518C518C718C718C71B8
:108080008C718C718C718C718C718C718C718C7108
:108090008C718C718C518C518C51843184107BF09B
:1080A00073AF634E5B0E4AAD424C3A0B31CB31CBD2
:1080B00031CB31CB31CB31CB31EA3A2A3A4A3A890A
:1080C00042A942C93AC83AA83AA83AA83AA83AA84E
:1080D0003AA83A883A883A693A4932293209320943
:1080E0003A293A4A4A8A52EB634B6B8B6BAC6BABC7
:1080F0006BAB6BAB6BAB6BAB73CB73EB7C0B7C0C7D
:108100007C0C842C842C842C842C842C7BEC73ACF1
:108110006B6B5B0A52CA52AA4AAA4AAA52CA52CAEC
:1081200052CA52CA5AEB5B0B634B6B8C73CC73ED28
:108130007BED7C0D7C0E7C0E842E842E844F844F30
:10814000844F844F8C508C508C50845084308430B9
:1081500084308410841084108410843084308430FF
:1081600084308C508C508C506AEB6AEB6B0C6B2D0E
:108170006B4D6B6E738E73AF7BF0841084318C51BA
:108180008C518C718C718C718C718C718C718C7127
:108190008C718C718C718C718C718C718C718C5117
:1081A0008C518C518C518C5184518430843084108A
:1081B0007C107BF07BF07BD07BCF73CF73CF7BCFFA
:1081C0007BD07BF07BF0841084108430843084304A
:1081D000843084107BEF7BCE738E6B6C6B4C6B2B7F
:1081E0006B2A6B2A6B496B486B486B27630762C627
:1081F00052864A4639E631852965292521252925D2
:10820000292529252945294529462946294629463A
:108210002946294631453145394639464146494680
:1082200051465966594659465125492541253946F1
:1082300039A74208528A5AEB632C6B2C6B2C6B2C9F
:108240006B2B6B4C734C736C738D738D738E736D62
:108250006B2D62CB5A6A5A0859A7598661666166C6
:108260006166596651864986418739863986316605
:10827000316631663166318639A739C842094A4AC2
:1082800052AB62EC6B2D6B6E73AF73CF7BCF7BCF3A
:108290007BF07BF07BF07BF07C10841084308430AA
:1082A00084318C518C518C518C518C518C518C510E
:1082B0008C718C718C718C718C718C718C718C71D6
:1082C0008C718C718C718C518C51845184307BF009
:1082D00073AF636F5B0E4AAD424C3A0B31CB31AB9F
:1082E00031AB31AB31CB31CA31EA320A3A4A3A8A40
:1082F00042C942E942E942E83AC83AC83AA83AA82B
:108300003AA83AA83A893A893A693A493A4A3A4AF5
:108310003A4A426A4AAB530B634C6BAC6BCC73CC9E
:108320006BCC6BCC73CC73CB73EB7C0C7C0C7C2C4C
:10833000842C842C842C842C842C840C7BEC73ABB8
:10834000636B5B0A52CA4AAA4AAA52CA52EA5B0A39
:108350005B0B5B0B5B0B632B6B4C738C73CD7BEDFF
:108360007C0D7C0E7C2E842E842E844F844F844F73
:108370008C4F8C4F8C508C508C5084308430843097
:10838000841084108410841084108410843084300D
:1083900084508C508C508C506AEC6B0C6B2D6B4D58
:1083A0006B4E6B6E738E73AF7BF0841084318C5187
:1083B0008C518C718C718C718C718C718C718C71F5
:1083C0008C718C718C718C718C718C718C718C71C5
:1083D0008C718C518C518C518C518C518C518431BD
:1083E0008430841084107BF07BF07BD07BCF73CF04
:1083F00073CF73CF7BD07BF07BF07BF07C107C1055
:108400007BEF7BCF73AE6B6D6B4C632B630A6309A1
:108410006B296B4873487367736773466B2662E614
:108420005AA64A4641E631A5296529252125212557
:108430002925292529252945294529462946294629
:108440002945314531453945414649465146594608
:10845000616661666966614659465125412539461E
:1084600039874208528A62EC6B2D6B6D6B6D736DB0
:10847000736D736D738D738D738E73AE738E736E38
:108480006B2D62EB5A6A5A0859C76187696669663B
:10849000696661665986518649864186398639669C
:1084A0003166316631663166318639A741C8420985
:1084B0004A6A5AAB630C6B4D738E73AF7BCF7BF004
:1084C0007BF07BF07BF07BF07BF07BF08410841002
:1084D00084308430843184518C518C518C518C5136
:1084E0008C518C718C718C718C718C718C718C71C4
:1084F0008C718C718C718C518C518C5184317C10AD
:1085000073D06B6F5B0E4AAD424C39EB31CB31AA65
:1085100029AA29AA29AA31CA31CA320A3A4A3A8A68
:1085200042C94AE94B094309430842E83AC83AC8F4
:108530003AA83AA93AA942A942AA428A428B426B76
:10854000426B428B4ACB5B0C636C6BAD73CD73CDCE
:1085500073ED73ED73EC7BEC7C0C7C2C842C842C05
:10856000842C842C842C842C842C7C0C7BEC6BAB96
:10857000634B5AEA52AA4AAA52CA52EA5B2A5B4B96
:108580005B4B632B632B634C6B6C73AC7BED7C0D93
:108590007C2E842E842E842E844F844F8C4F8C4FBF
:1085A0008C4F8C4F8C508C5084508430843084108D
:1085B000840F840F83EF840F841084108430843000
:1085C0008C508C508C508C50630C630D632D634D1C
:1085D0006B4E6B6E6B8E73AF7BEF841084318C515E
:1085E0008C518C718C718C718C718C718C718C71C3
:1085F0008C718C718C718C718C718C718C718C7193
:108600008C718C718C718C518C518C518C518C5122
:108610008C5184318430843084107BF07BF07BD0AB
:108620007BCF73CF73CF73CF73CF73CF73CF73AF52
:10863000738E6B6D6B2C630B5AEA5AC962C862E782
:108640006B2773477366736673666B4663065AC619
:108650005266422639C631852945292521252125FD
:10866000212529252925292529252945294531255A
:1086700031253925392541454946514659466146F6
:10868000696669667166696661465945492541466C
:1086900041874A08528A62EC6B4D6B6D738E738D05
:1086A000738D738D738E738E738E738E738E6B6DED
:1086B0006B2C62CB626A620861C769876966716602
:1086C000716669666966618659864986418639663A
:1086D00031663166316631663166318639A741E8E7
:1086E0004A29526A5ACB630C6B6E73AE7BCF7BF018
:1086F0007BF07BF07BF07BF07BF07BF07C108410D8
:10870000841084308430843184318C518C518C516C
:108710008C518C518C718C718C718C718C718C71B1
:108720008C718C718C718C518C518C518431841072
:1087300073D06B8F5B2E52CD424C3A0B31CB29AAB2
:1087400029AA29AA29AA29AA31CA31EA322A3A6AC7
:1087500042AA4AE94B094B294B0942E842E83AC888
:108760003AC942C942EA4AEB4AEB4AEC4ACC4ACC03
:108770004ACC4ACC52EC5B2D636D6BAE73CE73EE7C
:108780007BEE7C0E7C0D7C0D842D842C842C842C23
:10879000842C842C842C842C7C0C7BEC73CC6B8BF5
:1087A000632A52EA52AA4ACA52EA5B2B634B636BB2
:1087B000636C636C636C6B6C6B8C73AD7BED7C0E6C
:1087C000842E842E842E844F844F8C4F8C4F8C4F5C
:1087D0008C4F8C4F8C508450843084308430840F84
:1087E000840F7BEF7BEF83EF841084108430843020
:1087F0008C508C508C508C71630D630D632D632EE7
:10880000634E6B6E6B8E73AF7BEF841084308C5134
:108810008C518C518C718C718C718C718C718C71B0
:108820008C718C718C718C718C718C718C718C7160
:108830008C718C718C718C718C718C718C518C5190
:108840008C518C518C5184518430843084107C1034
:108850007BF07BD073CF73AF73AF738F6B6E6B4D49
:10886000632C5AEB5AAA5289526852675A865AC6E2
:1088700062E66B056B256B256B2562E55AA5526593
:10888000420539C5318529452125210521052105C7
:1088900021052105292529252925292531253125A8
:1088A0003925412549255145594661466146696644
:1088B00071667166716671666966614651464946C0
:1088C000418749E8526A5ACB632C6B6D736E738E85
:1088D000738E738E738E738E738E6B6D6B4D6B2C6C
:1088E00062EC62AA624961E861A769877186716674
:1088F0007166716669666966618651864966416618
:10890000396631663146316631663166318639A75E
:1089100041E84A29526A5ACB632D738E7BCF7BF094
:10892000841084108410841084107C107C107C10BF
:1089300084108410841084308430843184518C51AC
:108940008C518C518C518C718C718C718C718C719F
:108950008C718C718C718C718C518C5184518430E0
:108960007BF06BAF634E52CD426C3A0B31CB29AAF0
:1089700029AA29AA29AA29AA29AA31CA320A3A4A1D
:10898000428942C94B094B09430942E942C842C9DD
:1089900042C942EA4B0B532C532D532D532E530EE9
:1089A000530E530D5B0E5B4E636E6BAF73CF7BEF5D
:1089B0007C0F7C0F7C2E842E842D842D842C842C83
:1089C000842C842C840C7C0C7BEC73CC73AB6B6B95
:1089D0005B0A52CA4AAA52CA5B0B5B4B638C6BACF4
:1089E0006BAC6BAC6B8C6B8C73AC73CD7BED7C0E1A
:1089F000842E842E842E844F844F8C4F8C4F8C4F2A
:108A00008C4F844F844F842F84308430840F840FA4
:108A10007BEF7BEF7BEF7BEF840F841084308C50F7
:108A20008C508C508C518C715B0D5B0D5B2E5B2ED2
:108A3000634E6B6E6B8E73AF7BCF7BF08430845153
:108A40008C518C518C518C518C718C718C718C71BE
:108A50008C718C718C718C718C718C718C718C712E
:108A60008C718C718C718C718C718C718C718C711E
:108A70008C518C518C518C518C5184518431843067
:108A800084107BF07BF073AF738E6B6E632D5AECAA
:108A900052AB4A694A28420741E642054A255264D8
:108AA0005A845AC462C462C45AC452844A4541E5D5
:108AB00039A53165294521242104210420E421041C
:108AC00021042105210529052925312531253925AF
:108AD00041254925512559466146694669467166D1
:108AE0007166716671667166716661465946514676
:108AF000496649C752295A8A62EC632C6B4D6B4D0B
:108B00006B4D6B4D6B4D6B4D6B2D632C630C62CBC2
:108B10005AAB5A49620861C769A771867166716666
:108B200079667166716669666966616651664966ED
:108B300041663966314631462946316631663186AD
:108B400039A741E84A29528A5AEB6B2D738E7BCFA5
:108B500084108430843084308430841084108410F5
:108B600084108410841084308430843084318451A3
:108B70008C518C518C518C518C718C718C718C718D
:108B80008C718C718C718C718C518C518C518431A5
:108B90007C1073B0636F52EE4A8D3A2C31EB31AAE0
:108BA00029AA298A29AA29AA29AA29CA31EA32097D
:108BB0003A49428942C942C942C83AA83AA83AA9A0
:108BC00042CA4AEB532C5B4D5B6E5B6F5B6F5B4F36
:108BD0005B4F5B4F634F636F6B8F73B073F07C10B1
:108BE0007C10842F842F842E842E842D842D842C1D
:108BF000842C840C7C0C7BEC73CC73AB6B8B632A66
:108C00005AEA52CA4ACA52EA5B2B638C6BAC73CCE9
:108C100073ED73CD73CD73AD73AD73CD73ED7C0D0B
:108C20007C0E842E842E842E842F842F842F842FD8
:108C3000842F842F842F842F842F842F840F83EFFD
:108C40007BEF7BCF7BCF7BEF840F843084308C50E5
:108C50008C508C518C518C7152ED52ED530D5B2E1A
:108C6000634E634E6B6E6B8F73AF7BF084108430FA
:108C700084518C518C518C518C518C518C718C71D4
:108C80008C718C718C718C718C718C718C718C71FC
:108C90008C718C718C718C718C718C718C718C71EC
:108CA0008C718C718C518C518C518C518C518431C4
:108CB000843084107BF073AF6B6E632D5ACC526A94
:108CC000422939E839A631853185398439A441E40E
:108CD0004A044A44524452444A44420439C4318406
:108CE00029442124210420E418E418E418E420E4B1
:108CF00020E420E4210529053105312539254125C8
:108D00004925592561466146694671467146716635
:108D1000716671667166716671666966614659460B
:108D2000516649A749E85249528A5ACB5AEC62EC3B
:108D3000630C630C630C62EC5AEB5ACB5AAB5A8A45
:108D40005A495A0961E861A769877186718679660F
:108D5000796679667166716669666166596651669B
:108D600049663966314631462946294631663166BB
:108D7000318639A741E84A29528A62EC6B4D73AFBC
:108D800083F0843084318431843184318430843080
:108D90008430843084308430843084308431843131
:108DA0008C518C518C518C518C518C718C718C717B
:108DB0008C718C718C718C718C718C518C51843153
:108DC000841073D06B8F5B2E4AAD424C320B31CB8B
:108DD00029AA298A298A29AA29AA29AA31CA31E9CC
:108DE00032293A493A693A883A68326832683A69C7
:108DF00042AA4AEB5B2D5B6E638F63906390639036
:108E0000639063906B906B906BB073D07BF07C1031
:108E10007C108430842F842F840E840D840D7C0C70
:108E20007BEC7BEC7BEC73CB73AB6B8B634B5B0AA8
:108E300052CA4AAA4ACA52EB5B4B638C6BCC73EDA5
:108E400073ED73ED73ED73CD73CD73CD73ED7BED7A
:108E50007C0D7C0E7C0E840E840E840F840F840F98
:108E6000840F840F840F840F840F840F840F7BEF93
:108E70007BEF7BCF7BCF7BEF840F843084308C50B3
:108E80008C508C518C518C514ACD4ACD52ED5B0E99
:108E9000632E634E6B6E6B8E73AF73CF7BF084105B
:108EA000843084318C518C518C518C518C518C512B
:108EB0008C718C718C718C718C718C718C718C71CA
:108EC0008C718C718C718C718C718C718C718C71BA
:108ED0008C718C718C718C718C718C518C518C510A
:108EE000843084107BEF738E6B4D5AEC526A4209CA
:108EF00039C7316629452924292429232943316387
:108F0000318339A339C339C439C43184296429244C
:108F1000210420E418E418E418E418E418E418E440
:108F200020E420E428E429053105390549255125A7
:108F300059256125694669467146714671467146F3
:108F40007166716679667966716671666966614691
:108F50005966516649A749E84A295249528A528AB4
:108F6000528A52AA52AA528A528A526A52495229A3
:108F70005A0859E861C769A771A771877987798706
:108F800079867986798671867166696661665966C1
:108F900049664146394631463145294529462966C3
:108FA0003166318639A741E84A495AAB630C738E62
:108FB0007BEF841084318C518C518C518C518431D5
:108FC00084318431843184318431843184318431F9
:108FD0008C518C518C518C518C518C718C718C7149
:108FE0008C718C718C718C718C718C518C51845101
:108FF00084307BF06BAF634E52CD426C3A0B31CB79
:1090000029AA29AA298A298A29AA29AA29A931C9E2
:1090100031E93208320832282A072A073208324951
:10902000428A4ACC5B2D636F6B906BB06BB06BB0B8
:109030006BB06BB06BB073D073D073F17C117C11DB
:109040008411841084107C0F7BEE7BED7BCC73CC81
:1090500073AB73AB73AB73AB6B8B6B6B632A5AEAFB
:1090600052AA4A8A4AAA530B634C6BAC73ED740D37
:109070007C0D7C0D7C0D7BED73ED73ED73CD73CDAD
:1090800073CD7BCD7BCD7BCE7BCE7BEE7BEE7BEF42
:109090007BEF7BEF840F840F840F840F7BEF7BEFDC
:1090A0007BCF7BCF7BCF7BEF8410843084308C50A0
:1090B0008C508C518C518C51428D4AAD4ACD530EFF
:1090C0005B2E634E6B6E6B6E6B8E73AF7BCF7BF0E4
:1090D000841084308430843184318C518C518C5193
:1090E0008C518C518C518C718C718C718C718C71F8
:1090F0008C718C718C718C718C718C718C718C7188
:109100008C718C718C718C718C718C518C518C51D7
:1091100084307BF073AF6B4D5AEC528A420939A709
:109120002966212520E420E418E320E320E321033D
:10913000292329432943296429442924210420E49B
:1091400018E418E418C418C418C418C418C418C4FF
:1091500020C420E428E430E4390549055125592587
:109160006125694669467146714671467146714688
:10917000716671667966796671667166716669662F
:1091800061465166516649A749C849E84A294A29B2
:109190004A494A494A494A494A494A2952285208A9
:1091A0005A0861E861E769C771C771C779C779A7CC
:1091B00079A779A7798779877186718669666166EB
:1091C0005966494641463145314529452945294693
:1091D00029463166318739C74208526A5AEC6B6DAD
:1091E0007BCF841084308C518C518C518C518C519C
:1091F0008C518C518C518C518C518C518C518C5187
:109200008C518C518C518C518C518C718C718C7116
:109210008C718C718C718C718C718C518C518C51C6
:1092200084317C1073D0636F530E4A8D3A4C31EB0E
:1092300031CA29AA298A298A29AA29AA29A929A9B0
:1092400029C929C829C729C721A721C729C7320881
:109250003A4A4ACB5B0D636F6BB06BB073D173D17D
:1092600073D173D073D073F07BF07C117C117C11BF
:109270007C107BF07BEF73CE73AD6B8C6B6C6B6B88
:109280006B6B6B6B6B8B6B8B6B6B634A5B0A52AA62
:109290004A8A4A8A4AAA530B636C6BAC73ED740D0D
:1092A0007C0D7C2D7C2D7C0D7BED73ED73CD73CD12
:1092B00073AD73AD73AD738D738D73AE73AE73AEEB
:1092C0007BAF7BCF7BEF7BEF7BEF7BEF7BEF7BEFAE
:1092D0007BCF7BCF7BEF7BEF8410843084308C504E
:1092E0008C508C508C508C503A6C428D4ACD530E21
:1092F0005B2E634E6B6E6B6E6B8E73AF7BCF7BF0B2
:109300007BF07C10841084108430843084318C5144
:109310008C518C518C518C518C518C718C718C7105
:109320008C718C718C718C718C718C718C718C7155
:109330008C718C718C718C718C518C518C518430EE
:109340007BF073AF6B6D62EC528A420939A72966D4
:10935000212520E418C418A318A318A318C318C300
:1093600018E320E321032103210420E418E318C3B8
:1093700018C318C318C318C318C318C418C420C40A
:1093800020C428E430E438E4490551055925612515
:109390006926694671467146714671467146714645
:1093A00071667966796679667966716671666966ED
:1093B000616659665166518749A749C749E84A0815
:1093C0004A084A284A284A284A28522852285A280D
:1093D0005A2862286A28720872087A087A0879E896
:1093E00079E779C779C779C779A77187718669667F
:1093F0005966516641463945314529452945294532
:1094000029452946316639A741E84A495ACB6B4D6F
:1094100073AE8410843084318C518C518C518C51BA
:109420008C518C518C518C518C518C518C518C5154
:109430008C518C518C518C518C518C518C718C7104
:109440008C718C718C718C718C718C718C518C5174
:109450008431841073D06B8F5B2E4ACD426C3A0BF3
:1094600031CB29AA29AA298A298A29AA29A929A97D
:1094700029A82188218721662166218621A729E83C
:109480003A29428B52EC634E6B8F6BB073D173D120
:1094900073D173D073F073F07BF07C117C117C106E
:1094A0007BF073CF738F6B6D632C630B5B0B5AEA8E
:1094B0005B0A632A634A6B6B634B632A5ACA4A8A04
:1094C0004A4A4A6A4AAB5AEB634C6BAD73ED740D72
:1094D0007C2D7C2D7C2D7C2D7C0D7BED73CD73AD97
:1094E00073AD6B8C6B6D6B6D6B4D6B6D6B6E736E6B
:1094F000738E73AF7BCF7BCF7BEF7BEF7BEF7BCF2D
:109500007BCF7BCF7BEF840F84108430843084301A
:109510008C508C508C308C303A6C428C4ACD530E2F
:109520005B2E634E6B6E6B8E738F73AF7BCF7BF056
:109530007BF07BF07BF07BF07C1084108410843017
:10954000843184518C518C518C518C518C518C7143
:109550008C718C718C718C718C718C718C718C7123
:109560008C718C718C718C518C518C5184307BF04E
:1095700073AF6B4D62EC528A420939A72966210507
:1095800020E418C418A318A310A310A318A318A3A9
:1095900018C318C318C318E318C318C318C318C3D3
:1095A00018C318C318C318C318C318C320C320C4D2
:1095B00028C430E440E44905510559256125692551
:1095C00071467146714671467146714671467166C3
:1095D0007166796679667986798671877187718710
:1095E000698761A761A759A751C751E74A084A0887
:1095F0004A2852485249524952695A695A6962691D
:1096000062696A69726972697A697A697A497A49BA
:109610007A487A287A0879E879E771C771A7698763
:109620006186596649464145314531252925292517
:10963000294529463166318741E84A495ACB6B4D65
:1096400073AE7BF0843084308C318C318C518C51F2
:109650008C518C518C518C518C518C518C518C5122
:109660008C518C518C518C518C518C518C518C5112
:109670008C718C718C718C718C718C718C518C5142
:10968000845184307BF06BAF634F52EE4A8D3A4C7D
:1096900031EB31CA29AA29AA298A29892989298944
:1096A000218821672147194619461946218729C76C
:1096B0003209426A4ACC5B2D636F6BB073D073D0B2
:1096C00073D073D073D073D073F07BF07BF07BD00A
:1096D00073AF6B6E632D5AEC52CB52AA4A8A4A89F9
:1096E00052A95ACA5B0A632A632A5AEA52AA4A4A08
:1096F0004A4A4A4A4A8B5AEC634C6B8D73CD73EDE0
:109700007C0D7C2D7C2D7C2D7C0D7C0D73ED73AD43
:109710006B8C6B6C6B4C6B4C6B2D6B2D6B4D6B4E6C
:10972000736E738E73AF7BCF7BCF7BCF7BCF7BCFC3
:109730007BCF7BEF7BEF840F8410843084308430C8
:109740008430843084308430FFFFFFFFFFFFFFFF51
:10975000FFFFFFFFFFFFFFFFFFFF859D435732D451
:1097600032B432B42A302A0E3AF44B7653B85BF74F
:109770003A714B338D18CEBCFFFFEFBFFFFFFFFFE9
:10978000957B3A7129EE29CD29EE3A703A924B3504
:109790004B354B144B555BD663F653955BB55BD598
:1097A0005BD56416641663F66457DF5EDEDCC61AAA
:1097B000F79EFFFFFFFFFFFFFFFFFFFFFFFFDEFD45
:1097C000B5DA85FA6E9D871DF7FDFFFFFFFFFFFFEE
:1097D000FFFFFFFFFFFFFFFFFFFFFFFFFFFFFFFF99
:1097E000FFFFFFFFFFFFFFFFFFFFFFFFFFFFFFFF89
:1097F000FFFFFFFFFFFFFFFFFFFFFFFFFFFFFFFF79
:10980000EF7EBE1A9D18A578D6DCFFFFFFFFFFFF95
:10981000FFFFFFFFFFFFFFFFFFFFFFFFFFFFFFFF58
:10982000FFFFFFFFFFFFFFFFFFFFFFFFFFFFFFFF48
:10983000FFFFFFFFFFFFFFFFFFFFFFFFFFFFFFFF38
:10984000FFFFFFFFFFFFFFFFFFFFFFFFFFDFDEFC6C
:10985000B5B9A558C63BEF7EFFFFFFFFFFFFFFFF37
:10986000FFFFFFFFFFFFFFFFFFFFFFFFFFFFFFFF08
:10987000FFFFFFFFFFFFFFFFFFFFFFFFFFFFFFFFF8
:10988000F7DFFFFFFFDEFFDCFFFEFFFFFFFFFFFF55
:10989000FFFFFFFFFFDFEF5EB61A9D599D399D1850
:1098A0008C7763745B335B535B7353337C55B63691
:1098B0005BB38C77FF1FEDFEF61EFF3FFEDFF6DE8B
:1098C000FFFFFFFFFF9FFEFFFEDEFD5DFEBFEE7DA3
:1098D00083B274306BD16BD39D5F8CBFA57FD6FFF5
:1098E000E75FDF1FE79FF7DFFFFFF7BFF7BFCE9D03
:1098F000E77FEFBFFFFFFFFFFFFFFFFFFFFFFFFF60
:10990000FFFFFFFFF7BEF7BEFFDFFFFFFFFFFFDE3A
:10991000FFFEEF9CEF7BF7BDF7BDEF7BF79CF7BD3C
:10992000F7BEFFBFFFDFFFDFFFDFFFDFFFDFFFDF90
:10993000FFFFFFFFFFFFFFFFFFFFFFFFFFFFFFFF37
:10994000FFFFFFFFFFFFFFFFFFFFFFFFFFFFFFFF27
:10995000FFFFFFFFFFFFFFFFFFFFFFFFFFFFFFFF17
:10996000FFFFFFFFFFFFFFFFFFFFFFFFFFFFFFFF07
:10997000FFFFFFFFFFFFFFFFFFFFFFFFFFFFFFFFF7
:10998000FFFFFFFFFFFFFFFFFFFF8DDD437732D4B7
:109990003AD532B42A3029EE3AD443764B975BF766
:1099A0003A9142F384F7C69CFFFFEFBFFFFFFFFF32
:1099B0009DBC3A9229ED29CD29ED3A503A914B15AB
:1099C0004B1542F44B355BB663F6539553B55BB517
:1099D0005BD55C165C165C165C17D71EDEFCBE1AE7
:1099E000F79EFFFFFFFFFFFFFFFFFFFFFFFFFFFFF0
:1099F000FFFFEF1DC67BADF9B599DEDCFFFFFFFF72
:109A0000FFFFFFFFFFFFFFFFFFFFFFFFFFFFFFFF66
:109A1000FFFFFFFFFFFFFFFFFFFFFFFFFFFFFFFF56
:109A2000FFFFFFFFFFFFFFFFFFFFFFFFFFFFFFFF46
:109A3000FFFFFFFFF7BECE7BA5589D38C63BEF9ECC
:109A4000FFFFFFFFFFFFFFFFFFFFFFFFFFFFFFFF26
:109A5000FFFFFFFFFFFFFFFFFFFFFFFFFFFFFFFF16
:109A6000FFFFFFFFFFFFFFFFFFFFFFFFFFFFFFFF06
:109A7000FFFFFFFFFFFFFFFFFFFFFFFFFFFFFFFFF6
:109A8000FFFFE73DBE1AA578B5D9DEFCFFFFFFFF5B
:109A9000FFFFFFFFFFFFFFFFFFFFFFFFFFFFFFFFD6
:109AA000FFFFFFFFFFFFFFFFFFFFFFFFFFFFFFFFC6
:109AB000F7DFFFFFF7DFFFFFFFFFFFFFFFFFFFFF06
:109AC000FFFFFFFFFFFFFFDFDF1DBE3BADBA9D398C
:109AD000845663545B335B535B745B539D55849531
:109AE00042F2D65CFF1FFF3FFF7FFF3FFF5FF6DEC6
:109AF000D5BBEF5ED55BF67DFE5EFDBEFE3EFE7F16
:109B0000F67F8CB5324D4B0E63D77CBE9DDFA5DF53
:109B1000AD7FC59FCE5EDF5FFFDFF7BFEF39E6F8B1
:109B2000F79EFFDFFFFFFFFFFFFFFFFFFFFFFFDFEE
:109B3000FFDFFFDFEF5BF77CF79DF77DEF7CEF9CAE
:109B4000F7DDEF5ADEF9E77BF79DF79CF79DF7BD50
:109B5000F7BEF7BEF7BFFFDFFFDFFFDFFFDFFFFF6F
:109B6000FFFFFFFFFFFFFFFFFFFFFFFFFFFFFFFF05
:109B7000FFFFFFFFFFFFFFFFFFFFFFFFFFFFFFFFF5
:109B8000FFFFFFFFFFFFFFFFFFFFFFFFFFFFFFFFE5
:109B9000FFFFFFFFFFFFFFFFFFFFFFFFFFFFFFFFD5
:109BA000FFFFFFFFFFFFFFFFFFFFFFFFFFFFFFFFC5
:109BB000FFFFFFFFFFFFFFFFE7BF8DFD4BB832D573
:109BC00032D532B42A3029EE3AD443564B775BF87B
:109BD0003A913AB27CB7C69CFFFFEFBFFFDFFFFFB1
:109BE000A5FC327229CD21AD29CD32503A7142F512
:109BF0004B1542F44B155BB56C16539553B553B5E5
:109C00005BD55BF65BF65BF65BF6CEDDE6FCBDFA9C
:109C1000EF5EFFFFFFFFFFFFFFFFFFFFFFFFFFFF05
:109C2000FFFFFFFFFFFFF79ECE7BA5589D18C63AAA
:109C3000EF7EFFFFFFFFFFFFFFFFFFFFFFFFFFFFC5
:109C4000FFFFFFFFFFFFFFFFFFFFFFFFFFFFFFFF24
:109C5000FFFFFFFFFFFFFFFFFFFFFFFFFFFFFFFF14
:109C6000FFFFFFFFFFFFFFFFFFFFE71DB5D99D17B8
:109C7000AD99D6DCFFDFFFFFFFFFFFFFFFFFFFFF18
:109C8000FFFFFFFFFFFFFFFFFFFFFFFFFFFFFFFFE4
:109C9000FFFFFFFFFFFFFFFFFFFFFFFFFFFFFFFFD4
:109CA000FFFFFFFFFFFFFFFFFFFFFFFFFFFFFFFFC4
:109CB000FFFFFFFFFFFFF7BFD69CAD99A578C65BFE
:109CC000EF7EFFFFFFFFFFFFFFFFFFFFFFFFFFFF35
:109CD000FFFFFFFFFFFFFFFFFFFFFFFFFFFFFFFF94
:109CE000FFDFFFFFF7DFFFFFFFFFFFFFFFFFFFFFCC
:109CF000FFFFFFFFFFFFFFFFEF9EDEFDBE5BA579CD
:109D0000843663545B535B745B945B737C3663B4DF
:109D1000BDBAFFBFFFFFFFFFFFFFFFDFFF3EFF9F5B
:109D2000CD76C46FCCF9FEFFFE1EFE7EFE5EF61EF3
:109D3000FE3F94D6322C428D42AF5B755BB75336F3
:109D4000843CB4FFC4DCCE7EDF7FD6DCEE71FF54F2
:109D5000FFDFFFFFFFFFFFFFF7BFEF9FEF7FEF7F0B
:109D6000F79FEF7DDEF9DEFACE99DEFADF1BDF1A10
:109D7000E75AE73AE73AEF7BF79CF7BCF79CF7BD69
:109D8000F7BEF7BEFFBFFFDFFFDFFFDFFFFFFFFF15
:109D9000FFFFFFFFFFFFFFFFFFFFFFFFFFFFFFFFD3
:109DA000FFFFFFFFFFFFFFFFFFFFFFFFFFFFFFFFC3
:109DB000FFFFFFFFFFFFFFFFFFFFFFFFFFFFFFFFB3
:109DC000FFFFFFFFFFFFFFFFFFFFFFFFFFFFFFFFA3
:109DD000FFFFFFFFFFFFFFFFFFFFFFFFFFFFFFFF93
:109DE000FFFFFFFFFFFFFFFFDF7F7D7C4BB832D51A
:109DF00032D532B42A3029EE3AD3433643575BD8B2
:109E00003A9132717497BE7CFFFFEFBFF7DFFFFF1F
:109E1000AE3C4B13322E21CD29CD32303A7142F572
:109E2000431442F34B3553B56C16539553B553B5A4
:109E30005BD55BF65BF664165BF6C6DDEF3DB5D928
:109E4000E71DFFFFFFFFFFFFFFFFFFFFFFFFFFFF1C
:109E5000FFFFFFFFFFFFFFFFFFFFFFDFE71DB5B9BC
:109E600094F7AD99DEFCFFFFFFFFFFFFFFFFFFFF51
:109E7000FFFFFFFFFFFFFFFFFFFFFFFFFFFFFFFFF2
:109E8000FFFFFFFFFFFFFFFFFFFFFFFFFFFFFFFFE2
:109E9000FFFFFFFFFFFFFFFFFFFFFFFFFFFFF7BF1A
:109EA000CE9BA5789D58BE3AE75EFFFFFFFFFFFF00
:109EB000FFFFFFFFFFFFFFFFFFFFFFFFFFFFFFFFB2
:109EC000FFFFFFFFFFFFFFFFFFFFFFFFFFFFFFFFA2
:109ED000FFFFFFFFFFFFFFFFFFFFFFFFFFFFFFFF92
:109EE000FFFFFFFFFFFFFFFFFFFFFFFFE75DBE1A62
:109EF000A558B5D9DEFCFFFFFFFFFFFFFFFFFFFF07
:109F0000FFFFFFFFFFFFFFFFFFFFFFFFFFFFFFDF81
:109F1000FFFFFFFFFFDFFFFFFFFFFFFFFFFFFFFF71
:109F2000FFFFFFFFFFFFFFFFF7BFEF5ECEBCADBA45
:109F30007C1763545B5363745B746394843694D767
:109F4000FEFFFEBFFFFFFFFFFFFFFFFFFFDFFF7F03
:109F5000F5F5DC6CF65DFF5FFF9FFFBFF61EFD5E53
:109F6000BDBA326D428D428D428D3A4C322C428FB9
:109F70007BB5BD1DCD1DBD7CBE7FC6BECDF4CDF66F
:109F8000D6DEF7BFFFDFFFDFF7BFF79FF79FEF7F5B
:109F9000F79FD6FBB638AE17BE99D73BDF7CD75BB1
:109FA000D71ADF3BDF1AE73BEF5BF7BCF79CF7BD47
:109FB000F7BDF7BEFFDEFFDFFFFFFFFFFFFFFFFF85
:109FC000FFFFFFFFFFFFFFFFFFFFFFFFFFFFFFFFA1
:109FD000FFFFFFFFFFFFFFFFFFFFFFFFFFFFFFFF91
:109FE000FFFFFFFFFFFFFFFFFFFFFFFFFFFFFFFF81
:109FF000FFFFFFFFFFFFFFFFFFFFFFFFFFFFFFFF71
:10A00000FFFFFFFFFFFFFFFFFFFFFFFFFFFFFFFF60
:10A01000FFFFFFFFFFFFFFFFEFBF85BD53F93AF5DD
:10A020003AD532B42A502A0E32D33B1643375BD886
:10A030003A9232516C56B65BFFFFEFBFF7DFFFFF7E
:10A04000B63B5ACD6B2E320E2A0E3230327142F4AC
:10A05000431542D34B3553956C16539553B553B5B1
:10A060005BD55C165BF65C165C378CD6A4D4BE1A46
:10A07000E73DFFFFFFFFFFFFFFFFFFFFFFFFFFFFCA
:10A08000FFFFFFFFFFFFEF3CD5D6F79EFFFFFFFF6F
:10A09000F79EC65B9D179D17C63AEF9EFFFFFFFF19
:10A0A000FFFFFFFFFFFFFFFFFFFFFFFFFFFFFFFFC0
:10A0B000FFFFFFFFFFFFFFFFFFFFFFFFFFFFFFFFB0
:10A0C000FFFFFFFFFFFFFFFFFFFFFFFFFFFFFFFFA0
:10A0D000FFFFFFFFEF5EC65BADB9B5D9D6BCF79EFB
:10A0E000FFFFFFFFFFFFFFFFFFFFFFFFFFFFFFFF80
:10A0F000FFFFFFFFFFFFFFFFFFFFFFFFFFFFFFFF70
:10A10000FFFFFFFFFFFFFFFFFFFFFFFFFFFFFFFF5F
:10A11000FFFFFFFFFFFFFFFFFFFFFFFFFFFFFFFF4F
:10A12000F7DFD6BCADB9AD78CE9BF7DFFFFFFFFF01
:10A13000FFFFFFFFFFFFFFFFFFFFFFFFFFFFF7DF57
:10A14000FFFFFFDFFFFFFFFFFFFFFFFFFFFFFFFF3F
:10A15000FFFFFFFFFFFFFFFFFFDFF7BFE73EBE3B55
:10A16000847863545B535B5363747BD594779CD83A
:10A17000FF1FF65FF6BFFF3FFFBFFFFFFFDFFEFEE3
:10A18000BC579334EEDEFFFFFFFFFFFFFFFFCE7BE8
:10A190003AAE2A4D326D322C320B428C530D634E47
:10A1A0007BB1A455C4F9BD1BB5FFBE7FCEDDD6DFA4
:10A1B000DF1FE73FEF7FF79FF79FEF7FEF5EE71D22
:10A1C000C63995759DB6AE37CED9E75BEF9CEF9C4F
:10A1D000EFBCEF9DEF9DEF9DEF9CF7BDF79CF7BDAA
:10A1E000F7BEFFDEFFDEFFFFFFFFFFFFFFFFFFFF0A
:10A1F000FFFFFFFFFFFFFFFFFFFFFFFFFFFFFFFF6F
:10A20000FFFFFFFFFFFFFFFFFFFFFFFFFFFFFFFF5E
:10A21000FFFFFFFFFFFFFFFFFFFFFFFFFFFFFFFF4E
:10A22000FFFFFFFFFFFFFFFFFFFFFFFFFFFFFFFF3E
:10A23000FFFFFFFFFFFFFFFFFFFFFFFFFFFFFFFF2E
:10A24000FFFFFFFFFFFFFFFFFFFF9E5E5C7A3B35D6
:10A250003AF532D432512A0F32B33B1643365BD82B
:10A260003AB232316436B65BFFFFEFBFF7DFFFFF74
:10A27000AD76188341C752CF29EE322F327142F4A6
:10A28000431542F44B5553B56C36539553B553B5FE
:10A290005BD55BF65BF65C166BF593F28BD1BE3A41
:10A2A000D69BCDF88BF1BD97F77DE6DBCDB6C59695
:10A2B000FFFFFFDFE699AC2FDE37FFFFFFFFFFFF59
:10A2C000FFFFFFFFFFFFDEFDAD9994F7AD99DEFCC8
:10A2D000FFFFFFFFFFFFFFFFFFFFFFFFFFFFFFFF8E
:10A2E000FFFFFFFFFFFFFFFFFFFFFFFFFFFFFFFF7E
:10A2F000FFFFFFFFFFFFFFFFFFFFFFFFFFFFFFFF6E
:10A30000FFFFFFFFFFFFFFFFFFFFE71DBE1AA5785E
:10A31000B5F9DEFCFFFFFFFFFFFFFFFFFFFFFFFFC1
:10A32000FFFFFFFFFFFFFFFFFFFFFFFFFFFFFFFF3D
:10A33000FFFFFFFFFFFFFFFFFFFFFFFFFFFFFFFF2D
:10A34000FFFFFFFFFFFFFFFFFFFFFFFFFFFFFFFF1D
:10A35000FFFFFFFFFFFFE75DC65BC63AD6BCEF7E9F
:10A36000FFFFFFFFFFFFFFFFFFFFFFFFFFFFF7DF25
:10A37000FFFFF7DFFFFFFFFFFFFFFFFFFFFFFFFF15
:10A38000FFFFFFFFFFFFFFFFFFFFFFFFF7BFD6DD70
:10A39000953A6BD55B7463746B7484169CB86BB51B
:10A3A000E6BEF63FF61EFE3EFF5FFF9FFF1EF6DE97
:10A3B000EEBDE5BCE5DCFFFFFFBFFFDFDEDC326D9D
:10A3C00032AD3B0F32CD53AF534F530E5B0F634F44
:10A3D0007BB1AC95C557B495B5DDBE7FDF3FEF7F50
:10A3E000EF9FE75FEF7FEF7FEF7FF79FF79FF79F8D
:10A3F000D6DBA5D5C6B7DF58F7BBFFDDFFFDFFFDF8
:10A40000FFFEFFFEFFDEF77CEF3BEF5CEF7CF7BD6E
:10A41000FFDEFFFEFFFFFFFFFFFFFFFFFFFFFFFF6E
:10A42000FFFFFFFFFFFFFFFFFFFFFFFFFFFFFFFF3C
:10A43000FFFFFFFFFFFFFFFFFFFFFFFFFFFFFFFF2C
:10A44000FFFFFFFFFFFFFFFFFFFFFFFFFFFFFFFF1C
:10A45000FFFFFFFFFFFFFFFFFFFFFFFFFFFFFFFF0C
:10A46000FFFFFFFFFFFFFFFFFFFFFFFFFFFFFFFFFC
:10A47000FFFFFFFFFFFFFFFFFFFFAE9E64BA4356E3
:10A480003B153AF432712A2F32D43B153B365BF838
:10A490003AB22A316C15BE5BFFFFEFBFF7DFFFFF5B
:10A4A000949328E5396662ED324F322F3A7142F4C7
:10A4B000431543144B5553B56C3653B553D553B56B
:10A4C00053B55BF65BF65BD59C7493D17B9084129D
:10A4D00072CD72AC832E8B6EA410A3EF9BAE7AEC80
:10A4E000832C8B2C7AA959A6B4F3FFFFFFFFFFFF43
:10A4F000FFFFFFFFFFFFFFFFFFFFF79EC63A9D171D
:10A500009CF7C63AF79EFFFFFFFFFFFFFFFFFFFF2D
:10A51000FFFFFFFFFFFFFFFFFFFFFFFFFFFFFFFF4B
:10A52000FFFFFFFFFFFFFFFFFFFFFFFFFFFFFFFF3B
:10A53000FFFFFFFFFFFFFFFFFFFFFFFFFFFFF7BF73
:10A54000D6DCB5D9ADB9DEFCFFDFFFFFFFFFFFFFB3
:10A55000FFFFFFFFEF5DF79EFFFFFFFFFFFFFFFF26
:10A56000FFFFFFFFFFFFFFFFFFFFFFFFFFFFFFFFFB
:10A57000FFFFFFFFFFFFFFFFFFFFFFFFFFFFFFFFEB
:10A58000FFFFFFFFFFFFFFFFFFFFF7BFDEFCC65A25
:10A59000C65BDEFDFFDFFFFFFFFFFFFFFFFFF7DF13
:10A5A000FFFFF7DFFFFFFFFFFFFFFFFFFFFFFFFFE3
:10A5B000FFFFFFFFFFFFFFFFFFFFFFFFFFDFDF3DAD
:10A5C000ADDB745763956B956B958457845742D375
:10A5D0008497EE5ED55DC4FBD57CEE7DFF7FFFDF0B
:10A5E000FFDFF65EE57CF71EFFFFEDDE529019CB34
:10A5F0004B6E4BCE6CB195D495D495B384D163AFEB
:10A6000073919C53C558BCD6AD39BE5FCEBEDF1F1B
:10A61000F7BFF7DFF79FF79FEF7FEF7FEF9FF7BF62
:10A62000F7BFDF36F7B7F7D9FFFBFFFDFFFDFFFDF3
:10A63000FFFDFFFEFFFEF7BDEF3BEF3CEF3BEF5BA7
:10A64000F79DFFDEFFFFFFFFFFFFFFFFFFFFFFFFA5
:10A65000FFFFFFFFFFFFFFFFFFFFFFFFFFFFFFFF0A
:10A66000FFFFFFFFFFFFFFFFFFFFFFFFFFFFFFFFFA
:10A67000FFFFFFFFFFFFFFFFFFFFFFFFFFFFFFFFEA
:10A68000FFFFFFFFFFFFFFFFFFFFFFFFFFFFFFFFDA
:10A69000FFFFFFFFFFFFFFFFFFFFFFFFFFFFFFFFCA
:10A6A000FFFFFFFFFFFFFFFFFFFFC6FF64DA4396D8
:10A6B0003B153AF432712A2F32D43B1543565BF8DE
:10A6C0003AD33230420A524AC659FFFFF7BEFFFF63
:10A6D0008411312649E962CC42AF322F3A914315B9
:10A6E0004B554B344B7553B56C3653B553D553B5A9
:10A6F00053B55BF65BD5945493D0626B6AAC7B0D1B
:10A7000093D09C10A430AC509BCE726A59C772494A
:10A7100059666A2882AA82A9C575FFFFFFFFFFFF5D
:10A72000FFFFFFFFFFFFFFFFFFFFFFFFFFFFFFFF39
:10A73000DEDCA57894D7AD99DEFDFFFFFFFFFFFFBC
:10A74000FFFFFFFFFFFFFFFFFFFFFFFFFFFFFFFF19
:10A75000FFFFFFFFFFFFFFFFFFFFFFFFFFFFFFFF09
:10A76000FFFFFFFFFFFFFFFFFFFFFFFFFFFFFFFFF9
:10A77000FFFFFFFFF7BFDF1DCEBCCE9BCE59B576E6
:10A780009C9383F0736E7BAF9CB3D6BAFFFFFFFF41
:10A79000FFFFFFFFFFFFFFFFFFFFFFFFFFFFFFFFC9
:10A7A000FFFFFFFFFFFFFFFFFFFFFFFFFFFFFFFFB9
:10A7B000FFFFFFFFFFFFFFFFFFFFFFFFFFFFFFFFA9
:10A7C000EF5ECE9BBE1ACE9BEF5EFFFFFFFFFFFF4B
:10A7D000FFFFF7DFFFFFFFFFFFFFFFFFFFFFFFFFB1
:10A7E000FFFFFFFFFFFFFFFFFFDFFFFFF7BFE75E9A
:10A7F000BE5C84F9741773F673B684786BF642F313
:10A800003AD253535314ACFBF69FFF7FFFFFFFBFB9
:10A81000FFBFF69EE65DDD3CFFFFDDDD3A0E326DEB
:10A8200053B08573BE96BE96BE96D737EFF8B65630
:10A830008432ACB6D59AD5BABD7AC67FD6FEDF1FB4
:10A84000E75FF7DFFFFFFFFFFFDFF7BFF7BFF7DFD0
:10A85000F7BFDF19EF9AF7DCFFDDFFFEFFFEFFFE1B
:10A86000FFFEFFFEFFFFFFFFFFDEF79EF79DF79E57
:10A87000FFDFFFDFFFFFFFFFFFFFFFFFFFFFFFFF28
:10A88000FFFFFFFFFFFFFFFFFFFFFFFFFFFFFFFFD8
:10A89000FFFFFFFFFFFFFFFFFFFFFFFFFFFFFFFFC8
:10A8A000FFFFFFFFFFFFFFFFFFFFFFFFFFFFFFFFB8
:10A8B000FFFFFFFFFFFFFFFFFFFFFFFFFFFFFFFFA8
:10A8C000FFFFFFFFFFFFFFFFFFFFFFFFFFFFFFFF98
:10A8D000FFFFFFFFFFFFFFFFFFFFDF7F6CFB4396E4
:10A8E0003B153AF532712A2F3AD33B353B365C188B
:10A8F00042F3322F398739873146ADB7FFFFFFFF6B
:10A900007BD03946628B628B52CF32703AB14B5555
:10A910004B754B54539553B56C5753B553B553B50D
:10A9200053B55BF694548B8F626B624B8B8FA43163
:10A930009BCFA4109BCF830C62086A298AEB7AAA6A
:10A94000938DABEDAC0EDE79FFFFFFFFFFFFFFFF46
:10A95000FFFFFFFFFFFFFFFFFFFFFFFFFFFFFFFF07
:10A96000FFFFFFFFEF7EBE1A94F79D17C63BF79ED1
:10A97000FFFFFFFFFFFFFFFFFFFFFFFFFFFFFFFFE7
:10A98000FFFFFFFFFFFFFFFFFFFFFFFFFFFFFFFFD7
:10A99000FFFFFFFFFFFFFFFFFFFFFFFFFFFFFFFFC7
:10A9A000FFFFF7BEDEBBB57683F16B2E6B2D6B2DF3
:10A9B000734E736E738F736E6B2E6B2D9472DEDB22
:10A9C000FFFFFFFFFFFFFFFFFFFFFFFFFFFFFFFF97
:10A9D000FFFFFFFFFFFFFFFFFFFFFFFFFFFFFFFF87
:10A9E000FFFFFFFFFFFFFFFFFFFFFFFFFFFFFFFF77
:10A9F000FFFFFFFFF7BFDEFCBE3AC65BD6DCF7BE4B
:10AA0000FFFFFFFFFFFFFFFFFFFFFFFFFFFFFFFF56
:10AA1000FFFFFFFFFFFFF7DFF7BFEF9EE73ECEBC74
:10AA2000B61B95397C587BF773B67C5753953AD251
:10AA300032B12A70224E9518FEDFFF9FFFFFFFBF45
:10AA4000FF7FEDBDEE1EB49BF69FC55C426F535079
:10AA50006CB3B676CF17CEF7A555B636ADF68C9358
:10AA60008C74ACF7D5DBDE1CC5BACE7EDF1EDEDF14
:10AA7000EF7FEF7FF7DFFFFFFFFFFFFFFFFFFFDF4E
:10AA8000FFFFEF9DE77BF7DDFFFEFFFEFFFFFFFF10
:10AA9000FFFFFFFFFFFFFFFFFFDFFFDFFFFFFFFF06
:10AAA000FFFFFFFFFFFFFFFFFFFFFFFFFFFFFFFFB6
:10AAB000FFFFFFFFFFFFFFFFFFFFFFFFFFFFFFFFA6
:10AAC000FFFFFFFFFFFFFFFFFFFFFFFFFFFFFFFF96
:10AAD000FFFFFFFFFFFFFFFFFFFFFFFFFFFFFFFF86
:10AAE000FFFFFFFFFFFFFFFFFFFFFFFFFFFFFFFF76
:10AAF000FFFFFFFFFFFFFFFFFFFFFFFFFFFFFFFF66
:10AB0000FFFFFFFFFFFFFFFFFFFFF7DF74FA3B765A
:10AB10003B153AF532912A2F3AF44355435664389F
:10AB20004313327141EA626B52092925A515FFFFD3
:10AB30008C3139466ACC6ACC6B4F32903AD14B9605
:10AB400053D64B7453955395637253B553B553B560
:10AB500053747B91830D6A8B6A6B8B6E93CF8B4D95
:10AB60008B6D82EC7AAA62088AEBABEEAC2FCD52E9
:10AB7000BC8FBCD1EF1CFFFFFFFFFFFFFFFFFFFFFC
:10AB8000FFFFFFFFFFFFFFFFFFFFFFFFFFFFFFFFD5
:10AB9000FFFFFFFFFFFFFFFFFFFFD6DCA5588CD6AE
:10ABA000AD99DF1DFFFFFFFFFFFFFFFFFFFFFFFF6F
:10ABB000FFFFFFFFFFFFFFFFFFFFFFFFFFFFFFFFA5
:10ABC000FFFFFFFFFFFFFFFFFFFFFFFFF7BECE7A94
:10ABD0009CD47BD06B2D6B0D736E7B8F7B8F7B8FAB
:10ABE0007B8F7BAF7BAF7BAF7BAF7BAF734E734E07
:10ABF000A4D4EF3DFFFFFFFFFFFFFFFFFFFFFFFFBD
:10AC0000FFFFFFFFFFFFFFFFFFFFFFFFFFFFFFFF54
:10AC1000FFFFFFFFFFFFFFFFFFFFFFFFFFFFFFFF44
:10AC2000FFFFFFFFFFFFFFFFFFFFEF5EC67BC65A80
:10AC3000CE9BEF7EFFFFFFFFFFFFFFFFFFFFFFFF4A
:10AC4000FFFFFFFFFFDFEF9EEF5EDEFDBE3B95598E
:10AC500084F97C98741773D673B67C5743132AB162
:10AC60002A912A902A4F4B52EE1FFF9FFFDFED9D46
:10AC7000F6DED47BF5BEB4FCA45A7BB55AF15BB1C9
:10AC80008534A5F59DB595747C537C3373B27BD127
:10AC90008C34ACD7CD9AD5DBCDBAC61BDF3FC63DD1
:10ACA000E75FF7BFF7BFF7DFFFFFFFFFFFFFFFFF24
:10ACB000FFFFF7DEF7BCFFDEFFFEFFFEFFDEFFFE5D
:10ACC000FFFEFFFFFFFFFFFFFFFFFFFFFFFFFFFF95
:10ACD000FFFFFFFFFFFFFFFFFFFFFFFFFFFFFFFF84
:10ACE000FFFFFFFFFFFFFFFFFFFFFFFFFFFFFFFF74
:10ACF000FFFFFFFFFFFFFFFFFFFFFFFFFFFFFFFF64
:10AD0000FFFFFFFFFFFFFFFFFFFFFFFFFFFFFFFF53
:10AD1000FFFFFFFFFFFFFFFFFFFFFFFFFFFFFFFF43
:10AD2000FFFFFFFFFFFFFFFFFFFFFFFFFFFFFFFF33
:10AD3000FFFFFFFFFFFFFFFFFFFFF7FF7D3A3B3500
:10AD40003B353B1432912A2F32B2437643976479D4
:10AD50004B5432B24AD06AAC730D5A4A20C4A5147F
:10AD6000BDB7416672EC834D7BB03AB03AF14B12FD
:10AD700053B54B9553B55B736AEF533253D653B506
:10AD8000422C6A8B7AED82CC9B8E934D82EB8B2C7E
:10AD90007AAB82EB8B0BA3ADB40EBCD1D593CD5265
:10ADA000D5F6F79EFFFFFFFFFFFFFFFFFFFFFFFF4F
:10ADB000FFFFFFFFFFFFFFFFFFFFFFFFFFFFFFFFA3
:10ADC000FFFFFFFFFFFFFFFFFFFFFFFFFFFFEF7E24
:10ADD000BE1A94F79517C65BF7BEFFFFFFFFFFFF94
:10ADE000FFFFFFFFFFFFFFFFFFFFFFFFFFFFFFFF73
:10ADF000FFFFFFFFFFFFFFFFDEDBA5157BD06B2D05
:10AE00006B2D734E7B8F7BAF7BAF7BAF7BAF7BAF0D
:10AE10007B8F630D5ACC62CC6B0D736E83D07BD06D
:10AE2000734E738EB576F7BEFFFFFFFFFFFFFFFF88
:10AE3000FFFFFFFFFFFFFFFFFFFFFFFFFFFFFFFF22
:10AE4000FFFFFFFFFFFFFFFFFFFFFFFFFFFFFFFF12
:10AE5000FFFFFFFFFFFFFFFFFFFFFFFFFFFFFFDF22
:10AE6000DEFCCE9BD6BCE73DFFDFFFFFFFFFFFFF11
:10AE7000FFFFFFFFEF7EDEFDD6DDC67C9D797458B7
:10AE80006C176BF66BB56BB573D66BF632D22AD2F4
:10AE90002AB12A902A902A8FACF9FF7FEDFDD43B8E
:10AEA000DCBBDC5CD57C845763337BB47394635226
:10AEB0005B925B515B5163716BB173D27BF283B177
:10AEC0009C55B4F8BD59C579CDBAC5BACE5BC67D1F
:10AED000CE9DF7DFF7DFE75FEF7FFFFFFFFFFFFFAD
:10AEE000FFFFFFDEFFDDFFDEFFFEFFFEFFDEF7DE22
:10AEF000FFFEFFFEFFFFFFFFFFFFFFFFFFFFFFFF64
:10AF0000FFFFFFFFFFFFFFFFFFFFFFFFFFFFFFFF51
:10AF1000FFFFFFFFFFFFFFFFFFFFFFFFFFFFFFFF41
:10AF2000FFFFFFFFFFFFFFFFFFFFFFFFFFFFFFFF31
:10AF3000FFFFFFFFFFFFFFFFFFFFFFFFFFFFFFFF21
:10AF4000FFFFFFFFFFFFFFFFFFFFFFFFFFFFFFFF11
:10AF5000FFFFFFFFFFFFFFFFFFFFFFFFFFFFFFFF01
:10AF6000FFFFFFFFFFFFFFFFFFFFAE5D54183B55E4
:10AF70003B353B14329231EC39A83A4D43346C994D
:10AF80005BD63AF263F5838F7B0D9C516ACB3166B9
:10AF90006AEC51C872EC9BF08BF042F142D06AAD82
:10AFA00063724B954B746B7194544ACF4B5331CAB7
:10AFB000522A62AC6ACCA38E932D936D8B2C82ABFC
:10AFC000932CA38DABEEA38DBCD1CD73CD52DE7887
:10AFD000F7BEFFFFFFFFFFFFFFFFFFFFFFFFFFFFCA
:10AFE000FFFFFFFFFFFFFFFFFFFFFFFFFFFFFFFF71
:10AFF000FFFFFFFFFFFFFFFFFFFFFFFFFFFFFFFF61
:10B00000FFFFFFFFD6DC9D588CB6AD99DF1DFFFF1B
:10B01000FFFFFFFFFFFFFFFFFFFFFFFFFFFFFFFF40
:10B02000FFFFF79EC5F88C52734E6B0D6B2D6B0DA9
:10B030006B0D62ED62ED5ACC528B528B524A420933
:10B0400039A8292620E518C42105290541C86B2DFA
:10B0500083D07BAF6B2D7BAFC618FFFFFFFFFFFFD9
:10B06000FFFFFFFFFFFFFFFFFFFFFFFFFFFFFFFFF0
:10B07000FFFFFFFFFFFFFFFFFFFFFFFFFFFFFFFFE0
:10B08000FFFFFFFFFFFFFFFFFFFFFFFFFFFFFFFFD0
:10B09000FFFFFFFFF79EDF1DDEDCE73DF7BFFFFF91
:10B0A000FFFFF7BFD6BDBE1BB61BADDA8CD86BF762
:10B0B0006BF663D563746B957BF65B942AD22AD2C8
:10B0C0002AB22AD132D032B05352C59BE4FDDC9C67
:10B0D000E53D94973AF042D05B5273D584167BD508
:10B0E00073B36BB26BB273D273D27BF28BF29C13DD
:10B0F000ACB7B4F8ACF7A4F7ACF7BD39BD59C5FA95
:10B10000BE1BCE7BDF1DDF1EDF1FF7DFFFFFFFFF54
:10B11000FFFFFFDEFFFEFFFEFFFDFFFEFFFEF7DE8F
:10B12000FFDEFFFEFFFFFFFFFFFFFFFFFFFFFFFF51
:10B13000FFFFFFFFFFFFFFFFFFFFFFFFFFFFFFFF1F
:10B14000FFFFFFFFFFFFFFFFFFFFFFFFFFFFFFFF0F
:10B15000FFFFFFFFFFFFFFFFFFFFFFFFFFFFFFFFFF
:10B16000FFFFFFFFFFFFFFFFFFFFFFFFFFFFFFFFEF
:10B17000FFFFFFFFFFFFFFFFFFFFFFFFFFFFFFFFDF
:10B18000FFFFFFFFFFFFFFFFFFFFFFFFFFFFFFFFCF
:10B19000FFFFFFFFFFFFFFFFFFFFA5FC4396437587
:10B1A0003B353B15329241EB4A0A39C83167422B95
:10B1B00053103AF264369CD48B6DACB2B4D25A4977
:10B1C000314649C772CBAC719C314332428F93F206
:10B1D0008C134B7443118BD2943439EA39C941A88A
:10B1E0004A0A316649C882CB5A4A730C9B8E92EB4D
:10B1F000C4B0C4B0ABADB44FCD52BCF2DE9AFFFFC9
:10B20000FFFFFFFFFFFFFFFFFFFFFFFFFFFFFFFF4E
:10B21000FFFFFFFFFFFFFFFFFFFFFFFFFFFFFFFF3E
:10B22000FFFFFFFFFFFFFFFFFFFFFFFFFFFFFFFF2E
:10B23000FFFFFFFFFFFFFFFFEF5EB5FA8CD795170B
:10B24000C65BF7BFFFFFFFFFFFFFFFFFFFFFEF5DE5
:10B25000B57683D06B2D6B0D62ED5A8B524A4A2A1C
:10B260004A2A41E939A829472926292629262926B3
:10B270002926318742095A8B4A2A41E939A72926CA
:10B2800039A862CC7B8F736E6AED8C51E71CFFFF8F
:10B29000FFFFFFFFFFFFFFFFFFFFFFFFFFFFFFFFBE
:10B2A000FFFFFFFFFFFFFFFFFFFFFFFFFFFFFFFFAE
:10B2B000FFFFFFFFFFFFFFFFFFFFFFFFFFFFFFFF9E
:10B2C000F7DFFFFFFFFFFFFFFFDFEF7EE73DEF5EF2
:10B2D000F79EEF7EC67CADBAA59A9D397C3663B6E3
:10B2E0006BF663B5535363747BF663B55C5464B417
:10B2F0006494649353D3539453535352AD19B55A32
:10B300007455328F3AAF42F04B3163B37C358C5673
:10B310008C56841484138C139CD49C54A435A4346C
:10B32000AC96A4968C5484548C55A4D7BD59C5DAD8
:10B33000CE3AC558C578C5B9CE1AE71DF7BEF79EF7
:10B34000EF7DFFDDFFFEFFDDFFFDFFFDFFFDFFDE0B
:10B35000FFFEFFFFFFFFFFFFFFFFFFFFFFFFFFFFFE
:10B36000FFFFFFFFFFFFFFFFFFFFFFFFFFFFFFFFED
:10B37000FFFFFFFFFFFFFFFFFFFFFFFFFFFFFFFFDD
:10B38000FFFFFFFFFFFFFFFFFFFFFFFFFFFFFFFFCD
:10B39000FFFFFFFFFFFFFFFFFFFFFFFFFFFFFFFFBD
:10B3A000FFFFFFFFFFFFFFFFFFFFFFFFFFFFFFFFAD
:10B3B000FFFFFFFFFFFFFFFFFFFFFFFFFFFFFFFF9D
:10B3C000FFFFFFFFFFFFFFFFFFFFAE3D43B74375EA
:10B3D0003B553B153292320D41E962CD62CD41C8F9
:10B3E0004187526C63D3BE7B9C319BEFBD1393AE00
:10B3F00049A849C85A4AA4309C114332428E8BD185
:10B40000943242F152CFA4736B0E3167624B5A2AC9
:10B4100039A739876A2949C820C45A49BC4FCCD0BA
:10B42000AC2FA450BD12CD93E6B9CE5AA579BE1A61
:10B43000E75DFFFFFFFFFFFFFFFFFFFFFFFFFFFFD6
:10B44000FFFFFFFFFFFFFFFFFFFFFFFFFFFFFFFF0C
:10B45000FFFFFFFFFFFFFFFFFFFFFFFFFFFFFFFFFC
:10B46000FFFFFFFFFFFFFFFFFFFFFFFFFFDFCE9CA0
:10B470009D388CB6A598E73DFFFFE73DAD15736F8E
:10B4800062ED62EC5AAC526B4A4A524A524A4A2A1C
:10B4900041E939A831883167296729672946292672
:10B4A00041E962CBBD31D5D3C5927B8D526B5AAB8E
:10B4B0003167210539875A8B734E6B0D6B2DB5960D
:10B4C000FFFFFFFFFFFFFFFFFFFFFFFFFFFFFFFF8C
:10B4D000FFFFFFFFFFFFFFFFFFFFFFFFFFFFFFFF7C
:10B4E000FFFFFFFFFFFFFFFFFFFFFFFFFFFFFFFF6C
:10B4F000FFFFFFFFFFFFFFFFFFFFFFFFFFFFF7BFA4
:10B50000EF7EDEFDBE1BAD9AAD9A9D397C577478F7
:10B51000745763B553335B5373B57C7496358E168D
:10B52000751574B59DF86C967D36647443703B0F49
:10B530002A4E3A8F42AF42CF4310537263D37C54AA
:10B540008C75943594559BF4BDD6AC74B536BDF767
:10B5500094547BF273F27C347C548CB59CD7BDD967
:10B56000C61AC579CDDACDFAD67BD6DCD69BDEDB22
:10B57000E71CFFDDFFDDFFDDFFFDFFFDFFFEFFFE42
:10B58000FFFEFFFFFFFFFFFFFFFFFFFFFFFFFFFFCC
:10B59000FFFFFFFFFFFFFFFFFFFFFFFFFFFFFFFFBB
:10B5A000FFFFFFFFFFFFFFFFFFFFFFFFFFFFFFFFAB
:10B5B000FFFFFFFFFFFFFFFFFFFFFFFFFFFFFFFF9B
:10B5C000FFFFFFFFFFFFFFFFFFFFFFFFFFFFFFFF8B
:10B5D000FFFFFFFFFFFFFFFFFFFFFFFFFFFFFFFF7B
:10B5E000FFFFFFFFFFFFFFFFFFFFFFFFFFFFFFFF6B
:10B5F000FFFFFFFFFFFFFFFFFFFFAE5D4BD7435590
:10B6000043133B1432B32A503A0D51E983B09411DD
:10B610007B4E51C872ABA515D69A8B6DAC91B4B167
:10B62000626A62095A099BAF93F143123A8F836FA2
:10B630008BD031EA628C93B049E9624A726B82AB7B
:10B640006209720961E83146416761E9A36C72CB16
:10B6500028E53125BD54F77CFFDFFFFFF79EC65A72
:10B66000A558AD99D6DCFFFFFFFFFFFFFFFFFFFFEF
:10B67000FFFFFFFFFFFFFFFFFFFFFFFFFFFFFFFFDA
:10B68000FFFFFFFFFFFFFFFFFFFFFFFFFFFFFFFFCA
:10B69000FFFFFFFFFFFFFFFFFFFFFFFFFFFFFFFFBA
:10B6A000FFFFEF5EBE1A84758432734E5AAC5AACFB
:10B6B000526B4A4A524A526B526B524A524A524A4F
:10B6C0004A4A4A2A39C8316729472926210539C8F3
:10B6D0004A09C592DE13940DB531CDB36B0C4A09FE
:10B6E0005AAC420939A8318741E95AAC6B0D62CC9A
:10B6F0008C31E73CFFFFFFFFFFFFFFFFFFFFFFFF76
:10B70000FFFFFFFFFFFFFFFFFFFFFFFFFFFFFFFF49
:10B71000FFFFFFFFFFFFFFFFFFFFFFFFFFFFFFFF39
:10B72000FFFFFFFFFFFFFFFFFFFFFFFFFFFFFFFF29
:10B73000FFFFE71DB5FAA559A5599CF984B88D19E5
:10B740008CF96BD653335B5363549535D758AE574A
:10B750008556B698CF198536A6579E367D744370A8
:10B760003A8E328E4B706C5285148D7585147CB375
:10B770008473841383F39413A4F4A514A5948CB256
:10B780006B6F73D173D27C137C5384748CD59D37CB
:10B79000A557AD78B5B9BDF9BDFAC5F9CE19CE5AE0
:10B7A000DEFBF7DDFFDDFFDDFFFDFFFEFFFEFFFE41
:10B7B000FFFFFFFFFFFFFFFFFFFFFFFFFFFFFFFF99
:10B7C000FFFFFFFFFFFFFFFFFFFFFFFFFFFFFFFF89
:10B7D000FFFFFFFFFFFFFFFFFFFFFFFFFFFFFFFF79
:10B7E000FFFFFFFFFFFFFFFFFFFFFFFFFFFFFFFF69
:10B7F000FFFFFFFFFFFFFFFFFFFFFFFFFFFFFFFF59
:10B80000FFFFFFFFFFFFFFFFFFFFFFFFFFFFFFFF48
:10B81000FFFFFFFFFFFFFFFFFFFFFFFFFFFFFFFF38
:10B82000FFFFFFFFFFFFFFFFFFFFB67D4BF84375F4
:10B8300039EB39CA3A2D322E2AB3426E59E88BAF12
:10B84000BD348B8E59C86A4AACD47B4E8B6DB4B272
:10B850008B6D7249724A830D836F3AF142F16A8CA3
:10B8600062AC31675A0A6A4A622A51E85A09726A16
:10B87000824A8A6B61E961E9930CC44FABCD28C45D
:10B880005A49CDF6FFDFFFFFFFFFFFFFFFFFFFFF7E
:10B89000FFDFD6BCA5789D37C65BF7BEFFFFFFFF75
:10B8A000FFFFFFFFFFFFFFFFFFFFFFFFFFFFFFFFA8
:10B8B000FFFFFFFFFFFFFFFFFFFFFFFFFFFFFFFF98
:10B8C000FFFFFFFFFFFFFFFFFFFFFFFFFFFFFFFF88
:10B8D000FFFFFFDFB5966B0D526B526B4A0A41E9D1
:10B8E00042094A2A524A526B524A524A524A524AD0
:10B8F000524A526B526B4A4A42092926318762EDFD
:10B900007B4DEEB593EC8BECD5F3BD51BD7384113B
:10B910004A094A0941E94A0942094A09524A5AACC4
:10B9200062CC734ECE39FFFFFFFFFFFFFFFFFFFF2B
:10B93000FFFFFFFFFFFFFFFFFFFFFFFFFFFFFFFF17
:10B94000FFFFFFFFFFFFFFFFFFFFFFFFFFFFFFFF07
:10B95000FFFFFFFFFFFFFFFFFFFFFFFFFFFFFFFFF7
:10B96000FFDFE71DBE1BAD9AA57994D87C588CF9F2
:10B9700094F96BD653325B534AF29D94B695855336
:10B980009615C6F8C6F8AE77D738B6B6AE7595D464
:10B9900053D18573A675A675B6B6BED6AE758D9411
:10B9A00074927431847294B39CD394D38C91630E4B
:10B9B0007C517C7274127C337C338474951584952D
:10B9C0008CD59D169D179D37A557B598BDD9C61A1C
:10B9D000F79CF7DCF7DCFFFDFFFEF79EFFDEFFFEC6
:10B9E000FFFEFFFEFFDEFFDEFFDFFFDFFFDFFFFF0B
:10B9F000FFFFFFFFFFFFFFFFFFFFFFFFFFFFFFFF57
:10BA0000FFFFFFFFFFFFFFFFFFFFFFFFFFFFFFFF46
:10BA1000FFFFFFFFFFFFFFFFFFFFFFFFFFFFFFFF36
:10BA2000FFFFFFFFFFFFFFFFFFFFFFFFFFFFFFFF26
:10BA3000FFFFFFFFFFFFFFFFFFFFFFFFFFFFFFFF16
:10BA4000FFFFFFFFFFFFFFFFFFFFFFFFFFFFFFFF06
:10BA5000FFFFFFFFFFFFFFFFFFFFBEBE541843962F
:10BA600042F239A85A6B6B0E5ACF4313424D6229EA
:10BA700093CFB4F3832D7249724A41A86229A3EF90
:10BA800093AE826A92CB8ACC7AED3AF14332520A73
:10BA900041A741C841A7398741A83167294639677D
:10BAA0009B6D8ACC82ABBBEEC46FB3AD8229A40F71
:10BAB000DEBAFFFFFFFFFFFFFFFFFFFFFFFFFFFFFC
:10BAC000FFFFFFFFFFFFDF1DAD999517B5D9E73DDC
:10BAD000FFFFFFFFFFFFFFFFFFFFFFFFFFFFFFFF76
:10BAE000FFFFFFFFFFFFFFFFFFFFFFFFFFFFFFFF66
:10BAF000FFFFFFFFFFFFFFFFFFFFFFFFFFFFFFFF56
:10BB0000BDB762ED4A094A4A42093187316739C8EF
:10BB100041E94A2A524A526B524A524A524A524ABE
:10BB2000524A524A524A526B39A821062946A4F574
:10BB3000BD94CD717B4AA44CFEF6D5D3CDB3EF7D39
:10BB4000738F6B4E4A094A094A2A4A2A4A2A524A9C
:10BB5000526B62ED6B0D9493D6FCFFFFFFFFFFFF6E
:10BB6000FFFFFFFFFFFFFFFFFFFFFFFFFFFFFFFFE5
:10BB7000FFFFFFFFFFFFFFFFFFFFFFFFFFFFFFFFD5
:10BB8000FFFFFFFFFFFFFFFFFFFFFFFFFFFFFFFFC5
:10BB9000FFDFDF1DBE3BA5799D39845773D784989D
:10BBA00084986BB55B335B5353529DF395B3BED50D
:10BBB000AE74CF17CF17B696D737B635C716A6349B
:10BBC0006CB274707CD1B69595F48DB47CF26C71C6
:10BBD0008D12B654BE74BE94EFB7D736C6F59491A5
:10BBE0007C317C3274127C527C5395349D75951552
:10BBF0009D55ADF7B638BE59C67AD6FADF1BD69B2F
:10BC0000EF9CFFFDF7DDFFFEF7BDEF3DF79EF79ED2
:10BC1000F77EF79EF7BEFFDEFFDFFFDFFFDFFFDF10
:10BC2000FFFFFFFFFFFFFFFFFFFFFFFFFFFFFFFF24
:10BC3000FFFFFFFFFFFFFFFFFFFFFFFFFFFFFFFF14
:10BC4000FFFFFFFFFFFFFFFFFFFFFFFFFFFFFFFF04
:10BC5000FFFFFFFFFFFFFFFFFFFFFFFFFFFFFFFFF4
:10BC6000FFFFFFFFFFFFFFFFFFFFFFFFFFFFFFFFE4
:10BC7000FFFFFFFFFFFFFFFFFFFFFFFFFFFFFFFFD4
:10BC8000FFFFFFFFFFFFFFFFFFFFC6DE5C594B76A4
:10BC9000439742D14A0A734E8BAF8BD0637041EA0F
:10BCA00062098B2DA430A36D9AAB62093967726A61
:10BCB0008B0C8AAB9B0C9B0C830D3AF142F039A89C
:10BCC000318739A73987398749C859E849C8B42E17
:10BCD000E552ABEE6A4ABBEE9AAB9ACCE5F6D65982
:10BCE000B5D9FFDFFFFFFFFFFFFFFFFFFFFFFFFFF4
:10BCF000FFFFFFFFFFFFFFFFFFFFEF7EBE1A9D1755
:10BD0000A578D6DCFFFFFFFFFFFFFFFFFFFFFFFF70
:10BD1000FFFFFFFFFFFFFFFFFFFFFFFFFFFFFFFF33
:10BD2000FFFFFFFFFFFFFFFFFFFFFFFFDEDB7BAF3C
:10BD30004A2A4A2A41E93187294729473187420956
:10BD4000524A526B526B526B526B526B526B524A4D
:10BD5000526B524A526B4A4A20E54A4A5AACCE7A52
:10BD6000BD94BD0F9C4E9C2CBCCEBD31CDD3BDD758
:10BD7000CE7A9CD44A0942094A2A4A2A4A2A524A75
:10BD8000524A524A6B0D6AEC6B4F9D37BE3BEF5ED9
:10BD9000FFFFFFFFFFFFFFFFFFFFFFFFFFFFFFFFB3
:10BDA000FFFFFFFFFFFFFFFFFFFFFFFFFFFFFFFFA3
:10BDB000FFFFFFFFFFFFFFFFFFFFFFFFFFFFFFFF93
:10BDC000FFDFDEFDB61A9D7994D873F66BD67C78CA
:10BDD00084786B9553134AB25B729573B694D77699
:10BDE000BEF5CF16CF36C716B6355B91A5B2538FC9
:10BDF00042AE3A2DAE14D756B69595D38D91B67303
:10BE0000D735B673D715DF35EF97F7D8FFF8BDF400
:10BE10009D12A57384736BB18CB38CD394B3ADF5C1
:10BE2000BE97C6B8C6D9CEB9DF3AE79BEFBCF79C40
:10BE3000EF5CFFFEFFDEFFFDF77DE71DEF5DEF5DD1
:10BE4000F79EF7BEFFDEFFFEFFDFFFDFFFDFFFDF56
:10BE5000FFFFFFFFFFFFFFFFFFFFFFFFFFFFFFFFF2
:10BE6000FFFFFFFFFFFFFFFFFFFFFFFFFFFFFFFFE2
:10BE7000FFFFFFFFFFFFFFFFFFFFFFFFFFFFFFFFD2
:10BE8000FFFFFFFFFFFFFFFFFFFFFFFFFFFFFFFFC2
:10BE9000FFFFFFFFFFFFFFFFFFFFFFFFFFFFFFFFB2
:10BEA000FFFFFFFFFFFFFFFFFFFFFFFFFFFFFFFFA2
:10BEB000FFFFFFFFFFFFFFFFFFFFCEFE64794B9602
:10BEC0004B7643563A914A0A628B8B8FAC717B4D0D
:10BED00041C86A2A82AB930CAB4DA32C59E849C8E0
:10BEE0008AAB9ACCA34DB38E832E3AF2431141C84C
:10BEF00049C959E95A096A2A8AAB9AABB3ADDD51EF
:10BF0000DD31C4B082ECD532ABCFF73BF79DAD77D6
:10BF1000BDF9FFDFFFFFFFFFFFFFFFFFFFFFFFFF99
:10BF2000FFFFFFFFFFFFFFFFFFFFFFFFFFFFFFDF41
:10BF3000CE9B9D379D17C65AF7BEFFFFFFFFFFFF41
:10BF4000FFFFFFFFFFFFFFFFFFFFFFFFFFFFFFFF01
:10BF5000FFFFFFFFFFFFFFFFF7BE947341C939A842
:10BF600041E9318731673167318839C84A2A526BD4
:10BF7000526B526B526B526B526B526B526B526BD9
:10BF8000526B4A6B4A6B398718C4528BD69AC639A2
:10BF9000A4D2BD50ACCF93EDB4F0B510DE55B5765C
:10BFA000BDD784314A098A09522A52AB62AC5A8BF6
:10BFB000526B524A524A6B0D732D738FAD989D5838
:10BFC000A578D6DCFFFFFFFFFFFFFFFFFFFFFFFFAE
:10BFD000FFFFFFFFFFFFFFFFFFFFFFFFFFFFFFFF71
:10BFE000FFFFFFFFFFFFFFFFFFFFFFFFFFFFFFFF61
:10BFF000F7DFDEFDB61A953984776B95639673F695
:10C0000073F763765B736C514B2F4AD042AD6C0E65
:10C010008591AE93AE74AE949D734AEE320B6C7202
:10C020004AD07C72E7B6C6F5A6338DB19DD2BEB4B8
:10C03000DF35C6B3E756EFB7EFB7EF98F7D8C6349A
:10C0400094B2A593B5F484727C3283F29473BEB536
:10C05000C6B6D718C6B7CED8E77AE7BBEFBCFFFDA8
:10C06000FFFDFFDDFFFEFFFDF7BDEF3DEF5DF79D3F
:10C07000F7BEF7BEFFDEFFFEFFFFFFFFFFFFFFFF84
:10C08000FFFFFFFFFFFFFFFFFFFFFFFFFFFFFFFFC0
:10C09000FFFFFFFFFFFFFFFFFFFFFFFFFFFFFFFFB0
:10C0A000FFFFFFFFFFFFFFFFFFFFFFFFFFFFFFFFA0
:10C0B000FFFFFFFFFFFFFFFFFFFFFFFFFFFFFFFF90
:10C0C000FFFFFFFFFFFFFFFFFFFFFFFFFFFFFFFF80
:10C0D000FFFFFFFFFFFFFFFFFFFFFFFFFFFFFFFF70
:10C0E000FFFFFFFFFFFFFFFFFFFFD71E6C9A4B967E
:10C0F0004B9643763AF42A5039EB51C86A6B8B0D54
:10C10000830D52096A2A828B8B0BBBEEA34C728A79
:10C11000930C930C7A8B9B4D626B320C42AF39A817
:10C12000620A6A4B59E941A78A8A9AABBC2ECC8F26
:10C13000CCB0D511D532EE36E617DE38D65ABE1958
:10C14000B5D9FFDFFFFFFFFFFFFFFFFFFFFFFFFF8F
:10C15000FFFFFFFFFFFFFFFFFFFFFFFFFFFFFFFFEF
:10C16000FFFFFFFFDF1CA59894F6B5D9E73DFFFF61
:10C17000FFFFFFFFFFFFFFFFFFFFFFFFFFFFFFFFCF
:10C18000FFFFFFFFFFFFCE395AAC6B2C949183EE7B
:10C190004A492106294739C842094A4A524A526B3C
:10C1A000526B526B526B526B526B526B526B526BA7
:10C1B0004A4B522A9A4AA1C929062106AD76B5975B
:10C1C000AD76838CBD0FB4ADDE54FF58B533B5B733
:10C1D000DEDB734E4A2ACA8BCA6B728B630D6B2DE2
:10C1E000732E5AAC524A526B6B0D734E8C10E71C77
:10C1F000D6BC9D589D37BE3AEF7EFFFFFFFFFFFF85
:10C20000FFFFFFFFFFFFFFFFFFFFFFFFFFFFFFFF3E
:10C21000FFFFFFFFFFFFFFFFFFFFFFFFFFFFFFFF2E
:10C22000F7DFE73DBE7B9DBA84775B135AF46395D5
:10C23000637553134AD2A654965254AD4BCD436DF9
:10C240004B8D53CE4B6D5BCF3A2C3A2D4AF074D3C5
:10C250004AF1BE55F7F7CF15A6538D31AE13D7343B
:10C26000EF96DF35EF97F7D8F7D8EF97D736BDF4CD
:10C2700073F18C918C9194D29D54A5169CF3D73672
:10C28000E777E778CED7DF59EFBAF7DBF7DCFFFDCA
:10C29000FFFDFFFDF79DFFFDFFFDEF5DEF9DF7BD8E
:10C2A000F7BEFFDEFFFEFFFFFFFFFFFFFFFFFFFF09
:10C2B000FFFFFFFFFFFFFFFFFFFFFFFFFFFFFFFF8E
:10C2C000FFFFFFFFFFFFFFFFFFFFFFFFFFFFFFFF7E
:10C2D000FFFFFFFFFFFFFFFFFFFFFFFFFFFFFFFF6E
:10C2E000FFFFFFFFFFFFFFFFFFFFFFFFFFFFFFFF5E
:10C2F000FFFFFFFFFFFFFFFFFFFFFFFFFFFFFFFF4E
:10C30000FFFFFFFFFFFFFFFFFFFFFFFFF7DFF7DF8D
:10C31000F7DFF7DFFFFFD69AE6FBD71E6CFB53B7BC
:10C320004BB7428F424C426E3A2D396749C859E9A2
:10C330007A8C8AED7A8B7A6A724A932CBC0EBBEEA9
:10C340009B6D936D8B2CABCEB3EE8B0C3167398725
:10C3500041A841A8398759E892AB9AABBBEEBBEE36
:10C36000CC8FDD31EE35DDB4A30CBC50DEDAB5F98F
:10C37000B5D9F7BFFFFFFFFFFFFFFFFFFFFFFFFF85
:10C38000FFFFFFFFFFFFFFFFFFFFFFFFFFFFFFFFBD
:10C39000FFFFFFFFFFFFFFFFEF7EB5F994F6A55803
:10C3A000D6DCFFFFFFFFFFFFFFFFFFFFFFFFFFFFE9
:10C3B000FFFFFFDE8C524A2AB555FFFBFFB3FF6E2D
:10C3C000EF0EC5F1736D39C84A2A4A2A4A4A526BA0
:10C3D000526B526B526B524B524B524B4A4B4A2A46
:10C3E0008A4AD28BEAECCA6B312629467BB0DEDB67
:10C3F000BDF8BDB7ACD0C571DE34DE57DEDBEF5D16
:10C40000E73C7BD04A2ACAACEACCDA8B8A6B630D54
:10C41000734E62ED524A526B524A6B0D732E7B8FF4
:10C42000EF3CFFFFE73DB5FA9D58ADB9D6FCFFDF05
:10C43000FFFFFFFFFFFFFFFFFFFFFFFFFFFFFFFF0C
:10C44000FFFFFFFFFFFFFFFFFFFFFFFFFFFFFFFFFC
:10C45000FFDFF79EDF1DAE1B743652D352B153136C
:10C460005B35533342916C51BF558E115D0E5CCEDE
:10C470005CAE5C2E5C2E5C4F5B8F52D153516432AC
:10C480006432E776FFF7D7559E12B634DF55E7756D
:10C49000EFB6E776EFB7F7D8F7D8F7B8D736ADB33A
:10C4A0006B906B9084F095D28D1283D2A4D3F7F861
:10C4B000EFB8E778DF38EFB9F7FBFFFCFFFCFFFDD3
:10C4C000FFFDFFFDF7BDE71DF7BDF7DDEF7DEF5D7C
:10C4D000F79EFFDEFFFEFFFFFFFFFFFFFFFFFFFFF7
:10C4E000FFFFFFFFFFFFFFFFFFFFFFFFFFFFFFFF5C
:10C4F000FFFFFFFFFFFFFFFFFFFFFFFFFFFFFFFF4C
:10C50000FFFFFFFFFFFFFFFFFFFFFFFFFFFFFFFF3B
:10C51000FFFFFFFFFFFFFFFFFFFFFFFFFFFFFFFF2B
:10C52000FFFFFFFFFFFFFFFFFFFFFFFFFFFFFFFF1B
:10C53000FFFFFFFFFFFFFFFFF7DFF7DFFFFFFFFF5B
:10C54000FFFFF7DFF7DF730E520A83B06B925312CF
:10C550004B5442D14A0A5A4A6ACC72EC520951E809
:10C5600051E859E9726B82EC82AB6A4A7A8A932C61
:10C5700082ABBBEECC90A38E8B2C8B2C41A8398840
:10C5800039676A2A724A92ABAAEB9ACBA2AADDB6A5
:10C59000E5B4D510E5B3C42FE5B5DEDADF1DBE196D
:10C5A000B5B8F7BEFFFFFFFFFFFFFFFFFFFFFFFF75
:10C5B000FFFFFFFFFFFFFFFFFFFFFFFFFFFFFFFF8B
:10C5C000FFFFFFFFFFFFFFFFFFFFFFFFF7BFC65BA0
:10C5D000951794F7C65AF7BEFFFFFFFFFFFFFFFF57
:10C5E000D6BB62EF6B2FE6FAFFFAEEEDE687EEC8F8
:10C5F000FF6DF7949CD039C842094A2A4A4A524AE8
:10C60000526B524B4A4A524A4A4A422A6A0ABA4B27
:10C61000EAACE2CCDACCDAAC516821264A4AD6BA86
:10C62000EF7DEF7ED69ABDD6D69ADF1CE71CDEFBE7
:10C63000EF5DD69A5A2ADAACDAACE2ACE2AC9A6B8D
:10C64000632D6B2E526B526B526B524A6B2D7B6E6D
:10C65000734EDEDBFFFFFFFFFFDFD6BCADB9AD9948
:10C66000C65BEF5EFFFFFFFFFFFFFFFFFFFFFFFF68
:10C67000FFFFFFFFFFFFFFFFFFFFFFFFFFFFFFFFCA
:10C68000FFFFF7DFE73DAE1B6C1652D34AB152F302
:10C690005B355B7553134AF19652A6B38DF17D8FCE
:10C6A00075AF75AF7DAF7DCF6D4E6C906C325370B2
:10C6B000426DDF15F7D9CEF7D736FFF7E775EFB63E
:10C6C000F7D7F7B7F7D7F7B7F7B7F7B8E7969D52A9
:10C6D000633073D0BED4C6F4AE549494AD35F7DA5B
:10C6E000EFBAEF9AEFBAFFFCFFFCFFFCFFFCFFFC88
:10C6F000FFFDFFFDFFFEE73CE6FCEF7DE6FCEF7D86
:10C70000F79EFFFEFFFFFFFFFFFFFFFFFFFFFFFFA3
:10C71000FFFFFFFFFFFFFFFFFFFFFFFFFFFFFFFF29
:10C72000FFFFFFFFFFFFFFFFFFFFFFFFFFFFFFFF19
:10C73000FFFFFFFFFFFFFFFFFFFFFFFFFFFFFFFF09
:10C74000FFFFFFFFFFFFFFFFFFFFFFFFFFFFFFFFF9
:10C75000FFFFFFFFFFFFFFFFFFFFFFFFFFFFFFFFE9
:10C76000FFFFFFFFFFFFFFFFFFFFFFFFFFFFFFFFD9
:10C77000FFFFFFFFFFFFA4D451C972ED832E834E4C
:10C780007B0E6AEE4A0B396749C87AEC7AAB6A4A83
:10C790007A4A59E95A6B5A4A41C8522951C87A6BA8
:10C7A000A32C9B0CA34DC46FD4CFB42E830C6ACAA8
:10C7B0007A8B828B722A8A8A826A9ACB8208C51403
:10C7C000EE76DD30E5B2F77CCEFC5C16D71DC63ABE
:10C7D000ADB8F79EFFFFFFFFFFFFFFFFFFFFFFFF6B
:10C7E000FFFFFFFFFFFFFFFFFFFFFFFFFFFFFFFF59
:10C7F000FFFFFFFFFFFFFFFFFFFFFFFFFFFFFFFF49
:10C80000FFFFD6DCA5588CD6ADB9E75EFFFFB59625
:10C8100062ECB509FFACFF29E685E685EEC5F70AAF
:10C820009CCD41E9294739C841E94A2A4A2A4A2A7E
:10C830004A4A4A4A4A2A422A4A099A2ADA6BE2AC06
:10C84000D28CDAACDAACEAEC920A10E57BD0F79E37
:10C85000D69AE6FCE71CE73CE73DE71CD69AE71CC6
:10C86000E73CA5768A6BE2ACDAACDAACDAACEAACDF
:10C870009A8B632E5AAC524A526B526A524A6B2EB2
:10C880007B8F736EDEFBFFFFFFFFFFFFFFFFEF7E7F
:10C89000CE9BBE1AC65BDEFDF7BFFFFFFFFFFFFFAB
:10C8A000FFFFFFFFFFFFFFFFFFFFFFFFFFFFFFFF98
:10C8B000FFFFFFDFE75EAE1B74374AD34A9152F3A6
:10C8C0005B345B55533442927491C774BF14C734C0
:10C8D000AE92754E64EE8591AE58C6BDC6BEA598A3
:10C8E0005B929D99CEFFE75FEF9FEF9CE775F7D6D0
:10C8F000FFF7F7D7F7D7F7F7FFF8F7B7E7957C31EA
:10C900005AF09573DF96D737CF58C698AD16E759CA
:10C91000EFBAEFBBFFFCFFFCFFFCFFFCFFFCFFDC02
:10C92000FFFDFFDDFFDDEF7DDE9BDEDCE73CF7BDDD
:10C93000FFFEFFFEFFFFFFFFFFFFFFFFFFFFFFFF09
:10C94000FFFFFFFFFFFFFFFFFFFFFFFFFFFFFFFFF7
:10C95000FFFFFFFFFFFFFFFFFFFFFFFFFFFFFFFFE7
:10C96000FFFFFFFFFFFFFFFFFFFFFFFFFFFFFFFFD7
:10C97000FFFFFFFFFFFFFFFFFFFFFFFFFFFFFFFFC7
:10C98000FFFFFFFFFFFFFFFFFFFFFFFFFFFFFFFFB7
:10C99000FFFFFFFFFFFFFFFFFFFFFFFFFFFFFFFFA7
:10C9A000FFDFBD96A4B38BF152095A295A4A626B34
:10C9B0006A4B726B728B6A4A51A85187726A6AEC31
:10C9C00049C85A294987418759E949A839676A2AD4
:10C9D000A32C5A08932BCC8FCCCFDCF07AEA8B6D4A
:10C9E000B40E934C7AAA7A6AA38C8ACBABECB4913E
:10C9F000EE77EDD2FF39FFFEADD953F6DF3DC65AD3
:10CA0000B5D8F7BEFFFFFFFFFFFFFFFFFFFFFFFFF0
:10CA1000FFFFFFFFFFFFFFFFFFFFFFFFFFFFFFFF26
:10CA2000FFFFFFFFFFFFFFFFFFFFFFFFFFFFFFFF16
:10CA3000FFFFFFFFFFFFE75DB5FA8CD683F1524B96
:10CA400062C8ACC5B4E4D604F6E5FF05E689630A1E
:10CA50002127318739A839A839A839C841E94209BD
:10CA60004A2A4A2A3A0969E9C24BDA6BDA8BD26B55
:10CA7000DA8CDA8CDAACE2CCDAAC392752CCE71CAF
:10CA8000DEDBDEDBD69AE73CE73CDEDBCE59E71C9B
:10CA90006B6E4A09CA8BE2CCDAACDAACDAACDAAC4F
:10CAA000EAAC9A8B5AED526B526B526A526A526AD6
:10CAB000734E7B6F7B8FEF5DFFFFFFFFFFFFFFFF7D
:10CAC000FFFFFFFFEF7ED6DCCE9CDEFDEF7EFFFF9B
:10CAD000FFFFFFFFFFFFFFFFFFFFFFFFFFFFFFFF66
:10CAE000FFFFFFFFF7BFCEDC85195B754AB24AD264
:10CAF00052D252F353134AD24AB095B1A6D29611EC
:10CB00006CAF436E6C51DF1EBE9FAE5FA63FC6FF8B
:10CB10009DDD959EC6BFE75FEF9FF7BFEF9CFFF7D8
:10CB2000FFF7F7D7FFF8D6D68CB2FFF6D6F45AEF58
:10CB300063D0B6B5E798D759D759EFF9ADF6BE56D9
:10CB4000E7B9EF9AFFFBFFFCFFFCFFFDFFFDFFFDD8
:10CB5000EF5CF7DDF7DDE73CD65AE6FCE73CFFFE8D
:10CB6000FFFEFFFFFFFFFFFFFFFFFFFFFFFFFFFFD6
:10CB7000FFFFFFFFFFFFFFFFFFFFFFFFFFFFFFFFC5
:10CB8000FFFFFFFFFFFFFFFFFFFFFFFFFFFFFFFFB5
:10CB9000FFFFFFFFFFFFFFFFFFFFFFFFFFFFFFFFA5
:10CBA000FFFFFFFFFFFFFFFFFFFFFFFFFFFFFFFF95
:10CBB000FFFFFFFFFFFFFFFFFFFFFFFFFFFFFFFF85
:10CBC000FFFFFFFFFFFFFFFFFFFFFFFFFFFFFFFF75
:10CBD000FFFF7B6F51C993CFB4D3B4D2A4719C1023
:10CBE0008B6E830D7ACB726A7A4A7A097A4A51C877
:10CBF0002905314661E97A09824A824A3946212566
:10CC0000726A7A6AAB4CCC6FBC2EA3AD82EB8B6C94
:10CC1000A36DB42ECC6FB38DCCAF9B4CEDB1D4F1E2
:10CC2000EE56F696FFFEDF1C7CD75C16DF3ECE5A32
:10CC30009D37E73DFFFFFFFFFFFFFFFFFFFFFFFF08
:10CC4000FFFFFFFFFFFFFFFFFFFFFFFFFFFFFFFFF4
:10CC5000FFFFFFFFFFFFFFFFFFFFFFFFFFFFFFFFE4
:10CC6000FFFFFFFFFFDFFFFFEF5D7BB0526B318700
:10CC7000210618A618A6292662C7AD0A52AA2106BF
:10CC800031A731873187318731873187318739A89B
:10CC9000420941C989E9DA4BD26BD26BD26BDA6BAC
:10CCA000D28BDAACDAACDAACE2CCB20A3147420968
:10CCB000736FDEFBB5769CF4E73C9CD462CCAD553B
:10CCC0007BF09A2AEAEDDAACDAACDAACDAACDAACC0
:10CCD000DAACE2AC8A8B4A8B526A526A526A524A86
:10CCE000524A734E734E8C11FFDFFFFFFFFFFFFFB1
:10CCF000FFFFFFFFFFFFFFFFFFDFF79EE73DE73D81
:10CD0000FFDFFFFFFFFFFFFFFFFFFFFFFFFFFFFF53
:10CD1000FFFFFFFFFFDFE77EA61B6C1652F34AD230
:10CD20004AB14AD1531353124A905BF0548D3B2DB4
:10CD30003B0D3ACDADDAFFFFC6DFAE5FBE9FF7BF5A
:10CD4000C69EC6BFEF9FE77FEF9FF7BFF79FF7BA7B
:10CD5000FFF7FFF8FFF8CE959D52FFF68C9152CF6A
:10CD60007D12BED6E799D759DF78FFF8D757B616A8
:10CD7000DF79F7F9FFFAFFFAF7FBFFDCFFDDF7BD1C
:10CD8000E6FBF79CF7DDDEFCD67BDEDCEF3CFFFE4E
:10CD9000FFFEFFFFFFFFFFFFFFFFFFFFFFFFFFFFA4
:10CDA000FFFFFFFFFFFFFFFFFFFFFFFFFFFFFFFF93
:10CDB000FFFFFFFFFFFFFFFFFFFFFFFFFFFFFFFF83
:10CDC000FFFFFFFFFFFFFFFFFFFFFFFFFFFFFFFF73
:10CDD000FFFFFFFFFFFFFFFFFFFFFFFFFFFFFFFF63
:10CDE000FFFFFFFFFFFFFFFFFFFFFFFFFFFFFFFF53
:10CDF000FFFFFFFFFFFFFFFFFFFFFFFFF7DFDEFB90
:10CE0000E71CC5F849C87B4D8BCF93CF9C10A4502D
:10CE10009C309C109BCF8B4D8ACB92EC726A51A7B1
:10CE20008AAA7A696A0982498A498249310551E8A0
:10CE300051E849A749C761E89ACABBEDBBED7269E1
:10CE40009B4CB42EC46F7A8A8ACBB38DE550E5F43F
:10CE5000FF7BFFBDFFDECE9B641653F6DF3ECE7A2E
:10CE60008CD694D6BE1AEF5EFFFFFFFFFFFFFFFFD9
:10CE7000FFFFFFFFFFFFFFFFFFFFFFFFFFFFFFFFC2
:10CE8000FFFFFFFFFFFFFFFFFFFFFFFFFFFFFFFFB2
:10CE9000FFFFFFDFFFFFD69A734E528B31672926C3
:10CEA0002946290520E52106212721272947318701
:10CEB000316731673187316731673167316731A752
:10CEC0004167A1E9DA6BCA4BD24BD24BD26BD26B22
:10CED000DA8BDA8BDAACDAACDAACE2CCA1CA28A510
:10CEE000424A949342094A09630D524B524A41C93E
:10CEF00081C9EA8BDA8BE28CE28CE2ACE2CCDACC50
:10CF0000DAACE2ACDA8C622A4A6B526A524A4A4A7A
:10CF10004A2A524A736F62EDAD35FFFFFFFFFFFFF4
:10CF2000FFFFFFFFFFFFFFFFFFFFFFFFFFFFFFFF11
:10CF3000FFFFFFFFFFFFFFFFFFFFFFFFFFFFFFFF01
:10CF4000FFFFFFFFFFDFF79EAE3C6C57533452F2FA
:10CF50004AB152F25B54531353516431322B2A2B92
:10CF60003B0D32CD8516FFFFE77FB67FE75FFFFF02
:10CF7000D71EEF7EFFFFEF9FF79FF7BFF7DFF7DBCF
:10CF8000EF95C65494D1E795FFF6D6F44A6E5B2F21
:10CF900095B4C6D8E79AD759E798FFF9EFB8CEF716
:10CFA000C6B7CE77C636BDD6BDD7CE3ADE9CD67BC9
:10CFB000D6BBEF9CF7DDD6BBD6BCE6FCEF7DFFDE33
:10CFC000FFFEFFFFFFFFFFFFFFFFFFDFFFDFFFDFD2
:10CFD000FFFFFFFFFFFFFFFFFFFFFFFFFFFFFFFF61
:10CFE000FFFFFFFFFFFFFFFFFFFFFFFFFFFFFFFF51
:10CFF000FFFFFFFFFFFFFFFFFFFFFFFFFFFFFFFF41
:10D00000FFFFFFFFFFFFFFFFFFFFFFFFFFFFFFFF30
:10D01000FFFFFFFFFFFFFFFFFFFFFFFFFFFFFFFF20
:10D02000FFFFFFFFFFFFFFFFFFFFFFFFD6BB624BCE
:10D0300072ED8BAF72CB624962496A6A6A496A29AA
:10D04000726A7A6A722971E982CB5A6A290518E5EF
:10D0500031468A699AAA928A59C731253125B3ED9A
:10D06000C46F932C728A626951E77249AB8C7A69FA
:10D070008AAA6A8AC48F828A92EB82AAC46EFF7BD4
:10D08000FFFFFFFEFFFEBE5B64364BB5DF5ECE7A70
:10D09000ADB8DF1CD6DCB5D9B5F9DEFCFFFFFFFF6C
:10D0A000FFFFFFFFFFFFFFFFFFFFFFFFFFFFFFFF90
:10D0B000FFFFFFFFFFFFFFFFFFFFFFFFFFFFFFFF80
:10D0C000FFDFFFFFC6396B2D526B294729462946E2
:10D0D000210520E5292631673187318731672946C7
:10D0E00029662967316729673167316729674927C9
:10D0F000B9EADA4BCA4BD24BD24BD24BD24BDA6B9A
:10D10000DA8BDAACDAACE2ACDACCDACCE2CCB9CAA3
:10D11000610730C5314641A84A085A8A62AB82ABE2
:10D12000CB6ED3CFD3CED38ED32DCAABD26BDA6B2B
:10D13000E28CDAACE2CCBA6B4A2A524A4A4A4A4AF0
:10D140004A4A4A095AAC62EDB576FFFFFFFFEF7E0F
:10D15000F79EFFFFFFFFFFFFFFFFFFFFFFFFFFFF48
:10D16000FFFFFFFFFFFFFFFFFFFFFFFFFFFFFFFFCF
:10D17000FFFFFFFFFFFFFFDFC6BC7CF863B5531363
:10D180004AB14AF2533353134AD13A2E21892168C6
:10D1900021A95BEF3AEDB5D9FFFFCEDFE75FFFDFF7
:10D1A000CEBDE77FEF9FEF9FF7BFEF9FBDFA847182
:10D1B000634E4A6C6BCFE795FFD6843152AF62F075
:10D1C00094D4CF19DF79D778E7B8F7F9F7D8EFB962
:10D1D000CE97A535A5169CD5AD16B578C5DAD67B04
:10D1E000E73DF79DE71CCE5BDEDCF7BDEF7DF79DED
:10D1F000FFFEFFDFF79EF77EF77EF77EF7BEF7BFF5
:10D20000FFFFFFFFFFDFFFFFFFFFFFFFFFFFFFFF4E
:10D21000FFFFFFFFFFFFFFFFFFFFFFFFFFFFFFFF1E
:10D22000FFFFFFFFFFFFFFFFFFFFFFFFFFFFFFFF0E
:10D23000FFFFFFFFFFFFFFFFFFFFFFFFFFFFFFFFFE
:10D24000FFFFFFFFFFFFFFFFFFFFFFFFFFFFFFFFEE
:10D25000FFFFFFFFFFFFFFFFFFDFFFFFFFDFCDF758
:10D2600093D09BF0AC91B4D2B4B1AC91AC70A40F9C
:10D270008B4D8AEB8A8A8A498A4961C761C7828A4B
:10D280007A69824971E861C7290520C4934BCCD0E3
:10D29000CC8FA30B9B4CBC4FC4AFAC0DCCB0A42E19
:10D2A00059E892CBA30BA30BA2EBA34C930AD6375E
:10D2B000FFFFEF5D84F84B9553954BB5E75ECE9B32
:10D2C000A578EF7EFFFFFFFFDEFDB5D9A598CE9BC9
:10D2D000F7BFFFFFFFFFFFFFFFFFFFFFFFFFFFFFA6
:10D2E000FFFFFFFFFFFFFFFFFFFFFFFFFFFFFFFF4E
:10D2F000FFFFBDF86B0D526B2946294629462926AA
:10D3000020E52106294629672967296729462946F4
:10D310002966296729673167296729465907CA0A93
:10D32000DA6BD24BD24BD24BD24BD24BD26BD28B8D
:10D33000DAACDAACE2CCE2ACE28BD24BC26BC30C1F
:10D34000BB8EB430BCF2CDB4E676F6D8FF39FF9A86
:10D35000FF9AFF7AFF7AFF59F718E676DD94D450EA
:10D36000CB0CD26BDA8BE2CC71E9422A4A2A4A2AE8
:10D370004A2A4A4A62CD7B8FFFDFFFFFE71CF77E18
:10D38000F79EEF3DFFBFFFFFFFFFFFFFFFFFFFDF48
:10D39000FFBEFFFFFFFFFFFFFFFFFFFFFFFFFFFFDE
:10D3A000FFFFFFFFFFFFFFFFE77EAE3B7CF85B75F3
:10D3B0004AD14AD14AD152F152F13A2D21882168FD
:10D3C00021A97511218A4AEEE77FC6BFDF3FE75FDB
:10D3D000A5BBFFDFEF9FE75FE79F94D639CA4AAD51
:10D3E0004A6D5AAD9512E797D6D662F073527B9389
:10D3F0008BB4BDD8D77ADF99DF98F7F9F7D9F7F969
:10D40000E799B5D6C656B597A537AD37BD78CE5B8B
:10D41000E73DDF1CCE3BCE5BE71CF7DDF79DEF5D04
:10D42000F79EF77EEF5EEF5DF75EF79EF7DFF7BFE3
:10D43000FFDFFFDFFFFFFFFFFFFFFFFFFFFFFFFF3C
:10D44000FFFFFFFFFFFFFFFFFFFFFFFFFFFFFFFFEC
:10D45000FFFFFFFFFFFFFFFFFFFFFFFFFFFFFFFFDC
:10D46000FFFFFFFFFFFFFFFFFFFFFFFFFFFFFFFFCC
:10D47000FFFFFFFFFFFFFFFFFFFFFFFFFFFFFFFFBC
:10D48000FFFFFFFFFFFFFFFFFFFFFFFFFFFFFFFFAC
:10D49000F79DC5968B8E6AAA7AEB8B6D938E8B6DFA
:10D4A0007AEC82CB8AEB7A29622941A72905518738
:10D4B00082498A69290518C418C46208CCAFCCF027
:10D4C000CCD072697B0AC48F7AAA92CB8A8AC42E86
:10D4D0009B2BB36CB32CB36CBBADC40EB3ACCD7390
:10D4E000D6DC4B7443545BF64B754BB5E77ED69B4D
:10D4F000A598E73DFFFFFFFFFFFFFFFFE73DB5D921
:10D500009D38BE1AEF7EFFFFFFFFFFFFFFFFFFFF0B
:10D51000FFFFFFFFFFFFFFFFFFFFFFFFFFFFFFFF1B
:10D52000BDD76B0D528B294629472947292620E56F
:10D530002106292629462947296729662946294699
:10D540002966296629662966292660E7CA0AD26BF8
:10D55000D24BD24BD24BD24BD24BD26BD26BDAAC3A
:10D56000DA8BDA6BD26BCAECCBCECCF2DE15EEF8EE
:10D57000FF7AFFDBFFFBFFDBFF9AF718EEB7DE5603
:10D58000DE16DE15DE15E636EE77F6F8F759FF9A69
:10D59000F759DD94CB0CDA2AB22A41E94A2A4A2A01
:10D5A0004A09526B62ED9472FFFFEF7DE71CFFFFAB
:10D5B000FFFFFFBFEF3DF77EFFFFFFFFF79EF77D09
:10D5C000F79EF77EFFBEFFBFFFFFFFFFFFFFFFFFDE
:10D5D000FFFFFFFFFFFFE77EE77EDF3E95BA6C1699
:10D5E00053124AD14AB04AD152F2320C1968192862
:10D5F000326B64703A6C6C71957BAE3FDF5FB63D09
:10D600007CFA9DDCBE7DDF5FBE5C5ACE39CB5B6EA3
:10D610005B2E5A4D73B1B63684726B31737283D4FC
:10D62000A457B498B598D759E7B9F7D9FFFAFFFAD4
:10D63000F7DACEB8D719EF79BDD8AD37B578C61AB5
:10D64000E73DD6BBD69BEF7CEF9CE75CF79DF7BE32
:10D65000F7BEF79EEF5EEF5EF79EF7BEF7BEF79E52
:10D66000FFDFFFFFFFFFFFFFFFFFFFFFFFFFFFFFEA
:10D67000FFFFFFFFFFFFFFFFFFFFFFFFFFFFFFFFBA
:10D68000FFFFFFFFFFFFFFFFFFFFFFFFFFFFFFFFAA
:10D69000FFFFFFFFFFFFFFFFFFFFFFFFFFFFFFFF9A
:10D6A000FFFFFFFFFFFFFFFFFFFFFFFFFFFFFFFF8A
:10D6B000FFFFFFFFFFFFFFFFFFFFFFFFFFFFDEDBBF
:10D6C000C5B7B53572CB7ACB93CEA42FAC2FAC5067
:10D6D000AC4F9BCE930C6A693146290549C76A69EC
:10D6E0009B0B8A6972084986392551C7B40EC48FCD
:10D6F000CC8F7A6982EAA3ED51C79B2C41664146E3
:10D700009ACA9B2BC40DC3EDC3EDC3CDDCF0F63339
:10D71000BCF24B334B7553D5435453D6EF9FD6BB16
:10D72000A578E73DFFFFFFFFFFFFFFFFFFFFFFFFC4
:10D73000EF7EBE1A9D38B5D9E73DFFFFFFFFFFFF23
:10D74000FFFFFFFFFFFFFFFFFFFFFFFFFFFFCE5ABF
:10D7500073905A8B292629472947294720E5210517
:10D76000292629262947294729672946294629465E
:10D77000294629462966312660C6B9EAD26BD24BC2
:10D78000D24BD24BD24BD26BDA6BDA6BDA4BD24B39
:10D79000CB0CCC30DD73EEB7FF79FFDBFFDAFF593E
:10D7A000E6B7D5B4BCD2B3EFAB2DAA8BAA4BB22A45
:10D7B000B22AC24AC24ACA6BCA8BCACCC30CC38E35
:10D7C000C4D1DE76EF18CCB1C20961A842294A095A
:10D7D00041E841E95A8CAD35FFFFDEBBFFBFFF9E3C
:10D7E000FF7DFFFFFFFFF77EEF3DF79EF75DFFFF39
:10D7F000FFFFEF3DF75DF77EF77EFFFFFFFFFFFFC7
:10D80000FFFFFFFFFFFFD71D8599BEBCAE5B7457BE
:10D810005B3352F24AB04AD14AD229CB1968110877
:10D820004B4D53AE29CA4B4E957974788D19749A25
:10D830006CDC64186C5274114A4C424B426B5B4E68
:10D840006B9073918C7394925AAF5B516B718C1483
:10D85000AC97B4D9A4779CD7CED9DF39AD77F7DAB6
:10D86000FFFBE77AE759EF9ACE79A538B578C61A63
:10D87000E73DD67BE73CFFFDF7BCF7BDEF7CF7BD8E
:10D88000FFFEFFDEF7BEEF7EEF5EF79EF7BEF79E70
:10D89000FFDFFFFFFFFFFFFFFFFFFFFFFFFFFFFFB8
:10D8A000FFFFFFFFFFFFFFFFFFFFFFFFFFFFFFFF88
:10D8B000FFFFFFFFFFFFFFFFFFFFFFFFFFFFFFFF78
:10D8C000FFFFFFFFFFFFFFFFFFFFFFFFFFFFFFFF68
:10D8D000FFFFFFFFFFFFFFFFFFFFFFFFFFFFFFFF58
:10D8E000FFFFFFFFFFFFFFFFFFFFFFFFFFFFDE79EF
:10D8F000598749057A69AC0F9BCE8B0C82CB7A6A2B
:10D90000720971C871E862087A89B3EDCC6EC40DF2
:10D91000A32B9AA959C730E461869ACABC2EC48F3A
:10D92000BBCD8A696A499B6C934BBBEE720959A7C0
:10D930007A69BBCDC3EDC3CDC3CDBBADC40DE5B2DC
:10D94000F5F2E5F37C764B7543545BF6EFBFD6BB3F
:10D95000A598E71DFFFFFFFFFFFFFFFFFFFFFFFF92
:10D96000FFFFFFFFF7BFC65B9D38A598D6DCFFFF22
:10D97000FFFFFFFFFFFFFFFFFFFFFFFFD6BB84534B
:10D9800062ED2926294729472947292620E5292606
:10D9900029262946294729662966294629462946EE
:10D9A00029462966390668A6A9A9D26BD24BD24B63
:10D9B000D24BD26BDA6BDA4BD24ACAABCBEFD594EF
:10D9C000EED8FF9AFFDBFF9AEEB7CD73ABEF9ACCA0
:10D9D0009A0AA9C9B9CACA0AD24BDA6BE28BE28C9D
:10D9E000E2ACE28BE28BE28BE28BDA6BDA4BDA2A87
:10D9F000CA0ABA2AAB4DC593C5116967318741E898
:10DA000039A72946524BC618FFFFE6BBFF9EF6DB3F
:10DA1000EE9AEEDBE63AFFFFF79EDE9BFFFFFFFF8D
:10DA2000EF3DF79EFFFFFFDFEF3DEF1CFFBFFFFF66
:10DA3000FFFFFFFFFFFFFFFF8D794BF595BA8D7953
:10DA40006C3653334AB14AB142B121CB1968192817
:10DA5000645042EC1929324BA599641442F3537671
:10DA600074DB5B10532C4B0D42AC532D532E5B2FAC
:10DA7000739173916BB16B6F5B4F6C127432841442
:10DA80009C97ACB8ACD89CB794B6A5779D16EF9B85
:10DA9000FFFCEF9BEF9AE77AB5B8A538AD79CE7B5E
:10DAA000DEDCCE1AD67AF7BCFFDDF7DDE73CEF5DB2
:10DAB000F79EF7BEF7BEFFBFF79EFFBFF79EF79E2C
:10DAC000FFBFFFDFFFFFFFFFFFFFFFFFFFFFFFFFC6
:10DAD000FFFFFFFFFFFFFFFFFFFFFFFFFFFFFFFF56
:10DAE000FFFFFFFFFFFFFFFFFFFFFFFFFFFFFFFF46
:10DAF000FFFFFFFFFFFFFFFFFFFFFFFFFFFFFFFF36
:10DB0000FFFFFFFFFFFFFFFFFFFFFFFFFFFFFFFF25
:10DB1000FFFFFFFFFFFFFFFFFFFFFFFFFFFFFFFF15
:10DB2000CE1739873105414559A7724982CA934CAE
:10DB3000A3AEA3CEB40E9B0B72AA6AAA6A489269DE
:10DB40008A288AAA93EF7B2C6A49ABEDD530CCEFBB
:10DB5000DD7282EB9B8C7AEA6269ABAD69E849A71A
:10DB600051A7B38CB38CB36CBBADC3EDC3CDD4CFD5
:10DB7000E5D3EDF2E6365BF643555C37F7BFDEDC06
:10DB8000AD98DF1CFFFFFFFFFFFFFFFFFFFFFFFF61
:10DB9000FFFFFFFFFFFFFFFFFFFFD6BCA5589D580B
:10DBA000CE7BF7DFFFFFFFFFFFFFE73D94F66B6FD4
:10DBB0002926294729472947294720E529062946B3
:10DBC000294629672967296629662946294629465B
:10DBD000294638E668A69968D26BD24BD24BD26BF5
:10DBE000D26BD22ACA4AC34DCCF2E656FF79FFDB8C
:10DBF000FF79DE56BCD2A30D91EAA169B9A9D22B57
:10DC0000E2ACEACCEAEDEAECEACCE2ACDA8BD26B3D
:10DC1000CA6BC24BBA4ABA6BB26BBA8BBA6BBA6BED
:10DC2000C26BD26BC9E9A9479A898B4C31463987B7
:10DC3000290541A8734EF7BEEF5DEEDBFF3CF6FB16
:10DC4000E65AD598E65AEEDBDE39FFBEFFFFEEFC62
:10DC5000EF1CFFFFF77EF77EFFDFFFFFF75DFFDFC3
:10DC6000FFFFFFFFF7DFFFFFC6DC3B523B126CB745
:10DC700085186BF552F24AB1429029CB1969216996
:10DC80006CD129EA2169324B426C5BAF4AAF4AD171
:10DC90006BF652CE428D4AED4B0D4B0D534E6BB091
:10DCA00073F26BD253304A8D7471855285338CD4A4
:10DCB0009CD6ACF7A4D8A4F8A4F78C96B5B8FFFC12
:10DCC000FFFCF7BBF7BACE999D18AD79C63BDEBC19
:10DCD000E71DCE5BC5B9EF3BFFFDE75CDEFCEF5D0A
:10DCE000FFDFFFDFFFDFFFBFFFDFFFDFFFBFF79ECD
:10DCF000FFBFFFDFFFFFFFFFFFFFFFFFFFFFFFFF94
:10DD0000FFFFFFFFFFFFFFFFFFFFFFFFFFFFFFFF23
:10DD1000FFFFFFFFFFFFFFFFFFFFFFFFFFFFFFFF13
:10DD2000FFFFFFFFFFFFFFFFFFFFFFFFFFFFFFFF03
:10DD3000FFFFFFFFFFFFFFFFFFFFFFFFFFFFFFFFF3
:10DD4000FFFFFFFFFFFFFFFFFFFFFFFFEF7DB57648
:10DD500083CF49A76A4893ADB490C4F1C4F1C4F12C
:10DD6000BCB0B44F9B4D6208210510833905822950
:10DD7000DDF6F71ADE37D5B5BD13BD33DE16D57225
:10DD8000DDD4DE78B44E8B0B72A9AB8D59A749A7B1
:10DD90007A29B36CB38CAB4BB38CB38CC42ED4F058
:10DDA000E591EDF3F633A5363B356437F7DFDEFC5E
:10DDB000AD98DEFCFFFFFFFFFFFFFFFFFFFFFFFF50
:10DDC000FFFFFFFFFFFFFFFFFFFFFFFFFFFFDF1D65
:10DDD000ADB99D37BE1AF79EF7BEA5997C132946AB
:10DDE0002947316729472967210620E52946294621
:10DDF0002947316731672966296629462946294618
:10DE000038E568A68128CA4BD24BD26BD24BD22AB6
:10DE1000C26BC3AED573EEB7FF59FF79E697BCD29C
:10DE20009ACC99A9A989C20ADA8BEACCEAECEACCA5
:10DE3000DAACCA6BBA6BA24A8A2A7A2A6A0A622ABE
:10DE40005A2A522A524A524B526B528B5A8B5A8C34
:10DE500062AC62AC832E9B6F8A2A6167394620E4EC
:10DE600039A8528C9CF6F7BFDE9AF71CFF5CEEDBFC
:10DE7000D597D557FEBBDDD8EEFCFFFFFFBEDE5ABF
:10DE8000FFFFF75DEE9AFFDEFFFFF79EF73DF75DC0
:10DE9000FFFFFFFFFFFFFFFFE79E6476228F32D078
:10DEA0004B735B9453134AD142B02A0C1969322B3D
:10DEB0006CB1194921A9326B322C3A6E42AE4AAE8E
:10DEC0004ACF4AEE4AEE42ED4B0D53AD640F74312A
:10DED0007C7263D16C319594A614A5D48D328D33A8
:10DEE0009D35AD17AD17A4F8A51794D6BDF7EFDA99
:10DEF000D79BBF5CCF5CD6F9BDD9EF5DFFDDFFBD21
:10DF0000FFFFE71DC619E71BF7BCDEFBDEFCFF9E2B
:10DF1000FFBFFFBFFFDFFFDFFFDFFFDFFFBFFFBF91
:10DF2000FFFFFFFFFFFFFFFFFFFFFFFFFFFFFFFF01
:10DF3000FFFFFFFFFFFFFFFFFFFFFFFFFFFFFFFFF1
:10DF4000FFFFFFFFFFFFFFFFFFFFFFFFFFFFFFFFE1
:10DF5000FFFFFFFFFFFFFFFFFFFFFFFFFFFFFFFFD1
:10DF6000FFFFFFFFFFFFFFFFFFFFFFFFFFFFFFFFC1
:10DF7000FFFFFFFFFFFFFFFFFFFFF79EACD2830B0A
:10DF800072498AEBAC0EB46FAC4FA40E9BAD936D8F
:10DF90008B0C71E861A7626962288AEB9B0B8A4946
:10DFA000BC50FFBCFFFDFFDDFF7BEED9F73BFFDD83
:10DFB000F73BF77CEF1AC55362898249498751A71D
:10DFC0008A49AB2BB36CB38CB38CBC0DCCEFD53181
:10DFD000D551DDB2EDD2DE164BB66458F7FFDEFC4C
:10DFE000AD98DEFCFFFFFFFFFFFFFFFFFFFFFFFF1E
:10DFF000FFFFFFFFFFFFFFFFFFFFFFFFFFFFFFFF31
:10E00000FFFFEF5EB5F99D379D788CD731882947A2
:10E01000316729473167292620E5290629462946FF
:10E02000316731873167296729672966296639068B
:10E0300068A668C7B1EACA4BD24BD22AC28BC3CEFC
:10E04000D572EE96FF18F6D7CD739B4D8189912836
:10E05000B9CADA6BE2CCE2ACCA6BB24A920A7A096C
:10E060006209520A4A2A422A422A422A422A422A59
:10E07000422A420A42094A094A094A2A4A2A4A2A9B
:10E08000526B528B736FCE7ADEDBAD156B0E62CCAA
:10E090007B8FB597A5BA8CB7CD57EEBBF71CDE18B2
:10E0A000DE59DE5AD577E6BBFFFFFFBEE69AEF5D8D
:10E0B000FFFFEF3DEEDBFF7CF75DEEBBEEBCF75DF7
:10E0C000FFBFFFFFFFFFFFFFFFFF8D992AF02AD060
:10E0D000228F2A6E3AAF52F14AD13A6E1949430D56
:10E0E0005C30190829C9326B3A8E3A8E42CF4AEF1A
:10E0F000530F4B0F4B2E5BCE648E6C8F6C5084D2C3
:10E10000BE96B6359DB4CF16CEF6CF16AE35957306
:10E11000A5F5B5D7B557B558AD379CD6BE38A73D90
:10E120008EFD96FD9F1EC75CEF5BFFFEF77CFF9D9B
:10E13000FFDEFFFFDEBBCE39DEFBD69AE71CFFBF5A
:10E14000FF9FFFDFFFDFFFFFFFFFFFDFFFBFFFFFDF
:10E15000FFFFFFFFFFFFFFFFFFFFFFDFFFFFFFFFEF
:10E16000FFFFFFFFFFFFFFFFFFFFFFFFFFFFFFFFBF
:10E17000FFFFFFFFFFFFFFFFFFFFFFFFFFFFFFFFAF
:10E18000FFFFFFFFFFFFFFFFFFFFFFFFFFFFFFFF9F
:10E19000FFFFFFFFFFFFFFFFFFFFFFFFFFFFFFFF8F
:10E1A000FFFFFFFFFFFFFFFFFFFFF79DEF3BFFBDFF
:10E1B000EF5CDEBADE79D658CE18DE9A959A3AB080
:10E1C000290751A7728992AA9B0B72895A07C553D6
:10E1D000F77BFFBCFFBCFFBCFFBCFFDDFFDDFFBC6E
:10E1E000FF9CFF9CFFDDFFBCDE35BC4F49A741868D
:10E1F0008A69A2CAAB4BB3ACB38CC46EDD71D531A6
:10E20000D551DD71DD51EE556C576478FFFFE71C89
:10E21000AD98D6DCFFFFFFFFFFFFFFFFFFFFFFFF13
:10E22000FFFFFFFFFFFFFFFFFFFFFFFFFFFFFFFFFE
:10E23000FFFFFFFFFFFFC65A9539422A29263167A3
:10E2400031673167294720E5290629472946316783
:10E25000318831673167316731672967310660A6D8
:10E2600060A69168C22ACA2AC26BBB6DCD10E613A4
:10E27000F675E614BC908A4B78E79108B9CACA4B88
:10E28000C24AA20981E961E949E941E93A093A0A40
:10E29000422A4A2A4A2A4A4A4A2A4A2A4A0A4A2AE6
:10E2A0004A2A4A0A4A0A4A2A4A2A4A2A4A2A4A4AEE
:10E2B000526B5A8B5AAC8BF1E6DBFFBEF73C9452A3
:10E2C0007B90A4F4C5D7CDB8EE3AE61ADE19C5970F
:10E2D000EF7EFFFFBD35E6BBFFBEF6DBE6BBFFFF13
:10E2E000EF3CEE9AE69AFF9DF73CDDF9F73DF77DAE
:10E2F000F79EFFFFFFFFFFFFFFFFB67B3351331099
:10E300002B102A8E224D328E4AF14AF1198A53AFD0
:10E31000538E110829EA326C32AE3AAE4AEF5310EE
:10E3200053505BD0648F648F646F6C6FA613C6D636
:10E33000D717DF97D736CF16E797E797E778BE95D9
:10E34000B675C6D8CE99BD98B578A517A619971EEB
:10E3500096FD96FD9F1DAF1DEF3BFF7CFFDEFFFE90
:10E36000FFDDFFFFE6FCC5F9DEDAD63ADEBBF75E7D
:10E37000FF9FFFDFFFFFFFFFFFFFFFDFFFDFFFFF6D
:10E38000FFFFFFFFFFFFFFDFFFDFFFDFFFFFFFFFFD
:10E39000FFFFFFFFFFFFFFFFFFFFFFFFFFFFFFFF8D
:10E3A000FFFFFFFFFFFFFFFFFFFFFFFFFFFFFFFF7D
:10E3B000FFFFFFFFFFFFFFFFFFFFFFFFFFFFFFFF6D
:10E3C000FFFFFFFFFFFFFFFFFFFFFFFFFFFFFFFF5D
:10E3D000FFFFFFFFFFFFFFFFFFFFFFFFFFFFF7BF95
:10E3E000FFDFFFFFFFFFFFFFFFFFE71C83B06A694E
:10E3F000A40EAC0E9AAA9269624839E85330645769
:10E40000BE7BEF7CCE7AB5B8ADB8EF7ECEDDF77CC3
:10E41000FFFDFFFDF77BFF9CEEB7D5D341C7394623
:10E4200082499A8AAB4BB3ACBBACCCF0DD51D53151
:10E43000DD71DD71D551EE3484D86478FFFFE71DBE
:10E44000AD98D6BBFFFFFFFFFFFFFFFFFFFFFFFF02
:10E45000FFFFFFFFFFFFFFFFFFFFFFFFFFFFFFFFCC
:10E46000FFFFFFFFEF5DA5DA5B0F2905316731671D
:10E470003167292620E520E529262947294739A89B
:10E4800031883187318731672967312650C660C6A8
:10E490007907A9C9B20AAAEBB3ECCCAEDD71D5718C
:10E4A000ABEE81A978877887914891A979A861A86E
:10E4B00049A831A831C839E941E94A094A094A0A53
:10E4C0004A0A4A0A4A2A4A2A4A2A4A2A4A0A4A0A2C
:10E4D0004A0A4A0A4A0A4A0A4A2A4A2A4A2A4A4AFC
:10E4E000526B5AAC6B0E6B0E7BB0D659E6BA7B8F73
:10E4F0005A8C62CDC556FF3CFF1CDDF9D597BDD9BE
:10E50000B5DACE7BC5B7C516EE7ADE18FF9DFFDE05
:10E51000FF7DCD77D619FFDEFF7DD5B8EEDCF79E07
:10E52000F79EFFFFFFFFFFFFFFFFD73D43D32B10F9
:10E5300033312B102AAE222C324D4B122A0D64712E
:10E5400042ED19492A0A326D3AEF3AEF4B505C31ED
:10E550008552A633B67395918D707CD0CF15E79711
:10E56000DF57D737EFD7CF15E757F7B8F7D9E758C1
:10E57000C716CF38D759DEFABDB9B578BE9B9F3ED6
:10E580009F1D9F1D9F1EB73DF75BFFDDFFFFFFFE39
:10E59000FFFDFFFDFFDED69AD67AD67AD69BEEFD3A
:10E5A000FF7FFFBFFFFFFFFFFFFFFFFFFFFFFFFF3B
:10E5B000FFFFFFFFFFDFFFDFFFDFFFDFFFDFFFFF0B
:10E5C000FFFFFFFFFFFFFFFFFFFFFFFFFFFFFFFF5B
:10E5D000FFFFFFFFFFFFFFFFFFFFFFFFFFFFFFFF4B
:10E5E000FFFFFFFFFFFFFFFFFFFFFFFFFFFFFFFF3B
:10E5F000FFFFFFFFFFFFFFFFFFFFFFFFFFFFFFFF2B
:10E60000FFFFFFFFFFFFFFFFFFFFFFFFFFFFFFFF1A
:10E61000FFFFFFFFFFFFEF7DAC928AEBA3ACBC6F67
:10E62000A36C8A49A30B836D3A2C2A502AF51A73DE
:10E630008D7BD6DCA5579D379D57F79EAE5D5C78E8
:10E640007CD884F742096AEBC5B4E6D8836C290507
:10E6500072299A6AA2CABBCCBBEDD551D551D5510E
:10E66000D551D551D530EE1395386CB9FFFFE73D44
:10E67000AD98CE9BFFFFFFFFFFFFFFFFFFFFFFFFF8
:10E68000FFFFFFFFFFFFFFFFFFFFFFFFFFFFFFFF9A
:10E69000FFFFFFDFBE5B73F3292631673167316708
:10E6A000292620E528E6290629462947318739A861
:10E6B00039A83188318731872967490760E760C702
:10E6C000792892299B29AB89BBC9BBEB9B2B798805
:10E6D0007086788768E7510741473167318831A8EC
:10E6E00039C839C841C941C941E941E941E942094B
:10E6F0004209420942094A0A4A094A0A4A0A4A0A96
:10E700004A0A4A0A4A0A4A094A2A4A2A4A2A4A2AEA
:10E71000524B5A6B5A8B5A6B41C95A8B83F09C727D
:10E720008C317B6FEE9AF71BEE9AC576BD96DEBAFA
:10E73000D6BBD6DCBDB8D5B8D598DDB8DDD8F6FBEC
:10E74000FF3CE659D5F9FFBEFF9DDDF9E69BF79E3C
:10E75000F77EFFFFFFFFFFFFFFFFF7DF6CD62B10F9
:10E76000335133302AF02A8E220B3A8F3A7074D20A
:10E77000324B21AA2A2A32CC4BAF4BCF7532AE5442
:10E78000CEF6D736C6F4A652A5F2A5F2E796EFB7B5
:10E79000EFB8E777EFD8EFB7D715F7D8F7D8EF98F6
:10E7A000DF98E7D9E79AE7BBCEBABD98CEFBAF3E7C
:10E7B000AF3EB73EB73EC77EFFBDFFFEFFFEFFFE8A
:10E7C000FFFEFFFDFF7BDE7ACE3ACE5AEF1DFFFF44
:10E7D000FF9FFF9FFFDFFFFFFFFFFFFFFFFFFFFF29
:10E7E000FFFFFFFFFFDFFFDFFFDFFFDFFFDFFFFFD9
:10E7F000FFFFFFFFFFFFFFFFFFFFFFFFFFFFFFFF29
:10E80000FFFFFFFFFFFFFFFFFFFFFFFFFFFFFFFF18
:10E81000FFFFFFFFFFFFFFFFFFFFFFFFFFFFFFFF08
:10E82000FFFFFFFFFFFFFFFFFFFFFFFFFFFFFFFFF8
:10E83000FFFFFFFFFFFFFFFFFFFFFFFFFFFFFFFFE8
:10E84000FFFFF7BEE6DAAC50A3ACBC6FAC0E9B4C3E
:10E850009BEF947353531A10092C098E2AD422D497
:10E860008D7BDEFDAD97A577A577F79ED71E4C383B
:10E870003B564376320B29CB52AC53314AF041869A
:10E8800059C7926AAB4CCCF0D510D551D550D53084
:10E89000D530D550D530EE149538853AFFFFE73D99
:10E8A000ADB8CE9BFFFFFFFFFFFFFFFFFFFFFFFFA6
:10E8B000FFFFFFFFFFFFFFFFFFFFFFFFFFFFFFFF68
:10E8C000FFFFDF1D8CF8318831673167314729063A
:10E8D00028E62906290629062947316739A839A8D3
:10E8E00039A839A839A831874968594958E869478A
:10E8F0008A889B489B28A36992E971686886688624
:10E9000050E63906314729872987318839A839A83F
:10E9100039A839C839C841C941E941E941E941E962
:10E9200041E94209420942094A0A4A0A4A0A4A0A8C
:10E930004A0A4A0A4A0A526B4209398839673146FB
:10E940003126316639874A096B0D9C73CE18D6592A
:10E95000B5358BF0AC93BCD4BD15C556CDD7DE59BB
:10E96000D659E71CDEBBEEDADDD8E5F9D598D577C8
:10E97000F69BF6BBC556D5F8E67ADDB8E69BF77E82
:10E98000F79EFFFFFFFFFFFFFFFFFFFF9E1A3351C0
:10E990003351335133302AEF2A6D2A4D42F175132A
:10E9A00021AA21EA2A0A328C4BCF64B0AE94CF164A
:10E9B000CF16BEB495D1BEB3CEF4CF14EFB5F7D712
:10E9C000F7D8EFB8EFB8FFF9DF36EF98FFF9E77740
:10E9D000D757E799EFBAEFDADF7AC5D8CEFCB75E42
:10E9E000B75EBF5EBF5ECF7EFFDDFFFEFFFEFFFEB8
:10E9F000FFFEFFBCEEB9DE7ACE5AD67AF79EFFFF55
:10EA0000FFFFFFBFFF9FFFFFFFFFFFDFFFFFFFFFD6
:10EA1000FFFFFFFFFFDFFFDFFFDFFFDFFFDFFFDFC6
:10EA2000FFFFFFFFFFFFFFFFFFFFFFFFFFFFFFFFF6
:10EA3000FFFFFFFFFFFFFFFFFFFFFFFFFFFFFFFFE6
:10EA4000FFFFFFFFFFFFFFFFFFFFFFFFFFFFFFFFD6
:10EA5000FFFFFFFFFFFFFFFFFFFFFFFFFFFFFFFFC6
:10EA6000FFFFFFFFFFFFFFFFFFFFFFFFFFFFFFDFD6
:10EA7000EF5CDE57AC0EA38CBC90B4B1B5557CB73F
:10EA80004BD61A7311D111AF114C118E229322B4AF
:10EA90008D7BDF1DADB8AD98A598EF7EEF9F64DA52
:10EAA0004BD74BB63A8F3A8F531042D0225152CEA9
:10EAB0008B2C7A09BC0ED530D530D530D530D53039
:10EAC000D550D4EFDDB3FF7B7CD98D7BFFFFEF5DAD
:10EAD000ADB8CE7BFFFFFFFFFFFFFFFFFFFFFFFF94
:10EAE000FFFFFFFFFFFFFFFFFFFFFFFFFFFFFFFF36
:10EAF000F7BEAE3C5B0F2906398831472906290647
:10EB000028E62906290629262947318739A831A868
:10EB1000318839A8318749A969EC59697208930885
:10EB2000930793288B0971A860A750A638E520E5C4
:10EB3000190521262967316731873187318839A83E
:10EB400039A839C839C841C941E941E941E941E930
:10EB500042094209420942094A0A4A0A4A0A4A0A39
:10EB600041E941C839A841E949E9522A62CD62ED3B
:10EB7000736E83D083F083F07B8F62CC49E9398751
:10EB800039874A2AC5F8D5F9DDB8E5F9F69BFF3C87
:10EB9000FF9EF77DD67AC576DE59C536D577C51581
:10EBA000DDB8D5B8D597E61ADDF9E619E65AF75D6E
:10EBB000E6BBF7DEFFFFF7DFFFFFFFFFDF3D4C3473
:10EBC0002B313351335133302ACF2A4D4B507512EC
:10EBD000196A2A4B21EA326C4BCF8591C715C6D5ED
:10EBE000C6D59DF2AE52D755EFB6E795EFB6F7D73B
:10EBF000F7D7EFB8F7D9FFF9DF57DF57E7589D741C
:10EC0000C6B7D758D758DF79DF79B5D7DEDAFFFE38
:10EC1000F7DEF7FFF7DDF79AFFBCFFDDFFFDFFFD35
:10EC2000FF9BF6F9FF3BE71CD67BD6BBF7BEFFFF89
:10EC3000FFFFFFFFFFDFFF9EFFDEFFDFFFBFFFDF06
:10EC4000FFDFFFDFFFFFFFFFFFDFFFDFFFDFFFDF94
:10EC5000FFFFFFFFFFFFFFFFFFFFFFFFFFFFFFFFC4
:10EC6000FFFFFFFFFFFFFFFFFFFFFFFFFFFFFFFFB4
:10EC7000FFFFFFFFFFFFFFFFFFFFFFFFFFFFFFFFA4
:10EC8000FFFFFFFFFFFFFFFFFFFFFFFFFFFFFFFF94
:10EC9000FFFFFFFFFFFFFFFFFFFFFFFFEF5DE6FA54
:10ECA000DE57B4D19BEFD617EF3CFFFFE79F4C59DF
:10ECB0002AD422521A1111AF092C096E225222B401
:10ECC0008D7BDF1DB5D8ADB9AD98E75DFFFF7D7CCD
:10ECD0004BF843553AF253724B1132B132B132D242
:10ECE000B5B8834C5987CC8FDD51D530D530D5514F
:10ECF000DD71CCAFF6D8F79D64589DFBFFFFEF7E2A
:10ED0000B5D9CE7BFFFFFFFFFFFFFFFFFFFFFFFF38
:10ED1000FFFFFFFFFFFFFFFFFFFFFFFFFFFFFFFF03
:10ED2000CEBC9D9A39C931673188316729062906D9
:10ED30002906290629262947316731A831873187D5
:10ED40003188318741C9728F6A2B82A88AE88AC8C4
:10ED5000830A6A2948E738A528E52105212629677D
:10ED600029262105294629673187318739A839A8FD
:10ED700039A839C839C841C941E941E941E94209DD
:10ED800042094A0A4A2A4A0A41E941C83988396788
:10ED900031674A0A6B0E83B0943294528BF0734EF3
:10EDA00062AB4A093146290528E528E520843987E0
:10EDB000526B49E9A4F4F7BEF75DE6DBDE39EE59A4
:10EDC000FEFBF6FBFF5DE69ACD97E69ACDB7DDD860
:10EDD000E5F9DDD8E61AEE5AF6FBF6FBF73CFFFF45
:10EDE000A3D0BD34FFFFF7DFFFFFFFFFFFFF95B9A3
:10EDF000335233513351333033102A6E4B9074F306
:10EE0000218B2A6B21AA3AAC542F7570A653C6D415
:10EE1000C6B4BEB3C714DF75EFB6EF96EFB6F7F71B
:10EE2000E796DF56FFD9FFF9DF37CF16C676D6F75C
:10EE3000E798EFB9EFB9E7B8DF78A576BDB7FFBCC3
:10EE4000FFFFFFFFFFFEFF39EE78F75BFFBCFF7BA4
:10EE5000FFBDFF5BFF7BEF1CD67BD6BCF79EFFFFA1
:10EE6000FFFFFFFFFFFFFF9EFFBEFFDFFFFFFFFF74
:10EE7000FFFFFFFFFFFFFFFFFFDFFFDFFFDFFFDF22
:10EE8000FFDFFFFFFFFFFFFFFFFFFFFFFFFFFFFFB2
:10EE9000FFFFFFFFFFFFFFFFFFFFFFFFFFFFFFFF82
:10EEA000FFFFFFFFFFFFFFFFFFFFFFFFFFFFFFFF72
:10EEB000FFFFFFFFFFFFFFFFFFFFFFFFFFFFFFFF62
:10EEC000FFFFFFFFFFFFFFFFFFFFFFFFEF7DEF5C97
:10EED000EF5DF79EFFFFFFFFFFFFFFFFE77F5C791E
:10EEE00022931A1111F111AF094C096E1A322294B2
:10EEF0008D7BDF1DB5D8ADB9AD98E73DFFFF95FD22
:10EF00005439439632B12A91222F329132D23AF3B8
:10EF100053F7A53629043925A38CDD51DD51D510D1
:10EF2000DDB3CCCFF6F9AE1A6499B65CFFFFEF7E85
:10EF3000B5D9BDF9FFFFFFFFFFFFFFFFFFFFFFFF99
:10EF4000FFFFFFFFFFFFFFFFFFFFFFFFFFFFF79E3A
:10EF5000AE3C8496292639883168318831472906A4
:10EF600029062906290629473187318831873187C3
:10EF7000318731886ACF7B0E8AE9828782E97AEB12
:10EF8000518930C620E521052105294639C841E9C6
:10EF900041C931672946212621262926294631677C
:10EFA000318739A839C841C841E942094A0A4209AA
:10EFB00041E939C831673147314739A84A2A62AC3B
:10EFC0006B2D9411838F5A8B4A093967290628E5DE
:10EFD00028E5290631263105312641A839673967E8
:10EFE000732D524B83AFE71CFFFFFFFFFFDFDE7A7D
:10EFF000E659F6FCF6DBFF3CE659DE19FF1CDE188D
:10F00000D598EE5BD598EEBBFF3CF71CFFFFFFDF0A
:10F010009C119BAFFFFFFFFFFFFFFFFFFFFFE77E9E
:10F0200064B62B313351335133502AAF541074D35B
:10F0300029EC328B218953AE544F9612C6F6D7363F
:10F04000B674CF36D735E796EFB7DF56E797E77751
:10F05000CEF6CEF6FFF8F7D8F7F8D7179533CEB639
:10F06000F7F9E798EFB8F7D9E7B9ADB6C638FF9A20
:10F07000FF9BFFFEFFFFFF9DEEB7EE78FF3AFFDD3F
:10F08000FFFFFFBDFF5BF75CD69CDEDCFFBFFFFF31
:10F09000FFFFFFDFFFDFFFFFFFFFFF9FFFFFFFFF20
:10F0A000FFFFFFFFFFDFFFDFFFBFFFDFFFDFFFDF50
:10F0B000FFFFFFFFFFFFFFFFFFFFFFFFFFFFFFFF60
:10F0C000FFFFFFFFFFFFFFFFFFFFFFFFFFFFFFFF50
:10F0D000FFFFFFFFFFFFFFFFFFFFFFFFFFFFFFFF40
:10F0E000FFFFFFFFFFFFFFFFFFFFFFFFFFFFFFFF30
:10F0F000FFFFFFFFFFFFFFFFFFFFFFFFFFFFFFFF20
:10F10000FFFFFFFFFFFFFFFFFFFFFFFFEFBF43B763
:10F1100012121A1111F111AF094C096E1A32229410
:10F120008D9BE73DB5D8ADB9AD98DF1DFFFFB67E2D
:10F130005C7A4BD732B22A912A4F32B132D23B138A
:10F140004375649A73B262CB30E46A69CCF0E6141A
:10F15000FF5AFFBCC5F76C99751ABE9DFFFFF79E5D
:10F16000B5F974148495CE9BFFFFFFFFFFFFFFFFEF
:10F17000FFFFFFFFFFFFFFFFFFFFFFFFFFFFCEBC13
:10F18000AE3D52AD29263988316839883168290663
:10F190002906290629062926318731673167316713
:10F1A0002946526D83908B8D8AE98B2B6A8B41891E
:10F1B0002947214620E52906318841E941E941E90D
:10F1C00039C939C839A831872926212521252105A2
:10F1D000292629262946294629262926314629264F
:10F1E0002926316741E95AAB6B0D732E6AED5A6BD4
:10F1F0003167C4709B6D102328E531463967396744
:10F20000394639473967394639675A6B62CC3947CD
:10F21000730D838F83CFCE38F7BEFFFFFFFFFFFF55
:10F22000E71CDE39F6DBF6FCF71CE63AEE9BFF3C0A
:10F23000DDF8D5B8D5B8F6FBFF7CFFBEFFFFFF9E1B
:10F24000BD3571459B0CF79EFFFFFFFFFFFFFFFFE2
:10F25000CEFD54352B31335133512AD064D25BF07B
:10F2600021EB32AB218964708552CF16DF57C6D6A9
:10F27000AE75D756DF77FFF8FFF9E7B8E778743255
:10F28000BE95E777F7D7F7F7BE35A5F39DD4A5D49C
:10F29000E777F7D8EFB8EFB8F7D9C697AD97FF7B08
:10F2A000FF59FF39EEB8EEB8FEB7E637FFBDFFFEF7
:10F2B000FFFFFFFEFF9CF77DD6BCE6FDFFFFFFDFF3
:10F2C000FFBFFFDFFFFFFFDFFFDFFFBFFFDFFFFF4E
:10F2D000FFFFFFDFFFDFFFDFF7BFFFDFFFDFFFDF46
:10F2E000FFFFFFFFFFFFFFFFFFFFFFFFFFFFFFFF2E
:10F2F000FFFFFFFFFFFFFFFFFFFFFFFFFFFFFFFF1E
:10F30000FFFFFFFFFFFFFFFFFFFFFFFFFFFFFFFF0D
:10F31000FFFFFFFFFFFFFFFFFFFFFFFFFFFFFFFFFD
:10F32000FFFFFFFFFFFFFFFFFFFFFFFFFFFFFFFFED
:10F33000FFFFFFFFFFFFFFFFFFFFFFFFD73E1A7337
:10F3400012111A321A1111B0094C118E1A521A9454
:10F3500095BCE75EB5D8ADB9AD98DEFCFFFFCF1E1A
:10F3600064DB4BD732F332D22A903AD23B13433488
:10F370004B9564BA649A8519AD77734E5A4993CE0A
:10F380009C30836DACF47D1A7D3AC6DDFFFFF79E9D
:10F39000BDF9BDF9B5D974147C55C65AFFFFFFFFFE
:10F3A000FFFFFFFFFFFFFFFFFFFFFFFFFFDFAE1BC2
:10F3B000AE5E84953168398841A931683168292762
:10F3C0002906290629063147316731672967210552
:10F3D00041E9737183B0938D834C526C39EB3A0AD7
:10F3E00039EA31C9420A4A4B4A4C4A4B4A2B420A33
:10F3F00039E939C839A831872967210520E5210570
:10F4000020E518A41083188320C5314641C8526BEB
:10F410006B0D736E6B0D5A8B41A8312628E528E5DC
:10F4200018A4ABEFF5943106310639674187396787
:10F4300039263967522A6AED49C9520A7B2E5A6B1E
:10F4400062AC8BF09C71BD95EF5DFFFFFFFFFFFF8E
:10F45000FFFFF77EDE59F6DBF71CF6DBF6DBF6FB8B
:10F46000F6FCBD16CD97FF7DFF5CFF9EFFFFEEFC17
:10F47000AC9361468A69FFFFFFFFFFFFFFFFFFFFBD
:10F48000FFFFC6BC5435331133302AF07532434F79
:10F490002A4C328A29CA6CB1A5F4D737CF16CF16B9
:10F4A000C716D756CED6B6159D539D538D1363916F
:10F4B000DF76EFD7E7B794F384F1AEB495D4B675A1
:10F4C000BEB5EFB8F7D8F7D9F7D9E799A556E6D979
:10F4D000FF18F73AF75CFFDDF77CDE38F6FAFFDD60
:10F4E000FFDDFFBDFFBDEF5DD6BBDEDCF79FFF9FFD
:10F4F000FFBFFFFFFFFFFFBFFF9FFFBFFF7EFFBFFD
:10F50000FFBFFFBFFFDFFFBFFFDFFFDFFFDFFFDF6B
:10F51000FFFFFFFFFFFFFFFFFFFFFFFFFFFFFFFFFB
:10F52000FFFFFFFFFFFFFFFFFFFFFFFFFFFFFFFFEB
:10F53000FFFFFFFFFFFFFFFFFFFFFFFFFFFFFFFFDB
:10F54000FFFFFFFFFFFFFFFFFFFFFFFFFFFFFFFFCB
:10F55000FFFFFFFFFFFFFFFFFFFFFFFFFFFFFFFFBB
:10F56000FFFFFFFFFFFFFFFFFFFFFFFFC6BE1A53B6
:10F570001A111A321A1211D0094D118E22531A740F
:10F580009DDCE75EB5D8ADB9AD98D6DCFFFFE77F6F
:10F59000859C543843543B1332D13B12433343547C
:10F5A0004BB66CDA64995C59649A74DA7498745640
:10F5B00052AD3945B576855B7D3AD71EFFFFF7BE64
:10F5C000BDF9BE1AFFFFFFDFBE1A7C557C34BDFAC1
:10F5D000F7DFFFFFFFFFFFFFFFFFFFFFF7BEA5DA2B
:10F5E000AE3DBEBF73F33127522B524B39883127C2
:10F5F00029062906290631473167294721264A4B22
:10F6000073D383F38C1062CB3A0A424B4A8D4A8DF6
:10F610004A8D426D424C3A0B39C931A931672926CE
:10F62000210620E520E520C420E52926318720E5B4
:10F63000290539A85ACC7B8F83D07BAF736E5AAB28
:10F6400041E9314720C428E528E5290631263967F4
:10F650002906A3CEFE76624920C5396739674188FD
:10F6600049E95A8B732E838F62AC41A87B2E72EDD1
:10F67000628B8BD0A4B2BD95EF3CF7BFFFFFFFFFBD
:10F68000FFFFFFFFEF5DAD16E69AFF1CF6FCEEDB19
:10F69000F71CD5D8C556FF5DFF9DFF9DFFBEC51564
:10F6A000510599A69C739E3C9DDAA63BB69CCEFD67
:10F6B000E79FFFFF95DA331132F0331075523B2F7D
:10F6C00032AD2A8B326C64716C90C716AE55AE5554
:10F6D0008D5363F14B0F42AF426E52AE5BD06BB0B5
:10F6E000EFF7CEF56BB16BF09E52961495F3AE74B6
:10F6F000B695D716FFF8F7D9F7D9F7F9BE17D63769
:10F70000F75BFFFFFFFEFFFEFFFEFF7BFF7BFFBC03
:10F71000FFFDFFBDFF9DDEDCD69BDEDCDEFCEF3EA9
:10F72000FFFFFFFFFFFFFFFFFF7FFFBFF75EF75EFB
:10F73000FF9FFF9FF79EFFDFFFFFFFFFFFFFFFDF42
:10F74000FFFFFFFFFFFFFFFFFFFFFFFFFFFFFFFFC9
:10F75000FFFFFFFFFFFFFFFFFFFFFFFFFFFFFFFFB9
:10F76000FFFFFFFFFFFFFFFFFFFFFFFFFFFFFFFFA9
:10F77000FFFFFFFFFFFFFFFFFFFFFFFFFFFFFFFF99
:10F78000FFFFFFFFFFFFFFFFFFFFFFFFFFFFFFFF89
:10F79000FFFFFFFFFFFFFFFFFFFFFFFFC6DE1A9324
:10F7A0001A321A321A3211D0116D19CF2293123334
:10F7B0009DFCEF7EB5D8ADB9AD98D6DCFFFFEFBFAD
:10F7C0009E3D6CFB53D6437432D23AF243134354FA
:10F7D0004BB56CDA647964996CBA6CDA6CBA753BC7
:10F7E0007D5C7CB794F6857B857BDF5EFFFFF7BF92
:10F7F000BE1ABDF9F7BFFFFFFFFFFFFFC67B847591
:10F800007414ADB9F79EFFFFFFFFFFFFFFFFE73D59
:10F81000A5BAAE3DAE3C630E39885A6B524B3127C8
:10F8200029062906290631473147292649A66B5161
:10F830007C566B70316718C52126294729682988AD
:10F84000296729472126210520E518C518C418C4B1
:10F8500020E521052946316741E9528C62ED945239
:10F860009C92ACF483F06B0D4A2A3967290620C5B7
:10F8700020A4290629063126290631263967396749
:10F880003106A3AEFE97ABCE20A441675A4A732D32
:10F89000730D628B7B4E8BB0838F49C872ED7B4EAC
:10F8A0005A4A8BB0A471C5D6F79EEF7DFFFFFFFFCC
:10F8B000FFFFFFFFFFDEA5588C54CDB7EEDCF71C31
:10F8C000FF3CE65AC536F73CDE59AB8EB3AFAB8F83
:10F8D000694592AADF7E857A33542AF233333B940A
:10F8E00054367D184BF52AD02AD03B306D3232CFBA
:10F8F00032EE2A8B430E5BF0432E9DD553D13AEF67
:10F9000032AF328F42AF4ACF52EF52F052AF7C311A
:10F91000C6D552EF634F8D718552961495D3A63498
:10F92000B695BED5FFF8FFF9FFF9FFF9D6D8CE5945
:10F93000FFFEFFBBFFDCFFFEFFFEFF3AFF9BF75B16
:10F94000FFFEF7BED6BBD69BD6BCDEDCDEBCCE5AF5
:10F95000F7BEFFFFFFFFFFFFFF9FF73EE71DE71C1E
:10F96000EF5DF79EF7DEFFFFFFFFFFFFFFFFFFFFEB
:10F97000FFFFFFFFFFFFFFFFFFFFFFFFFFFFFFFF97
:10F98000FFFFFFFFFFFFFFFFFFFFFFFFFFFFFFFF87
:10F99000FFFFFFFFFFFFFFFFFFFFFFFFFFFFFFFF77
:10F9A000FFFFFFFFFFFFFFFFFFFFFFFFFFFFFFFF67
:10F9B000FFFFFFFFFFFFFFFFFFFFFFFFFFFFFFFF57
:10F9C000FFFFFFFFFFFFFFFFFFFFFFFFCEFE1A73EA
:10F9D0001A3222731A5211F119AE19EF33362B363F
:10F9E000AE3DEF7EB5D9ADD9AD98D6BCFFFFF7BF20
:10F9F000BEDE755C53F653D53AF23AF243544B747B
:10FA00004BB56CDA6CDA6CDA751B7D1B74DA7D3BF6
:10FA10007D3A751B751B855B8D9BE79FFFFFFFDFA5
:10FA2000C63AB5F9F7BFFFFFFFFFFFFFFFFFFFFF7C
:10FA3000D6BC8CB67414A578EF5EFFFFFFFFFFFF06
:10FA4000DEFC9D99A5DC9D59528C314741A8312798
:10FA500029062906292631472106418772885AEE50
:10FA600052CD18C420E5316731A8420A4A6C4A8C4D
:10FA70004A8C4A6C424B3A0A39C931A831883167FD
:10FA800031673167316731673167314631473167F7
:10FA90004187D49120C418A528E62926314731266C
:10FAA00029053126290631473126396739674187CB
:10FAB0003106A3AEFE56E553394749E9838F83AF3C
:10FAC0007B4E5A4A7B4E8BB09411626B628B838F54
:10FAD0005A4A93F0B4F3C5F7FFFFEF7DFFFFFFFF36
:10FAE000FFFFFFFFFFFFBDF994B79413ACB4CDD86F
:10FAF000D619CD98CD97E67B834E8125A9E7B2072D
:10FB000081A7BD12E6FBFFFFAE5C54362AF222B19C
:10FB1000229122B122B12AD02AAF3B4F64F12A6E42
:10FB200032EE2A4B4B6F538E328C43B03AF03AD0C0
:10FB30003ACF3AEF3AAF42AF4ACF52CF5B1074326E
:10FB400063705ACF84D164118D9396148DD39E33F4
:10FB5000B6B5BED5D737FFF9FFF9FFF9F7B9AD361E
:10FB6000E6FAFFDBFF9BFFFEFFDCFF5AFF7BF73A65
:10FB7000DE9ACE7BCE7BD6BBDEDCD69BC63ACE3AB7
:10FB8000DE9BEF3DF7BEF77EE6FCDEDCE73CF79D53
:10FB9000FFDEFFDEFFFFFFFFFFFFFFFFFFFFFFFFB7
:10FBA000FFFFFFFFFFFFFFFFFFFFFFFFFFFFFFFF65
:10FBB000FFFFFFFFFFFFFFFFFFFFFFFFFFFFFFFF55
:10FBC000FFFFFFFFFFFFFFFFFFFFFFFFFFFFFFFF45
:10FBD000FFFFFFFFFFFFFFFFFFFFFFFFFFFFFFFF35
:10FBE000FFFFFFFFFFFFFFFFFFFFFFFFFFFFFFFF25
:10FBF000FFFFFFFFFFFFFFFFFFFFFFFF74DA1A5257
:10FC00001A521A531A32225219EF225143B83BB8F2
:10FC1000A61CEF9EB5F9B5D9AD98CEBCFFFFF7BFD6
:10FC2000D73F7D7D53F753D53AF23AF24B7453B533
:10FC300053D66CFB751B74FB7D3B7D3B74DA7D1BDF
:10FC4000857B7D3B7D3A857B8D9BEFBFFFFFFFDF93
:10FC5000C63AB5D9F7BEFFFFFFFFFFFFFFFFFFFF6B
:10FC6000FFFFFFFFDF1D94F774149D37E71DFFFFB3
:10FC7000FFFFEF7EADB98C96845452AD41EA3168F6
:10FC800028E62906292628E520C5292641E829460F
:10FC900018A420E529262947316739A839C939A987
:10FCA0003188316729262106290629262926292671
:10FCB0002906290629062906210529052906108471
:10FCC0006A6AFDD549A8290631473147314731468F
:10FCD000290631263126396739473967418749A8CE
:10FCE00041A8AC0FFE36FE3672AB3967836E8BD0FF
:10FCF0008BD05A2A730D838F93F07B6E5A0A93F13F
:10FD00006AABA492F77DDEBAF7BEF7BEF79EFFFF9F
:10FD1000FFFFFFFFFFFF8C538C968C348390BD1543
:10FD20007A4A5167ACB4F6BD9412490569A7816659
:10FD3000B40FDE5662CBF77DFFFFDF7E9E1B64B8FB
:10FD4000335422B22AD222B1226F3B705C91222D11
:10FD500032EE222B5C1042ED32CC54713B103AD083
:10FD60003B30433053B063F05B704AF052D07C9329
:10FD70005AF0635085537CF2A6348DD38DD39E33D5
:10FD8000AE95CF16BEF6EFD8FFF9FFF9FFF9A4F450
:10FD90009C74D699FF7BEED9CE18CE39E6DADEDB3D
:10FDA000C63ACE5AD69BD6BBC65ABE19C63ACE7AEA
:10FDB000CE3ACE1AD67AD69ADEBBE75CF7BDFFFE06
:10FDC000FFFEFFFEFFFFFFFFFFFFFFFFFFFFFFFF45
:10FDD000FFFFFFFFFFFFFFFFFFFFFFFFFFFFFFFF33
:10FDE000FFFFFFFFFFFFFFFFFFFFFFFFFFFFFFFF23
:10FDF000FFFFFFFFFFFFFFFFFFFFFFFFFFFFFFFF13
:10FE0000FFFFFFFFFFFFFFFFFFFFFFFFFFFFFFFF02
:10FE1000FFFFFFFFFFFFFFFFFFFFFFFFFFFFFFFFF2
:10FE2000FFFFFFFFFFFFFFFFFFFFB65C22D522931E
:10FE3000229422B41A73229419CF19EF43973B9757
:10FE40007D1BEF7FB5D8ADB9AD99CE9BFFFFF7BF56
:10FE5000E79F8DBD53F64B95433343534B7453B5D6
:10FE600053D674FB751B74FB7D3B7D5B751B7D1B43
:10FE70007D5B7D3B7D3B857B95DCF7DFFFFFFFFFF7
:10FE8000C65AB5D9F79EFFFFFFFFFFFFFFFFFFFF39
:10FE9000FFFFFFFFFFFFFFFFE73DA558741494D657
:10FEA000D6DCF7BED63AAD5894B69538AE3D8CF751
:10FEB0003168292720C52906316820E51883188371
:10FEC0001883188318841883188318831884188358
:10FED000188418A418A4210629262926292629468B
:10FEE000292629062926292629262906312618A465
:10FEF0009B8EFE566A6A20E531473126312631262F
:10FF000029063126394749E949E95A4A6ACC732D0D
:10FF1000732EBC50FED9FF5BBC2F3947730D836E27
:10FF200072ED49A85A2A7B2D93F08BCF51E8ACB3E0
:10FF300094118BAFCE17CDF7E6FBE71CEF7DFFFFEB
:10FF4000FFFFFFFFFFFFBDD89CD594F77C3483B142
:10FF500089E859884105B4949B8F816641057249AF
:10FF6000BC8F9C2F526B8BF0FFBEFFFFFFFFC71EA5
:10FF70003B96229222B222921A5043B25431220D61
:10FF8000330E2A2B6451324C3B0D54513B514BD113
:10FF900054315C706CD175319E139DD36BD16BF273
:10FFA00073F25B307C926B9084D28DD396138DF379
:10FFB000A674D756CF16DF77F7F8FFF9F7D9A4F470
:10FFC0009C94A536B5B7ACF5AD36AD57B5B8BDF90F
:10FFD000C63ACE7ACE7ABE19CE99DF3BE75BDEFA1F
:10FFE000D6DADEDBDEBBD6BBE73CFFFDFFFDFFFE66
:10FFF000FFFEFFFEFFFEFFFFFFFFFFFFFFFFFFFF14
:020000040803EF
:10000000FFFFFFFFFFFFFFFFFFFFFFFFFFFFFFFF00
:10001000FFFFFFFFFFFFFFFFFFFFFFFFFFFFFFFFF0
:10002000FFFFFFFFFFFFFFFFFFFFFFFFFFFFFFFFE0
:10003000FFFFFFFFFFFFFFFFFFFFFFFFFFFFFFFFD0
:10004000FFFFFFFFFFFFFFFFFFFFFFFFFFFFFFFFC0
:10005000FFFFFFFFFFFFFFFFEFBF53F82AD422B4DB
:1000600022B422732AB42AB4221022313B775C587E
:10007000C6BBF79DE71BDEF5DED3EF7BFFDDEF9E12
:10008000F7DF95FE541753D54B734B734B945BF6C8
:100090005C177D5C753B751B7D5B7D3B74FA74FB67
:1000A000751B7D5B7D3B857C9DFCFFDFFFFFFFFFBC
:1000B000CE7BB5D9F79EFFFFFFFFFFFFFFFFFFFFDE
:1000C000FFFFFFFFFFFFFFFFFFFFFFFFEF7EAD9989
:1000D0007C14AD37D63BD63BCDFAB55894959517E1
:1000E000633041EA39C939EA20E618A418A4188314
:1000F0001083188418A418A418A418A420C520C517
:1001000029062926292631672947314729473147BA
:10011000292629262926292629263147316728E537
:10012000CCD1FE56936D20E53987398841A85A6BAA
:1001300049E939884A097B6F6AED730D7B6F7B4E05
:10014000732EC4B1FF5BFFFDD53339466AAB730D27
:100150009C316A8B624A8BCFC594C5B55A2993F0FE
:10016000838E72ED9C31ACD2AD13BD75E73DFFFFC0
:10017000FFFFFFFFFFFFFFFFFFFFE6FC8CD694F6BB
:10018000832E83F373506105510681E882CAC44C03
:1001900092C741C8734E62AC9452FFFFF7DF751BE4
:1001A00022B52293229222711A0F4BF343B1222ED1
:1001B00032EE2A2B6C9129EA3B2E549254715CB199
:1001C0005CB15CB064B15C908573BEB6BEB58D1297
:1001D000743274526BD15ACF5AF06BB084D18DB354
:1001E000A674DF96DF97DF77FFF9FFF9E73894739E
:1001F0009C94B5B7B597AD16B577D699DEFAD6BA51
:10020000D6DACE7ABE59DF3AE77AF7DBF7DBE73B9F
:10021000F7BCFFDDF79CDEFBDEFBEF5CF7BDF7DE36
:10022000FFFEFFDEFFFEFFFFFFFFFFFFFFFFFFFF01
:10023000FFFFFFFFFFFFFFFFFFFFFFFFFFFFFFFFCE
:10024000FFFFFFFFFFFFFFFFFFFFFFFFFFFFFFFFBE
:10025000FFFFFFFFFFFFFFFFFFFFFFFFFFFFFFFFAE
:10026000FFFFFFFFFFFFFFFFFFFFFFFFFFFFFFFF9E
:10027000FFFFFFFFFFFFFFFFFFFFFFFFFFFFFFFF8E
:10028000FFFFFFFFFFFFFFFF9DDC43B83B5622B49B
:1002900022B422B4229333152A712A7143D85439D7
:1002A000D6FBFFFCFFFFFFD9F70AF72FFFBAF7BD18
:1002B000FFFFAE7E5C3853D54B744B7353945C1682
:1002C00064577D7C7D5C751B7D5C7D3B6CBA74FBEB
:1002D0007D1B7D3B7D3B857C9DFCFFFFFFFFFFFF82
:1002E000CE9BB5D9EF7EFFFFFFFFFFFFFFFFFFFFB4
:1002F000FFFFFFFFFFFFFFFFFFFFFFFFFFFFFFFF0E
:10030000CDF9CDFBCDFAD65CDE9DC5B9BD98D63B07
:10031000A53773D2422B20C518A418A4188320E651
:1003200020E6188318A418A418A418A420C5292608
:100330003147290631473167314731473147314726
:10034000292631473167316739673967312639677F
:10035000ED73FE15C47039A8526B5AAC732D7B8FA8
:10036000628B418849E97B4E6ACC6ACC7B4E730D27
:100370009431EDF6E658AD14BD136A499410A47299
:10038000ACD37B2D624A7B2EA471BD346ACB834EE5
:100390007B2D72ED9C31A4B2A491A4B1D67AFFFF5B
:1003A000FFFFFFFFFFFFFFFFFFFFFFFFBDF872EC46
:1003B0008B6C93CE9C518B2C932AABCBC40AA34954
:1003C000418631676AEC732E5A8BAD149E3D22F63E
:1003D0001AB522932271224F19EE54333B31220E6B
:1003E0002AAD2A4C6C91218A438F5CF25CB15C91FE
:1003F00064D164B064D06CF06CF0B675CF17DF7662
:10040000BE347CD3635063105B305B105ACE630EF6
:100410008CF2BE76B635CF17F7D8FFFAD697A51669
:10042000BDB8C659B576B556C618E75AFFFCFFFCED
:10043000E75BCED9EF9AF7BAF7BBFFDBF7DCFFFC3F
:10044000FFFCFFFDFFFDEF7CE73BE73CEF5CEF7D52
:10045000F7BDF7DEFFFEFFFFFFFFFFFFFFFFFFFF20
:10046000FFFFFFFFFFFFFFFFFFFFFFFFFFFFFFFF9C
:10047000FFFFFFFFFFFFFFFFFFFFFFFFFFFFFFFF8C
:10048000FFFFFFFFFFFFFFFFFFFFFFFFFFFFFFFF7C
:10049000FFFFFFFFFFFFFFFFFFFFFFFFFFFFFFFF6C
:1004A000FFFFFFFFFFFFFFFFFFFFFFFFFFFFFFFF5C
:1004B000FFFFFFFFFFFFFFFF74FB4C1843B72AD479
:1004C000331533562AD433152A92225143D8545A1D
:1004D00064BAD6AFFF6EF778F753EEC7F754FFBD97
:1004E000FFFEBEDF5C5853B54B744B7453B45C16BF
:1004F00064577D7C7D5C751B7D7C7D3B6C9A74FBB9
:100500007D1B7D1B7D3B857C9DFCFFFFFFFFFFFF6F
:10051000D6BBB5D9EF7EFFFFFFFFFFFFFFFFFFFF59
:10052000FFFFFFFFFFFFFFFFFFFFFFFFFFFFDE9B60
:10053000D63BCDFAD65CD65CD67CC5DAC61BBDDA16
:10054000D67D633028E6290620C518A418C531CB0E
:1005500018C5188318A418A418A420C42947316703
:100560002947290631473147294731473147316704
:10057000314639883987314739884A0941E9624A21
:10058000FDF5FE16E533522A6B0D734E734E734E16
:1005900062CC418849A87B4E62AC7B6E7B4E72ED8B
:1005A000ACF3B491B4D3E6B9FFBCABEF6AEC9410F2
:1005B000836E834D728B6ACC834EA45272CC7B0DBA
:1005C0006AAC6ACC9C31A492A4B29C71B576FFDF70
:1005D000FFFFFFFFFFFFFFFFFFFFFFFFFFDF734E88
:1005E00051C76A4882A893099B299B2872673146A4
:1005F00020E5290541E86AED6B0E62AC4B53545A75
:10060000541A2AF51A51220E19CD54742A8F220D2C
:100610002A6D328D64712149434F54935CB15CD192
:1006200064D16CF064CF6D0F6CCF8D91E777DF37BD
:10063000F7D8C67563716331633063306351630FFC
:100640006B506B718413DF77E798FFFAEF7CFFFF45
:10065000FFFFFFFFC5D8B5B8D6BAF7BBEFBCDF3A8E
:10066000DF39EFBAF7BBFFFBFFFBFFDBFFFCFFFD52
:10067000FFFDFFFDF7BDE71BEF9CEF7CEFBDF7BD76
:10068000EF9DF79EFFBFFFDFFFFFFFFFFFFFFFFFB5
:10069000FFFFFFFFFFFFFFFFFFFFFFFFFFFFFFFF6A
:1006A000FFFFFFFFFFFFFFFFFFFFFFFFFFFFFFFF5A
:1006B000FFFFFFFFFFFFFFFFFFFFFFFFFFFFFFFF4A
:1006C000FFFFFFFFFFFFFFFFFFFFFFFFFFFFFFFF3A
:1006D000FFFFFFFFFFFFFFFFFFFFFFFFFFFFFFFF2A
:1006E000FFFFFFFFFFFFFFFFBE9D3BB84C1832F33B
:1006F0003B3443B83B5633362A912A503B77541942
:1007000064BB6CFACE29FF25FF2AF707FF4EFFDBFB
:10071000FFFDE77E6CBA53B54B734B7353B55C1654
:1007200064377D5C859C7D5B7D7C7D3B6CBA74FB16
:100730007D3B7D1B7D1B857C9DFDFFDFFFFFFFFF5C
:10074000D6DCB5D9EF5DFFFFFFFFFFFFFFFFFFFF27
:10075000FFFFFFFFFFFFFFFFFFFFFFFFEF5DEF1D4D
:10076000F77EEF3DDE9CD65CDE7CBD78D65CC5FABC
:10077000BDB973713168210620C518C429472126E7
:100780001883188318A420C518A429263167316757
:100790003147290631673147314731673147316782
:1007A0002926398841E94A0A6B0D7B6E526B7ACB58
:1007B000FE97FED9FDB472CC6B0D734E732E734E43
:1007C0007B8E416741A87B4E628B9410A4B27B4E16
:1007D000730DC513FFFEFFBDFF9DE574624A8B8F4D
:1007E000836E834E82EB626B7B2D9C31626B72ED6C
:1007F000628C62AC9C319C719C719C719452F7DF4D
:10080000FFFFFFFFFFFFFFFFFFFFFFFFFFFFDEDB3D
:1008100049E92905290631263125292620E52926F9
:10082000316629052926524A6AED6B0E62CC95790C
:100830005C9C1A941A5119EE220D4C3321EC220CB7
:10084000222C42EE5C11194929EB3B504BF25452D9
:100850005CB06D306D0F6CEF750F6CEFB674EF9789
:10086000DF57F7D8B5F56351635163516B516B5145
:100870007C327BF17350ADB4EFD8F7BAEF7FFFFF56
:10088000FFFFF7BFEF5EC619DEDAE75BCEB9EF9A7E
:10089000F7DBF7DBF7DBFFFBFFFBFFFCFFFCFFFDFC
:1008A000FFFDFFFDE6FBDEDBE75CEF9CEF9DF7DD88
:1008B000FFFEFFDFFFDFFFFFFFFFFFFFFFFFFFFF89
:1008C000FFFFFFFFFFFFFFFFFFFFFFFFFFFFFFFF38
:1008D000FFFFFFFFFFFFFFFFFFFFFFFFFFFFFFFF28
:1008E000FFFFFFFFFFFFFFFFFFFFFFFFFFFFFFFF18
:1008F000FFFFFFFFFFFFFFFFFFFFFFFFFFFFFFFF08
:10090000FFFFFFFFFFFFFFFFFFFFFFFFFFFFFFFFF7
:10091000FFFFFFFFFFFFFFFFF7DF5C9A4BF9331488
:1009200032F343D843B83B972A922A7143B7545ABB
:100930006D1B64BB5C18A570BDCCBE0ECE91CEB74E
:10094000D6FCCEFD74FA53D54B744B7453B55C167C
:1009500064377D7C859C7D5C7D5C7D3B74FB751B79
:100960007D5B7D3B74FA857CA61DF7DFFFFFFFFFF3
:10097000DEFCB5D9EF5DFFFFFFFFFFFFFFFFFFFFCD
:10098000FFFFFFFFFFFFFFFFFFFFF7BEEF3DFFDFB2
:10099000FFBEFFFFF79EE6DDCDD9C5B9D63BCE3B06
:1009A000B5586B51318920C520E5210620E518A4F2
:1009B00018A418A4210520C518C429473167316738
:1009C000314729063167314731473167314741A8FF
:1009D00039A86B0D6B2E5AAC734E734E4A2A934D49
:1009E000FEB8F73BFE36936D7B8E8BF0732D732E26
:1009F000734E416741887B4E6AAB72EC8BCF7B2D87
:100A0000836EEE78FFDDFF7CFFBDFE98830C836E66
:100A1000834E834E9B8D5A2A72ED93F1626B6ACCA2
:100A2000628B628B9C319C319C51A49183F1EFBF0E
:100A3000FFFFFFFFFFFFFFFFFFFFFFFFFFFFFFFFC6
:100A40009CD4396731253126292629052926316686
:100A500031673146290531675AAB6AED6B2D5ACDA6
:100A600022B31A521A0F19AC2A8E43F2196A21EBDB
:100A700021EA4B4F4B6F214929AA3AAC326C3AEF2D
:100A80004BD15C706CEF6D0F750E750F7510CEF558
:100A9000EFB8E798E77873D36B726B926B926B71D8
:100AA0008432A5558C148472B5D4D6DADF1FF7DFF3
:100AB000FFFFEF9FE77FEF7EE73DCED9F7BAFFFB61
:100AC000F7BBFFFBFFFBFFFBF7DBF7DBFFFCFFFCEC
:100AD000FFFCF7BCD69BDF3CDF1CDEDCEF7DFFDEDE
:100AE000FFFFFFFFFFFFFFFFFFFFFFFFFFFFFFFF16
:100AF000FFFFFFFFFFFFFFFFFFFFFFFFFFFFFFFF06
:100B0000FFFFFFFFFFFFFFFFFFFFFFFFFFFFFFFFF5
:100B1000FFFFFFFFFFFFFFFFFFFFFFFFFFFFFFFFE5
:100B2000FFFFFFFFFFFFFFFFFFFFFFFFFFFFFFFFD5
:100B3000FFFFFFFFFFFFFFFFFFFFFFFFFFFFFFFFC5
:100B4000FFFFFFFFFFFFFFFFFFFFA63D4BF93B55F8
:100B50002AB243B74BD843B82A922A704BB85C7A72
:100B60006CDB5C7A4BB64376437653F8755E64DB98
:100B70006CFC755D649953D54B944B9453B55BF6FF
:100B800064377D7C859D7D5C7D7C7D3B74FB753B06
:100B90007D5C7D3B74FB857C9E1DF7DFFFFFFFFFC7
:100BA000DF1CB5D9E73DFFFFFFFFFFFFFFFFFFFFA2
:100BB000FFFFFFFFFFFFFFFFFFFFEF3DFFDFFFDF57
:100BC000FFFFFFDEFFBEEF3CC578DE7CCE1BC5DA43
:100BD000CE3B6B92316820E52106210518A420C583
:100BE00020E520E5210620E520E5314731673988F9
:100BF000316729063147292731674A2A526B62CC6F
:100C00004A2A738E6B0D5A6B6B2D8BF05AACABEE80
:100C1000FF7BFFFDFF1ACCB162CC7B4E730D732DB1
:100C20007B4E49C84988836E6AAB72CC7B2D72ECCF
:100C30008B8EEE57FF9CFF9DFFBDFF3AABEE7B0D09
:100C4000832D938EAC0F59E96AAC8BAF5A4A62ABD5
:100C50005A6B628B9C319C318BF0A4927B6ED69B3D
:100C6000FFFFFFFFFFFFFFFFFFFFFFFFFFFFFFFF94
:100C7000EF7E62ED31253126312629263166316736
:100C800031673167314629054A095AAC62ED732D47
:100C90004A6C11EF19CD196B32F03B71196A21CAF8
:100CA00019A953B042CD216929AA324B3A8C6C3034
:100CB0005C504B6F5C1064AF750E750F750F8571CE
:100CC000E777EFB8DF387BF36B9373D37BF473D3A1
:100CD00084549D3483D2ADB6A558ADBBD6FFF7BFC3
:100CE000FFDFF7BFE75FEF9FE73FCE7BF79AF7BBEA
:100CF000EF9AF7DBFFFBF7DBE73BF7BBFFFCFFFC03
:100D0000FFFCE73BD6BBDEFCD6BBDEDCF79EFFDF9D
:100D1000FFFFFFFFFFDFFFFFFFFFFFFFFFFFFFFF03
:100D2000FFFFFFFFFFFFFFFFFFFFFFFFFFFFFFFFD3
:100D3000FFFFFFFFFFFFFFFFFFFFFFFFFFFFFFFFC3
:100D4000FFFFFFFFFFFFFFFFFFFFFFFFFFFFFFFFB3
:100D5000FFFFFFFFFFFFFFFFFFFFFFFFFFFFFFFFA3
:100D6000FFFFFFFFFFFFFFFFFFFFFFFFFFFFFFFF93
:100D7000FFFFFFFFFFFFFFFFFFFFEFBF5C7A3B5569
:100D80002AB24BF84C1943772A712A5043B75C5A60
:100D90005C9A5C594BB553B54B7453F67D7D751C0D
:100DA000753C7D7D6C9953B54B744B7353B55BF6B5
:100DB00064177D5C85BD7D5C857C7D5C74FB753BCB
:100DC0007D3C7D3B74FA857C9E1DF7DFFFFFFFFFB6
:100DD000E73DB5D9E71DFFFFFFFFFFFFFFFFFFFF67
:100DE000FFFFFFFFFFFFFFFFF77DF79EF77EFFDFAF
:100DF000FFFFFF9EFF9DEF3CCDB9DE5CD63BCE1AD8
:100E0000D67C73B23A0B3188290620E518A429272D
:100E1000316820E5210620E520E531473167398832
:100E20003147292641C94A09524A6B4D734E62AC7B
:100E30004A2A7B8E6B2D5A6B6B0D7B8E524A934DDB
:100E4000CD95BDB6C575C470626B732D730D732DD2
:100E5000836E624A51E88B8F72CC7B0D8B6E7B0D5B
:100E6000938EE657FFBDFFBDFFBDFF9CCCD172CC7A
:100E70009B6EB430D4F25A096A8B838F5209628B0D
:100E80005A4A628B9C319C31838F9C71734DAD3576
:100E9000FFFFFFFFFFFFFFFFFFFFFFFFFFFFFFFF62
:100EA000FFFFB59741E92905312631663167316782
:100EB00031673167316729253146526A5A8B6B0D8C
:100EC000732D422C19CE196B43B132EF194A21CA46
:100ED00021A95410322B216929AA538E6C906C5091
:100EE0005BCF426E53905C2F750E750E7D2F752F64
:100EF000A613D717C6B673917C147C158435843538
:100F000094F69D35B598FFFFFFFFEF9FE73FFFFF8A
:100F1000FFFFF79FF7DFE75FC67DD6BDEF7CF7DB0E
:100F2000F7BCF7BBEF9AE75ABDD9E73AFFFBFFFBE7
:100F3000DEDACE3AD65ADEDBE71CF77EF7BEF7BE26
:100F4000FFFFFFDFFFFFFFFFFFFFFFFFFFFFFFFFD1
:100F5000FFFFFFFFFFFFFFFFFFFFFFFFFFFFFFFFA1
:100F6000FFFFFFFFFFFFFFFFFFFFFFFFFFFFFFFF91
:100F7000FFFFFFFFFFFFFFFFFFFFFFFFFFFFFFFF81
:100F8000FFFFFFFFFFFFFFFFFFFFFFFFFFFFFFFF71
:100F9000FFFFFFFFFFFFFFFFFFFFFFFFFFFFFFFF61
:100FA000FFFFFFFFFFFFFFFFFFFFFFFFA61D333522
:100FB00032B243763B3432B22A912A5043765C5A9D
:100FC0005C9A5C7A4BB64B95435453F77D5D751C28
:100FD000751C7D7D6CBA53B54B534B5353B45BD6E4
:100FE0005C167D3C85BD7D5C857C7D5C74FB753BC2
:100FF0007D5C7D5C751B7D5B9DFDF7DFFFFFFFFF6B
:10100000E75DB5F9E73DFFFFFFFFFFFFFFFFFFFFD4
:10101000FFFFFFFFFFFFFFDFEF3DFFDFF77EFFDF9B
:10102000FF9DF75CFF7DF73CCD98DE7CDE5CD65CF7
:10103000DE7C843552F029472105294739CA318998
:1010400031A920E5210620E52105294631874A0AF4
:1010500041E939A85AAC524A526B6B2D7B6E62CC77
:101060004A096B0D526A41A8522A524A41C89BAEA6
:10107000CDF6DE37E698EE169B8E6AED7B2D7B2D46
:101080008BAF72CC6A4A93CF830D8B2D93AF830DB8
:10109000A430FF5BFFFEFFBDF75CF73BD4F27AAAFA
:1010A00061E76A28934C51A75A296AEC49A85A6B00
:1010B000520962AC94119C317B4E8BF083AF9472D9
:1010C000F79EFFFFFFFFFFFFFFFFFFFFFFFFFFFF99
:1010D000FFFFF79E7BB13967314631673167316772
:1010E0003167316731673146290541E9526B5A8BC7
:1010F0006B0D6B0D3A4D222E32EF2A4D1989218945
:1011000021A9541029AA218929EA4B4D2A0A538D75
:101110005BCF4A6E5AF0534E752F7D2F7D4F8570F1
:10112000B653CED5D6F673D295567BF38C968C9665
:1011300094B6C679FFFFFFDFFFDFFFFFFFFFEF5F22
:10114000EF7FCE9EE73EEF7FF79FFFDFF7BEF7DB37
:10115000FFFCFFFCDEDAB577BE19E71AFFFBDF1AEA
:10116000CE19D67AD69BEF5DF7BEF7BEF7BEFFDF8E
:10117000FFFFFFFFFFFFFFFFFFFFFFFFFFFFFFFF7F
:10118000FFFFFFFFFFFFFFFFFFFFFFFFFFFFFFFF6F
:10119000FFFFFFFFFFFFFFFFFFFFFFFFFFFFFFFF5F
:1011A000FFFFFFFFFFFFFFFFFFFFFFFFFFFFFFFF4F
:1011B000FFFFFFFFFFFFFFFFFFFFFFFFFFFFFFFF3F
:1011C000FFFFFFFFFFFFFFFFFFFFFFFFFFFFFFFF2F
:1011D000FFFFFFFFFFFFFFFFFFFFFFFFEFBF53F822
:1011E0002A9132D232B132912A712A714BB764BB43
:1011F00064BB5C7A43754375437453D66D1C6CFBBA
:10120000751C7D5D6CBA53D54B744B5353B55BF66F
:101210005C177D3B85BD7D5C857C857C751B7D3B3E
:101220007D5C7D5C7D1B7D3C95DCF7DFFFFFFFFF78
:10123000EF9EA578A557EF7EFFFFFFFFFFFFFFFFA3
:10124000FFFFFFFFFFFFF75DFFFFE71CF7BEFFFF9C
:10125000FF9DFFBEF75DEEFCD5D9DE7BCDD9BD7815
:10126000BD7894964A8E20E539C9531029473188B4
:10127000318820C4290620C4290639A84A4A630DAA
:10128000526A41C95AAC4A0A524A6B2D62EC4A0969
:1012900039885A6B5A6B49E9732D7B6E626BE55343
:1012A000FFDDFF9CFF9CFF5BDD1272ED836E834EC2
:1012B00093AF8B2D7AABA4108B4D9B8EA41082EC38
:1012C000BCF3FFFEE6FAE6DAD6178B8D518530A126
:1012D00020401800180028812061392541465A6BAA
:1012E00049C96ACC8BF094117B2E7B4E9C718C117A
:1012F000E6FBFFFFFFFFFFFFFFFFFFFFFFFFFFFF1B
:10130000FFFFFFFFBDD852AD31463167316731670E
:10131000316731673167316729263166526A524A2F
:101320005A8B6B0D62EC326D228F2A6E2A6D21EB87
:10133000324C5C302169298929AA29AA328B74F19F
:10134000532E426E5AF05B6E7CD0534C750F752F46
:10135000AE52FFF7DEF673F29555735084139D3746
:10136000ADB7CE9BF7BFF7BFFFFFFFDFFFFFF79FD4
:10137000DEFBCE79EF7EFFFFFFFFF7DFF7DFE75CF5
:10138000DF5AFFDCFFFCD6FAADB8CE79E73BE71BAE
:10139000E6FBE6FCEF7DFFDFF7BEFFBEFFDFFFFFF2
:1013A000FFFFFFFFFFFFFFFFFFFFFFFFFFFFFFFF4D
:1013B000FFFFFFFFFFFFFFFFFFFFFFFFFFFFFFFF3D
:1013C000FFFFFFFFFFFFFFFFFFFFFFFFFFFFFFFF2D
:1013D000FFFFFFFFFFFFFFFFFFFFFFFFFFFFFFFF1D
:1013E000FFFFFFFFFFFFFFFFFFFFFFFFFFFFFFFF0D
:1013F000FFFFFFFFFFFFFFFFD73FDF5FEF9FF7DF3D
:10140000FFFFFFFFFFFFFFFFFFFFFFFFFFFF7D1A53
:101410002A7032B1329132B23291329153F86CFC6F
:1014200064BB5C7A4B954B9543544B956CDB64BB2A
:101430006CFB7D5D6CDA53D553944B5353B55BF61F
:101440005C177D3B85BD7D5C7D7C7D7C7D3B7D1B14
:101450007D5C7D5C7D1B7D5C8D9CF7DFFFFFFFFF6E
:10146000F79EBDF9A5579D17C65BF79EFFFFFFFFCF
:10147000FFFFFFFFF7BEE6DBB4519A8A92CCB4516E
:10148000ABAFCDB7F73DE6BBBD16DE9BF79EEF3D9C
:10149000D65C94B6318831885B30318818A43188A5
:1014A000294720C4292620E531674209526B62EDA5
:1014B000528B39C85AAC4A0A4A295AAC5AAB4A2A02
:1014C0004A097B6E6B0D52097B4E836E6A8BDD740D
:1014D000FF9DFF7CFF7CFF9CFE379B8E9BAF9BCFCD
:1014E0009BCF9B8E8B2DAC319B8EABF0AC108B0DBC
:1014F000D5D6D637EEFABD7439032000286130A363
:1015000038E472AB622838A230A228A239255229C9
:1015100041A86ACC83AF9411730D6ACCA4D39452C2
:10152000D659FFFFFFFFFFFFFFFFFFFFFFFFFFFF9A
:10153000FFFFFFFFF79E7BF2420A3146318731679A
:101540003167316731673167316629054A09526A67
:10155000524A5A8B6B0E5AAC2AAE2AAE2A8D2A8D6D
:1015600032CE432D2169298929AA29AA3AAB7D11B6
:101570004ACD424D424D5B6D6C2E426B52EC853034
:101580008550BEB3ADB4741195146B307B7194D596
:10159000AD98A517E75FDF1FE73FEF7FF7BFE75F76
:1015A000DE57EEB7F7DFFFFFFFFFF7DFF7BFEF9F75
:1015B000D71AF7DBFFFCFFFCD6FACEFAF7BCFFFD2B
:1015C000FFDEFFFEFFDFFFDFFFDFFFFFFFFFFFFFAD
:1015D000FFFFFFFFFFFFFFFFFFFFFFFFFFFFFFFF1B
:1015E000FFFFFFFFFFFFFFFFFFFFFFFFFFFFFFFF0B
:1015F000FFFFFFFFFFFFFFFFFFFFFFFFFFFFFFFFFB
:10160000FFFFFFFFFFFFFFFFFFFFFFFFFFFFFFFFEA
:10161000FFFFFFFFFFFFFFFFFFFFFFFFFFFFFFFFDA
:10162000FFFFFFFFFFFFFFFF8DFF8DDF8DBF95FFEA
:10163000A63FBEDFE77FFFFFFFFFFFFFFFFF95DD58
:1016400032913270329132D232B232B14BD76CDC3D
:1016500064BB649A4B954B7543544B956CDB6CDBC8
:10166000751C7D7D6CDA53D653944B7353B55BF682
:101670005C177D3B85BD7D5C857C7D7C7D3C7D3BB9
:101680007D5C855C7D1B857C857CDF3EFFFFFFFFED
:10169000F7BEC65AE71DF7BEC63AA558B5FAE75DCC
:1016A000FFFFFFFFF77EBD768925816648E59986B5
:1016B000B1E781C8DEBBD5D9CDD9FFFFFFFFFFFF62
:1016C000EF3E94D621064AAE424C210529262947F1
:1016D000316720E5292620E5318741E9528B62ED0B
:1016E0005A8B39A8526B42094A096B0D6B2D5A6B04
:1016F0005A6A732D6ACC5A09836E838F7ACCEDD6E1
:10170000FFBDFF7CFF7CFF9CFF5BCCD2A3CFBC71F5
:10171000AC10A3AF9B6EB430A3AEBC51B430ABEFF2
:10172000C533DE58ACF22040286141465189594802
:101730004907CDD8EF1DB514494461C67ACB4A0993
:1017400049C86ACC7B6E8BD06AEC628BBD96A4D301
:10175000C5F8FFFFFFFFFFFFFFFFFFFFFFFFFFFFDA
:10176000FFFFFFFFFFFFBDD8630E39873167316789
:101770003167316731673167316729253987526BA6
:10178000524A524A5AAC6B2E52AC2AAD2ACE32CEB5
:1017900032AE2A6D21A9298929AA29AA3AAB7CD07F
:1017A000426C320B31CA5BAD5B8D4AAB52CD955268
:1017B0005B6D749084717C728CB3737184138C75BF
:1017C00094B69495C63AE75FEF7FFFFFFFFFCEBE6A
:1017D000DF1EC67CCEDEE77FFFFFF7DFF7BFEF7EC1
:1017E000B659CF19F7DBFFFCF7DDE79CF7DDFFDD2E
:1017F000FFFEFFFEFFDEFFDFFFFFFFFFFFFFFFFF3C
:10180000FFFFFFFFFFFFFFFFFFFFFFFFFFFFFFFFE8
:10181000FFFFFFFFFFFFFFFFFFFFFFFFFFFFFFFFD8
:10182000FFFFFFFFFFFFFFFFFFFFFFFFFFFFFFFFC8
:10183000FFFFFFFFFFFFFFFFFFFFFFFFFFFFFFFFB8
:10184000FFFFFFFFFFFFFFFFFFFFFFFFFFFFFFFFA8
:10185000FFFFFFFFFFFFFFFF8DFF8DDF8DDF7D9E11
:101860007D7E755E7D5D95FECEFFF7DFFFFF8D7C93
:101870003AD232B13AD23AF232D232D24BD76CFCAF
:101880006CBB6CBB5BD75BB65BB65BB674FB7D3C7D
:101890007D3C7D7D74FB53D653944B7453B55BF6FE
:1018A0005C167D3C8DDE857C859D7D7C7D3C7D3C14
:1018B0007D5C855C7D1B8D7C8D7CB65DFFFFFFFFB5
:1018C000FFDFC65BD6BCFFFFFFFFF79EBE1A951871
:1018D000A4F5A3F0CDF8734F61676A4A5A299A08B4
:1018E00079666146AC52DE7CDEDDFFFFF7BEFFBFEE
:1018F000EF5E8454426C74143168316721062926E6
:1019000039A820E5210520E5318742095A8B5AACD8
:101910004A4B31674A2A4A094A096B0D6B0D628BA3
:101920006AAB6AED730D622A836E93AF934DEE1727
:10193000FF9DFEB9EE17F637FF1AF657B410C471C3
:10194000C491B3CFA3AEC4F5BC93BC30BC71BC3062
:10195000FF5BBD54202030A259C96A4D59895127D7
:1019600061C9C5B7EF1CEEFC7228B3AD9BCF49E946
:1019700049C96ACC732D83B05A6B628BDEBAAD3520
:10198000BD97FFFFFFFFFFFFFFFFFFFFFFFFFFFF11
:10199000FFFFFFFFFFFFF79E7BF2526C314631875E
:1019A00031673167316731673166314629254A2A07
:1019B000526B524A524A62EC732E4ACC330F32EECB
:1019C0002AAF32AF2A4D298929AA29EA3ACB7CD0FD
:1019D0003A2B3A0A31EA6C4E534C4AAB52ED8D51D8
:1019E00052ED52EE63706C1274337C5484958C9576
:1019F00094B69D169D16DEFDE77FF7DFF7BFE71F64
:101A0000FFFFE75FBE9FBE9FC6BFD73FF7DFB65A57
:101A1000BE98DF7AEFBCFFFDFFFDF7BDF7DDFFFEEF
:101A2000F7BEF7BEF7DEFFDFFFDFFFDFFFFFFFFFE1
:101A3000FFFFFFFFFFFFFFFFFFFFFFFFFFFFFFFFB6
:101A4000FFFFFFFFFFFFFFFFFFFFFFFFFFFFFFFFA6
:101A5000FFFFFFFFFFFFFFFFFFFFFFFFFFFFFFFF96
:101A6000FFFFFFFFFFFFFFFFFFFFFFFFFFFFFFFF86
:101A7000FFFFFFFFFFFFFFFFFFFFFFFFFFFFFFFF76
:101A8000FFFFFFFFFFFFFFFF85BE859E7D7E7D5D23
:101A90007D7D7D7D7D7D755D753D8DDEBE9E5BF6BC
:101AA000431343333B123AD23AF33AD253B6753C1E
:101AB00074DB7D1C6C58745863D763F78D7C8D9DE7
:101AC000857D8DBE7D1B5BF65BD553955BF66417FC
:101AD00064377D3C8DDE857D859D7D7C7D3C7D3CB8
:101AE0007D5C855C7D1B8D9C95BDA61DEFBFFFFFBA
:101AF000FFFFCE9BD69CFFFFFFFFFFFFFFFFA3F082
:101B0000894570E459E9A534EEB7FF7AFF7AEEB75C
:101B1000940F6146596793D192ABC5D8EF7EEF5DC4
:101B2000DEFD94D6957A420B316731A8210629262D
:101B300039C820C420E5210631874209526B526B17
:101B40004A2A314639A841E9522962CC6B0D6AAB69
:101B5000832D72ED834E72AB8B4DA410A3AEEE5865
:101B6000FFBDF71AE658EE16FE77FF7CD533C45159
:101B7000D4B2B3CEB493DDFBC517CCD2DD74DDD6C1
:101B8000FF9C59E7288159CA61CB514948E7724CFB
:101B9000FFDFFFDFFFFFEF1C9269F5949BAE51E979
:101BA00049C862AC6AED838F49C86B0DEF7DBDB744
:101BB000B556FFFFFFFFFFFFFFFFFFFFFFFFFFFF28
:101BC000FFFFFFFFFFFFFFFFBDB7630E39C83166A0
:101BD000316731673167316731663167290539C847
:101BE000526B526A524A526A6B2D7B4D42CD2AB0DB
:101BF0002A8F32B032D02A2D2989320A42EC7CB0A9
:101C0000320A3A0B3A0B7CF0532C4AAC5B2D8D51C7
:101C100052CD5B4D6BF16C1374137C54847594D569
:101C2000AD96BE17A575B5B8E79FE75FE73FE73FFD
:101C3000FFFFFFFFE75FAE1DB65EB67FC6BDA5F82E
:101C4000DF5AEFBBF7DDEF9DDF3CEF9DFFFEF7DDD9
:101C5000F7BDF7BEF7DEFFFFFFFFFFFFFFFFFFFF50
:101C6000FFFFFFFFFFFFFFFFFFFFFFFFFFFFFFFF84
:101C7000FFFFFFFFFFFFFFFFFFFFFFFFFFFFFFFF74
:101C8000FFFFFFFFFFFFFFFFFFFFFFFFFFFFFFFF64
:101C9000FFFFFFFFFFFFFFFFFFFFFFFFFFFFFFFF54
:101CA000FFFFFFFFFFFFFFFFFFFFFFFFFFFFFFFF44
:101CB000FFFFFFFFFFFFFFFF7D7D7D5D7D5D755DAC
:101CC0007D5D7D7D7D5D7D7D7D7D649A32F432D24A
:101CD0004312433343333AF23AF33AD35BD7855D49
:101CE000853C853C747974786C386C588D9D95BDB5
:101CF00095BD9E1E8D7C74586BF763D66C176C581F
:101D00006C587D5C8DFE857D8DBD7D7C7D3B7D3CF5
:101D1000857C855C855C8D9D95BD9DDDE77FFFFFA6
:101D2000FFFFDEFCCE7BFFFFF7BFFFFFFFFF8A8ACE
:101D300071454146C594FF79D5F5ACD1A490CDD479
:101D4000FF38DE5651A78125B1C6928BE77FEF5F42
:101D5000CE9DBE1C5B0F292641E9318720E53188E5
:101D600039C818A418A4292631884209526B4A4B55
:101D70004A2A3146316739A8628A62AB62CC72CC9A
:101D8000A3EF7B2D8B8E832D938EBC71B3EFEEB9B9
:101D9000FFDEFFBDFFDEFF7CFF1AFFBDFED9C47171
:101DA000CCB2CCD1BCB4DDFAEE78FF3AFF7CFFFDBB
:101DB000FF5B61C6492661CB514861477968BAED3E
:101DC000B431E6FBFFFFEEDBDC91FE368B4D5A09AA
:101DD00051C9628B6AEC7B4E39468C31F79ECE1826
:101DE000AD35FFFFFFFFFFFFFFFFFFFFFFFFFFFF1F
:101DF000FFFFFFFFFFFFFFFFF79E7BD1528C3146B5
:101E0000318731673167316731663167292631663D
:101E1000526B526B526B526B5A8B736E732D3AAE80
:101E20002AB032CF32F03B30322C320A4B4D749014
:101E300031CA3A0A426B8D51532C4AAB5B4E8D31FD
:101E400052CD638E638F74537C738CF4ADF6BE9762
:101E5000C6B7A5B594D49CF4C65AC65BCE7DEF7FB9
:101E6000FFDFF79FFFFFDF5E955995788D38AE79DC
:101E7000E79BEFBCEF7DD6FBDF1CF7BDFFDDF7BDB9
:101E8000EF9DF7BEFFFFFFFEFF5CFEFBFF3CFF3C4C
:101E9000FEDAFFDEFFFFFFFFFFFFFFFFFFFFFFFF99
:101EA000FFFFFFFFFFFFFFFFFFFFFFFFFFFFFFFF42
:101EB000FFFFFFFFFFFFFFFFFFFFFFFFFFFFFFFF32
:101EC000FFFFFFFFFFFFFFFFFFFFFFFFFFFFFFFF22
:101ED000FFFFFFFFFFFFFFFFFFFFFFFFFFFFFFFF12
:101EE000FFFFFFFFFFFFFFFF7D5D7D5D753D753CE3
:101EF000753D7D7E7D3C649A4B7532B1329132B135
:101F00003AD2431243333B133AD342F35BF78D9DEE
:101F10007D1C855D647964387478ADBAA63E8D9D6C
:101F200095BDA63E9DBD74786BF75BB56C17747854
:101F30007478855C95FE7D7DAE5E95DD751B7D5C60
:101F4000857D8D9D855C8D9C95BDB65EF7DFFFFF21
:101F5000FFFFE73DD6DCCE9ABD74C617B59661E9A2
:101F600038C4B4F1D65652492105212639C8420950
:101F7000526BACF2EED7A2EB816661C9A4D5B579FC
:101F8000B5BA9D174A4C292629472947290639C938
:101F900039C918A418A429263188420A528B4A4B01
:101FA0004A2B3167314631676A8A62CC62AC8B4D0D
:101FB000C491834E9BCF938E9B8EBC71B3EFDE5842
:101FC000EF1AE6B9DE57D658F77CFF9DFF9CEE5717
:101FD000F698F6D9DDB5F6B9FF9CFFBDFF9DFFBDB4
:101FE000FF5B7228510661476988A1C8DA6BE22A53
:101FF00089A8EF7DFFFFFF3CFE57EDB47AED5A094B
:1020000051C9626B6ACC6AEC3105BD96E71CD67A81
:10201000ACF4FFFFFFFFFFFFFFFFFFFFFFFFFFFF2E
:10202000FFFFFFFFFFFFFFFFFFFFB5975B0E39C804
:10203000316631673167316731663166314629056E
:102040004A095A8B526B5A6B5A6B62CC7BAF6B0D41
:10205000438F4C514BF04BF04B8F324B538D6C4FA9
:1020600031AA31EA52EC85304B0C426B63AE8D11D4
:10207000530D636E634E8D328D739DB3AE55CEF8A6
:10208000D6F7C696A55494D49CF4A515D69CEF9F7C
:10209000E75FE77FFFFFD6FC95179558A5F9C6FACD
:1020A000DF1CD6DCCEBCDF1CE77DEF9DF7BDEF9DCE
:1020B000EF9DF7DEFFBDFEBAFE59FE7AFE9AF4F4FC
:1020C000FED9FFFFFFFFFFFFFFFFFFFFFFFFFFFF47
:1020D000FFFFFFFFFFFFFFFFFFFFFFFFFFFFFFFF10
:1020E000FFFFFFFFFFFFFFFFFFFFFFFFFFFFFFFF00
:1020F000FFFFFFFFFFFFFFFFFFFFFFFFFFFFFFFFF0
:10210000FFFFFFFFFFFFFFFFFFFFFFFFFFFFFFFFDF
:10211000FFFFFFFFFFFFFFFF753D753C753D6CFC4A
:102120006CBA5C17435432B132913AD23AD23AD2B5
:102130003AF23AF23AF243133AF34B345BD78D9DBD
:102140007D5D7D7D647964589539BE1AEF9FA63E0A
:102150008D7DA61E9DBD6C38539543134B545395EE
:102160005BF67CDA8D9D7D3CB69EAE7E6CFB7D3C45
:10217000857D8D9D855C8D7C95DDEF9FFFFFFFFF4D
:10218000FFFFF79EF7BFC5F69BEC5AAB3A0A39CA78
:102190006229838D294618C420E53187526B526A23
:1021A0004A4A39C983AEE69759E97967A9C769C828
:1021B0004AAD849663702106316731882106420A50
:1021C00039E920C518A4292631884A0A5AAC526B2D
:1021D0004A4B3987314631467ACB6ACC6ACC9BAEC2
:1021E000DD3393AFA3F08B4D8B0B8B2C728A838DD9
:1021F000940FACD2D5F6CD94D594FF5BFF9DFFBD77
:10220000FFBDFFBDFF9CFF9CFF9DFF9CFF9CFFBD92
:10221000FFBDB4F38187A2097188A9E9E28BD20AD4
:1022200092EDFFFFFFFFFF1BFEB8D5127AED6209AA
:1022300051E9626B6ACC5A2A4167DEDBE6FBDEDBE2
:10224000ACF4FFFFFFFFFFFFFFFFFFFFFFFFFFFFFC
:10225000FFFFFFFFFFFFFFFFFFFFF77E7BB14A6B32
:1022600031663167316731673166316631662925FC
:1022700039875A8B526B526B5A8B5A8B6B2D83AFAB
:102280006B4D54506CF14BAF53EF434D5BCE63EF4E
:1022900031A931CA638E7CD04B0B424B6BEF84F17A
:1022A0005B2D5B2D6BD09D938D3295938D52B654E3
:1022B000DF56E757CED6BE16A535A536B598CE3A29
:1022C000D69CD6BCBE1A8C558CD695B99D98B5DADD
:1022D000C63BD6BCDF1DDF3CE77CE77DE77DEF9D9D
:1022E000EFBEFF7CFE79FE39FE9AFE99F492FDF670
:1022F000FFFFFFFFFFFFFFFFFFFFFFFFFFFFFFFFEE
:10230000FFFFFFFFFFFFFFFFFFFFFFFFFFFFFFFFDD
:10231000FFFFFFFFFFFFFFFFFFFFFFFFFFFFFFFFCD
:10232000FFFFFFFFFFFFFFFFFFFFFFFFFFFFFFFFBD
:10233000FFFFFFFFFFFFFFFFFFFFFFFFFFFFFFFFAD
:10234000FFFFFFFFFFFFFFFF753C6CBB5C384B9549
:102350003AF232B132B132D23AD23AF23AF242F2EF
:1023600042F243134B544B344B3453555BB77D5DB2
:102370007D7E859E64997498A599B5FAF7DFEF9FE5
:102380008D7D7D1C6C9A4B343AD22A703AF24334DC
:10239000435464387D3C7D3CAE5EB69E751C751C16
:1023A000859D8D9D855C855C8D9DEF9FFFFFFFFF6B
:1023B000FFFFFFFFFFFFDEDB83AEBDF88C956310F0
:1023C00062CC20E518C420E518C431874A6A4A4A1D
:1023D000526A528B39C98C30CD948166BA2881C833
:1023E0003A0B4A8D5B30318820E5292620E5422BC7
:1023F00039E918A418A429063188420A5ACC5AABE4
:102400004A4B39A8292531468B0C72EC72CCB4307A
:10241000D512830B5A2830E31861102010201000C9
:102420001000100031037B4CE678FF7CFF9CFF9C82
:10243000FF9CFF9CFF9CFF9DFF9CFFBDFFBDFFBD60
:10244000FFFEE73CB28CC1E97967C22AEA8CB9A8E1
:10245000AC72FFFFFF7DF71BFED9BC918B2D59C8D5
:102460005A2A624A62AC4126628BE6FCD69AE71C85
:10247000ACF4FFFFFFFFFFFFFFFFFFFFFFFFFFFFCA
:10248000FFFFFFFFFFFFFFFFFFFFFFFFAD765ACD0E
:1024900039A7316731673167316631663166294660
:1024A0002926524A5A8B5A8B5A8B5A8B5A8B7B8EBF
:1024B0007B8F6BAD646F4B8F53CE4B8D6C8F5B6D91
:1024C00031CA31CA6C0F746F4AEB422B742F84D01F
:1024D0005B4D5ACD7C50953373D08D7185308551CD
:1024E000CEF5E757D717CED6BE16A556B5B7C5F960
:1024F000CE1AB57894D69D379D78957894D7B5DB6C
:10250000DEDDE75DD6FCD6FCE77CEF9DEF9DEFBD01
:10251000F71AFDD7FE18FE59FE38F451F4F3F7DE32
:10252000F79EF7BEFFDEFFFFFFFFFFFFFFFFFFFF8E
:10253000FFFFFFFFFFFFFFFFFFFFFFFFFFFFFFFFAB
:10254000FFFFFFFFFFFFFFFFFFFFFFFFFFFFFFFF9B
:10255000FFFFFFFFFFFFFFFFFFFFFFFFFFFFFFFF8B
:10256000FFFFFFFFFFFFFFFFFFFFFFFFFFFFFFFF7B
:10257000FFFFFFFFFFFFFFFF53D6431332B132913E
:1025800032B13AD23AD23AF23AD242F34B134B54E6
:1025900053955BF76438539653345B9653B67D3D41
:1025A0007D7E85BF6CBA8CF9A599BE1AF7BFFFFF77
:1025B000B67E4BD84BB742F442D232913B134B75A7
:1025C00053B574DA95FE8D9DA63EBEBF7D5D7D3C04
:1025D000859D859D857D7D3C855DC6BEFFFFFFFF9A
:1025E000FFFFFFFFFFFFFFFFFFFFFFFF9D3763714F
:1025F00041E918C418E418E418C439C8526B4A4AAF
:10260000524B524B526B41E9B5328B6D6188496731
:10261000316820C54A6C632F2947294720C5424BA2
:10262000420A18A418A42106318742095ACC5ACC70
:10263000526B41E929053166930C7AEC830D8B2CA2
:1026400020C200000800186228E53947390638E53D
:1026500030E4522830E338C2E698FFDEFF9CFFBD2D
:10266000FFBCFF9CFF9CFFBDFFBDFFBDFFBDFFBDCD
:10267000FFFEE73C9A0AE28CDB50EB50F2ED91C88A
:10268000DEFCFFFFF71BF75CF657BC718AEC51A824
:10269000624B626B5A2A30A4AD35BD96DE9AEF7D4F
:1026A000AD15FFFFFFFFFFFFFFFFFFFFFFFFFFFF76
:1026B000FFFFFFFFFFFFFFFFFFFFFFFFEF5D6B90DF
:1026C000422A3146316731673166316631663146BB
:1026D000290541E95A8B5A8B5A8B5A8B5A8B62ECDB
:1026E0007B6F838F5B2C4BAE53AE538D5BEE42AB57
:1026F00031EA31CA7C9063EE4AAB422B7C7084D0C5
:102700005B4D52AD8CB18CF2528D5B4D8510853195
:10271000AE34E757DF37BE76BE96B636BE18C61A59
:10272000D67BBDF9A5789D1694F69598A517D6DCAD
:10273000EF7EDF3DDF3CE77DEFBDEFBDF7BEF7DEAF
:10274000FF5CF6DAF6DAF69AF514F4F3F77DEF9E0D
:10275000EF5DEF7EF79EFFDFFFFFFFFFFFFFFFFF55
:10276000FFFFFFFFFFFFFFFFFFFFFFFFFFFFFFFF79
:10277000FFFFFFFFFFFFFFFFFFFFFFFFFFFFFFFF69
:10278000FFFFFFFFFFFFFFFFFFFFFFFFFFFFFFFF59
:10279000FFFFFFFFFFFFFFFFFFFFFFFFFFFFFFFF49
:1027A000FFFFFFFFFFFFFFFF329132B132B132D1A5
:1027B0003AD23AF23AF242F2431353545BB65BF721
:1027C0006418641864185BB6531453555BD77D5D69
:1027D000857E8DDF9DDCB5F9B5D9BE1AF7BFFFFF49
:1027E000F7DF95BD4BD84B554B133AD243544BB5FD
:1027F00053D674DA95FE8DBDA63EB69F7D5D7D3CB9
:10280000859D857D857D7D5C7D1C9E1EFFFFFFFF78
:10281000FFFFFFFFFFFFFFFFFFFFEF7D7C744ACE4E
:10282000210520E518C418C418E44209526A524B25
:10283000524B524B526B4A2A732C9CF46BD2424C33
:102840003A0B39EA318863716391422B20C5422BE0
:102850004A2B20C420C420E5316741E95ACC62CC20
:10286000526B4A0A29053946930C9B8E31040800A5
:1028700000003106494851EC524E51CB51485108A5
:102880004106D67AD6189BADF6B8FFDDFFBDFFBD79
:10289000FFBDFFBDFFBDFFBDFFBDFFBDFFBDFFDD38
:1028A000FFDDFFDE92CDFBB1FC34FBB1B1EA7A8BE8
:1028B000F77DFFBDFF5BFF9DE5D6BC717229620904
:1028C0006A8B5A2A5209B555EF5D7B6EE71CEF3DC6
:1028D000B535FFFFFFFFFFFFFFFFFFFFFFFFFFFF1C
:1028E000FFFFFFFFFFFFFFFFFFFFFFFFFFFFA5153C
:1028F0004A6C3187316731663166316631663146FF
:10290000290539875A8B5A8B5A8B5A8B5A8B5A8B7B
:10291000730DD659AD3552EB538D4B6C538C53AD73
:102920003A4B31EA84F05BAD4A8C424B84B17CB0C7
:102930005B0D5ACD95326BAF4A6C74108D11853199
:102940009DB2D716E757CED6D6F7DF58DF39D6DA9D
:10295000CE7BBE19ADB8A5379D37A5F9C63AE73D80
:10296000E77DDF5DDF5DEF9DEF9DEFBDF7BDF7DE3E
:10297000FFFEF7FEF7FEEFBDEF9DF7BDEF9EEF7D8B
:10298000EF7DF79EF7BEFFDFFFFFFFFFFFFFFFFFBB
:10299000FFFFFFFFFFFFFFFFFFFFFFFFFFFFFFFF47
:1029A000FFFFFFFFFFFFFFFFFFFFFFFFFFFFFFFF37
:1029B000FFFFFFFFFFFFFFFFFFFFFFFFFFFFFFFF27
:1029C000FFFFFFFFFFFFFFFFFFFFFFFFFFFFFFFF17
:1029D000FFFFFFFFFFFFFFFF32B132D13AD13AD103
:1029E0003AD13AF24B34539553B65BD75BF75BF76A
:1029F00053D753D75BF753B653344AD35376855DD9
:102A0000647A5C7A8D3ABE19B5F9B61AEF9FFFFF6A
:102A1000F7BFF7BF74FB4B75535442F24B7453D658
:102A200053D66CBA95FF95DEB67EB69F7D5D7D3C34
:102A30007D7D7D5D7D5D7D7D6C796C58E79FFFFFC1
:102A4000FFFFFFFFFFFFFFFFBDF84A6B4ACE422B9F
:102A500020E518E418C418C421054A4A524A524BCA
:102A6000524B524B524B524B526B7391B5799D174F
:102A70006BD252EF3A0B635073F352CE210639EA10
:102A80004A8C1063108420E5294739C85AAC5AACE7
:102A90005A8B4A4B2926396651A720A200000841CB
:102AA00049CB59CB41284149416A490740C6830E69
:102AB000DE9AEF7DFFFFFFDDFF9DFFBDFFBDFFBD88
:102AC000FFBDFFBDFFBDFFBDFFBDFFDDFFDDFFDDC6
:102AD000FFBDFFFFACB391A9CB2FBB2E936EBD54AE
:102AE000F6FAFF5BFF1BFF3BD5749B6D61E86A4AFA
:102AF0005A09730DDEDBFFFFBD96628BFFBEEF3C14
:102B0000B555FFFFFFFFFFFFFFFFFFFFFFFFFFFFC9
:102B1000FFFFFFFFFFFFFFDFFFFFFFFFFFFFE6FC01
:102B200062ED39E9314631673166316631663146E9
:102B300029253146526B5A8B5A8B5AAB62AC62AC28
:102B40005A6AAD35DEBA93F0A4B28C70849163ED0D
:102B5000536D422B8531534C426C4A6C8D11746F0E
:102B60005B0D4A4C84F184D18D327C717C717C90F8
:102B700084F1C6B5DF57D717DF58EF99EF9AEF7B8F
:102B8000E73CC67AADD9A578ADD8CEBBD6BBE77D3C
:102B9000E77DDF3DE77DE79DEFBDEFBDF7BDF7BE0C
:102BA000F7DEF7BDF7BDFFFEFFFEFFDEFFDEFFDE57
:102BB000F7BEF7BEF79EFFDEFFFFFFFFFFFFFFFF41
:102BC000FFFFFFFFFFFFFFFFFFFFFFFFFFFFFFFF15
:102BD000FFFFFFFFFFFFFFFFFFFFFFFFFFFFFFFF05
:102BE000FFFFFFFFFFFFFFFFFFFFFFFFFFFFFFFFF5
:102BF000FFFFFFFFFFFFFFFFFFFFFFFFFFFFFFFFE5
:102C0000FFFFFFFFFFFFFFFF32D13AD13AD13AD2A7
:102C10003AF34B955BF75C185BF753D753D753D612
:102C20004BB64BD753D74354327121AE29EF643999
:102C30004377437732F453B58D18BE3AF7DFFFFF81
:102C4000EF9FFFFFC6BE539653954B5353B55BF7AB
:102C50005BF66CBA95FE95FED73FB69E7D5D74FC23
:102C6000753C753C753C7D7D6C784B338CD7E71D8E
:102C7000FFFFFFFFFFFFF7DF52AC39EA4ACE4A8D74
:102C800020E418C418C418C42966526B524B524B26
:102C9000524B524B526B524A528C8CD784546B4ECF
:102CA0004A6B424C52EE74346B91422B290631A888
:102CB00052AD6A6A49A7188429263188528B5A8BEB
:102CC000524A4A4B39873105186100003986522B28
:102CD00049AB412839074107496951277127D4D4A5
:102CE000D619EF3DFFFFFFBDFFDDFFDDFFDDFFDD9F
:102CF000FFDDFFBDFFDDFFDDFFDDFFDDFFDDFFDD14
:102D0000FFDDFFFEEF3BA471D617EF5BFFFEFFBDBB
:102D1000FEFAFE99FE78EDB5D4F39B6E6A096A4A15
:102D20009C72F7BEFFFFF79E9431730DFFFFE6FC28
:102D3000B556FFFFFFFFFFFFFFFFFFFFFFFFFFFF96
:102D4000FFFFFFFFFFFFFFDFFFFFFFFFFFDFFFFFD3
:102D50008C73422A31673167316731673167314699
:102D600029263126524A62AC62AC62AC62CC62CC9B
:102D700062AC6AEE83B0732E83B09C31B535BD95DD
:102D80005B8D4AAC8D714AEB4A6C4A8C957263AE8E
:102D9000426B63CEA63384D15B2E528D7C917C50E6
:102DA0006B4F9512D737DF37D717EF99EFBBEF9CF3
:102DB000F7BCEF9CCEBAC67AD6FBD71CDEFCEF9EE2
:102DC000EF7EDF5DDF5DEFBDF7DDF7DDF7DEFFFEF8
:102DD000FFDDFFFDFFFEFFFEFFFEFFFEFFFEFFFF2C
:102DE000FFFEFFFEFFDEFFDEFFFFFFFFFFFFFFFF37
:102DF000FFFFFFFFFFFFFFFFFFFFFFFFFFFFFFFFE3
:102E0000FFFFFFFFFFFFFFFFFFFFFFFFFFFFFFFFD2
:102E1000FFFFFFFFFFFFFFFFFFFFFFFFFFFFFFFFC2
:102E2000FFFFFFFFFFFFFFFFFFFFFFFFFFFFFFFFB2
:102E3000FFFFFFFFFFFFFFFF3AD13B134B754B95A1
:102E40004BB653B65BD75BF753D653D653D753D74E
:102E50004BB63B142A7119AE196D196C116D32B451
:102E60004BB743973B142AB22AB34B75C69DFFFF5D
:102E7000F7BFFFFFF7DF749853954B534B9553D62D
:102E80004BB564798DBEBEBFEF9F9E1E6D1C6CBBA3
:102E90006CDB6CDB751C7D7E74DB4B545B939CD6CA
:102EA000AD78DF1DF7BE73B039EA422B63B54A6DCA
:102EB00018C418C418C418C439A8526B524B524BCA
:102EC000524B524B526B4A2A6B6F5B3031A85B0EF0
:102ED0008C73BDF994D57C7552CE39EA20E5522A1F
:102EE00052CEC470FE16522918C531474A2A526B79
:102EF0004A2A4A0A31671041186110209CD46ACDD1
:102F000030A6390740E5512651287968D24BE24B6B
:102F10007968DF1CFFFFFFDDFFDDFFDDFFDDFFDD8B
:102F2000FFDDFFDDFFDDFFDDFFDDFFDDFFDDFFDDC1
:102F3000FFDDFFDDFFDDFFFFFFFEFF7CFEDAFE7839
:102F4000FE58FE37FE37E513F658BCD369A8836EEA
:102F5000FFFFFFFFFFFFE71C730D9431FFFFDE9AB9
:102F6000BD96FFFFFFFFFFFFFFFFFFFFFFFFFFFF1C
:102F7000FFFFFFFFFFFFFFDFFFFFFFFFFFDFFFFFA1
:102F8000B5D9526C39C831663187396739673967C5
:102F900031473147522A62CC62AD62CD6ACD6ACDEB
:102FA0006AED6ACD72EE732E628C49CA5A6C9CB37C
:102FB0004AAC530D7D30426B4A8C4AAC95926C4EB4
:102FC00084F084D095724A8C52CD5AED84D27C50D4
:102FD0006B4F7C519D93C696CF17E799F7DCF7BCF2
:102FE000F7BCF7DCF7DDF7BDE79DD71CDF1CEF9ED4
:102FF000F7BEE75DE75DF7DDFFDDF7BDFFDEFFFD57
:10300000FFDDFFFEFFFEFFFEFFFEFFFEFFFEFFFEF9
:10301000F7DEFFDEFFFFFFFFFFFFFFFFFFFFFFFF0A
:10302000FFFFFFFFFFFFFFFFFFFFFFFFFFFFFFFFB0
:10303000FFFFFFFFFFFFFFFFFFFFFFFFFFFFFFFFA0
:10304000FFFFFFFFFFFFFFFFFFFFFFFFFFFFFFFF90
:10305000FFFFFFFFFFFFFFFFFFFFFFFFFFFFFFFF80
:10306000FFFFFFFFFFFFFFFF4B754BB653D74BB67C
:103070004B9643553B3543964BB753D74BB63B1412
:103080002210116D19CE2A5121EF198D19AE22523D
:1030900043774BB832F432D32A7119F033358D7C33
:1030A000D73FFFFFFFFFA59A4B75433343544B9522
:1030B000437553F7A63EF7DFEFBF7D3C4BF953D87E
:1030C00053F953F95C3A6CDC6CBA53B64B5394B574
:1030D0008C7584555AEE420A420B5B3253104A8D6E
:1030E00018A418E518C418C441E9526B524B524B4E
:1030F000524B524B526B4A2A6B708473D69BF7BF6C
:10310000DF1DCE7A84747C7539C939C92906AC3083
:103110005B0E8B4DDD128B2C18A4290639C8526B1F
:103120004A2A39C8314720A3186118419CF562CD5D
:10313000286440E5918791A861268988DA4BE24BA3
:1031400081E9E73DFFFFFFDDFFDDFFDDFFDDFFDDA7
:10315000FFDDFFDDFFDDFFDDFFDDFFDEFFDEFFDE8C
:10316000FFDDFFDDFFBDFF9CFF7CFEDAFE78FE7910
:10317000FE78FE99FE78FE78FFBEAC9261A79C3186
:10318000FFFFFFFFFFFF9C734167CE38FFFFD67A3A
:10319000C618FFFFFFFFFFFFFFFFFFFFFFFFFFFF5F
:1031A000FFFFFFFFFFFFFFFFFFDFFFFFFFDFF7BFB7
:1031B000BE5C62EE41E939873988398839883968D7
:1031C00039673947520A6ACD6ACD6ACD6AED6AED30
:1031D0006AED730E6ACD838FACF3BD54AD335BAE35
:1031E00039EA63AE6C4E39EB426C740F95D16C4F7B
:1031F0005B0E634F9D73632F5AED630E84F27C90D8
:103200007C528D1384728CD29D14C657EF7BF7BC11
:10321000F7DCFFFDFFFDFFFDEFBDDEDBDEFCEF7D3C
:10322000F7DEE75DE73CF7DDFFDEF7DDFFDDFFFD05
:10323000FFDDFFFEFFFEFFFEFFFEFFFEFFFEFFDEE7
:10324000F7BEFFDEFFDEFFFFFFFFFFFFFFFFFFFF19
:10325000FFFFFFFFFFFFFFFFFFFFFFFFFFFFFFFF7E
:10326000FFFFFFFFFFFFFFFFFFFFFFFFFFFFFFFF6E
:10327000FFFFFFFFFFFFFFFFFFFFFFFFFFFFFFFF5E
:10328000FFFFFFFFFFFFFFFFFFFFFFFFFFFFFFFF4E
:10329000FFFFFFFFFFFFFFFF4BB64B954B754375DD
:1032A0005BF684F764365BF553D632D319EF118E93
:1032B00019CF22312A72223119F0198E198E1A1261
:1032C0002A933B563B1432922210223033153B573F
:1032D0005C39A63EE77FC65B745632B23B1343753A
:1032E0004B556438DF7FFFFFDF5F649A4398435795
:1032F0004378435843584BB9543953D7541894F72B
:1033000094D65B0F4A6C4A6C424C296831A9424BF7
:1033100018A318E418C420E54209524B524B524BF3
:10332000524B524B526B4A2A6370DF3DFFFFEF7ED8
:10333000D6BBB5B87C756BB1292731A941A8CD138F
:1033400052EE936DF5D4ABEF18C520C43167524BE4
:103350004A2A41C93988624A828A20218BF19432F3
:103360003042A1A8DA0AD20AA20ACA6CE26CDA0ACE
:10337000820AF7BEFFFEFFDDFFDEFFDDFFDDFFDEC1
:10338000FFDEFFDEFFDEFFDEFFDEFFDEFFDEFFDE55
:10339000FFDDFFDDFFBDFFBDFF9DFF7CFF3BFF3B72
:1033A000FF3BFF3BFF5BFF3BFFFEB4D361E89C515B
:1033B000FFDFEF7EAD574188732EEF7DFFFFCE39E3
:1033C000DEBBFFFFFFFFFFFFFFFFFFFFFFFFFFFF72
:1033D000FFFFFFFFFFDFFFFFFFFFFFFFFFDFEF7ECE
:1033E000B63C8C9662AC398841A841A841A9418875
:1033F00041684168520A6ACD6ACD6AED6AED6AEDAC
:10340000730E62AC838FEED8F6F8DE36D5F46B6DB2
:1034100031CA5BED532C5B6E84F18D5174CF39EA68
:103420004A6C73F095535ACE62EE73D095548491E2
:1034300073D08D12845294F29494ACF6C599DEFB4D
:10344000EF7CEF5CF79DF7DDF7BDDEFCE73CEF9D21
:10345000F7DEEF9DEF7DF79DFFFEF7BDF7BCFFFDAB
:10346000F7DDFFFDFFFEFFFEFFFEFFFEFFFEF7DEC6
:10347000F79EFFDEFFDEFFFFFFFFFFFFFFFFFFFF07
:10348000FFFFFFFFFFFFFFFFFFFFFFFFFFFFFFFF4C
:10349000FFFFFFFFFFFFFFFFFFFFFFFFFFFFFFFF3C
:1034A000FFFFFFFFFFFFFFFFFFFFFFFFFFFFFFFF2C
:1034B000FFFFFFFFFFFFFFFFFFFFFFFFFFFFFFFF1C
:1034C000FFFFFFFFFFFFFFFF53F74BB64B953B3569
:1034D000ADF9FFFEF7BDF7BCC6B7220F22313B1591
:1034E0003B362AD422311A1019F021CF19AE2A7393
:1034F0002A9332B42A932A712A712A723B364BB826
:1035000043974BF974FB8519A5785BB43AF353954F
:103510004B759D9BFFFFFFFFC6DF4BF94398437739
:1035200043984BD9543A5C7B5439437664BBF7DFFC
:1035300094B4422B420B52CE52AD20E4426C39C9B6
:1035400018A318E518C421054A2A4A4A524B524B7F
:10355000524B524B526B4A2A6350D6DCFFFFEF9E10
:10356000D6DC94F67C75424B3168318849E9E5D563
:10357000737072ECFE15D4D141A818A42926420A12
:103580004A0A41E93988626BFD96D451A3B0D69BB3
:103590005147C1A8C9EAEB10FB71F350F370D22B6D
:1035A0008B2EFFFFFFBDFFBDFFBDFFDDFFDDFFDE9B
:1035B000FFDEFFDEFFDEFFDEFFDEFFBDFFFFFFFE03
:1035C000FFDEFFDDFFBDFFBDFF9DFF9DFF7CFF7C9C
:1035D000FF7CFF7CFF9DFF9CFFFFA4716A29838F06
:1035E000B5B99CF762AD522AA4D4FFFFFFFFD67A8B
:1035F000F77EFFFFFFFFFFFFFFFFFFFFFFFFFFFF64
:10360000FFFFFFFFFFFFFFFFFFFFFFFFFFDFE75EA3
:10361000B63D84D98C125A4B418949C949C941895F
:103620004188418849E962AC6ACD6ACD6ACD6AEDCC
:103630005A6C83AEFF7AD636628BA4918BEF62AB65
:1036400031C974AF8D51746F426B5B6D640D422A4A
:10365000424B740F7C90632E8CD28CD38CD384110C
:103660007C318D3484529D33ACD5BDB8D69ADF3CC5
:10367000D67ACE7AD6BBD6BBE75CDF1CE71CF79DBB
:10368000F7BEF79DEF5DE71CE75CF7DDF7DDFFFEBA
:10369000F7DDFFFDFFFEFFFEFFDEFFFEFFDEEF7E3C
:1036A000F7BEFFDEFFDEFFFEFFFFFFFFFFFFFFFFB6
:1036B000FFFFFFFFFFFFFFFFFFFFFFFFFFFFFFFF1A
:1036C000FFFFFFFFFFFFFFFFFFFFFFFFFFFFFFFF0A
:1036D000FFFFFFFFFFFFFFFFFFFFFFFFFFFFFFFFFA
:1036E000FFFFFFFFFFFFFFFFFFFFFFFFFFFFFFFFEA
:1036F000FFFFFFFFFFFFFFFF4B964BB63B35747795
:10370000FFFDFFDDEF9D9F3D967A4BB843B84377B1
:103710003B36331533152A932251225121F02A7258
:1037200032D432D42A92223022302A923B5643B8E5
:10373000437743974BB73B345BB48CD74B753B1403
:103740004B75B61BFFFFD73F8DBE541943974BB83F
:10375000543A5C5A543A543A4BD83B355C7BB63CAD
:103760005ACD420A8C947C13212629463A2B29886B
:1037700018A418E418C429464A2A4A4A524B524B04
:10378000524B524B526B4A2A5B0ED6DCFFFFF7BE00
:10379000CE7A847573F339A839A931473167F6D9E0
:1037A0008C32730DFDF4ED536AED210618A339C870
:1037B0004A0A41E949C93988C4D3FEB9F5B6EF3D93
:1037C0007B8F7084FAF0FB72F371FB50EB0F710684
:1037D000ACF4FFFFFF7CFF9DFFBDFFBDFFBDFFDD24
:1037E000FFDEFFDEFFDEFFFEFFBDFF1AEF1BFFFF68
:1037F000FFDEFFDDFFDDFFDDFFBDFFBDFFBDFFBD68
:10380000FFBDFFBDFFBDFFBDFFFE93CF6A4A8BD05A
:1038100083F2730E62AD8BF0E6FCFFFFFFFFEF5DFE
:10382000FFFFFFFFFFFFFFFFFFFFFFFFFFFFFFFFA8
:10383000FFFFFFFFFFFFFFFFFFFFFFFFFFDFE75E71
:10384000ADDB6BB46AACA4316AAD41894189418872
:103850004188398841A85A6B62CC62CC62AC524B29
:103860008BAEFF79D615628B5A8B8C10C574424A89
:103870006C4E85704ACB2989298963EE5B8C422B7B
:1038800039EA744F9DF38D126BAF73B094F38C7261
:1038900094D295158C73AD95BDD8D6BAD6BAD6FB51
:1038A000CE7AD69ADEDBDEBBE75CDF1CE75CEF9D01
:1038B000F7BEF79EEF5DD69AD6BBEF9CF7BCEF7CC8
:1038C000EF5CEF7DEF7DEF5DEF5DEF7DE75DEF5D41
:1038D000EFBEF7DEF7DEFFDEFFFFFFFFFFFFFFFFBC
:1038E000FFFFFFFFFFFFFFFFFFFFFFFFFFFFFFFFE8
:1038F000FFFFFFFFFFFFFFFFFFFFFFFFFFFFFFFFD8
:10390000FFFFFFFFFFFFFFFFFFFFFFFFFFFFFFFFC7
:10391000FFFFFFFFFFFFFFFFFFFFFFFFFFFFFFFFB7
:10392000FFFFFFFFFFFFFFFF43752A9242B1DF1B3E
:10393000C77E9F1D6EBD6EDD7519437843B74397F3
:103940003B563B5633362AD42AD42AB322522A7203
:103950002A922A512A512A302A512A9232F43315B6
:103960002AB42AB33B1532D219CE3AB195187497BE
:103970005BF7ADFBFFFFD73F6CFC543943B843778F
:1039800043784BB94BD9541A4BF943754C3A5352BF
:1039900039C99D36FFFFD6BB31A82105428D31C9FB
:1039A000188318E418C431674A2A4A4A524B524BCA
:1039B000524B524B526B524A52CDD6DBFFFFFFDFC8
:1039C000AD9874345AEE39A939C931672927DE57C1
:1039D000BDB662EDF5D4FDD59BF13A0C10423146EF
:1039E0004A2A41C95A4B31477B6EFF1AFE99FEBAEB
:1039F000F7BE6AAB99AAE2D0D2CEBB0EA36EACD210
:103A0000EEFAFF7CFF7CFF7CFF9DFF9DFFBDFFDD8D
:103A1000FFDDFFDEFFDEFFFEFF9CFF1AFF9CFFFEC7
:103A2000FFDEFFDEFFDEFFDEFFDEFFDDFFDDFFDDB1
:103A3000FFDDFFDDFFDDFFDDFFFE832D6A4AA4927F
:103A40009CD57BF29CB3D69AFFFFFFFFFFFFFFFFE1
:103A5000FFFFFFFFFFFFFFFFFFFFFFFFFFFFFFFF76
:103A6000FFFFFFFFFFFFFFFFFFFFFFDFF7BEE77F67
:103A700084345A2A6A4A5A2B9BCF938E5A2A31474A
:103A80003127312731474A0A4A2A4A0962ABACF248
:103A9000FFBAD63662AB62AC6B0D6B2DB533842F9B
:103AA0005C0C74AF29893A0A31CA642E530C422B3C
:103AB0006C0FA6347C9152AD5ACD73F18CD394F235
:103AC0009CD3AD57AD77BE37CE3ACE59C639D6FA6C
:103AD000CE59D67ADEDBDF1CEF7DE73CE75CEF7D7D
:103AE000F7BEF7BDE73CDF1BDEFBDEFBDEDBDEDB2C
:103AF000DEFBE75DE75DE73DE75DE77EE75DE75D10
:103B0000EFBEF7BEF7BEF7DFFFFFFFFFFFFFFFFFD0
:103B1000FFFFFFFFFFFFFFFFFFFFFFFFFFFFFFFFB5
:103B2000FFFFFFFFFFFFFFFFFFFFFFFFFFFFFFFFA5
:103B3000FFFFFFFFFFFFFFFFFFFFFFFFFFFFFFFF95
:103B4000FFFFFFFFFFFFFFFFFFFFFFFFFFFFFFFF85
:103B5000FFFFFFFFFFFFFFFF11CE1A3075D976FE82
:103B6000569D569D66DDAEB94BB743B84BD843B8AA
:103B700043974397439733362AF522732232221113
:103B800022102A512A7222302230221022512293EE
:103B9000227222721A5211CF19CE11AE4312BE3BBD
:103BA000BE3ABE3AB69F859D6CDB543943773B568F
:103BB00043984BD94BFA5CBC547A437653B7526C5A
:103BC000428E759FBEBEFFFF843210A4531029673A
:103BD00018A318C418C431874A4A4A4A524B524B58
:103BE000524B524B526B524A52ACCEBBFFFFF79E28
:103BF0008CB663704A4A31A839E939A839E9732D7E
:103C0000F71A6B90E553FE77C4924AF018A418A4F3
:103C100041E939A85A4B49C93167E658FF1BFEDA1A
:103C2000DE18E6FC7B8E8B4DCD95E6B9FF7CFF9CC4
:103C3000FF3BFF1BFF1BFF1BFF5CFF9DFFBDFFBD8D
:103C4000FFDDFFDEFFDEFFDEFFDDFFBDFFFEFFDE8F
:103C5000FFDEFFDEFFDEFFDEFFDEFFDEFFDEFFDE7C
:103C6000FFDDFFDDFFDDFFFEF77C726A6A8BA4D308
:103C7000B576B555DEDBFFDFFFFFFFFFFFFFFFFF80
:103C8000FFFFFFFFFFFFFFFFFFFFFFFFFFDFFFFF64
:103C9000FFFFFFFFFFFFF7DFFFFFFFFFFFFFCEBDCF
:103CA0006B0FB3CC7AAA396849C97ACBAC2EA42E53
:103CB00072EB520941C849E8734DACF2EEF8FFDBF4
:103CC000C5B462AB5AAB62CC62CC62CC7B6EBD1326
:103CD0005B2B6C6F29893A0A31CA642D63EE84F13B
:103CE000742F95526B8F5AEE632E7C3295139D3351
:103CF000AD36BDF9BD98CE79C639C618C639D6DA03
:103D0000CE7ADF1BE75CE73CEF7CE73CE75CEF7DCE
:103D1000EF7DE77DEF9DE73CDEFBDF1BDEFBE71B76
:103D2000E71CE75DE75DE75DEF7DEF7DE75DE75D64
:103D3000EF7EF7BEF7BEFFFFFFFFFFFFFFFFFFFFB6
:103D4000FFFFFFFFFFFFFFFFFFFFFFFFFFFFFFFF83
:103D5000FFFFFFFFFFFFFFFFFFFFFFFFFFFFFFFF73
:103D6000FFFFFFFFFFFFFFFFFFFFFFFFFFFFFFFF63
:103D7000FFFFFFFFFFFFFFFFFFFFFFFFFFFFFFFF53
:103D8000FFFFFFFFFFFFFFFF53D7CEFCD7FECF7D26
:103D9000871D56BDAF5A74B83BB84BF84BD843B7E4
:103DA000439743973B7633152AD4229322522252CB
:103DB00019F021F019CF116D114C114C11CF1A517E
:103DC0001A3112111A1111AE118D19CE19EF435477
:103DD000ADDAC67AE77F857D4C1954393B773315C8
:103DE0003B7743984BD9543B4BF93B555B7252ACF4
:103DF00064794C9E5D1F84F7420910834AEF2126A7
:103E000018A418C418A43187524B524B524B524B32
:103E1000524B524B526B524A528CCE7AFFFFC65ACB
:103E20006BD34A6C422A3188420A4A4A4A4B188468
:103E3000836D94F5BC92FE56F5F593F1316710420F
:103E4000292539A849E9628C51C893F0FF3BFEDA75
:103E5000F678EE17FEFAFF1BFF3BFEDAFE99FE78BE
:103E6000FE79FE79FE99FEBAFF1BFF7CFFBDFFBD08
:103E7000FFDDFFDDFFDEFFDEFFDEFFFEFFDEFFDE3C
:103E8000FFDEFFDEFFDEFFDEFFDEFFDEFFDEFFDE4A
:103E9000FFDDFFDDFFBDFFFED67859C872CC8BF089
:103EA000E71CDEDBFFFFFFFFFFFFFFFFFFFFFFFF62
:103EB000FFFFFFFFFFFFFFDFFFFFFFFFFFFFF77DBC
:103EC000DE99EF7DFFFFFFFFF79ECE398C1162CDAB
:103ED0005A298B2A398831263988314741667288B8
:103EE0009B6AABCBB3EBAB89BC8EF6D7DE568BEFC0
:103EF0005A8B62AC62CC62CC62CC62CC524AACD2FD
:103F0000A5124B2C29A931C93A2A7D0F7CF05B2ED2
:103F100052AD9D936B8F632F6B2F84739D94A5750A
:103F2000AD36C5F9CDF9CE99BDF8BDD8C639DF3B60
:103F3000E73BDF1BDEDBE75CE75CE73CE77DDF3C84
:103F4000D71CE75CEF5DEF7DEF7DE73CE71BE71CEF
:103F5000E71CE75CE75DE75DE75DE75DE75DE75D83
:103F6000EF7EF7BEF7DEFFFFFFFFFFFFFFFFFFFF64
:103F7000FFFFFFFFFFFFFFFFFFFFFFFFFFFFFFFF51
:103F8000FFFFFFFFFFFFFFFFFFFFFFFFFFFFFFFF41
:103F9000FFFFFFFFFFFFFFFFFFFFFFFFFFFFFFFF31
:103FA000FFFFFFFFFFFFFFFFFFFFFFFFFFFFFFFF21
:103FB000FFFFFFFFFFFFFFFF6499AE1AC67BDF1C08
:103FC00086BC86DC959843D94BF84BF84BF843B741
:103FD00043B73B763B563B563B5633352AD42A9360
:103FE00022722A7221EF19CF19AE116E096D096E76
:103FF00011F01A311A522231220F19EF2A702AB306
:104000003B14A599FFFFEFBF6CBA54394BF92AD482
:1040100032D532F633163B1732D63AD363716BF48E
:10402000643764584356212620E42126531018C4CF
:1040300018C418C418C43187524B524B524B524BC0
:10404000524B524B526B524A528CC65AFFDF8CD69F
:104050005B504A2A420A39A94A4B528C41E9292627
:1040600018844A6CB515F5F5ED54FD339BD04AD054
:10407000318828E4290541A87AABD534FEDAFE99C7
:10408000FEFBFF5CFE58FE38FE38FE38FE38FE1799
:10409000FE17FE58FE99FEDAFF7CFF9DFFBDFFDD97
:1040A000FFDDFFDEFFDEFFDEFFDDFFDDFFDDFFDE2C
:1040B000FFDEFFDEFFDEFFDEFFDEFFDEFFDDFFDD1A
:1040C000FFDDFFDDFFBDFFFE9C92516772EC72ECDD
:1040D000E71BDEFBFFFFFFFFFFFFFFFFFFDFFFFF31
:1040E000FFFFFFFFFFFFFFFFFFFFDEFBA4B3BD12DB
:1040F000F6F8DE57A4D3945283D06AED6B0D524A82
:1041000039875A08398731463126398731462105A2
:104110002905396649A651E6416539663146314679
:1041200041C841C841C84A09524A5A6B5A8B83AFA9
:10413000C5B53A0A29A9530C746F7D0F424B52CD75
:1041400073F2A5F5634F5AEE7C319D959D948412D0
:10415000A4F5CE9ACE19C679BDF8C659D6FADF3B7A
:10416000CE59CE7AD69BDF1CE77DEF9DDF5CCEDBA0
:10417000D6FBDF1CE75DF7DDFFFEEF7DE75CE75D6B
:10418000E75DE75DE75DE77DE79DE77DE77DEF7E46
:10419000F7BEFFDEFFFEFFFFFFFFFFFFFFFFFFFF9A
:1041A000FFFFFFFFFFFFFFFFFFFFFFFFFFFFFFFF1F
:1041B000FFFFFFFFFFFFFFFFFFFFFFFFFFFFFFFF0F
:1041C000FFFFFFFFFFFFFFFFFFFFFFFFFFFFFFFFFF
:1041D000FFFFFFFFFFFFFFFFFFFFFFFFFFFFFFFFEF
:1041E000FFFFFFFFFFFFFFFF43D83B9843984BF8CB
:1041F0005C5964795419541954194BF84BD84BB77E
:1042000043B7439743973B7743973B763B3533150B
:1042100032D42A9222521A1019CF19F019F011CF64
:1042200011D01A31227322922251222F22502AB207
:104230002AB23314CEFEFFFFA65E545A4C193B77C8
:10424000331632F632D632F622534AF27C137476A3
:10425000B511BD3139C9322D3A9043134AEF18A335
:1042600018C418C418C43167524B524B524B524BAE
:10427000524B524B526B524A4A6BC65ACE9B6BD32F
:1042800052CE4A4B39C9422A528C528C39C9318795
:1042900020E520E562EDC594FEF9E595CD1352CEFB
:1042A000316820E4310520E582EBFEFAFEDAFE9962
:1042B000FEB9FE79FDF7FDF7FDD7FDF7FE17FE58B5
:1042C000FEB9FEDAFF1BFF7CFF9DFFBDFFBDFFDDDA
:1042D000FFDDFFDDFFDDFFDEFFFEFFFFFFFFFFFE77
:1042E000FFFEFFDEFFDEFFDEFFDDFFDDFFDDFFDDCA
:1042F000FFDDFFBDFFFEE6FB8C33518772CC5A4ACF
:10430000C5D6F7BEEF5DFFFFFFFFFFFFFFFFFFFF1B
:10431000FFDFEF5DD69AAD55736E522849E75A49D3
:104320009C2FFF59CDD462CC732E734E6B2D41E977
:10433000316649C73987314641E929253146316718
:10434000314629262926292629463146316739A7AB
:104350003987398739A741E84A295A6B62CC6B0DF6
:10436000BD3383CF42EB5B6D426B6C8E428C4AACAB
:104370005B4E95936BD095538CD28D3484F28C32F6
:10438000B5B7C659C619D6FACEBACEB9DF3AEF7B61
:10439000E71BE73BDF1BDF3CE77DCEDBDF5BDF5C62
:1043A000D6FCD6FCE75CF7DDFFFEFFDEEF7DEF9D80
:1043B000EF9DEF9DEFBDEFBDEFBEEFBEEF9EF7DED1
:1043C000FFFFFFFFFFFFFFFFFFFFFFFFFFFFFFFFFD
:1043D000FFFFFFFFFFFFFFFFFFFFFFFFFFFFFFFFED
:1043E000FFFFFFFFFFFFFFFFFFFFFFFFFFFFFFFFDD
:1043F000FFFFFFFFFFFFFFFFFFFFFFFFFFFFFFFFCD
:10440000FFFFFFFFFFFFFFFFFFFFFFFFFFFFFFFFBC
:10441000FFFFFFFFFFFFFFFF4BF84BF84BF854196E
:1044200053F954195C3954395439543954195419BD
:10443000541954194BF84BD843B7439743973B76DD
:104440003B353B1532D322922272227222311A312D
:1044500019F1229333152AD32271223022502AB225
:104460002A921A303314CEFEF7DFC6DE64BB3B77E8
:104470002AD52AB42A732AB522535B727C758475B7
:10448000A44FA3EC427032F93B394B98426C18832D
:1044900018E418C418C43187526B524A524A524B1E
:1044A000524B524B524B524B526B94B58C954AAD7A
:1044B00052CD420A39A9528C52AC526B422A3187F2
:1044C00020A420E5108418A46B0CD617FF1A6ACB21
:1044D000294739C841C831677ACBFED9FEDAFEB91F
:1044E000FE58FD96FD76FDB6FE38FE58FE99FEDAC2
:1044F000FF1BFF5BFF7CFF9DFFBDFFBDFFBDFFDD21
:10450000FFDDFFFEFFFEFFBDEF1AE637DD54D4D21C
:10451000CC10E617FFFEFFDDFFDDFFDDFFDDFFDD79
:10452000FFBDFFFEE6FA732E732F4987626A628B26
:1045300083AFD69AA4D3D5D5E6B9D6599C9283AF8A
:10454000732D62CB62AB7B8E9C92AD3462CB5A6989
:1045500041C7836DFFBBA491524B62CC526B41C8E3
:10456000292641A839A829253987524A29252926EB
:104570003167314631663167398739A741E84A29C1
:104580004A294A2941E841E85A8B5A8B62CC6AEDA4
:104590008BF0BD73320931A9428B6C8E426B3A4B62
:1045A0005B6EA6548D126BEF5AEE85139D549CB42E
:1045B000AD96C699D6DAD71AC639C678D75ADF7BF0
:1045C000EFBCFFFDFFFDFFFDF7BCDF3BCEDBCEDB2D
:1045D000D6FCD6FCEF9CEFBCF7DDFFFEF7BDF7BDC8
:1045E000F7DEF7BEF7BEF7BEF7BEF7BEF7BEFFFFBA
:1045F000FFFFFFFFFFFFFFFFFFFFFFFFFFFFFFFFCB
:10460000FFFFFFFFFFFFFFFFFFFFFFFFFFFFFFFFBA
:10461000FFFFFFFFFFFFFFFFFFFFFFFFFFFFFFFFAA
:10462000FFFFFFFFFFFFFFFFFFFFFFFFFFFFFFFF9A
:10463000FFFFFFFFFFFFFFFFFFFFFFFFFFFFFFFF8A
:10464000FFFFFFFFFFFFFFFF4BD84BD85419541952
:10465000541954395C595C595C5A543A5C5A5C5A46
:10466000543954395439543954194BD84BD84BB761
:10467000437743763B563B3532F42AB32AB332F4C0
:104680002AB42AD4331522721A0F19EF19EF221007
:1046900019CF11CE12113315CEFECF1F6D1C33155D
:1046A0002AD42AB422732A94225373F384B66C1545
:1046B000732E732E2A732A962A963AD431A818A4F8
:1046C00018C418C418E539A8526B524A524A524AC3
:1046D000524A524B524B524B526B6BD24A8D4A6CE0
:1046E00052AD39C839E9528C528C4A4B422A2105C5
:1046F00020C520C520C520E61063188439A739A835
:10470000318839C9420939C96A6AFED9FEFAFEB947
:10471000FEB9FE38FDF7FE79FEDAFEFAFF1AFF3B1E
:10472000FF5CFF7CFF9DFFBDFFBDFFBDFFBDFFFE2A
:10473000FFFEF75CE637E554ECF2ECD2ECB2EC713C
:10474000C36DF73BFFFEFFDDFFDDFFDDFFDDFFBDDE
:10475000FFFEE71B5A4A41875A6A498749A862AC5B
:10476000628A51E95A4A7289830AC552CDF56ACBE9
:1047700049E87BAEC5F7AD55CE79CE798C314A0884
:104780005AAA41E8C594EED8524A526B41E939A879
:1047900041864A0941E9316629054A095A8B314661
:1047A00029253166292631463167398741E84A296A
:1047B000420941E841E8526A5A8B5A8B5A8B62CCC3
:1047C000732DBD744A8B31EA532D6C4E426B6C0FC6
:1047D0009DD38D5252AD5B0E6B8FA5B5A554A535FB
:1047E000BE58C679CE79D6DAC659C639CEF9CF3A8F
:1047F000CF1AD73BE79CEFDCF7DCFFFCF7DCDF3CB4
:10480000CEDBDF3CF7BCEFBCF7DDFFFDFFFDF7BD06
:10481000F7BDF7DDF7DEF7DEF7DEF7BEEFBEFFFE32
:10482000FFFFFFFFFFFFFFFFFFFFFFFFFFFFFFFF98
:10483000FFFFFFFFFFFFFFFFFFFFFFFFFFFFFFFF88
:10484000FFFFFFFFFFFFFFFFFFFFFFFFFFFFFFFF78
:10485000FFFFFFFFFFFFFFFFFFFFFFFFFFFFFFFF68
:10486000FFFFFFFFFFFFFFFFFFFFFFFFFFFFFFFF58
:10487000FFFFFFFFFFFFFFFF4BF84BF84BF854190A
:1048800054395C595C5A5C5A5C5A5C5A5C595C39C4
:104890005439543954395C5A5C5A5439543954197E
:1048A00053F84BD84BB743B743763B563B763B77F1
:1048B00033152A7322521A1019CF116D116C11CFB2
:1048C00019EF11CF1A311A72331495DD4BD71A3103
:1048D0002273227322732A7422327C349D7984D805
:1048E0002255225522552A752A9642F2296618A485
:1048F00018C418C4210539C8526B524A524A524A48
:10490000524A524A524A524B526B52AD39C952AD79
:104910004A4B3188422A528B4A6B4A4B39A820C4F1
:1049200020E520C520E5290620C520C51884188368
:10493000294639C941E94A2A49C8FE37FF1AFEDA31
:10494000FEDAFEDAFEFAFF1AFF1AFF3BFF5BFF7C7E
:10495000FF7CFF9CFFBDFFBDFFBDFFBDFFFEF75C01
:10496000D554ED13F553FDB4FDF5FDF5FE36F59484
:10497000DDD6FFFEFFDDFFDDFFDDFFDDFFBDFFFE5E
:10498000E71BCDF572EB49C8524A51E939265A6BFB
:10499000734D62A95A4A522A49E97B2CFFDBCDB4F8
:1049A0004A0862AAAD55A514C638BDD7BDB67B8EE0
:1049B00052494A29732CFFBA940F4209730BBC8EDB
:1049C0007AC94A0A524A39A729262926526B526BBC
:1049D000292629253166314631263146316739A7E6
:1049E00039E839C84A094A294A095A6A5A6B62CCD5
:1049F0006AEDACF3636E322B536E7D3084F16C3014
:104A00007C9084B152ED6B8F8C52ADD5AE16ADD784
:104A1000BE58BE18CE59D6FACE59C618D6FAEFBB34
:104A2000EFBCEFBCD75AD75AE79BF7DCF7DCF7DCD3
:104A3000EF9CEF7CEFBCF7BCF7DDFFFDFFFDF7BDA2
:104A4000EF9DFFFDF7DDF7DEF7DEF7BEEF7DF7BE8A
:104A5000FFFEFFDEFFFEFFFEFFFEFFFFFFFFFFFF8B
:104A6000FFFFFFFFFFFFFFFFFFFFFFFFFFFFFFFF56
:104A7000FFFFFFFFFFFFFFFFFFFFFFFFFFFFFFFF46
:104A8000FFFFFFFFFFFFFFFFFFFFFFFFFFFFFFFF36
:104A9000FFFFFFFFFFFFFFFFFFFFFFFFFFFFFFFF26
:104AA000FFFFFFFFFFFFFFFF4BD84BD84BD84BF862
:104AB00054395C595C5A5C7A5C7A5C7A5C5A5C5A10
:104AC0005C5A5C595C595C395C395C5A5C5A5C399B
:104AD000543954194BF84BF84BD84BB743973B56C6
:104AE000331532F52AB422512210223021F0118DD3
:104AF000116D19CE22512AB31A523315541822526D
:104B00001A1022312252225322118CD6B67D8D39B1
:104B10002A532A5422342A752A9642D1294618A4A7
:104B200018C420E5212641E9526A524A524A524AA3
:104B3000524A526B526B526B526B4A6C39CA4A8C56
:104B400039C939A94A4B4A4B4A4B4A2A210620C542
:104B500020C520C52906292620C420C520C520C57A
:104B600020E539C941E9524B2946932CFEB9FF1B78
:104B7000FEFAFF1AFF1AFF3BFF5BFF5CFF7CFF7C26
:104B8000FF9CFF9DFFBDFFBDFFBDFFDEEF1BCBEF19
:104B9000FD13FDD5FDF5FDF5FDF5FDF5FDB4E5D500
:104BA000FFDDFFDDFFDDFFDDFFBDFFBDFFFFE6FA3F
:104BB000CD93F6D7B40C7ACA418749E93105520939
:104BC00083AF41A76ACA7B4C5A6B5A8BE676F719BA
:104BD00062AA524962AAA514B575A4D37BAE62EB52
:104BE000524952695229E697DE76B4D1C4AE72CAF0
:104BF0003146526A526A41E93146292531665AAC3A
:104C000041C82905292539873987314629262905AB
:104C1000316641E841E839C84A095A8B5A8B62CC5F
:104C200062CC9451639042CD85328591536F42ADF1
:104C30008D327471637094B3B5F6B676ADD7A515A1
:104C4000BE58C638CE79D6FAD6BAD6DADF3BEFBC34
:104C5000DF7BD77AE79AE79BDF5BE79BF7DCF7DC44
:104C6000F7DCF7DCEF9CEFBCF7DDF7DDFFFDF7DDF0
:104C7000EF9CFFDDFFFDF7DDF7DEF7DEEF9DEF9D3B
:104C8000FFDEFFDEFFDEFFDEFFFFFFFFFFFFFFFFB8
:104C9000FFFFFFFFFFFFFFFFFFFFFFFFFFFFFFFF24
:104CA000FFFFFFFFFFFFFFFFFFFFFFFFFFFFFFFF14
:104CB000FFFFFFFFFFFFFFFFFFFFFFFFFFFFFFFF04
:104CC000FFFFFFFFFFFFFFFFFFFFFFFFFFFFFFFFF4
:104CD000FFFFFFFFFFFFFFFF43B74BD843B74BD8A2
:104CE000541954595C5A5C7A5C7A647A647A647AAE
:104CF000647A5C5A5C5A5C595C5A5C395C395C3940
:104D000054195419543954194BD84BD84BD843978C
:104D10003B7643973B5632D32A932A922272221033
:104D2000118D114C19CE2A922AB3227233353315C4
:104D3000227222312231223219F19D58BEDFA5FCA8
:104D4000221011B119D21A1422345B93212618C4EF
:104D500018E4210529464A2A526B524A524A524ABD
:104D6000526B4A2A41E941E941E941EA39EA422BD9
:104D70003168420A4A4B4A2A4A4B318820C520E50D
:104D800020C520E52947290618A420A420E52906E6
:104D900018A439A84A2A524B316729889B8EFE985D
:104DA000FF5BFF1AFF3BFF5BFF5BFF7CFF7CFF9C11
:104DB000FF9CFF9CFFBDFFBDFFBDFFDDFF7CE594B9
:104DC000ED33F573FDD4FDD5FDD4F594EE37FFBD7D
:104DD000FFDDFFBDFFDDFFBDFFBDFFFFCDF7A36A18
:104DE000D50FABCB6A485A6B520941A83926418787
:104DF00094515A8B5A4A7B2C5A6B520ABD33FFBBD3
:104E00008BAD4A085A8A5A695A6952494A28524906
:104E100052695A8A4A08B512FFBA8BCE3167210609
:104E200039875A8B526B524A31672946210541C84E
:104E3000526A29263146292639C739A72905290565
:104E40002905314639C841E84A4A5A8B62AB628B20
:104E5000628B8C747C7174907CF18530532E536F0F
:104E6000959384B3A595B677ADD6B656B5D7AD763E
:104E7000C678C638D6BADF3BD6DAC659D6DAC6996E
:104E8000DF79E79AEFBBE79BE79BD75BDF7BEFBC64
:104E9000F7BCF7DCEF9CEF9CF7DCFFDDFFFDFFDDEF
:104EA000EF7CF7BDF7BDEF9DEFBDEFBEEFBEEF9E10
:104EB000F7BEFFBEFFDEFFFFFFFFFFFFFFFFFFFFAD
:104EC000FFFFFFFFFFFFFFFFFFFFFFFFFFFFFFFFF2
:104ED000FFFFFFFFFFFFFFFFFFFFFFFFFFFFFFFFE2
:104EE000FFFFFFFFFFFFFFFFFFFFFFFFFFFFFFFFD2
:104EF000FFFFFFFFFFFFFFFFFFFFFFFFFFFFFFFFC2
:104F0000FFFFFFFFFFFFFFFF4BD84BD84BD84BD81D
:104F1000541954395C5A5C595C7A5C7A5C5A5C5A14
:104F2000647A647A649A647A645A5C395C395C5A4B
:104F30005439541954194BF84BD843B743B743B7B6
:104F400043B743973B56331432F432F42AB32A92D0
:104F50002A92223019AE19EF2A722AB32AD42AD4FF
:104F600022731A321A11221021EF9517B67DADDA8D
:104F700074356C1674777CB874975B7118C418C458
:104F800021052105294642094A09524A526A524BD3
:104F900041E962CB9450A4B19C706B2D39EA31C9C0
:104FA00039C94A4B4A2A4A4B420A20E520E520E506
:104FB00020C519062947290618A418A42927292736
:104FC00018A429464A2B524B3987531029277A8B2C
:104FD000EDF6FF5BFF5BFF5BFF7BFF7CFF7CFF9CD5
:104FE000FF9CFF9CFF9CFFBDFFBDFFBDFFDDFFFEE3
:104FF000EF1BE657EDF6E5B5EDD5F6FAFFDEFFDD82
:10500000FFBDFFBDFF9DFFDDFFFEBD549BAC9309BF
:10501000722749A7524B5A6B5A8B49C831053947F9
:105020009C51732D524A524A5A6B520A8BEFFFBB66
:10503000B4F249E85A8A5A695A695A6952695269F6
:1050400052695A6A4A088BEEFFBBACD231673146CF
:1050500041C85A8B526B526B316729262946290564
:1050600039C83987318731462905318739A729263B
:1050700029252905314641E8524A5A4A62AB6B0E4E
:1050800084337C535BAE42CD6C508D714B2E5B6F85
:10509000B656B656ADF695149534B677ADD7AD760F
:1050A000C6B9D6FADF3BD6FACE59C659C6B99D560F
:1050B000D719F7FBE79ADF7AE79BEFBBE79BE77B24
:1050C000EFBCF7DCEFBCEF9CF7DCFFDDFFDDFFDDC5
:1050D000EF7CEF7CE77DEF9DF7BEF7DEF7BEEFBE1E
:1050E000F7BEF7BEFFDFFFFFFFFFFFFFFFFFFFFF82
:1050F000FFFFFFFFFFFFFFFFFFFFFFFFFFFFFFFFC0
:10510000FFFFFFFFFFFFFFFFFFFFFFFFFFFFFFFFAF
:10511000FFFFFFFFFFFFFFFFFFFFFFFFFFFFFFFF9F
:10512000FFFFFFFFFFFFFFFFFFFFFFFFFFFFFFFF8F
:10513000FFFFFFFFFFFFFFFF4BF84BF85418541819
:10514000541954395C595C5A5C5A5C595439543975
:105150005C3954195419541954395439543954393F
:1051600054194BF84BD84BD84BD84BF84BF84BD87D
:105170004BD84BD843B73B563B353B3532F42AB27C
:105180002A922A712A72225119CF22932AB332917C
:105190003A904AD05B507C138CB584748473ADFA1A
:1051A000C6DDBE9DB67CBEBDA5FA533018A420E571
:1051B000210531665AAB736E7BCF4A2A4A4A4A2987
:1051C000AD12F6F7C551ACD0D5B3D5F5420A296773
:1051D00039E94A4B4A4B4A6B294720E6290620E524
:1051E0002906720941E918C518A421063168296702
:1051F00020C520E54A2A526C39A8424B4A0920C5ED
:1052000092ECD513FEF9FF9CFF7BFF7BFF7CFF7CBC
:10521000FF9CFF9CFF9CFF9CFF9CFF9DFF9DFF9DB3
:10522000FFDDFFFEFFDDFFBDFFBDFFDDFFBDFFBDFD
:10523000FFBDFF9CFFFEEF3B8BAD7A47CCF0838D2B
:10524000398739884A095A6B5A6B5A6B31263106AD
:10525000943083CF522A5A8B5A6B524A6ACCF73910
:10526000D6154A085A6952695269526952695A698F
:105270005A695A6A52496AEBFF59CDD431672905F8
:1052800041A8526B5A8B4A092925292631672926BC
:10529000292539C8398731462926290531663167DC
:1052A0003146316639A7526A6B2E7C1284538CD3F7
:1052B0006BF04ACD42CE42CD7CD17D105BAFA5D5FF
:1052C000BE9795148CD49515A595B617B617BE380C
:1052D000D71AD6FBD6FAD6B9CE59ADB7B6789D5601
:1052E000A577DF5AF7FBF7FBF7DBE79BE79BE77B4D
:1052F000E79BF7DCF7BCEF9CF7BCF7DCF7DCF7DDEE
:10530000EF7CEF7CF7BDFFDEFFDEFFDEF7DEF7DED2
:10531000F7BEF7BEF7BEFFDFFFFFFFFFFFFFFFFF98
:10532000FFFFFFFFFFFFFFFFFFFFFFFFFFFFFFFF8D
:10533000FFFFFFFFFFFFFFFFFFFFFFFFFFFFFFFF7D
:10534000FFFFFFFFFFFFFFFFFFFFFFFFFFFFFFFF6D
:10535000FFFFFFFFFFFFFFFFFFFFFFFFFFFFFFFF5D
:10536000FFFFFFFFFFFFFFFF541854195439541972
:1053700054395C595C59543954395C39543954396D
:10538000541953F854195C595C59541954194BF871
:105390004BF84BD84BD84BD84BD84BD84BD84BD8D5
:1053A0004BD84BD843B74397437643563B1432D33D
:1053B0002AB32A722A7132B2324F428E5B0F6B4F80
:1053C0006B4F6B6F6B4F52AC31A9424B7C759DBAE2
:1053D0008D3895599DBAA5FB8D384ACE18A3210565
:1053E00018E531A762EC8410A51441E94209CDF417
:1053F000FF385A691883292618A45A8A6B9120E528
:10540000420A4A4B4A6B39A829062926290728E669
:105410003168D28BE32D8ACB290631483188318817
:10542000210618A44A0A526C49EA29266ACD416528
:1054300092CCDC31BC0FDDD5FF5BFFBCFF9CFF7B5A
:10544000FF7CFF7CFF9CFF9CFF9CFF9CFF9CFF9CC4
:10545000FF9CFF9CFF9DFFBDFFBDFF9DFFBDFF9C0F
:10546000FFBDFFFEC5D68B8D8B0A82C962283987A6
:1054700041C841A849E85A6B524A5A6A41A828E5EE
:1054800083AF9451522A5A6B5A6B5A6B524AD63692
:10549000F6F85A49526952494A074A084A085228B6
:1054A0005249524952695229EEB7DE5631672905F1
:1054B00039A8526A526B316729052926316731674D
:1054C00029463167316731673187316739A739A795
:1054D00039A7528B7BF29517951663B15B8F853197
:1054E00042AE532F534F4AEE7CD195D2A5D4A5D5C9
:1054F000A5B58CB495359D35A595B5F7C6B9C699B2
:10550000D71AD6DADF1ACEB9AD96A576BE989D56D3
:105510009D77A5B7D719DF7ACF3ADF5AE79BF7DB3C
:10552000F7DCF7DCF7BCEF9CEF7CEF7CEF9CEF9CAB
:10553000EF7CF7DDFFFDFFFEFFFEFFFEFFDEF7BEA7
:10554000F7BEF7BEF7BEFFDEFFFFFFFFFFFFFFFF67
:10555000FFFFFFFFFFFFFFFFFFFFFFFFFFFFFFFF5B
:10556000FFFFFFFFFFFFFFFFFFFFFFFFFFFFFFFF4B
:10557000FFFFFFFFFFFFFFFFFFFFFFFFFFFFFFFF3B
:10558000FFFFFFFFFFFFFFFFFFFFFFFFFFFFFFFF2B
:10559000FFFFFFFFFFFFFFFF54395C395C595439AF
:1055A00054395439543954395C395C595C595C5913
:1055B000543954395459543954184BF84BF853F85A
:1055C0004BF8541954394BF843B843B74BD84BF800
:1055D0004BD84BD84BD853F84BF84BD8437732F4D1
:1055E00032B13A8F4AAE5AEE6B4F739073B073D1AB
:1055F0007BF1634F420A39EA6391957995798CF78B
:105600009538A5DAAE1BAE1A84F7424C106321051B
:1056100041C7420942296B0C736E2106A4B0F738CA
:1056200041C718A44A2A528B4A2A420A4A4B316778
:10563000422A4A6C41E92926292731683127312736
:1056400039EABAACEA8CEB0D51E931A939A939CA6A
:10565000292720C441E95AAD522B21054A2B72A9B2
:105660008288D3F0EC92CC50C490D5D5F71AFFBC09
:10567000FFBCFF9CFF7CFF7CFF7CFF9CFF9CFF9C92
:10568000FF9CFF9CFF9CFF9CFF9CFF9CFF7CFFFD01
:10569000F77CA4B28BAE9BCEDE15834C28E5418708
:1056A000524A41C849E9522A4A0949E941A828C44D
:1056B0006AED9472526A5A6B5A6B5A8B4A09B4F269
:1056C000FF9A6ACB4A28524941E739A641C74A287E
:1056D00062EB6B0C524949E8D615EED839A720E5A4
:1056E0003187524A41C8290529262926316639873A
:1056F00029252905318731873166292539A75ACDD2
:1057000084949D7995576BF24B2C3AAB63F07CD126
:105710004ACE5B4F530F5BAFA635A6147C5295540F
:10572000A5958CB395159D55B636BE58BDF8C618CF
:10573000DF3BD6DAD6F9B617A597A5B7B6789D564A
:10574000A5B7A5B8B638C6F9BE99DF3AEF9BF7BB47
:10575000F7DCF7DCF7DCF7DCF7DDF7BDEF7CEF7C9F
:10576000F7BDFFFDFFFDFFFDFFDEF7DEFFDEFFFE05
:10577000FFDEF7BEFFDEFFDEFFDFFFDFFFFFFFFF25
:10578000FFFFFFFFFFFFFFFFFFFFFFFFFFFFFFFF29
:10579000FFFFFFFFFFFFFFFFFFFFFFFFFFFFFFFF19
:1057A000FFFFFFFFFFFFFFFFFFFFFFFFFFFFFFFF09
:1057B000FFFFFFFFFFFFFFFFFFFFFFFFFFFFFFFFF9
:1057C000FFFFFFFFFFFFFFFF5C595C595C595C590D
:1057D0005C595C7A5C7A5C7A5C7A5C595C395439E5
:1057E0005439543954184BF84BF8541954394BD890
:1057F0004BD85418543953F8649A74FB54394BD825
:105800004BD853F8541954194C194BD74B5352EFEA
:105810005B0E634F6B7073B17BF284328C538C32AE
:10582000630E39EA52AD7C5595388CD784D78D17E5
:105830008D188D389D9AA5997CB631C841A66ACA43
:105840005249316731A75A8A528B41C7FF796AEBB7
:1058500018A5526B526B524A526B524A39A839A959
:105860004A4B41EA2947294739C93989312741CA71
:1058700039EB9A6BEA0AEA2A7A8C39CA41C9420B97
:105880003148290639A862CE526C29264A6E522A1E
:1058900072679B29C40EE492ECF2D490C470CD33AD
:1058A000E636F71AFF9CFFBDFFBDFF9CFF7CFF7C27
:1058B000FF7CFF7CFF9CFF9CFF9CFF7CFFFED6785B
:1058C000626A41477B0CB42DD5D4522A41C8312697
:1058D00052095A6A522A522949E941C941A828E481
:1058E0005A6C945262CB524A5A6B62AB39887B8DA8
:1058F000FFDB838D49E85A694A077B8E9C71A4D3EC
:105900008C1062EB4A2841A7BD53FF594A0820C5B5
:10591000316739C8314629052926294629262926ED
:10592000316629052925314639C85AED84958D17E8
:10593000741342AD7D0F4B4E434C42ED74B16C0F6E
:10594000428D532F7CB2A5B5B67695738473A5F6B8
:105950009D7594D4A5B6BE77BE77BE37C658D6B966
:10596000DF3BC659B616A5D6A597A5D7B6589D77DD
:10597000A5D8ADF8BE99CF1ADF3AE7BBEFBBF7DC8D
:10598000F7BCEFBCF7DCF7DCF7BCEF9CEF7CEF9CDF
:10599000FFDDFFFDFFFDFFFEFFFEFFDEFFFEFFFE62
:1059A000FFFEF7DEFFDEFFDFFFDFFFDFFFFFFFFFB2
:1059B000FFFFFFFFFFFFFFFFFFFFFFFFFFFFFFFFF7
:1059C000FFFFFFFFFFFFFFFFFFFFFFFFFFFFFFFFE7
:1059D000FFFFFFFFFFFFFFFFFFFFFFFFFFFFFFFFD7
:1059E000FFFFFFFFFFFFFFFFFFFFFFFFFFFFFFFFC7
:1059F000FFFFFFFFFFFFFFFF5C595C595C595C59DB
:105A00005C595C7A649A5C7A5C595C595C7A5C5942
:105A1000543954395C595C7A5C9A64BA64BA5C7AD9
:105A20005C595C5A5439541995FFA65F5C7A53F857
:105A30005419543954395C1763B363706B6F6B90AE
:105A40006B906B906B9073B07BD1843283F1528CEE
:105A5000424B6BD284D784B6849684B684D784B6FE
:105A600084B684D784F874346B2E6ACB5A6A314674
:105A700020E5210520E510A40843B552DE5620E5B7
:105A80004A4A526B524A524A524A524A4A0939A821
:105A900039C9316839A9422B420B292739894A2B48
:105AA00041EB6A4CE20AE9C9A34E39EB49EB526D6E
:105AB0003989314839686AEE5A8C3147420B4A6E4F
:105AC00041867267ABCAC4AECCB0E4D2ECF3E4D288
:105AD000D491C491CD12DDD5EE98F73AFF9CFFBD6D
:105AE000FFBDFF9CFF9CFF7CFFBDFFFDACD341468B
:105AF0004126498841269B6AB4B041A85A6B41A807
:105B000041A85A6B5A6B522A49E941C841A828E476
:105B10004A0A8BF16B2D524A526A4A2A5A498B6CB7
:105B2000FFBBA47041A752485228B514A49283AF7A
:105B3000A47383AF39A73166ACB1FFBA5A6920C4E8
:105B4000316731672925292629262926294629262C
:105B50002925294639A873F284957C745BAF320AF3
:105B6000218932AB85B242EE4B8D42ED85325BAF7F
:105B7000534F8D339D748453AE16A5B594F5B63747
:105B8000A5B6B617C6B7C6B7C6F8D739DF5ADF5AB3
:105B9000E77AC697AE159D769D35AE17B6589D57D8
:105BA000A5B7A5D8C6B9E7BBEFBBE7BBE79BEFBB83
:105BB000F7BCEFBCF7DCFFDCF7DCF7BDF7BDF7BDEA
:105BC000F7DDFFDDFFFDFFFEFFFEFFFEFFFEFFFE38
:105BD000FFFEFFDEFFDEFFDFFFDFFFDFFFFFFFFF78
:105BE000FFFFFFFFFFFFFFFFFFFFFFFFFFFFFFFFC5
:105BF000FFFFFFFFFFFFFFFFFFFFFFFFFFFFFFFFB5
:105C0000FFFFFFFFFFFFFFFFFFFFFFFFFFFFFFFFA4
:105C1000FFFFFFFFFFFFFFFFFFFFFFFFFFFFFFFF94
:105C2000FFFFFFFFFFFFFFFF5C795C595C595C5988
:105C30005C595C795C79647A5C7A5C7A5C79649AA8
:105C4000649A6CDB6CFB6CDB6CDB6CFC6CBB649A8D
:105C50005C7A543953F84BD86CDB751C5C7A541958
:105C600054196416741373B0634F634F634F634FDB
:105C70006B4F6B6F73B07BF184117BD152AD5B0FB7
:105C800084968CD77C757C75849684B68CF79D58E9
:105C90009D9A9516736E628A5A6A318818E52105B5
:105CA00020E5108429466B0CC593FFDB6B2C39A8CB
:105CB000526B4A4A524A524A524A526B41E931683F
:105CC000420B52EE5B2F4A6C316731674A2B4A2BED
:105CD0004A2B39EAA9E9F968D2EC52AD528E52CF7B
:105CE00039A9316829066ACE62AD39A841C9420B8B
:105CF000422A41A85A079349C4ADD50FD4F0DCF12C
:105D0000E4D2ECD2ECF2DCB1D4B1D4D1CCF2CD748B
:105D1000DE37EED9F73BFF9CE6FA836E38E549475C
:105D200049675187692682A9ACB041A85A6A522AAC
:105D300041C8524A5A6B524A49E941C841A829050B
:105D400041EA7B90736E39A85A8BBD74BC4D6A6969
:105D5000FF39BD5339864A0741C79C51CDB7B4D4EA
:105D60006AED62CC39A729258B8DFF386AEB18A420
:105D70003146314629262926292520E420E4290513
:105D80004A6B39C85AEE532F6C8F53CC2A4929CA13
:105D900031EB4B6D85723ACE53CE4B4E8D735B8F8C
:105DA0007CD2849374128473B677A5959D36C69879
:105DB000C698C6B7C6D8CF19D719E75AE77AE77A8F
:105DC000DF38DF58D738BE77A556B637B658A5970F
:105DD000A5D8C6D9F7FBF7DBF7BBF7BBF7DCFFFCB1
:105DE000FFFCFFDCFFFCFFFDFFFDFFFDFFFDEF9C67
:105DF000F7BDF7DDF7DDFFFDFFFEFFFEFFFEFFFE57
:105E0000FFDEFFDEFFDEFFDFFFDFFFDFFFFFFFFF65
:105E1000FFFFFFFFFFFFFFFFFFFFFFFFFFFFFFFF92
:105E2000FFFFFFFFFFFFFFFFFFFFFFFFFFFFFFFF82
:105E3000FFFFFFFFFFFFFFFFFFFFFFFFFFFFFFFF72
:105E4000FFFFFFFFFFFFFFFFFFFFFFFFFFFFFFFF62
:105E5000FFFFFFFFFFFFFFFF5C595C595C595C5976
:105E60005C395C395C595C595C39543954395C7A19
:105E700064BA6CDB751C751C751C753C64BA649A3D
:105E80005C7A5C7A5C7A5C595C595C7A5C7A63F522
:105E90006B91632E5AEE632F73B07BD173B0632F77
:105EA0004ACE53115B7253315310531063D384D7CE
:105EB0008D1895389DBAA5FBB65CBE9DC6DFB65D54
:105EC00094B27B0B734E632F424C21052105108445
:105ED00031468C0FEED8FFDBF7188C0F39A8524AE9
:105EE0004A4A524A524B524A524A526B41C831882E
:105EF00063715B5052EF39CA2947422C422C420B46
:105F00004A4C2927628DCAEDEAECC51393EF7B0C4E
:105F10006228522A39885A8C62CD41E9526B29672E
:105F20004A4B4A2A4A2A49E95A088309B42CCD2FF8
:105F3000DE35CD73DCF2F554F553F533ED13E4D2D1
:105F4000D4B1D4B1D4F2BC708BD04147410549677C
:105F500051477167794692AAA44F41A85A6A524A9A
:105F6000522A524A5A6B5A6B522A49E941C92905A9
:105F70004A0B7350738F8BEFE697B5333146316719
:105F8000EE96CDB441A749E739A75A8B83AF4A2A89
:105F9000314729063987316659E7D50F7B4C18A45C
:105FA000294628E520E420E42905422A5B0E6BD22D
:105FB00063B221AA218A21E87D5053ED322A322B87
:105FC000322C644F7CF23ACE53EE5BD08D735BB0D3
:105FD00085128D328CF38CD5B677A595BE57C6D772
:105FE000C6F7DF79E77AE79AEF9AEF9AEF9ADF58E8
:105FF000DF58DF58DF58DF79CEB8B678B658ADD85D
:10600000B618CEF9DF5AE77BEFBBFFFCFFFCFFFCC5
:10601000FFFCFFFDFFFDFFFDFFFDFFFDEF9CEF9C83
:10602000EF9DF7DDFFFEFFFDFFFDFFFEFFFEFFDE44
:10603000FFDEFFFEFFFFFFFFFFFFFFFFFFFFFFFF92
:10604000FFFFFFFFFFFFFFFFFFFFFFFFFFFFFFFF60
:10605000FFFFFFFFFFFFFFFFFFFFFFFFFFFFFFFF50
:10606000FFFFFFFFFFFFFFFFFFFFFFFFFFFFFFFF40
:10607000FFFFFFFFFFFFFFFFFFFFFFFFFFFFFFFF30
:10608000FFFFFFFFFFFFFFFF5C595C595C395C3984
:106090005C395439543954395C59649964795C5980
:1060A0005C595C5964BA751C753C7D3C7D5C7D5CBB
:1060B000751C751C6CDB5C7A5C5964166BD27BD1E9
:1060C000845394F6A577A57794F77C9764374BD7DC
:1060D0004BD843B843973B773B773B7743773B5667
:1060E0003B563B3543354B5553955BD66C387390D7
:1060F00072C95B309DBA8CF752CD18A418C47BAD21
:10610000F718FF9ABD7362EB294621264A2A4A2ACC
:106110004A4A526B4A2A4209524A526B49E872EB88
:106120006B91A599630E2106420A422A4A4A5AAA4D
:10613000420939CA63B373D0DD91E590ABAA9B499C
:106140008AE87AA82906526B5A8C420962CD20E56A
:1061500041E94A4A4A4A526B4A4B4A0A51E86207A5
:10616000DE55F759D4F2F553ED33ED53ED53F554B5
:10617000F574F554F553ECF2BCD49C7459E938C568
:10618000594681A7794692AA9C0E3967526A524AAB
:10619000524A5A6B5A6B5A8C524A4A0A4A09290582
:1061A000632E84128C31BD53734D41C9290631676A
:1061B000E5D3CD7239A741C639862905210529269F
:1061C000294731873987316649E8B44E836C18C551
:1061D00020E439C85AEE6BD28CF78D1763B174D1B5
:1061E0002A6D2A2C21AA3ACB85B14B8C328D3AAD3F
:1061F0003AAD74D06C9142EF53CE6C5195747CB132
:1062000095F39E139E33AE17C6D8BE78CED9C6D6A8
:10621000E779E799E799EFBAFFFBF7DAD719F7BA09
:10622000F7BAEF9AEFBAEFBAEFDAE77AAE18ADF84D
:10623000AE18B659BE99C6B9D6FAE75BE77BF7DC6C
:10624000FFFCFFFCFFFDFFFDFFFDEF9CE75CF7BDE2
:10625000EF9DF7BDFFDDFFFEFFFEFFDEFFDEFFDE91
:10626000FFDEFFFEFFFFFFFFFFFFFFFFFFFFFFFF60
:10627000FFFFFFFFFFFFFFFFFFFFFFFFFFFFFFFF2E
:10628000FFFFFFFFFFFFFFFFFFFFFFFFFFFFFFFF1E
:10629000FFFFFFFFFFFFFFFFFFFFFFFFFFFFFFFF0E
:1062A000FFFFFFFFFFFFFFFFFFFFFFFFFFFFFFFFFE
:1062B000FFFFFFFFFFFFFFFF5C39543854185418ED
:1062C00054385439541854185C39647964995C59B9
:1062D000543954395C595C7A649A64BA6CFB751C05
:1062E000857C859D753C6C787C5494D5ADB9BE3A5F
:1062F000B61A9D7974975BF74BD843D843B843B728
:1063000043974396439643964396439743974377E1
:106310003B773B37331632F62AD62AD522B6428E41
:106320006AEC32B22AB3745439EA2946CDF4FFBB81
:10633000B53241E810A41084292642094A2A4A4A63
:106340004A4A41E931A74A2A524A526B39A84A2A95
:10635000528B94928BEF41E98C937BAD732B734CF2
:1063600062CB4A8D73F262ED6269830A7AA882E990
:106370006A47394510634A2A526B4A2A6B0E20E558
:1063800031674A4A524A4A2A526B524A526B41E991
:10639000B512F719D4B1F574ED74ED54ED53ED5316
:1063A000ED53ED53ED53ED13D5B6C5D9BD577B2E47
:1063B00030A46966814692AA93ED39675A6B524AB6
:1063C000524A5A6B5A8B62AC51EA49E9522A312639
:1063D0007BD083B17BAF41C84A0941E92926318886
:1063E000CCADCC8D31664A08CE9ACE9A39C82106FA
:1063F00031672926292629465229ACB1734C18C485
:1064000052AC953895387455533029EC32AD75320D
:106410002A6E32AE2A4D4B8D754F3B0D3AAE42CEB1
:10642000430D7D3164314B0F5BEF8D3395948D724D
:1064300095F39E139E33AE94BEB7C679D6FBDF5854
:10644000DF78E799EF9AEFBBF7DBF7DAD6F9F7BA1F
:10645000F7DBEF9AEFBBEFBBEFBBF7DBCED9B6595B
:10646000C6D9CEF9C6BAC6BACEDAD6DAD6FBF7DCCA
:10647000FFFCFFFCFFFDF7DDEF9CE73CEF9CF7DD49
:10648000F7BDF7BDF7BDFFDDFFFEFFDEF7BEFFDEA8
:10649000FFDEFFFEFFFFFFFFFFFFFFFFFFFFFFFF2E
:1064A000FFFFFFFFFFFFFFFFFFFFFFFFFFFFFFFFFC
:1064B000FFFFFFFFFFFFFFFFFFFFFFFFFFFFFFFFEC
:1064C000FFFFFFFFFFFFFFFFFFFFFFFFFFFFFFFFDC
:1064D000FFFFFFFFFFFFFFFFFFFFFFFFFFFFFFFFCC
:1064E000FFFFFFFFFFFFFFFF5C595C595C395C3821
:1064F000543854395C39543954185418541954398F
:10650000543954395C5964795C396C996C9A649A41
:106510006CDB74FB84D79D37BE3ABE5BADB98CF89B
:1065200074D974FB64DB5C5A54394BF84BF84BD785
:106530004BB7439743B74397439743974397439743
:10654000439743773B363316331632F5331632B260
:106550004A4B3A6E3B146C134A29EE96DE978B6BCE
:10656000394510842105294639A841E94A294209BB
:1065700039C8318739C84A4A524A526B314739C8FB
:106580004A2A210539E941C842094A4B526B526BEC
:10659000420A39A839A8420939A862486A474166BF
:1065A00020E518A418A441C9526B524B7B8F2926B1
:1065B00021054A09524A4A2A7B8F8BF05A6B41E9DE
:1065C000ACD2F718BC92DCF3E512F553F574F57410
:1065D000F574ED53F5B4E513F75DEF1DBD57CE1A15
:1065E000943238E571269AEA93ED41C95A6B524AC2
:1065F0005A6B5A6B628C6AAD49A941685A4A41A8E4
:106600007B4F734F83F04A09524A3187314739C96A
:10661000C48DC40B49E8D6FBFD98FDB8D6DB39889C
:1066200029265A8B62AB398749E9A4B283AE52CD91
:106630006BF342CF2A0C19AA19AA220D53D06CD1A0
:106640002A4E32CF32AF542D5C6E3AAE42EE430F3B
:106650004B6E85535BB153506C519DD58D738D92AC
:106660009613AE54AE74AE94A614ADB6BE58D739D8
:10667000E79AE79AEF9BE79AEFBAF7DAEFBAF7DA19
:10668000FFFAF7DAE77AEF9BEFBBF7DBEF9BCEFA87
:10669000C719D759D75AD6FAD6FAD6DBE77CFFFC0A
:1066A000FFFCF7DCEF9CE75CE73CE75CEF9DEF9DD0
:1066B000EFBDF7BDF7DDF7DDFFDEFFDEF7BDF7DE8F
:1066C000FFFEFFFEFFFFFFFFFFFFFFFFFFFFFFFFDC
:1066D000FFFFFFFFFFFFFFFFFFFFFFFFFFFFFFFFCA
:1066E000FFFFF699F6FBFFFFFFFFFFFFFFFFFFFF36
:1066F000FFFFFFFFFFFFFFFFFFFFFFFFFFFFFFFFAA
:10670000FFFFFFFFFFFFFFFFFFFFFFFFFFFFFFFF99
:10671000FFFFFFFFFFFFFFFF5C595C595C395C39ED
:106720005C395C595C595C595C595C595C39543929
:10673000543954395C5964795C595C79649A5C7A4F
:106740007CD9A599BE3BBE5BA59984F974FB7D3DC0
:106750007D5D7D5D751C6CFB6CDB64DB64BA5C7A13
:106760005C595C7A543954185419543954394BF8DB
:106770004BD843983B773B363B363B363336333644
:106780003A4E422B4B5273D1AC4DA49031667A886D
:10679000314618E5294631A731A739A839A831A7CC
:1067A0003187318741E94A4A526B41E9294639C864
:1067B0004A2A318741E9420962287B0B4A4B420948
:1067C0006B0D8BEF41E9292629673146396518A4FD
:1067D00020C520E518A43988524B5AAC947129255C
:1067E00020E539A8524A5ACC6B4D8BD093F039A88A
:1067F000A491F718CD77DDFACD56CCF4DCF3E51291
:10680000ED32F594FE36CD13D69AB555CDD9CDDA05
:10681000DE5CA4D540A4A30B9C2E41C85A6B524AFF
:106820005A6B5A6B628C6AAD418941886A8B522AD5
:106830007B707B908C104A094A0929253187420ACE
:10684000C4F0B3EBAD76FEBBE149D949FEFC94F44C
:106850004A09F7DFDFBEDEDB6B0DA4B284523AF0EB
:106860002A6E1A0C220C222D222C21ED5C515C5038
:106870002A6E32CF32CE64AD53EF3AAE430F4B4F58
:1068800053CF7D516CD0855185B18D729DB4C6F6C4
:10689000E778C6F6AE75D757BED6A5B5A575ADD700
:1068A000D6FAEFDBDF7ADF79E799EFB9EFD9F7D9DD
:1068B000F7D9FFFAF7DADF5AF7BBFFFCFFFCD75A2C
:1068C000CF19CF1ADF7BDF7BDF5BDF3BE77CEF9C01
:1068D000E75BDF3BDF3BE75CE75CE77CEF9CEF9C43
:1068E000F7BDF7DDFFDDFFFEFFFEFFFEFFDEF7BEBB
:1068F000FFDEFFFEFFFFFFFFFFFFFFFFFFFFFFFFCA
:10690000FFFFFFFFFFFFFFFFFFFFFFFFFFFFFFFF97
:10691000F73CC124C207FF9EFFFFFFFFFFFFFFFF01
:10692000FFFFFFFFFFFFFFFFFFFFFFFFFFFFFFFF77
:10693000FFFFFFFFFFFFFFFFFFFFFFFFFFFFFFFF67
:10694000FFFFFFFFFFFFFFFF647964795C595C592B
:106950005C395C395C395C5964796CBA649A6479E5
:10696000649A5C795C595C595C795C7A6479957954
:10697000BE7CADFA8D1774B86CDA6D1C751C753C55
:10698000753C753C6D1C751C751C6D1B6CFB6CDBC4
:106990006CDB64DB64DB64BB64BB649A5C7A543993
:1069A00054194BF94BB843B843B843983B574398F5
:1069B0003B143A0B5B2FA4916A89086349C772881C
:1069C00018C5294631A831A731A731A7318731A78A
:1069D00031A731A74209524A4209292639A831670D
:1069E0004A2A318739A84A2A41C89BABCDD4C594DD
:1069F000CDF5CDD5D6365AAB18C520E518C520E55E
:106A000020E520E520C53167420A7B8FAD132905BB
:106A100018C429464A2A42095AAB6B2D8BD041C86B
:106A20009C70F6F8CD76EE5BE63BE63ADDD9CD56C6
:106A3000DE18DE179BAE628B5AAB4A2A5A8B8BF15B
:106A40009C72D65C9C7482A98B2A39A8526A524BDC
:106A50005A6B5A6B5A8C62AC624A7ACB520A62CD3C
:106A600083B083B083CF4A293987290539C84A4B77
:106A7000B4D1B46E630DF79EF3B1F3B1FF9E4A4BF0
:106A80008BF0AFBE0556DFBEAD15A5575BD332F018
:106A9000328E328E328E32AF3ACF326E7D325BF131
:106AA0003AF043304B8F85B164114B504B504BEE55
:106AB0006D4F7DD08E118E118DB195D5A71CC79CC1
:106AC000F7D9CF17C6F6D758DF79B637ADD7B5F7B0
:106AD000B5D8CEB8E79AE799E799E7B9EFB9F7D90A
:106AE000F7D9F7DAFFFAF7BAD719EF9BFFFDEFBB3B
:106AF000CF3ADF5ADF7BD73BDF5BDF7BD71AD6DAB3
:106B0000DF3BE79CEF9CE79CEF9CEF9CEF9CEF9CAE
:106B1000EFBDF7DDFFDEFFFEFFFEFFFEFFFEFFFE27
:106B2000FFDEFFDEFFFFFFFFFFFFFFFFFFDFFFFFD7
:106B3000FFFFFF5DEB70EC32FFBFFFFFFFFFFFFFCA
:106B4000FFDFDC71E4F3FFFFFFFFFFFFFFFFFFFF4D
:106B5000FFFFFFFFFFFFFFFFFFFFFFFFFFFFFFFF45
:106B6000FFFFFFFFFFFFFFFFFFFFFFFFFFFFFFFF35
:106B7000FFFFFFFFFFFFFFFF5C585C5964796479FA
:106B80006479647964796479649A6CDA74FB74FB6F
:106B900074FB6CDA5C795C795C596C98ADFAADDAAF
:106BA0007C756436647964DB64BA64BA64BA6CDB9D
:106BB0006D1B751B751C753C751C751C6D1C6D1B48
:106BC0006CFB6CFB6CDB649A649A649A5C59545954
:106BD0005C5954194BF84BF94BF943B84397437739
:106BE00043B82A0D6B4E7B6E18A418C582C95A276C
:106BF000210639A8318731A731A731A731A731A79D
:106C000031A731A7420941E92126314741E9294706
:106C100042093187318741E94A2A2947528A734D0F
:106C2000524A39C97BAE6B0D49E82105292620E47B
:106C3000290631672105290641C983F0A49162061E
:106C400020E520C441C84A2A524A5AAB6B0D41C9BB
:106C50009430F6F8CD76E65BE61AE63AE61AFFBF20
:106C6000E71C62ED4209526B522941E8314639A7CF
:106C70007B8E9451D65CA410A38993EE4A0A524BA2
:106C8000526B5A6B524B732E93EE72ED39887B6FB9
:106C9000838F8BF0736E39C82905318739C852ACA0
:106CA000A492AC9028E5632EF7BEF77D6B4E214889
:106CB0008C53DFBE9F1CEFBEEF9FF79EE75DEF7E1C
:106CC000E75DE75DE75DE75DE75DE75DEF9DEF5D54
:106CD000E75DE75DEF7DEF9DEF7DE75DE77EAE95DC
:106CE0007E108E1185D18DF29E789F3E971CC739FC
:106CF000F7D9F7D9EFB9E799EFBAC698ADD7B61873
:106D0000A5569D36B617CEF9D739DF59E779F7D9A9
:106D1000FFFAF7DAFFFAFFFBF7DBDF5AF7DCF7DC05
:106D2000DF7BDF7BD73ADF3BD73BD71BE77DEFBC71
:106D3000EFDCEFBCEFBCEFBCEF9CEF7CEF7CEF7DBA
:106D4000F7BDFFDEFFFEFFFEFFFEFFFEFFFEFFFEC4
:106D5000FFFEF7BEFFDEFFFFFFFFFFFFFFFFFFFFAE
:106D6000FFFFF5D8E108E18AFEFCFFFFFFFFFFFF10
:106D7000FFFFFFFFFFFFFFFFFFFFFFFFFFFFFFFF23
:106D8000FFFFFFFFFFFFFFFFFFFFFFFFFFFFFFFF13
:106D9000FFFFFFFFFFFFFFFFFFFFFFFFFFFFFFFF03
:106DA000FFFFFFFFFFFFFFFF5C385C585C595C5939
:106DB0006479647964796CBA6CDA6CFA74FB751B6B
:106DC0006CDA5C79649A5C7974B8B61A94F66BF4F0
:106DD00074DA7D5C751B64BA649A64BA64BA6CDB5D
:106DE0006D1B751B751B6D1B6D1B751B751C751B3A
:106DF000751B6CFB6CFB64BA649A647A5C7A5C5AAF
:106E0000543954194BD84BB843B843B843B7439897
:106E10004BB774136B2E210518C42105A3AA418614
:106E2000296731A7318731A831A731A731A731A709
:106E3000318739C839E929672105420941C829261E
:106E400041E931873187318742094A2A292639C9E0
:106E50004A4A526B4A2A422AC531728818E52926C5
:106E60003187318720E5290641E97BAF83CF7A87D7
:106E700051E618C529264A2A4A6B528A528B41E9A3
:106E80008BEFF6F7CD76E65BE61AE61AFF7ECE3894
:106E900041C829463987314639A749E95A8A8C3091
:106EA00062EC62CB734D9C73E54FB42C4209526B7C
:106EB000524B5A6B524A62CC941141C9398783D0E4
:106EC0007B6F734E4A2A29262905318731875ACD8F
:106ED0009C7193EF396721065ACD6B9153307C54E6
:106EE0008474BE19E6FCF7BFC5F752075A685A68A2
:106EF0005A485A685A685A685A685A485A485A4802
:106F00005A685A485A485A485A685A47732BF79E43
:106F100096138DD19E769EDB973E96DC9E15BEB570
:106F2000FFFBFFFFF79DF79DF79DF7BEDF3CADD759
:106F3000A5979D5695359D56A5B7AE17BE57C6B8B1
:106F4000CED8D6D9E779F7DAFFFBFFFBE79BEFBC9A
:106F5000E77BD71AD6DAD6BADEFBFFDFDEFBF7BE59
:106F6000FFFEF7DCF7BDF7DDFFDDF7DDEF9DEF9D01
:106F7000F7DDF7DEFFDEFFFEFFFEFFFEFFDEF7BE02
:106F8000F7BEF7BEFFDEFFFFFFFFF79EBD95DEBA3F
:106F9000FFFFFF9EF453F4F5FFDFFFFFFFFFFFFF4E
:106FA000FFFFFFFFFFFFFFFFFFFFFFFFFFFFFFFFF1
:106FB000FFFFFFFFFFFFFFFFFFFFFFFFFFFFFFFFE1
:106FC000FFFFFFFFFFFFFFFFFFFFFFFFFFFFFFFFD1
:106FD000FFFFFFFFFFFFFFFF5C185C385C385C5869
:106FE0005C58647964996C996CBA6CDA74FA74FBC5
:106FF00074FB74FB6CFB84F8B5FA94F67C75751B16
:107000007D7C7D3B751B6CFB6CDA64BA64BA6CFBEF
:107010006D1B6CDA64BA64BA649A64BA64BA64BA0E
:1070200064BA6CDB6CDB6CDB64BB649A5C7A5C39E5
:10703000541954184BF853F94BF84BB843B84396CE
:1070400084958C7339A818C418A451E783092106C4
:1070500031A731873187318731A731A731A731A7D0
:1070600031A739C839A829472947526B39A820E5E3
:1070700039E93187318731A73187420941E82967EA
:107080004A4A4A4B4A4A4A2A526B934A41A731A874
:1070900041C9318720E529264A0A83D06AEC930842
:1070A0007A87314620E531674A2A42094A2A4A0A44
:1070B0008BCFF6D7CD76E63AE61AFF5DBD9639A8B6
:1070C00039C8294629464A09524A5AAC9471BD74B6
:1070D000732D4A2A4A29528B8BAEB3EB62CB4A0AF4
:1070E000526B524A524A7B4E62CC1883522A8BD042
:1070F00062AC526B292618A33146424A52EE6B4FBE
:107100009C1083D0422B6BD26C147455C67BDF3D30
:10711000DF7ED73ECEDDEFBFD678626862A96268B7
:1071200062A962895A6862895A8862EA5AA95A68C9
:107130005A685A695AAA5A8962895A687B6CF79EBA
:107140008D547CF28D348D548D758CF49573AE9581
:10715000F7DE83CE52075A6852275A69E6FBCEBB48
:10716000A5979D77B5F8C619BDD9CE7ADEFBDEBAF4
:10717000DEDADEFADEFAEF7BFFFBFFFCFFFCF7DC7A
:10718000EF7BD699CE9ACE99FFFFA4B23943732BE9
:10719000F7BEFFFDFFFDFFFDFFFDFFDDF7DDEF9D0E
:1071A000F7BDF7DEFFDEFFDEFFDEF7BEF7BEF7BEA0
:1071B000F7BEF7BEFFDEFFFFFFBE6B0B312349A515
:1071C000D679FFFFFFFFFFFFFFFFFFFFEFDFF7FFB6
:1071D000FFFFFFFFFFFFFFFFFFFFFFFFFFFFFFFFBF
:1071E000FFFFFFFFFFFFFFFFFFFFFFFFFFFFFFFFAF
:1071F000FFFFFFFFFFFFFFFFFFFFFFFFFFFFFFFF9F
:10720000FFFFFFFFFFFFFFFF5C185C385C385C3856
:107210005C585C585C5964996CB96CBA74DA751B2B
:107220007D3B7D1B8D59B5F98496A5B97D3A755C7A
:107230007D3B7D3B753B751B751B6CFB6CDA6CFAFB
:107240006CDA649A649A64BA649A649A649A649AE6
:1072500064BA64BA64BA64BA5C7A5C3954395C5909
:107260005C595C395C595439543954194BB77C33E7
:107270009CF66B4F210520E510A45A075A072106FA
:107280003187294629462946318731A731A731A7B9
:1072900031A731A831A8292639C8526B316720E5BA
:1072A00039A83187318731A731A731A7420939E998
:1072B000294739C84A2A4A2A420939C84A0A4A4A41
:1072C0004A4A2947292629265AAC630D6269B3CA5E
:1072D000B3AA6206210620C4292639A8420941E939
:1072E0005A49B48FCDB8EE9CF71CD61839C841E97D
:1072F000420939A84A09524A41E939A839C83187AF
:10730000316741C84A2A39A839C9AC4ED5D44A4A4E
:107310004A2A628B7B0D8BF04A4B39EB7B906AECEF
:10732000524A39A820E54A6C63706BD27BB07B4D22
:107330009CB473D174556BF38C94EF3CFFFFF7DF73
:10734000E75EEF7ED73E8D7AB63AE75DE73DFFFF19
:10735000E6FBEF7DF7DFEF7EFF9EDC72F6BAF7BE4D
:10736000F79EFF9BF691FFDDF7BEEF7DEFBEAE57B8
:107370007D1285138D338D338CF38CB49D74AE7573
:10738000F7DE62893103418441A52902AD33E75E0E
:10739000AD98BE19DE7CF69DF6BDF6DCFEFDFEFD69
:1073A000FEFDFF1DFF3DFF5DF77CE75AE77BEF9C8D
:1073B000EF7CD6DACEBAD6BAFFFF6B0B416449C672
:1073C000E73CFFFEFFFDFFFDFFDDFFFDF7BDE75CD6
:1073D000EF7DF7BDF7BEF7BEF7BEEFBEF7BEFFFF0E
:1073E000FFFFFFFFFFFFFFFFEF7D49C649E639447E
:1073F000AD13FFFFFFFFFFFFFFFFFFFF3619565AD8
:10740000FFFFFFFFFFFFFFFFFFFFFFFFFFFFFFFF8C
:10741000FFFFFFFFFFFFFFFFFFFFFFFFFFFFFFFF7C
:10742000FFFFFFFFFFFFFFFFFFFFFFFFFFFFFFFF6C
:10743000FFFFFFFFFFFFFFFF5C385C185C385C5804
:107440005C585C385C385C386C9974FA74FA7D3B33
:10745000751B8D39B61A7476A5B9957A753B7D3B47
:10746000753B753B751B751B751B6CFB6CDA6CBA39
:1074700064BA647A647A649A649A647A647A647A9C
:10748000647A647A5C7A5C595C5A5C7A647A649A4D
:10749000649A5C7A5C5A5C59545A4BB67C1394B526
:1074A0006BB2632F398718C418C441A6624718E528
:1074B0002125212621262126316731A731A731A791
:1074C00031A731A7318729464A2A4A2A210520E5D2
:1074D00031A83187318731A831A731A731A839C9FF
:1074E000294620C4316739C839C8420A4A4A4A4B3A
:1074F00039A821262926316762EC4A2A5208B3A905
:10750000C4AEBCAF49E841E9294620E520E418E5CE
:107510005A06BBEA732DB535F6FC6AED39C84A2A1E
:1075200041C839A7524A420920E518A320A320A345
:1075300018A418C420E5292629675A28FED6AD12BA
:10754000628B834DB53383CF5B5274158CB75AEF82
:1075500049E931876B9184748C94AD565AEE7C96D0
:1075600074349D16AD76528CF79EA71F8E9EEFDF6A
:10757000FFDFD73D7D3932F211ED19ED5372EF5C2B
:1075800049A5838DCE9B8D37F5D6A000D34DC6DCA3
:10759000BE5CFE8FDC80FEF4BEDA7550859285728B
:1075A0008D538D738D749574953494D49D55AE55CB
:1075B000DF5BEF7DD659BDB649E63944AD34FFDF18
:1075C000E69CEEBDD65BEEFDFF7DF69CFEFCFF7DEE
:1075D000FF7DFF9EFF3DFF1DEF3CC699CEBAD6FB57
:1075E000DF1BD6FBCEDACEBAFFFF7B4C41845207BD
:1075F000E73CFFFEFFFDFFFDFFDDFFDDEF7DE73C2C
:10760000EF5DEF7DEF9DF7BEF7BEFFDFFFFFEF5DA4
:10761000EF7DEF7DEF5DEF7DDEDA51E649C6416437
:10762000A4D2EF7DEF5DEF7DEF7DEF5D9EDBBF7E52
:10763000FFFFFFFFFFBCFFBBFFFFFF9AFFDDFFFF68
:10764000FFFFFFFFFFFFFFFFFFFFFFFFFFFFFFFF4A
:10765000FFFFFFFFFFFFFFFFFFFFFFFFFFFFFFFF3A
:10766000FFFFFFFFFFFFFFFF643854185C185C3812
:1076700064585C385C3864586C996CBA74FA7D1A3A
:107680009559B61A74B8853AADFA6C9974FA6CDAF1
:107690006CBA6CBA74FB751B751B6CFA6CBA649A85
:1076A000649A64795C79647A649A647A5C79649A9D
:1076B0006CBA54395C59649A649A649A6CDB64BA03
:1076C00064BB64BB649A5C7A53D673D184536350B1
:1076D00052EF73F2526A18A418E529467288210500
:1076E00020E52105210521263187318731A731A7E2
:1076F00031A731A8316739A8524A398718C420E523
:1077000031A83167296731A8318731A8294731A8C5
:1077100039A820E520E52946420A4A6B5AAC420ABC
:107720002926210520E541E9528B420939C89B49A8
:10773000ABEBD5F46AA94A2A526B4A2A41E9296778
:1077400041A6ABEC49E820E5524A41E94A2A4A2AD7
:10775000316639A841C818C4414492E7B3EAABEA9C
:107760006A2528C318C42105292631679C70A42FD7
:107770007AECCDF59C7141E952CE84347BF46B9365
:107780004A4C5B0E94B59CF58C94F79ED6BBC67B99
:10779000E73CFFFFFFFFB576E79F5E1E4DFECF7F04
:1077A000EFBE8DBA6CB86C977CB864169D7ADEDA41
:1077B000394462A9E73DBEBDED75A801D32DE79F11
:1077C000DF5FF66EDCC0FED4D77B9E73A6B59E331A
:1077D0009613BED6B6759594953494F49D15AE1552
:1077E000B696C6B8DF5CEF5C49C63943AD34FFFFDF
:1077F000EEDDF6DDEEBDEF3DFFFEFF5DFFDEFFFEE1
:10780000FFDEFF9EFEFDF6DCEEDCEF7CDF3BEF9E55
:10781000E73CD6DACEBACEBAFFFF734C416451E6EC
:10782000EF3CFFDEF7DDFFFDFFDDFFFFEF7DE75CF7
:10783000EF7DEF9DF7BEF7DEF7DEFFFF83AD49A5D5
:10784000520651E651E6520649E641C549C549C5C9
:1078500051E649E649E649E651E652065A27DEBABC
:10786000FFFFFFFFFFBCFDE5FE29FE07FFFFFFFF57
:10787000FFFFFFFFFFFFFFFFFFFFFFFFFFFFFFFF18
:10788000FFFFFFFFFFFFFFFFFFFFFFFFFFFFFFFF08
:10789000FFFFFFFFFFFFFFFF64595C1853F75BF723
:1078A0005C386458647864796C996C996C9984F943
:1078B000B61A7CD86CBAADFA8D3964796C79645893
:1078C000645864796CBA6CBA6CBA6CBA649A64998C
:1078D0005C795C795C79647A647A64795C59859DB9
:1078E0009E3E751B647A6CDB6CDB64BA6CDB6CFBF4
:1078F00064BA64BB64BB64167C1273D15B0F5B0F0C
:107900005B106350730C20E520E521066247418639
:1079100018C52105210529463188318831A831A8AB
:1079200031A831A831874209420920E520E5210527
:1079300031A83167292631A831873167292629677F
:107940002967296720E54209528C5ACC5ACC29472D
:1079500020E528E5290641E94A0939A83167834B22
:10796000ABEBD5F4A44F4A2A524A524A4A4A42093A
:1079700039C9836C9BED292620E44A2A4A2A39C852
:107980002925294618C54144BC4CD5B1DE13FF99C1
:10799000F6D582E8188320E420E5294649E88B6D76
:1079A000D6368BEF41C94A2A5A6A732E73B36BD409
:1079B0007CB894D694B59CF58474E73DFFFFFFFF37
:1079C000FFFFFFFFFFFFE71CE71CC79FAF1FFFFF85
:1079D000DF5EA63CAE5CF7DFEF7DEF5DEF7DCE387E
:1079E000418562A9EF3CEF7DD4F3A821C2ECEF7D85
:1079F000EF7DEE0DE4E1EE71EF7DEF5CEF3CF7DE45
:107A0000D738EF98FFF9AE3595349D549D16A5955E
:107A1000ADF68D34A617E6FB49E63943AD33FFDFFB
:107A2000F6DDF71DFF5DF73DFFBDFFBDFFBEFFFEAD
:107A3000FFDEFF7DFF3DF73DFF5DFF9EFFFFDEBAEE
:107A4000FFDFE75CCE9ACEBAFFFF734C416452066B
:107A5000E73CE75DF7BDFFDDFFFFF71CFFBEF79ECC
:107A6000EF5DEF7DF7DEF7DEF7DEFFFF7B8D49A5EB
:107A70005227520752275A27520741C649C549C5BE
:107A80005206522752074A075227520649C6D6794C
:107A9000FFFFFFFFFF9AF581F540FDC4FFBCFFFF2C
:107AA000FFFFFFFFFFFFFFFFFFFFFFFFFFFFFFFFE6
:107AB000FFFFFFFFFFFFFFFFFFFFFFFFFFDFFFDF16
:107AC000FFDFFFDFFFDFFFFF64385C175C175C1729
:107AD0005C175C5864996C996C9964997498ADD9E9
:107AE00074B864997498B63B6C5864595C385C38C7
:107AF00064586479647964796479647964796479BF
:107B0000647964796479647A649A5C795C79859D36
:107B1000A65F859D649A6CDB6CFB6CFB6CBA64BAE7
:107B200064BB5C595B93632E52CE52CE5B0F52EF17
:107B30004A8E426C7B6E49C718E5210649C751E75A
:107B400018C520E52105318731883188318831A871
:107B500031A831A831A84209292618C418C4210522
:107B600039A831872105318731A8294621062926E0
:107B70002926294631875AAC5AAC62ED39A820E54E
:107B800020E5290539A7294739874A2929465A690D
:107B9000C552DE56CDD44A4941E941E941E94A4A54
:107BA000420A936AD5B3C557526B318842093146B0
:107BB0002105292620E49B48D52ED54ED52ED5B1BA
:107BC000FFDAEEB5418518A420E4212541A862AB77
:107BD000FF79BD7341E95A6B7AEC6A8B5ACE6C1609
:107BE000A5DC94D68CB594D58C74EF5DFFFFFFDFD8
:107BF000FFFFFFFFFFFFFFFFAD76D65AEF5DEF7E81
:107C0000D71EA5FCE77FAD3341A549C641A54184F8
:107C100039444164498541C56944B86290C341C54E
:107C20003965ABC3FD828B24396549E649C68BEFC4
:107C3000FFFFEFB8E738ADF69D74A555A556A555DD
:107C400095358D74C6FAE73D41A62904A515FFFFB9
:107C5000FFBFFFFFFFFFFFFFFFFFFFFFFF9EFFDEF6
:107C6000FF9DFFBEFFFEFFFEFF9DFFFFB5953102AA
:107C700083AEFFDFE75CCEDAFFFF734C4164520650
:107C8000E73CEF9EF7BDFFFFDD75A0A3C32DFFFF0F
:107C9000EF5DEF5DEF7DF7BEF7BEFFDFFFFFEF5D4E
:107CA000DEBAD699D699DEBAC61749E649C6416406
:107CB0009470DEBAD699D69AD699E71CF79EFFFF44
:107CC000FFFFFFFEFE6BFD82F560F582FEAFFFFF5A
:107CD000FFFFFFFFFFFFFFFFFFFFFFFFFFFFFFFFB4
:107CE000FFFFFFFFFFFFFFFFFFFFFFDFFFDFFFDF04
:107CF000FFDFFFDFFFFFFFFF6C995BF75C175C178F
:107D00005C175C175C3864586CD96C98A5997CD862
:107D10006C9953D784F89D9953B75C185C185C38FC
:107D20005C585C585C595C79647964795C795C79FD
:107D3000647964795C795C595C795C795C795C79AB
:107D4000753B64BA64BA64BA64BA64BA64BA5C9AD9
:107D500053D663504A4A292620E52926210620E5E4
:107D60002126422B6BD17B0B316721263986622776
:107D700018C420E529263187318731883188318838
:107D80003187318739A8316718C418C418C43167DE
:107D900031A8318820E5292631A8292620E5212689
:107DA0002105210542095AAC5ACD4A4A20E5292627
:107DB0003188520849A752494A2A41E94A0A4A08E1
:107DC000CDB4DE15DE355A8A318741E94A4A526B15
:107DD00041E9C4EFD5B4E69C732E294739C820E5A4
:107DE000292618C54985CCCCD54EC4ACCD0EC4EEE1
:107DF000E674FFDA628810A420E418C4526B41E9EB
:107E000083CEF75972CB7ACB7AEC5A4A39A8630FF2
:107E10009D3794D68CB694B58C94EF5DFFFFFFFF31
:107E2000FFFFFFFFFFFFFFFFD6BB8412AD77DEFC35
:107E3000AE5D9DBCEFBF6AEA39446AEA7B4C83AE13
:107E40007B8D7B8D83AE736C832CD28BAB4C736C30
:107E50007B4DAC6BFE2A940C6B0C6B0B418549E699
:107E6000EF5DB5F894F69D56A5B5A575A5559DB4DD
:107E70009E15BED8FFDDEE0DB403ABE3D549F64D3C
:107E8000F64DF64DF64DF64DF64CFF58FFFFFF7DD3
:107E9000FFDEFFFEFFFEFFBEFF5DFFDFD67949C6B6
:107EA00039237B8DFFFFEF9DFFFF7B4C4164520622
:107EB000E73CEF7DFFFFDCF4A8C3A041CBF0FFFF60
:107EC000F7BEF7BEEF9DEF9EF7BEF7BEFFFFB554BE
:107ED00049E6522752075227520641C549C549C5AE
:107EE00051E652065206520749E67B8DFFFFFFFF1F
:107EF000FFFFFFFFFFFFFF79F5C4FFDDFFFFFFFF7F
:107F0000FFFFFFFFFFFFFFFFFFFFFFFFFFFFFFFF81
:107F1000FFFFFFFFFFFFFFFFFFFFFFDFFFDFFFDFD1
:107F2000FFDFFFDFFFDFFFFF64385BF75BF75BF727
:107F30005BF753F753F753F753D78CF87C975BF7FE
:107F4000643753B69559747653D75C185C385C58CF
:107F50005C585C585C585C585C585C595C595C597E
:107F60005C5964795C795C595C595C79649A64BA4F
:107F7000649A64BA64BA64BA5C9A5C586C985B712F
:107F80005AAC526A420A290618C418A4294752ADAD
:107F90006BB2741463B2734E526C214729266A681F
:107FA000210518E529673187318731A831672967AD
:107FB0003187318731A8210518C518C4294631A851
:107FC00031883187210518E52967292620E5210612
:107FD00021052926420A526C528C294721053187F6
:107FE00039A8316739A8B512DE579430526B41E990
:107FF000C573DE35DE56732C4A2A526B524B4A4B00
:10800000524AE632C554D5FA7B8F3167292620E5DE
:10801000292618A449A5CD0DCD4FC4CDB46CC4EE0E
:10802000C52FCD5049A518C420E410A35AED7B8F6D
:108030003966838EACB16ACB49E94A0941E9528B72
:108040009D1794F68CD694B594D5EF7DFFFFFFFF76
:10805000F7DFFFFFBF5DAF3DFFFF9CF5CE59EF7D22
:10806000AE1C9DBCEFBF732B3123D699FFFF9450FC
:10807000DEDBE71C9450FFDFFFFFAD75AD54FFFF63
:10808000E73DFFFFE71CF7BEFFFFE71C41A55227B6
:10809000EF7DAE169D54A5D6ADB6ADD5A635AE7660
:1080A0009E55E79EFE6EED00F582F582F541ED21CD
:1080B000ED21ED21ED21ED21ED00ED64FFDDFFDE91
:1080C000FFBEFFDEFFFEFFBEFF9EFF9DFFFFCE58FF
:1080D00049C639237B8DFFDFFFFF732B4184520696
:1080E000E73CFFFFD4B2A0A3A082CBF0FFFFFFDEEE
:1080F000FFDEFFDFF7BEF79EF79EF7BEFFFF940F90
:10810000394351E651E651E649E641C549C549C5FD
:1081100051E649E651E649E639645A48FFDEFFFF79
:10812000FFFFFFFFFFFFFFFFFF9AFFFFFFFFFFFFC4
:10813000FFFFFFFFFFFFFFFFFFFFFFFFFFFFFFFF4F
:10814000FFFFFFFFFFFFFFFFFFFFFFDFFFDFFFDF9F
:10815000FFDFFFDFFFDFFFDF5BF753D653D653D6DA
:1081600053D653D653B6539663F68CD64B7553B647
:1081700053B653D68CD764165C185C185C385C58C0
:108180005C585C585C585C585C585C795C595C592C
:108190005C585C585C585C595C595C5964996499AA
:1081A000649A649A5C795C386C778D1873D1526BE1
:1081B0004A4A4A4B292618A4294752CD7C34847553
:1081C000741473D373F45B0F5B30318818E5624726
:1081D00041A618E53187318731882967212629464C
:1081E00031673187296720E518C4212631A83187F6
:1081F0003188316720E518C420E5294620E520E5CF
:1082000020E5296739C94A2B420A20E518C42926E6
:1082100039C939C841E94A2A734DBD94D6569C7074
:10822000BD32E676E676732C39A9420A420A41EA63
:10823000628AF694C596DE3AA4B45B2F210520E548
:10824000316721054185BC6BC4CDB44CB48DBCCE27
:10825000BCCE8B2828E3210518E41083736F8C3281
:1082600031454A29FF7AACF239A84A2A4A0941E93C
:108270008CB59D378CD68C949D15F79EFFFFFFFF24
:10828000DF9E3E3915B74639E7BED6BBD69AEF5DBD
:10829000B63CA5FCF7DF732B3103DEBAD67920603C
:1082A000AD13ACF32080D679FFFF5A685206EF5D1C
:1082B00063D0E77D62AA5A68F7BEE71C4185522762
:1082C000EF7DBEB7A615ADF6ADD6B696B6B7AE770E
:1082D000B6B7EFDFF62BED00F563F562ED42ED2268
:1082E000ED22ED22ED22ED22ED21ED43FFBCFF7EDC
:1082F000FF5DFFBEFFFEFFDEFFDEFFDEFFBEFFFF16
:10830000CE5949C639237B6CFFDF7B4C4164520652
:10831000EFBEDC92A082A082D431FFFFFFFFFFFFFF
:10832000FFFFFFDFFFDFF7BEF79EF7BEFFFF9450B2
:1083300031028C2FFFFFFFFFE73C49E649C6396455
:10834000AD13FFFFFFFFCE38394462A9FFDFFFFF07
:10835000FFFFFFFFFFFFFFFFFFFFFFFFFFFFFFFF2D
:10836000FFFFFFFFFFFFFFFFFFFFFFFFFFFFFFFF1D
:10837000FFFFFFFFFFFFFFFFFFFFFFDFFFDFFFDF6D
:10838000FFDFFFDFFFDFFFFF53D653B653B653B611
:1083900053B553B553B5539584965BB553D65BF738
:1083A00053D65BF684B664165C185C185C385C388F
:1083B0005C585C385C585C585C585C595C585C583C
:1083C0005C3864796CB964795C585C596499649AD6
:1083D0005C795C376C7795599D796B704A2A4A4A6B
:1083E0004A4A3187294752CD7C3384957C547C346A
:1083F0007C3473F474146B925B71422B18C439860D
:108400006A672105318731872946210621262926D9
:1084100031673167210620E520E5318731A83188B1
:108420003187294620E518C518C42105210618E51D
:1084300020E5296739C9420A318820C418C410A32D
:108440002946316739A8526A420941E9630D83AE72
:10845000BD12E697DE359C508BEF8BEF83CF6B2DF3
:108460008BADF6B5B515CDB9DE3A5AEE31672106BA
:1084700039C8316618A46A25ABE9AC0AA3CAB46D41
:10848000B46C51A43187294620E418A48C5383F29C
:1084900020C4108483AEFFBA83CE39C94A4A39A8B2
:1084A00052AD9D588CB68C539D15F79EFFFFFFFF74
:1084B000FFFF3619055605977EDBFFDEAD77D659EF
:1084C000BE5CA5DCF7DF732B3923D6BA83CE28E256
:1084D000E73CAD133123D699FFFF62CA6289E75D9D
:1084E0009D76FFFFC6173103734CDEDA41A5522794
:1084F000EF5DCEF8C6B7AE16C6D7E799E799DF7934
:10850000D779E7BDFF9BEDC8D4A3D4A3E545F5C754
:10851000F5C7F5C7F5C7F5C7F5C7FEF4FFFFFFBD03
:10852000FFBEF79DF79DFF9EFFBEFFFEFFFFFFDE34
:10853000FFFFD67949E6392383AE730B4164524776
:10854000BB6DA882A082D492FFFFEF9EEF9EFFDF5B
:10855000FFFFFFFFFFFFFFFFF7BEF7BEFFFF9450D7
:108560003103734CBD95BD95AD3349C649C64184B1
:108570008BCEB595B5959C7139646289FFDFFFFF9D
:10858000FFFFFFFFFFFFFFFFFFFFFFFFFFFFFFFFFB
:10859000FFFFFFFFFFFFFFFFFFFFFFFFFFFFFFFFEB
:1085A000FFFFFFFFFFFFFFFFFFFFFFFFFFFFFFFFDB
:1085B000FFFFFFFFFFFFFFFF53D653B553955395C2
:1085C000539553954B756C156C354B9653D65C177C
:1085D0005C3864168CD65BF65C185C175C385C38CB
:1085E0006458649964796458647964796C996C9975
:1085F00064795C5964795C795C79649A5C795C38FB
:1086000074779559A5DB84754A6B420A4A6B41E938
:1086100039A852AD73F28CB584957C547C347C348B
:108620007C347C3473D36BB2639263B2296718C411
:10863000728841E82967292620E521052105292698
:10864000294729462105210531672967296731878F
:108650002967212618C518C418A418A4210520E5E7
:1086600020E5316739E939C92926210518C418A33D
:1086700010A3210531674A2A4A4A4A4A4A2A39A898
:10868000ACF2E676D615B4F2D616E677EEB7E6B7D4
:10869000CDF5E696CD97D61AD5B86AED296731871C
:1086A00039C939C818C4290469E58AC68B0782C745
:1086B00051E6398739C92925210539A7A4F3A4B181
:1086C000940F94109452DE77DE364A09420A4A2A01
:1086D000292673B195178413A516F7BEFFFFFFFF78
:1086E000E7BE5E7A35F8565AFFFFEF9EAD77D69A11
:1086F000C69DAE1CF7DF6AEA28C2D6999C917B4CD6
:10870000FFFF9CB23123D699FFFFDEDADEBAFFFF0E
:10871000FFFF7B8D9CB2BDD74A07C617418549C66E
:10872000EF7DF7DBE799DF38E779E779DF39D7398C
:10873000C6F9C719EFDEE71C41C63124AD14FFFFAF
:10874000EF9EF7BEF7BFF7DFF7DFF7DFFFFEFFFFB4
:10875000FFFEFFFEFFDEEF5DE71CE73CDF1CD6DB24
:10876000CE9AFFFFD6795A48418449C549E68165CA
:10877000A8A3A904DCF3FFFFF7BEEF9EEF9EEF9ED8
:10878000F7BFFFDFFFFFFFFFFFFFF7BEFFFF9430E4
:108790004164418430E230E2310249C541A549E6F5
:1087A000416430E230E2392341856289FFDFFFFF17
:1087B000FFFFFFDDFFFFFFFFFFFFFFFFFFFFFFFFEB
:1087C000FFFFFFFFFFFFFFFFFFFFFFFFFFFFFFFFB9
:1087D000FFFFFFFFFFFFFFFFFFFFFFFFFFFFFFFFA9
:1087E000FFFFFFFFFFFFFFFF5BF65BD653B653B5FE
:1087F00053955395539574345BD653F653B653B68D
:108800005C376C5784D664165C185C1764586CB976
:108810006C997CF97D1A6CB96C996CB96CB96CB9AE
:1088200074DA6CB9647964BA64BA5C586C568D3881
:10883000A5DB8CF75AEE39C94A4B4A4B39A8422A74
:108840006BD27C548CB584757C7484547C547C5479
:108850007C7573F36BD2743573F46BF352EE106363
:108860005A288B2A18C520E520E520E52105294650
:10887000294729462106296731A831A831672926C9
:10888000210518E518C420E5298820E510A318E57E
:1088900020E5318839CA31882105294618A418C431
:1088A00010A318A4292641E9420A4A4A526A4209F9
:1088B000B512DE56D5D46AEC41E9524A526B4A2AC7
:1088C000BD53E677CDD9EEFCE65BE65A7BF26391C9
:1088D00041C84A4A398720E5318751E8628A736D79
:1088E000528C39C831672946294672ECE699F77CE3
:1088F000DE98D615E677E6DBEF3CA4B241E941E924
:1089000039A841C96B918433A536FFDFFFFFFFFF14
:10891000FFFFFFFFF7FFC77DFFFFF7BFF79EFFDEFB
:10892000FFFEEF7DE79FAD335A89F77DE77DDF1CC2
:10893000E77E9C9128C252485A485A895A895A4817
:108940005A6831035248FFFFF7BEFFDF732C83AE36
:10895000FFFFF7DAEFB9EFB9EF9ABE57AD96ADD793
:10896000ADD7A5B7BE59E6FB49E63123B554DF3D87
:10897000A597B619BE5AC67AC65AC69ADF1CEF7DAD
:10898000FFDEFFFFFFDEDEFBC67AC679C679CE9A30
:10899000CE79D6BAFFFF8BEE418449E66944B0C474
:1089A000A8E4B1A6FFBEFFDEF7DDF7DEF7DEF7BE17
:1089B000F7BEF7BEF7BFFFDFFFFFFFDFFFFF9450FB
:1089C000394362A98BEF8BEF83AE49C641C649A5F7
:1089D000730A8BEF8C0F7B4C41646289FFDFFFFFD2
:1089E000FFFFFDA3FE8DFFFFFFFFFFFFFFFFFFFF68
:1089F000FFFFFFFFFFFFFFFFFFFFFFFFFFFFFFFF87
:108A0000FFFFFFFFFFFFFFFFFFFFFFFFFFFFFFFF76
:108A1000FFFFFFFFFFFFFFFF5C375C175C175C1772
:108A20005BF753D663D563D453D65C375BF753D625
:108A300053D664168CD764365C3853F75C3874D9D7
:108A40007CF97CF97D1A7D3A7D1A6CB96CB974D9C0
:108A500074FA6CDA6CFA6CB96C568CF79D9A8CF7D8
:108A60006370420A41E9528B422A39A85B0E849511
:108A70007C548CD584957C757C75847584757C3428
:108A8000632F6BB27C7574347C766371426B318872
:108A900020C472672904106318A3188318A320E464
:108AA00018C4108318A421052926294629262967D8
:108AB000212618E4212639EA4A8E422C212618E480
:108AC00020E5318839CA316818E4294710A318C451
:108AD00018C418A418C431A8420A4A2A4A4A4209AA
:108AE000BD32D5D4C55262CB4A2A524A4A4A41E9DC
:108AF000D615D636D63AF71CE69BEE7BDE198454A3
:108B000052EE4A2A524B4A4A3187420A6B4E73AFA1
:108B10004A0A41E939A831875A8BB493A3EFD61793
:108B2000FFDFEF5CD616D5D4E6B8FFFFDEBB6AEDFB
:108B3000314749E94A0A634FA557FFDFFFFFFFFFAF
:108B4000FFFFF7DFEF7EEF9FE77EEF9EFFFFFE4A1E
:108B5000FDE5F7BDBE9EDF3DE75D9D974370439108
:108B6000A619D67962A96B0B732B6AEA6B0B732B70
:108B700062CA62A9A4F3FFFFEFBAF7DCFFFFFFFFB1
:108B8000FFFCF7DAEFBAEF99CED8B617B5F8BE18F2
:108B9000B5F8ADF8C69AE6FB49C63943AD34EFDE09
:108BA000C6B9CEDACEDACED9CEB9CEB9C69AC67AA1
:108BB000CE9AD6DBCE9AC679C679C67ACEBACE9A86
:108BC000C679FFFFB554418449E649A5C575B9E8A2
:108BD000A0C3A0A3BAABFFFFFFDEFFFEFFFEFFFEB8
:108BE000FFFFFFDFF7BFF7BFF7DFF7BFFFFF9450CF
:108BF00030E29470FFFFFFFFFFDE49E649C63944CB
:108C0000B574FFFFFFFFD6BA394362A9FFDFFFFF4C
:108C1000FFFFFEF3FF57FFFFFFFFFFFFFFFFFFFF19
:108C2000FFFFFFFFFFFFFFFFFFFFFFFFFFFFFFFF54
:108C3000FFFFFFFFFFFFFFFFFFFFFFFFFFFFFFFF44
:108C4000FFFFFFFFFFFFFFFF5C3864385C385C38D4
:108C50005C375417743563F653F75BF76CB86437B9
:108C600053D65BD58CD77497649864586C987CF90C
:108C70007CF97D19857B8E5E8E3E7D3A74FA74FA9E
:108C8000751A6CDA6C9784B695388CD66370526B13
:108C900041E94A2A528C41E9420A73F28CF77C334B
:108CA00094F684958475849584957C136350424B27
:108CB0005B307C967C5584B65B30637194F574753B
:108CC000639273B083CF424C424B426C4AAD4ACE62
:108CD0004ACE52EF530F5B505B3063716C137414C8
:108CE000639252EF52CF426D3A0B31EA31A92126FD
:108CF00020E5318839CA316810A3318818C418C4F6
:108D000018C420E518C420E539C84A2A4A2A4A2A44
:108D1000C573C4F0B4B0526B4A2A524A4A2A526B05
:108D2000EED7CDD6E69BF73CEF1CE65BE63AB4B453
:108D30007B8F422A5AAB5AAC4229526A5A8B83CF54
:108D400083F0630E528B6AEDAC31C536CD76B470CC
:108D5000D615F7BEFFFFEF1BD5D4D5F5FFBEF7BE86
:108D60007B4D41C9526B4A0A8C73FFFFFFFFFFFF27
:108D7000F7BFCEDDBE7DBE7DBE7DD71EFFFCFE07EC
:108D8000F582FFDAAE1A226D3B2F332F4BF25433AC
:108D90005C73DF3CFFFFE71C94507B6C83ADBDB67A
:108DA000FFFFFFFFE75DB617C697E77AEF9AEF9AE6
:108DB000E779C6B8C698EFBAEF9AEF9ACED9BE391E
:108DC000C679BE78D71BE6FB49C63143AD34F7FF01
:108DD000DF5BF7FCDF7BD73ACF1ACEFAD71ACEBAD1
:108DE000C659C659C659C679C679CE9ACE9AC67999
:108DF000F7DFD679418549E63944ACF3FFFFEE9AB7
:108E0000A904A904A082CBCFFFFFFFDEFFFEFFFE77
:108E1000FFFFFFFFF7DFF7BFF7DFF7BEFFFF942F7E
:108E200039435A68732B732B6B0B49C649C549A547
:108E30006289732B732B6ACA41856288FFDFFFFF4B
:108E4000FFFFFFFFFFFFFFFFFFFFFFDFFFFFFFDF72
:108E5000FFDFFFDFFFFFFFFFFFFFFFFFFFFFFFFF62
:108E6000FFFFFFFFFFFFFFFFFFFFFFFFFFFFFFFF12
:108E7000FFFFFFFFFFFFFFFF645864385C385C387A
:108E80005C385C378CD65C175C175C38647874F996
:108E9000649853B68CD774B774F96CB87CF97CF9C4
:108EA0007D197D3A857A8E1D8E1D7D5B7D1A753B01
:108EB00074D9747684B68475634F526B4A6B4A2AB0
:108EC0004A4B526B39C8528D84958CF774139D169A
:108ED0008CD6849584B57C135B2F4A8C420B5B3017
:108EE00084B67C7584B652CE31EB9D79BE3A7C96C1
:108EF000959B8D5984D784D77CD77CD77CB7745504
:108F00006C356C147C9684756C146416637052AD69
:108F100052CE4A8D5AEF52AE4A4D39EB39CA2146EC
:108F200021473168420B39A908623147292610A32D
:108F300018C4210520E52105210539A84A2A5A6AC5
:108F4000CD73B3CAA40E4A2A4A4A4A4A420A6B0D52
:108F5000F718B514D63ACDD8FF9DE69ABCF5BCF308
:108F6000BCD3A472730D5A6A4A4A62ED736F9CB106
:108F70008C107B6E834DD598D5D7C553DE99EE9A6C
:108F8000CD94D5F5F77CFFFFF79DD616D5F5DE9984
:108F9000F6F8730C4A0A526B526BDEDBFFFFF7DF09
:108FA000D6FDBE5CB63CB65DB65DBE5DDF3EFFDDA8
:108FB000FFDBDF3E9DBA5BF343504BB14BD14BF22D
:108FC0009DB8E77DAD1349C628E23103310239442B
:108FD00062CADEDAC67A8CD49D15A575A5D6BEB850
:108FE000B678B658E75AFFFBF7DBF7DBEFBBC6797D
:108FF000C679CED9EFBCE6FB49C63944AD34FFFF94
:10900000D73AEF9BF7DCDF7BF7DCEFBCDF5BD73BCE
:10901000C69AD6DAD6FAC69AC679CE9AC679E77DC6
:10902000EF5D520749C539648BEFFFFFEF9CFFFFEF
:10903000E5B6A0A3A925A082DCF3FFFFFFDEFFFEBB
:10904000FFFFFFFFF7BFF7BFF7DFF7BEFFFF9C7122
:109050003102416431033103312349A549C549C671
:109060004164310339033923312362A9FFDFFFFF54
:10907000FFDFFFFFFFFFFFFFFFFFFFFFFFDFFFDF60
:10908000FFDFFFDFFFDFFFDFFFDFFFDFFFFFFFFFB0
:10909000FFFFFFFFFFFFFFFFFFFFFFFFFFFFFFFFE0
:1090A000FFFFFFFFFFFFFFFF643864375C585C5829
:1090B0005C386C77A5995C3764586C986C986CD95F
:1090C000857A6CB88CF86C3564787D5A7D3A7D3A37
:1090D000857A857A859A859B7D3A7D1A751A74B84A
:1090E0007C757C13632F4A6B4A6B528C4A4A4A4BFD
:1090F000526B39C9632F8CD68CF673F28CB59D37C1
:1091000084957C34632F4A8C4A8C4A4B5B2F84B6FF
:10911000849684964A8C21276416BE5AA59984B6F3
:109120007C7552EE424B422B422B422B422B420B80
:1091300039EA528D8C9584125BD763F6630E52CE5A
:1091400052AE52EF63715ACF528E420C39EB4AB194
:1091500031CB10A329264A0B18E41082292618C403
:1091600018C42105212629462926210529475A8A7E
:10917000BCAFB3A98BAD420A524A524B41E98C0FA6
:10918000F718BD36DE3AD5D8D5F8C597C556AC71B7
:10919000CD76BCF4CD77AC51A47393CF9410AC933F
:1091A000A430DE59CDD7AC30F73CF79DCDD4DE5797
:1091B000DE59D5B5D615F77DFFFFFFDEDE57BD338F
:1091C000F6F85A6B49EA5A8C4A2A62EDF79EE77E16
:1091D000BE7DB63CAE1CAE1CAE3CB63DA5FCBE1979
:1091E000C65A955B959CA5FD9DBB7CF87D16DF3D21
:1091F000DEDA732B3964418583AEC5F77B8D49E692
:109200003123732BF7DF9D76A5979D76BE98DF7A85
:10921000C6D9EFBBF7DBF7DBF7DBF7DBF7DBCEB964
:10922000C699D6FAEFBDE71B49C63143AD34F7BE48
:10923000CEB9DF3AE75BDF5BEF7BF7BCF7BCE77CDF
:10924000CEDAF79DD71ADF5ACEBAC679D6FBFFDF42
:109250006AEA418541856AEAFFDFE75CDF3BE75B5D
:10926000FFFFD492A062A924A8A3E5F7FFFFFFDEC9
:10927000FFFFF79EF7BFF7BFFFDFFFFFFFFFFFFF17
:10928000CE79CE58CE58D659C5D649E649C641649E
:109290009450D679CE58CE59CE38EF7DFFFFFFFFE0
:1092A000FFFFFFFFFFFFF7FFD77FEFDFFFFFFFDFCE
:1092B000FFDFFFDFFFDFF7BEFFDFFFFFFFFFFFFF87
:1092C000FFFFFFFFFFFFFFFFFFFFFFFFFFFFFFFFAE
:1092D000FFFFFFFFFFFFFFFF645764576458647888
:1092E00054178D18ADFA5C376CB874D974D97D19E0
:1092F000855A85798D597C556C987D3A859A7D5A29
:10930000855A857A859A857A7D3A6CF97C967C12A5
:10931000632F528C4A4B52AC52AC4A4B4A4B526B65
:1093200039C9637095178CD674137C54A5997C74D5
:109330006B7152AD4A6C52AD4A6C5B0F84B684B609
:109340007C75422B20C443339559BE3A8D1795182E
:10935000635052CE52AD4A8C4A8D4A8D4A8D4A8D09
:109360004A4C6BB194B56BB3541A6BF4630E5B2F1C
:1093700052AD63506B925B104A4C426C5B94320C62
:109380001082108210832105316718C410A310A425
:1093900018A42105294629462947294610C46A6888
:1093A000BBEAC42B6AEC420A4A4A524B41C9B51384
:1093B000E697C597F73DEEDBBD15D5B8AC71C55541
:1093C000C556BCF5CD76B491D5D9CD56BCD3DDFA12
:1093D000C534D616FFFFC555BCD1FFDEF79DCDD4F1
:1093E000D636D5F8CD74D5F4FFBDFFDFD658EED80C
:1093F000ACD2398949EA5A6B5A8C4A0A83F1D71E92
:10940000BE5CB65CAE1CA5DCA5DCAE3CB63D9CD516
:109410008C32955A959C8D7B959CD6FEFFDFA4B12E
:1094200049A5392341844185A4D2FFBEB55449A53D
:109430003943A4F2EF9E9D779D97ADF8EF9AEF9A8E
:10944000E79AF7DBF7DBF7DBF7FBF7DBDF5AD73918
:10945000CED9CED9EFBCE6FB49E63944AD34EF9E18
:10946000BE38C699C679C679C659C679C69ACEBAE3
:10947000CEDAF7BDEF9CF7DCEF7BCE9AFFFF8BEEE9
:10948000394441A55207EF5CE73CCE58D6BAD6DB4B
:10949000E75CFFFFC36DA082A904A925F6DBFFFFEF
:1094A000FFDEF7BFF7BFFFDFFFDFDEBADEBADEDACF
:1094B000E71CE71CE71BE71CD67949E649C6396477
:1094C000A4B1E71CE6FBE71CE71CDEFBDEBAD69A7C
:1094D000E71CFFFFFFFFDF9F4DDDAF1EFFFFF7BE65
:1094E000F7BEF7BEF7BEFFDFFFDFFFFFFFFFFFFFA7
:1094F000FFFFFFFFFFFFFFFFFFFFFFFFFFFFFFFF7C
:10950000FFFFFFFFFFFFFFFF645864586458647853
:109510005C17ADFBAE1B5C5774F97D197D598559FD
:109520007D59857A8D387C558D188D9A857A8D9ADE
:10953000855A855A857A857B7D197C336B6F52AD50
:109540005ACD52AD630D4A4B4A4B4A6B526B422B7C
:1095500063918CF68CD67C546C14AD9873F252CE19
:10956000528D52AD52AD528C52CE84968CF77414FB
:1095700039C918A43A8E6479B5F9A5B98D18637004
:1095800052AD63504A6C4A8C4A6C4A6C4A6D4A6CC4
:109590004A8D8433843353B6541A73F36B7063303B
:1095A00052CE6B9273F45ACF5B30747731EB10620A
:1095B000108310A310A3108318A318E418C418A3D1
:1095C00018A42105294629462946294721068B0842
:1095D000BB88B40B4A2A4A2A4A4A4A4A41E9D61564
:1095E000CDD5CDD8FF5DCD97D5B9BCD3B492DDF93B
:1095F000B4D3D5F9C4F4B492D5B8C535BCD2DDD84E
:10960000BCF4C512F77DFFDFBCF2D5F5FFFFF79D77
:10961000D5F5D616CD97D573CD94DE57F6F8E63549
:109620008B2B41A949C9524B5A6C5A8C4A0A94D681
:10963000C6BEB61CCEDDDF9FCEFEB63CB63DA5163F
:1096400083F195599DDC853B959CF79E628928E2C4
:1096500039648C0F9C71520739645227396449C6AA
:10966000C5F7FFFFA5B795769DB7BE98EFBAEFBADD
:10967000F7DBF7FBF7DAF7DAF7BAD738D739E79A33
:10968000DF39CEF9E77BE71B418428C2AD34EF9E7A
:10969000C678CEBAC679C659C638C638BE59C69A33
:1096A000DF1BF7BDF7BCEF9BDF3AFFFFAD1339437C
:1096B00049E64184D659F7BEC638D679D6BAD6FC23
:1096C000E77CF7BDFFDFBA49A8A3A8C3B1E8FF9EB6
:1096D000FFDEF7BEF79EFFFF8C0F31024184396435
:1096E0003944416439643964416449C541A549C676
:1096F00041853964394439443944396439643964B9
:109700003964D679FFFFEFBFB71EDF9FFFFFF7BEBB
:10971000F7BEFFDFFFDFFFDFFFDFFFFFFFFFFFFF22
:10972000FFFFFFFFFFFFFFFFFFFFFFFFFFFFFFFF49
:10973000FFFFFFFFFFFFFFFF647864586478645801
:109740006437CEBDADFB64977D197D59857A857AE6
:10975000857A8D7A8D597C548D1795BB95BB8DBAC2
:109760008D9A857A8D9B84F77C12736F5ACD734FD7
:10977000528D736AEEEC8C30420B41EA3A0B63D3A4
:109780008CD68CD6847564159D3773914A8C52ADF6
:1097900052AD52AD52AD528D7C758D186B912947EB
:1097A00020E531885C597CD8BE3A95596B914A4B7B
:1097B0006B915B0F4A6C4A8D4A8C4A8D4A8D4A6C7C
:1097C0005AEE8454639253F95C397C136B905B308E
:1097D0005ACE6BD36BD36BF37CF931A9108318E4A9
:1097E00010A310A310A3108310A3108318A318C4F0
:1097F00018A42105296729663167294639869B49BE
:10980000C3E98B0939EA4A2A4A2A4A2A4A29EEB781
:10981000B512D659E679C578D5F8B4F2DE3AD5D87E
:10982000C535E65BBCD2C534D5F9CDB7CDD4F75D2F
:10983000D5F8BCB1E698FFFFEF1CC573E6D9FFFF72
:10984000F77CD5F4D616C514CCCED5B28BF07B2DD3
:10985000CC6D628B41A949C95A6C5A6C5A6B5A8CAF
:10986000B5FBBE7DF79EFD56FE7AEF9FAE3DA51679
:109870007BB09D389DDC853A74F5EF9D838D6AEA57
:10988000CE18FFFFF79E734C3964394341A549E672
:109890008C0FE71BE77EB6599DD7C6D9EFBBE79A79
:1098A000E79AF7DAFFFCFFFFFFFFFFFFFFFFFFFF75
:1098B000FFFFFFFFFFFFFFFFA4D27B8DF79EFFFF9F
:1098C000FFFFFFFFFFFFFFFFFFFFF7DFFFFFE79D4A
:1098D000E75BFFFEF7BDE77BFFFFCE38416449E65B
:1098E0003944AD34FFFFCE79D6BAD6BAD6BBDF3C09
:1098F000EF9DF7BCFFFFF73CB166A8E4A0A3C2CB85
:10990000FFFFF7BFF79EFFFFAD135A486AC962A970
:1099100062A962A962A962A9628949C641A549A54D
:109920005A4862A962A962A962A962A962A962A948
:1099300062CAE6FBFFFFFFDFFFFFFFFFFFDFFFDF86
:10994000FFDFFFDFFFDFFFDFFFDFFFDFFFFFFFFFE7
:10995000FFFFFFFFFFFFFFFFFFFFFFFFFFFFFFFF17
:10996000FFFFFFFFFFFFFFFF64786478647864788F
:109970007497D6FEA5B96C977D598579855A7D591E
:10998000855A8D9A95DB7C759D588D9A95DB95BA95
:109990008D9A8D9B84D68C327BB0630E739062ED72
:1099A000528CD673FFF7FFDACE0F7BAB74758495BC
:1099B0008CD6849564157C967BD14A8D52CE52CD3F
:1099C00052AD52CD4A6C73F38D385B0F21062926B8
:1099D000292653535C7A9D38B61B73D34A4B5B0FD1
:1099E00073D252AD4A8D4A8D4A8C4A8D4A8D4A6C4B
:1099F000635073B153955C5B5C397C546B916330FD
:109A00005B0F5AEF84D785392967108320E520E55D
:109A100018C418A410A310A318A318C418C418C4F9
:109A200018C420E531672967294621265A27A36AE9
:109A3000B3A95208420A420A4A2A4A2A49C8BCF033
:109A40009C50D639CDB7E6FCC5D6DEBAFF9FC575AA
:109A5000D5F8EEBBC574DE58D5D8CDD8CDB4F77CDB
:109A6000F77EB491D5F5FFDFFFFFE678CDB4F79D23
:109A7000FFFFEF1BD5F5BCF1BBEC949473D26330C0
:109A80009B4BBC9049EA39684A0A5A8C5A6C5A6B0B
:109A90008413C6FFFF1CE108F3D1E7DFA5FC9CF5AA
:109AA0007B6F9517A61C8D7B5BB095B5EFDEFFFF36
:109AB000FFFFA4F349C631026AEA9CB25207394358
:109AC00039444A07AD13F7BEE7BDCEFAD6F9E79A97
:109AD000DF7AF7DCF79E947183AE83CE83CE83CE9C
:109AE00083CE83CE83CE83CE8C0F8C0F83CE83AE7A
:109AF00083CE83CE8BCE83CE8BEE83EE83CEDEDA27
:109B0000F7BEF7BDF7BEF7DEE71B41C641C63944D5
:109B10008C0FFFFFD6DBDEFCDF1CD6DBD6BBD6DB33
:109B2000DF5CF7BDFFFDFFFFEE79A8E4A904A0828A
:109B3000CBEFFFFFF7BFFFDFFFFFFFFFFFFFFFFFE1
:109B4000FFFFFFFFFFFFFFFFEF5C49E649C63964F7
:109B5000AD33FFFFFFDFFFFFFFFFFFFFFFFFFFFF53
:109B6000FFFFFFFFFFDFFFDFF7DFFFDFFFFFFFDFAD
:109B7000FFDFFFDFFFDFFFDFFFDFFFDFFFDFFFFFD5
:109B8000FFFFFFFFFFFFFFFFFFFFFFFFFFFFFFFFE5
:109B9000FFFFFFFFFFFFFFFF649864986C986478F5
:109BA0007CB7CEBD9D5774F8857A857A85597D3905
:109BB0007D3995BA9DFB8538A5989D998DBA95BB41
:109BC0008D9A84D6945373905ACD7BB06B2E4A6C89
:109BD000C5F6FFFEFFBDF72FF705FF69EF5594F7B8
:109BE00084956C356C77843252CE52CE52CE52CEA2
:109BF00052CE4A8C63718D184A8D20E5294729265B
:109C0000424C649A6437B5FA8CD64A8C528D6BB24A
:109C10006371528D528D528D4A8D4A8D4A8D4A8D77
:109C2000632F5B10647A649A5C5A7C5473B16370DE
:109C30005AEE7CB6959B296718A318E520E5210507
:109C400018A418C410A318A318A418A418C4210594
:109C500020E518E52946316651C6294672AA932A9D
:109C600082A739C942094209420A420A62489B6AEC
:109C7000736EB535E6DCD699C5D6F7BFF75DBCF394
:109C8000E67AEEDBC5B4E6DAD5D8D5F8CDF5E6FA56
:109C9000FFFFC555BCF1EF5CFFFFFF9ED5D4DE98FA
:109CA000FFFFFFFFE6D9D5D4A4B3AE3CB63BA5BABF
:109CB0007BB1C4F18BF0312841885A6C5A6C5A8CB4
:109CC00062CCA5BAFFBFFE7AFF1CCEFE9DBB8C53B3
:109CD0007B9094D6A61D95594A4A8492EFBEBDB694
:109CE0005A6828C249E6AD14F79EEFDEEF3C8C0FB0
:109CF00041853964396462CACE58F7BEB639CEF9A7
:109D0000DF79FFFEB57528E24185396441644184FD
:109D10004164416439644184396439643964396423
:109D200039643964416439644184418439236AEA7D
:109D3000FFFFF79CFFDEFFFF6B0B398541856AEA69
:109D4000FFDFEF7DE75CE75DD6BBD6BAD6BBD6BBFF
:109D5000D6DCDF1CE73DE71CFFFFE575A082A925E7
:109D6000A082E5B6FFFFFFBFFFDFFFFFFFFFFFFFA2
:109D7000FFFFFFFFFFFFFFFFEF5C49E649E63964A5
:109D8000AD13FFFFFFDFFFFFFFFFFFFFFFFFFFBE82
:109D9000FFFFF597FFFFFFFFFFFFFFFFFFFFFFDF65
:109DA000FFDFFFDFFFDFFFDFFFDEFFDFFFFFFFFF84
:109DB000FFFFFFFFFFFFFFFFFFFFFFFFFFFFFFFFB3
:109DC000FFFFFFFFFFFFFFFF6C986C986C986478B3
:109DD00084D6BE5B9D378518857A857A8D7A8D9A73
:109DE00095BA95DB95DA95DB9579B5FA8D7995BBC2
:109DF00084B58C526B4F528C7BB0738F52ACB57460
:109E0000FFFAF776F72DEEC5EEC7F708CE94847605
:109E10006BD36CB984546B7052EE632F52CE52EEFA
:109E200052AD5B2F84B7422B20E629472927318882
:109E30005BD55C7A7477ADB85B0F4A8D5AEE7413BC
:109E40005B0F52AD52AD528D528D528D4A8D4A8D5F
:109E50005ACD63D4649B649A647A7C757C125AEF01
:109E60007CB69E1D31A8108320E518C4210620E58C
:109E700018A418C410A318A418A418C421052105F7
:109E8000210518C529466AAA82A8622872EB8B09A7
:109E90005A4839C841E941E9420A41E9AC0CAC0DE4
:109EA000420AC597E6FCBD95E6FBFFFFE69AAC9239
:109EB000EEFCEF1CC5B5EF3CD5D8D639D636DE98CA
:109EC000FFFFE6FBB450D617FFFFFFFFE699CDB4C6
:109ED000F7BEFFFFFFDFDE77BD32A4F6A5BAB61BE3
:109EE000A5799C51DE5641A939484A0A5A8C5A8CA8
:109EF000730C6BD2751AAE7DC6DDA61C8D189453FB
:109F0000E75DEF9EBEBD8D17424ADEFC9C7120A12D
:109F100039649C70EF7DFFFFB6D895F5BED9F7FF89
:109F2000CE596AEA3964290328E2DEDBD71CB61869
:109F3000CED9E77DCE3839444164396441844164E7
:109F400041643964418441643964396439643964F1
:109F500039643964416439644164418439237BAE96
:109F6000FFFFF77BF79CF7BE522731025227EF3CE9
:109F7000FFDEF79DFFFFFFDFD6FCCEBBD6BBD6DBF7
:109F8000D6DCDEFCDF1DE73DEF5DFFFFD451A062B4
:109F9000A041DD14FFFFFFBFFFFFFFFFFFFFFFFF3B
:109FA000FFFFFFFFFFFFFFFFF79D5206394431021D
:109FB000BD95FFFFFFDFFFDFFFFFFFDFFFFFF5B80E
:109FC000EAEEEA2CF619FFDFFFFFFFDFFFDFFFDF1E
:109FD000FFDFFFDFFFDFFFDFFFDFFFDFFFDFFFFF71
:109FE000FFFFFFFFFFFFFFFFFFFFFFFFFFFFFFFF81
:109FF000FFFFFFFFFFFFFFFF6C986CB86CB86CB8F9
:10A000008CD6B5D9A53785188D7A8559857A95BAB4
:10A0100095BA95DA95DA9DDB95BA9D99A5998494C0
:10A0200084116B705ACE7B907BB0630D62EEB5737A
:10A03000FFABF704EEA4EEC6EEC7F72C94D45B0F8B
:10A040006C9874977BF25AEE6B915B0E5AEE52CE7F
:10A0500052CE73F33A0A210629672947292652CEA0
:10A0600064BA5C7984B78C9352CD528D6B7173F363
:10A0700052CE52AD52AD52AD528D52AD52AD52AEE6
:10A080006BB26C59649B6C9A649A747684336BF3EC
:10A09000AE5E422B108320E518C42105212618E46A
:10A0A00018A418A418A418A418A418E5210521259B
:10A0B0002105210572EB82C8934A7AC97AA882E900
:10A0C0003187318839C84A0A39C9732DF6757B4CF6
:10A0D0005AACEF1DC5D6C617FFDFFFFFD5F8AC722F
:10A0E000FFBFEF3CC5B5F7BED5F8DE9ADE98D63691
:10A0F000FFFFFFFFC554C4D1F75DFFFFF73CCD73F1
:10A10000E6FAFFFFFFFFD679E676DE78C5F99D58BF
:10A110009D597BB2EEB893F0310749EA5A8C5A6CDC
:10A120006ACC94304C175C58853AA63D7C34D6BB3B
:10A13000E450DBCEF7FF7C744228D6BA9C91734C76
:10A14000D679DF1D95358D349DB5B676BEB6C6D7AA
:10A15000EFBCF7BEB55483CEACF3EF5DBE17ADB622
:10A16000B5F7CEF9F7DECE38B575BD95BD95BD9581
:10A17000BD95BD95BD95BD95BD95BD95BD95BD954F
:10A18000BD95BD95BD95BD95BD95BD95BDB6EF7D04
:10A19000E77BEF5AF75AFFBDCE189450DEFBFFFF66
:10A1A000F7BDFFDEEF5DDEFCE71DF79EE75DDEFC41
:10A1B000DEDCDEFCE73DEF5DEF7EF79EFFDFDD5589
:10A1C000DD35FFBEF7BEFFBFFFFFFFFFFFFFFFFF55
:10A1D000FFDFFFDFFFDFFFDFFFFFC5F7730B9C71C2
:10A1E000FFBEFFDFFFDFFFFFFFFFFFDFFFFFFEBB65
:10A1F000E189E1CBEB90FF5DFFFFFFDFFFDFFFDFDA
:10A20000FFDFFFDFFFDFFFDFFFDFFFDFFFDFFFFF3E
:10A21000FFFFFFFFFFFFFFFFFFFFFFFFFFFFFFFF4E
:10A22000FFFFFFFFFFFFFFFF6CB86CB874D86CB87E
:10A230008CD6AD98A5578D178D7A8D598D7A95BA94
:10A240008D9A95BA95DA95DA9DFB8D9A8CB47BD070
:10A250006BB16BB27B9083D16B2E6B2E5ACD4A4C77
:10A260007BACD608F706F707FF6AB59052CF6415A6
:10A270006CBA7C546B7073D16B705AEE5AEE52EF1D
:10A280005B3039C9292631682967292741C96416F5
:10A2900064BA5C5984957C1252CE52AD73F36BD282
:10A2A00052CD52CD52AD52AD52AD52AD5B0F6B712E
:10A2B00074356CBA6CBB6CBA647A641773F1A63DE2
:10A2C0005B701063210518E418C42105210518C42A
:10A2D00018A418A418C418A418C4210521252126DF
:10A2E00021055A6A934A9B07CD10B4D09B6A9BED17
:10A2F00041E8298739E8420941E9DE36D61539A80F
:10A30000BD77E6DBB534E6FBFFFFFFBFC556ACB358
:10A31000FFFFE71BC5B5FFBEE6FCF77EE6DACDF52D
:10A32000FFDFFFFFDE79BCD1CD96F77EFFFFD5F5CD
:10A33000D636FFFFDE9AE6B7DE15D5F6EF1BBD7405
:10A3400094748434C596E677396841A95A6C5A8C5E
:10A3500062CCAC8F74965C586498857A6B70D6DB4F
:10A36000ECB2E450EFFF639052ABB65AFFFFFFFF31
:10A37000F7FFADF9B639BE9BBE9BC6FBD73CD75C99
:10A38000CF1BDF3CFFFFFFFFFFFFEFBEDF7CDF7D6A
:10A39000DF5CEFFEF7FFFFFFFFFFFFFFFFFFFFFFA9
:10A3A000FFFFFFFFFFFFFFFFFFFFFFFFFFFFFFFFBD
:10A3B000FFFFFFFFFFFFFFFFFFFFFFFFFFFFFFFFAD
:10A3C000F7FEFFFFFFFFFFFFFFFFFFFFFFFFFFFFA6
:10A3D000FFFFF7FFEFDFFFFFFFFFFFFFFFFFFFFFC5
:10A3E000FFFFFFFFFFFFFFFFFFFFF7FFFFFFFFFF85
:10A3F000FFFFFFFFFFFFFFFFFFFFFFFFFFFFFFFF6D
:10A40000FFFFFFFFFFFFFFFFFFFFFFFFFFFFFFFF5C
:10A41000FFFFFFFFFFFFFFFFFFFFFFFFFFFFFE5AF2
:10A42000F494EB0FFF5DFFFFFFDFFFDFFFDFFFDFD8
:10A43000FFDFFFDFFFDFFFDFFFDFFFDFFFFFFFFFEC
:10A44000FFFFFFFFFFFFFFFFFFFFFFFFFFFFFFFF1C
:10A45000FFFFFFFFFFFFFFFF74F874F874F87CF84C
:10A460008CF6AD98AD778CF78D59959A957A959A2B
:10A4700095DA95DA95BA9DDA95BA8CD5739073D240
:10A4800073F3738F7BD0736F6B2E62EE528C420A24
:10A4900018A54AAEA5D5C5EEC6116B7063B374FAA4
:10A4A0006C567BF273D17BF25B2F5B0E5B104AF034
:10A4B0003188294731682967294729475AEF5C794C
:10A4C0005C5953D68C9473D152CD5AEE7C546B9117
:10A4D00052CD52CE52CD52AD52AD5ACE6BB273D296
:10A4E0007457649A6C9A6479649A4B9585188D18A0
:10A4F0002105210520E518E420E5212620E518C4E2
:10A5000018A418C418C418C421252125292620E41C
:10A51000524A8B0AAB68BB89ABECD615CDB4E67654
:10A52000B4F139A8422A31879C70FF9A62EC4A093B
:10A53000D638C5B7BD75F7BEFFFFF77EB4F4B4F4E7
:10A54000FFFFE71BC5D5F7BEFFFFFFFFEF1BCDB435
:10A55000F7BEFFFFFFDF9BCE7AA8934AD638DE789E
:10A56000BD12CDF6EED7E697D5F8E699C594F6F884
:10A5700083F29CF78434F6D8836E3148524B5A8C60
:10A58000732DBCF194F654585C58643573709CD5A7
:10A59000DF7EE77EAE3B6BB0E75DF638DCD3DCD325
:10A5A000E4F3FEFBF5F7ECF3ED54ED34ED34E4D3D6
:10A5B000F5D7F69AE4F3DCD2E4F3E514ED14E4F312
:10A5C000FE9AF618E4B2E4F3DCF3E4F3DCB2E5342B
:10A5D000F69AE534DCB2E513E4F3E4F3E4F3E4F3F0
:10A5E000E4F3E4F3E4F3E514DCB2E575F69AE4F39E
:10A5F000E4F3E514E514E4F3E4B2F659F638E4B212
:10A60000E4F3E513E514E4D3E514F69AE534E4D273
:10A61000E514E513E513E4B2F638FE9AE4D3E4D387
:10A62000E4F3E513E4F3E4D3F69AED96DCB2E51334
:10A63000E4F3E514DCB2EDB6FEBAE4F3DCD3E4F304
:10A64000E4F3E4F3E4D3F659F618E4B2E514F71CA6
:10A65000FFFFFF3DFFBEFFDFFFDEFFDFFFDFFFDFAE
:10A66000FFDEFFDEFFDFFFDFFFDFFFDFFFDFFFFFDC
:10A67000FFFFFFFFFFFFFFFFFFFFFFFFFFFFFFFFEA
:10A68000FFFFFFFFFFFFFFFF7D197D398D598539E2
:10A690008CD6AD98AD9895378518959A959A959AD8
:10A6A000959A95BA9DDA95BA84B5736F7C5484F700
:10A6B0006B4F7BB07BB06B4F6B2E5AAD4A4B29472B
:10A6C00039EA6C98643852F06B7163916CB96CB96B
:10A6D00074147BF27C136B91632F5B2F537331885F
:10A6E0002947316831683168294741E963F55C5988
:10A6F0004BD74B758C946BB152CD632F84756350DF
:10A7000052CE52CE52CD52CD52AD6BB273F37C13BA
:10A710006C78647A6479647A5C186C149DBB3A0A2C
:10A720002105292620E518E420E5212618E418C48F
:10A7300018A418C418C421252126294620E4422B38
:10A74000A40E9BABB368C4AEEEB7EEB7E677DE56A9
:10A7500062CB39E939C95A8BFF39B53318E6A47091
:10A76000DE36A492D659FFDFFFFFEF1DB4F5BD35ED
:10A77000FF9EE71BC5D5F7BEFFFFFFFFF77DCDB4FA
:10A78000F75CFFFFFFFFBD1372268AC7D4ACDE352E
:10A79000D615F6F8D615B471EEDBDEB9F6F8ACF4E2
:10A7A0008434AD784AB1BD55D5F639684A0A5A8C19
:10A7B000730DBD33A5154B755C167C3483D184D6DF
:10A7C0007CB68CB595BADF3DED13B8C2B8E3B8E3FB
:10A7D000E555C5F7DE59CA69B882B8E3B8A2C20721
:10A7E000D5F7E6DBCC91C103B8C3B8E3B8A2D43047
:10A7F000C5F7E6BAD34DB882B903B8A2C1A6DDD673
:10A80000C5F7E617C124B040B861B861B861B86156
:10A81000B861B861B861B020C9E7EE9ACDF7E596A6
:10A82000B903B8C3B8E3B8A2CBCFC5B6C5D6CB4D34
:10A83000B882B8E3B8C2C145EE38D659EE79C186C0
:10A84000B8A2B8E3B882CB0BC5B6C5B6D430B8A2AF
:10A85000B8E3B8E3B8C3E595D659EEBACA69B8A269
:10A86000B903B882CA69E679BDB6E555B8E3B8C39D
:10A87000B8E3B8C2C3AEE6FBDE9AC2CBB8A2C186CB
:10A88000F699FFFFFFDEFFBEFFDEFFDEFFDEFFDE2D
:10A89000FFBEFFBEFFDEFFDFFFDFFFDFFFDFFFDF0B
:10A8A000FFDFFFFFFFFFFFFFFFFFFFFFFFFFFFFFD8
:10A8B000FFFFFFFFFFFFFFFF74F88D5995797D18AB
:10A8C00084B6AD98AD98A5997CD88D799D9A9D9ABE
:10A8D0009D999D9995BA84D6739074348D386B4F39
:10A8E0007B8F7BB0738F6B4F5AED5ACD31A8318877
:10A8F00063D474FA5B5173B16BB164576CB964780B
:10A900007C137C127C126B70630F5BD53A2C294749
:10A91000318831683168318829675AEE53F753D747
:10A920004BB75BD68C746B9152AD637084755B0FC3
:10A9300052CE52CE52CD52AD5B2F7C5474137C5408
:10A94000647964796C9A647974769579637120E599
:10A9500029462926210518E42105210518C418C413
:10A9600018A418E4212621262946210531E99494CA
:10A97000AB68AC0C936BCD31F718F719FF598BCE40
:10A9800039A84A2A39C9CDD5EED894532106732C5B
:10A99000FF79C594CDF7F79EFFFFD63A8B6DB514BE
:10A9A000F73DDE99C5D5F79EFFFFFFFFFFDECDD552
:10A9B000E6DAFFFFFFFFE69A9BF0B4B3B40CE613B0
:10A9C000DE56C513C515BC92A3ACDDB2BD957C1493
:10A9D000A5178C9631AD732FFF5962AC41CA5A6BE3
:10A9E00062CCBD54B5353A9274358C958C536CB8A5
:10A9F00074969D36AE7DF79EC1E7C145B924D32C30
:10AA0000FFFF8C30B5F7F638B8E3C1A6C104E5B650
:10AA1000BE38DEBAC69ADBAEB904C165CA28FFFFEC
:10AA20008C30B5D7FF7DB944C1A6B8E3ECF3DF7D28
:10AA300083CFF7DFF679DCB2E513E4F3E4F3E4F374
:10AA4000E4F3E4F3E513DCB2FF1CE77D9CB2FFFF07
:10AA5000D3AEB904C165C207FFFFB596C638FF7D06
:10AA6000C185C186B903DC71FFFF6B0CF7FFE4F30E
:10AA7000B8E3C1A6C145F71CCE9AB596F7FFCA4800
:10AA8000C145B924D30CFFFFAD55F7FFF638B90324
:10AA9000C1A6B8E3EDD7BE18CE59C679DB8EB9048E
:10AAA000C145D269DEDB8C51A535E69AC1A6B8C393
:10AAB000DBEFFFFFF79DF7BEF7BEF7BEF7BEFFBEA9
:10AAC000FFBEFFBEFFBEFFDEFFDEFFDEFFDEFFDEFE
:10AAD000FFDFFFFFFFFFFFFFFFFFFFFFFFFFFFFFA6
:10AAE000FFFFFFFFFFFFFFFF8559957995798D598E
:10AAF00084D6AD77AD98B61A84F7851995599D79A6
:10AB00009D79957984F77BB074548D79634F736F19
:10AB100073907BB0738F630E6B4F41EA316752EFD6
:10AB200074FA64376B917BD163D46CB964996C56B9
:10AB300084327C137BF2632F5BF5533131673188AC
:10AB4000318831883188294741E963D35C595C58A1
:10AB5000543964378C946BB152AD6BB284545AEE55
:10AB600052EE52EE52CE52CE73F384757C337C7625
:10AB70006CBA6CBA74FB6CB8955974552967212668
:10AB800029462926212620E52105210518C418A4D7
:10AB900018C4292629462946294621057CD8AC9087
:10ABA000A306A3ECE676C511C532DE158BAD39C917
:10ABB0004A4A39A98C10FF38BD76AD17316629068F
:10ABC000BD53FF99E676CE16D617ABCC7A25B4D313
:10ABD000F73DE699C5B5F77DFFFFFFDFFFFFD657CD
:10ABE000D636FFFFFFFFD658C555CD78BCB2BC9214
:10ABF000D597BC50E679D67A8AA8A3EE8CD78C7507
:10AC0000B5B95B323A0E39ECE698A4B241A95A6B59
:10AC100062ACCDB5ACF44AB19CF68C958CB564D9D8
:10AC200074758CF78D9AEF9ED2AAB8C3B904CA285E
:10AC3000F79E9CF3F7FFE4B2B8C2C165B8C2E4B2B4
:10AC4000C69AB596E71CCA69B903B924C185EEDA7C
:10AC50009D14BE18E5D6B8E3C165B8C3DBAEDF3CD2
:10AC60008C71E75DDC30CA48CAAACA8ACA8ACA8A15
:10AC7000CA8ACA8ACAAACA28E4F3DF3C9CF3F79EB0
:10AC8000CA8AB8E3C144B924FF5DCE9AD71CFE99A5
:10AC9000B8E3C145B8C3DB6DCE9A9CD3C659DBCEB1
:10ACA000B8C2C165B8C3F618E77DC659FF9EB9653D
:10ACB000C124B904C208FFFFB596EFFFE4F3B8C2A0
:10ACC000C165B8C2E4B2CEBAB5B6CE79D269B8E33E
:10ACD000B924C9A6CDB6BE38ADB6DD95C124B8A29B
:10ACE000E4D2FFFFF79DF7BEF79DF79DF79DF79D17
:10ACF000F79EFFBEFFBEFFDEFFDFFFDFFFFFFFFFB0
:10AD0000FFFFFFFFFFFFFFFFFFFFFFFFFFFFFFFF53
:10AD1000FFFFFFFFFFFFFFFF855995999D798D7913
:10AD200084F7A557ADB8BE5B951884F885188D38A3
:10AD300095798D387BD174138D7A6B91734E7390A6
:10AD400073907BB0736F7BB0528C29683A0B6C7731
:10AD500074B963D47BF1639264786C9864787C34C2
:10AD6000843384337BD15BB35C3639C93168318835
:10AD70003188318831682968632E64575C79647939
:10AD80005C996C778C736B704A6C73F37C545AEEDD
:10AD90005AEE5AEE52AD63708495847584547CD813
:10ADA0007D3C7D3B7D5C7CF89539422B2105294615
:10ADB000292621262926210520E518E418A418A40F
:10ADC0002126296629462946212531C99D57AB48A8
:10ADD000A3ABEED8F718F719FF399C4F39C84A4A88
:10ADE000420A5AABF718C594CE3CAD16398629668F
:10ADF00041C9CDB5E696F739E5F2BB887ACAB4F415
:10AE0000F73DE6BAC5B4EF5CFFFFFFFFFFFFEEDAE8
:10AE1000CDB4E6DAD617EED7D5D3C555C515C4B12E
:10AE2000EE9BEF1CCDD4FFDECDD783F28CB6AD7890
:10AE300094D73A2F424F31ADACD3E69741EA62AC9A
:10AE400062ACD616A4B484559D169CD57C3553B6F9
:10AE50007C547CB75C37B63BFEFACA69C1C7C18671
:10AE6000D3CEEE59ED95C1E7C1C7C1E7C1C6C9E769
:10AE7000E534DDF7DBEFC185C1E7C1E7C186CAEB89
:10AE8000EE38E5D6C228C1A6C1C7C1C7C1A6DC91AC
:10AE9000E618DC71C165C185C185C165C165C16543
:10AEA000C185C165C185C165C1C6DCF3E638DC106A
:10AEB000C185C1E7C1E7C186CAEBE618E5D7CA89F3
:10AEC000C186C1E7C1C7C1A6D430EE79D471C1A68D
:10AED000C1C7C1C7C1A6CA49E5B6E618D32CC1850A
:10AEE000C1C7C1E7C185D3CEE638E555C1E7C1C6C4
:10AEF000C1C7C1C6C1E7E555DDF7DBEFC185C1E7D5
:10AF0000C1C7C186CACAEE38F638CA49C186D38ECF
:10AF1000FFBEFFBEF79DF79EF79DF79DF79DF79D3E
:10AF2000F79DF79EFFBEFFDEFFDFFFFFFFFFFFFF86
:10AF3000FFFFFFFFFFFFFFFFFFFFFFFFFFFFFFFF21
:10AF4000FFFFFFFFFFFFFFFF8D3995799D9A9579F0
:10AF50007CD89516B5D9C69CA5997CB77CD884F8C1
:10AF60008D397BF273D28D5A74136B0E738F736F9E
:10AF700073907B907BD06B2E318831885B936C997A
:10AF800064576BB273B163F56C99649864577C1223
:10AF90007C3384336BB264784A8D316831A931A82F
:10AFA000318839A9422B5ACE8475647964996499A1
:10AFB0005C996C578C947CB4639084537BF352AD52
:10AFC0005AEE52CE5AEE7C5484B684758CB5853ACE
:10AFD000855C857C74D9955963902105294729465C
:10AFE00029462946212620E518C418E418C421055D
:10AFF0002966294621262126212631679308A38A1E
:10B00000DE56EED7EED8FF59A49041C94A4A4A2AE3
:10B0100041E9D616DE56BDB8E6FDA4D5316639C77E
:10B020004A2AD5B9C556BD54BCB0AC10C557BD569B
:10B03000FF5DEF1BC5B4E6BAEF7DDE78DE99D6176B
:10B04000BD32D615FF38EE97CDD6DE57CDB7C4D179
:10B05000E6D9FFFFE6B9D615FFDEACF394B5BDFA2D
:10B060005313425042503A0F7350FF5962CC730D44
:10B070006B0DDE57A51594F794F6A5364AAF426ED0
:10B0800073B16BB35BD56416B63BEF7EF75DF77DAE
:10B09000EF1BF73CEF1BF75DF75DF75DF77DF77D85
:10B0A000F73CF73CF71BF77DF77DF77DF77DF73C25
:10B0B000F71CF71CF75DFF9DFF9DFF7DF77DF71CDB
:10B0C000FF5CF71CFF7DFF9EFF9EFF9DFF9DFF9D88
:10B0D000FF9DFF9DFF9EFF9EF77DF71CF73CF71C31
:10B0E000FF9DFF7DFF7DFF9DF75CF71BF71BF75D65
:10B0F000FF9EFF7CFF9DFF9EFF3CF73CFF3CFF9DBA
:10B10000FF9DFF9DFF9EFF5DF73CFF3CF73CFF9ED0
:10B11000FF9DFF9DFF9EF73CFF5CF73CFF7DFF9E80
:10B12000FF9DFF9EFF7DF71CFF5DF73CFF9EFF9D8F
:10B13000FF9DFF9EFF5DF73CF71CFF5DFF9EFFFF3D
:10B14000FFFFFFBEF7BEF79DF79DF79DF79DF79DAB
:10B15000F79EF79EFFBEFFDEFFFFFFFFFFFFFFFF33
:10B16000FFFFFFFFFFFFFFFFFFFFFFFFFFFFFFFFEF
:10B17000FFFFFFFFFFFFFFFF8518957995798D5938
:10B1800084F884B6B5FAC67CB61A7C977CD87CD88D
:10B1900074136B9185197CB6630E736F736F736F45
:10B1A000738F73907BB039E931684AAE6C586C7814
:10B1B000641673D163B264996C9864996C357BF2B0
:10B1C000843373D264785372318831A931A93188BC
:10B1D000420B63305B0F7BF27C975C7964996499D6
:10B1E0005CBA6436847376FD7EDD96BB85B8637089
:10B1F00052CE52CE6B708CB684B6849594F77D3A5D
:10B200007D3B751B6C789D5839E92967318731671B
:10B210002946212521052126210518E418A42126E7
:10B2200021262126212621262126210551C6CD3180
:10B23000E634E634FF189C4F39A84A2A524A39A905
:10B24000A4D2F6F8B576E73ED69B9CB439A641E782
:10B250005AABE65BCD98BD37AC72C577CD77938D91
:10B26000CDB7E6DBBD54C553E633E5F1E5F2E6962E
:10B27000F6F7EEF7C553C535FFDFE6B8DE99BCD368
:10B28000D5B4FFFFFFDFDE56D617E656CDD67415D0
:10B290003A514271427042304A4EF6F89C51524A3D
:10B2A00083AFEEB89CD594F7B5D87C133A2D4AAF4E
:10B2B00073D25B7263D563F553B56416749674F5F7
:10B2C0007D358575853484B38CB39574EFFAF7FBBF
:10B2D000BE98A596ADF7B638BE58BE79C6B9CEFAB7
:10B2E000CEDACEB9C699E79AEF9ACED9D6F9DF5A17
:10B2F000E79BE79BF7FCFFFCFFFDFFFDF7FDF7FD7C
:10B30000FFFEFFFEF7DEE79EEFBEEFDEDF5DDF3D17
:10B31000D71CDF1CDF1CEF5BEEF9D5B3D592DE56F0
:10B32000FFFFFFDBFFFEFFFFFFFFFFFFFFFFFFFF52
:10B33000FFFFFFFFFFFFFFFFFFFFFFFFFFFFFFFF1D
:10B34000FFFFFFFFFFDFFFFFFFFFFFFFFFFFFFFF2D
:10B35000FFFFFFFFFFFFFFFFFFFFFFFFFFFFFFFFFD
:10B36000FFFFFFFFFFFFFFFFFFFFFFFFFFFFFFDE0E
:10B37000FFDEFFDEFFDEFFBEF79DF79DF79DF79D29
:10B38000FF9EFFBEFFBEFFBEFFDEFFFFFFFFFFFF12
:10B39000FFFFFFFFFFFFFFFFFFFFFFFFFFFFFFFFBD
:10B3A000FFFFFFFFFFFFFFFF747784F88D3884F8FD
:10B3B00084F87C97A578C69CC67B8CF774B87435E6
:10B3C0005B0F74577CB863506B4E6B6F736F736F0A
:10B3D000736F7BB052AC2947422B64166C7864586B
:10B3E0006C1573B05C156CB96498647874347C1215
:10B3F0007C126415645741EA31A931A931A952CEB2
:10B400006BB26BB25B3094D56C7864996499649933
:10B410005C7964377BF2567C4EDE6E9D7EFE865AEA
:10B42000632E4A8D73F48CB684B684B69D5874FA34
:10B43000751A751B7C978C31318731A83187294665
:10B4400029262966294718E5108418C43146316633
:10B450002904314631463146316741E851E7726788
:10B46000BC6DD572838D39A84A4A524A39C97B6D61
:10B47000FF39B554D6DDEF5ED67C943241C741E842
:10B4800062CCE67AC537C535AC71D5FAC5368B2B9B
:10B49000A3CBC42CD591EE53CD72B491CD75C534E8
:10B4A000BCF3D597A3EFD616FFFFF77CDE98CDB798
:10B4B000BC70F73BFFFFDEBABD33FF59AD1542D379
:10B4C0004A91422F422E422E31ADCDB5CDD53168B5
:10B4D000A491E6778C95B5D9AD77424D424D4A8E11
:10B4E00073D25B725BB453945BD55BF563F5641503
:10B4F0006C3674557C547C5274119D74DF38ADB534
:10B5000094F39D34A596ADD7B637CEF8D739E799E1
:10B51000CED8C698C657CE77CE98D6F8DF59EF9AD0
:10B52000EF9AEF9AFFFBFFDBFFFCFFFCFFDCF7DC91
:10B53000F79DE75CE77DF7DEFFFEFFFEFFFEF7BE4F
:10B54000EF7DE75DDF1DE73BE657C4D1CD0FCD10A2
:10B55000E6B9FFFFFFDFFFFFFFFFFFFFFFFFFFDF9A
:10B56000FFBEFFBEFFDEFFDEFFDFFFDFFFFFFFDF0F
:10B57000FFDFFFDFFFDFFFBFFFDFFFDFFFFFFFDFDB
:10B58000FFDFFFDFFFDFFFDFFFDFFFDEFFDEFFDECE
:10B59000FFDEFFDEFFDEFFDEFFDEFFDEFFDEFFDFC2
:10B5A000FFDFFFDEFFDEFFDEFFBEF7BEF7BDFFBE43
:10B5B000FFBEF79DFFBEFFBEFFBEFFDEFFFFFFFF2A
:10B5C000FFFFFFFFFFFFFFFFFFFFFFFFFFFFFFFF8B
:10B5D000FFFFFFFFFFFFFFFF747774777C987CB855
:10B5E000749874987CB7BE3BC69CADB974565AEF3C
:10B5F0006BF574996393630E6B6F6B4F736F736F1F
:10B6000073906B4F318839EA63926C586C78645848
:10B61000741463706458649864B864777C137C1203
:10B620006BB264984ACE31A831A939EA63507413D9
:10B6300073F36B9273D295375C5864995C785C585D
:10B640005C58643784546C74669C66FE66BD6EBD3F
:10B650009699B5D4A57695178CB68CD69D7974FA43
:10B660007D1B751B84547B4C31873187294631679C
:10B670003187212631665A6983AD93CD8B499BEC86
:10B68000ACB0936B6A8872A972897A8859E72106EF
:10B69000314639A841C94A4A4A4A420A5A8BEED829
:10B6A000CDB5BDDAEF5EEF3DE6DD83B041C741E7E2
:10B6B00062ECCDB7CD98AC71C555EEDCC5B6B4B370
:10B6C000AC71B3CAD530C555BCF4BCB2E65BCD761F
:10B6D000C4D2DDF9CDD6D5F4F75CFFFFE698DE994C
:10B6E000BC91CD54CD73E654FF58DE56528E3A705D
:10B6F000426F3A0E422E39ED296C9C52DDD441C97D
:10B70000D636BD96A578C63A63713A2D428F52F06F
:10B7100073F35353535353735B935BD464166C5658
:10B72000747674757C9684D79557953684938CD3AC
:10B730009D75A596AE16B697CF18FFFAF7FAE7BA39
:10B74000CEF8CE99CEB9C657CED8E799EFBAE79AD8
:10B75000EFBAF7DBFFFBFFFCFFFCFFFCFFFCF7BCD5
:10B76000E77CF7BDFFFEFFFEFFFEFFFEFFFEFFFFD3
:10B77000FFFFFFFFFFFFF79DE698C512CD10CD300C
:10B78000CD53FFDEFFFFFFFFFFFFFFFFFFDFFFDE09
:10B79000FFDEFFDEFFFFFFFFFFDFFFFFFFDFFFDF5B
:10B7A000FFFFFFFFFFFFFFFFFFFFFFFFFFFFFFFFA9
:10B7B000FFFFFFFFFFDFFFDFFFDFFFDFFFDFFFDE5A
:10B7C000FFDFFFDFFFDFFFDEFFDEFFDEFFDEFFDE8E
:10B7D000FFDEFFDEFFDEFFDEFFDEFFDEFFDEFFBEA1
:10B7E000FFBEFFDEFFDEFFBEFFBEFFDEFFDEFFFEB1
:10B7F000FFFFFFFFFFFFFFFFFFFFFFFFFFFFFFFF59
:10B80000FFFFFFFFFFFFFFFF7C977497747774982B
:10B81000749874776C578CF7C67BC69C6B915B529F
:10B8200074986C16630E6B4E6B4F6B4F736F736F28
:10B8300073B0422A31A9637163F6643764375C17C9
:10B8400073F25B726479647864786C567BF1739000
:10B8500053725B9339C931A9422B73D37C3474146E
:10B86000741463928CB584F85C3864585C585C58E6
:10B870005C585C1794F77391530F6D785EBD5EFE54
:10B880005EFF977DFFF8CE7784978CF79D9974FAC9
:10B890007D1B74FA8C326AAA294631A739C831A8AF
:10B8A00031676A88938B838B9C0DBCCFD5F4EE9661
:10B8B000E5D2CCEFC4CE8B0982A859E629263167A0
:10B8C00041E94A2A4A4A4A2A4A2A41E9D636E676CC
:10B8D000A516D6BDE73DEF3DF75E7BAF39A7420821
:10B8E000526ACDB8C535B4D2E6DBFFBFCDF6D61867
:10B8F000D5D8AC92C557CD98C554C533FF9EE6BA8E
:10B90000C4F2CD97F79ED5F5DE98FFFFF75CDE78A1
:10B91000B4F3AC0DD44ADDB2A4B33A2D31ED3A0DF7
:10B9200039ED31CD31CD4A4E6B93A4D4CD11836D19
:10B93000EED8AD77C67B94B53A2D428F42B05B729C
:10B9400063B34313537353735B935BB463F56C3608
:10B95000747774B77CB784D79558B61AB63AAE18D0
:10B96000B639B657B6B7BED7C718F7DAFFFAF7DA5F
:10B97000CED8CEB8DF39CE98CED8EFDAF7BAE79A7C
:10B98000F7FBFFFBFFFBFFFBF7DBFFFCFFFCF7DD3B
:10B99000FFFEFFFEFFFEFFFEFFFEFFFEFFFEFFFFBE
:10B9A000FFFFFFFFFFFFF7BDEEFAC4F2CD30CCEF93
:10B9B000C4D1EF3CFFFFFFFFFFDFFFDFFFFFFFFE14
:10B9C000FFDEFFFFFFFFFFFFFFFFFFDFFFFFFFFFC8
:10B9D000FFFFFFFFFFFFFFFFFFDFFFFFFFFFFFFF97
:10B9E000FFFFFFFFFFDFFFDFFFDFFFDEFFDEFFDE2A
:10B9F000FFDEFFDEFFDFFFDEFFDFFFDEFFBEFFDE7D
:10BA0000FFDEFFDEFFDEFFDEFFDEFFDEFFFFFFFF0C
:10BA1000FFFFFFFFFFFFFFFFFFDEFFDEFFDEFFDEBA
:10BA2000FFFFFFFFFFFFFFFFFFFFFFFFFFFFFFFF26
:10BA3000FFFFFFFFFFFFFFFF7C977CB874977497B1
:10BA40007497747774776C369D58AD98637074777B
:10BA50006C585B51630D6B4F6B4F6B6F6B6F6B2E45
:10BA6000528C2968637063D35BF664175C176416A5
:10BA700073F25BD564375BF65BF76BF46BB16B709D
:10BA80005331424C31884A6C74147C557C347C347C
:10BA90007C346BB2A5786C775C385C585C585C5829
:10BAA00064585C588CF794D54AAF7BD284D564B582
:10BAB000655775FAAE3895178CD78CF7A5BA74D937
:10BAC0007D1B74D9838E5A2839A841E939E949E7A1
:10BAD0006A2762486AA9A40DE635EED7F6B6F67570
:10BAE000DDB1B44C7AC982E97288314639C84A2A34
:10BAF0004A2A4A2A4A2A4A2A39C8BD73F6D7B5368D
:10BB0000BDFBD69CEF3DEF3DF77E7BAF39C74208CA
:10BB10005208C536BD13CDD7FFDFF79EC5B5DE9AF7
:10BB2000DE59C554CD77CD97C574D637FFFFEF1BCF
:10BB3000BCB1E6DBFFFFDE78D5F5F75CFFFFE6B9C9
:10BB4000BD54BCAEBC6FCD347BB2196B29CC31CDAA
:10BB5000424E63528CB7AD99A599A515C46EDDF51B
:10BB6000CDF6BE1AAD98426E426F42AF42B05B5105
:10BB700053314312537353935BB45BD563F564360F
:10BB8000749774B87CF8851885188D38A5FAC69B0B
:10BB9000CEDBB698B6B7BEF8CF59EFBAFFFBF7FBCE
:10BBA000C698CED8E7BAE77AD719F7DAE77AEF9AE4
:10BBB000FFFBFFFBF7DBFFFBF7DBF7BBFFDCFFFE69
:10BBC000FFFEFFFEFFFEFFFEFFFEFFFEFFFEFFFE8D
:10BBD000FFFFFFFFFFFFFFDEE698C533D593D5B328
:10BBE000D5F6F79EFFFFFFDEFFDEFFFFFFFFFFDF63
:10BBF000FFDFFFFFFFFFFFDFFFDFFFDFFFFFFFFFD5
:10BC0000FFFFFFFFFFFFFFDFFFDFFFFFFFFFFFFF84
:10BC1000FFFFFFDFFFDFFFDFFFDFFFDEFFDEFFDE17
:10BC2000FFDEFFDEFFDEFFDEFFDEFFDEFFBEFFBE6C
:10BC3000FFDEFFDEFFDEFFDEFFDFFFFFFFFFFFFFB8
:10BC4000FFFFFFFFFFFFFFFFFFFFFFFFFFDEFFDE46
:10BC5000FFFEFFFFFFFFFFFFFFFFFFFFFFFFFFFFF5
:10BC6000FFFFFFFFFFFFFFFF7CD88D187CB87477C4
:10BC7000747774777477747774576330C67C95598A
:10BC800063F55ACD6B4F6B2F6B2E6B2E5ACD52CD69
:10BC900031885AEE74345BB464175BF65BF65BD59F
:10BCA00073F25BB55BD65BD653D66BB363516370EF
:10BCB0004A6C31A94A6C7C5584767C557C557C5500
:10BCC00074347C13ADB95C175C385C585C5864788C
:10BCD0006C986CB984D7ADB963927C3494B6528DAC
:10BCE000630F94D78CD78CF78CF78CF7ADFA7CF96F
:10BCF0007D3B74D98B6C626939E9420A49E85A077D
:10BD000041E8836BD550F6B5E5F2DDF2CD718B6B72
:10BD10005A0749E8628A6AA939A8420A4A4A4A2A5D
:10BD20004A2A4A2A4A2A39A8A491FF38B535C63C7E
:10BD3000C5FAD65BEF5DEF3CF77E734E39C739A786
:10BD400072479B6BBD13EEFCFFFFE6FBC5B5EF1C16
:10BD5000E6DBC574D5B9CDD7C553E6FAFFFFEF1BB7
:10BD6000C553FFDFFFFFEF3CCDB4EE99FFDFF77C5B
:10BD7000C5B593AEBCF4D594B51353117C35951865
:10BD8000B61BC69DB61BA5589D389CB5DD10D5D4F5
:10BD9000B597BE1A4ACF3A4E428F42B03A4E5B0F29
:10BDA00042AF4B324B5253945BD55BF6641664360C
:10BDB0006C9774D87CF885188D79959995999DD94B
:10BDC000B65BB698B6B7D759DF9AEFDAFFFBE759FB
:10BDD000BE37CED8D759E7BADF39E77AE77AF7DA4C
:10BDE000FFFBFFFBF7DBF7DBFFFBEFBCFFFEFFFD1D
:10BDF000FFFEFFFEFFFEFFFEFFFEFFFEFFFEFFFF5A
:10BE0000FFFFFFFEFFFFF7BEDE57DE14E635E63428
:10BE1000E676F73BF79DFFFEFFDFFFFFFFFFFFFF2B
:10BE2000FFDFFFDFFFDFFFDFFFDFFFFFFFFFFFFFC2
:10BE3000FFFFFFFFFFFFFFDFFFDFFFFFFFFFFFFF52
:10BE4000FFFFFFDFFFDFFFDFFFDFFFDFFFDFFFDEE3
:10BE5000FFDEFFDEFFDEFFDEFFDEFFDEFFBEFFBE3A
:10BE6000FFDEFFDEFFDEFFFFFFFFFFFFFFFFFFFF45
:10BE7000FFFFFFFFFFFFFFFFFFFFFFDFFFBEFFDE54
:10BE8000FFFFFFFFFFFFFFFFFFFFFFFFFFFFFFFFC2
:10BE9000FFFFFFFFFFFFFFFF8D38957885187CD8E7
:10BEA00074977498749774B95B935B72A5BAC6BDA6
:10BEB0005B505ACD6B4F630E5AEE52AD5ACD4A4B82
:10BEC000422B847563B35BF65BF65BB553B55BB32E
:10BED0007C3453B553B553B553946BB253105B0ECA
:10BEE00039C9422B7C558496847684767C757C7522
:10BEF00074148CB5A59953B65C385C386458647872
:10BF000064786C9974B7B5D98CD67C55A5585B0FFD
:10BF100073F395589518951895178CF7B63B853996
:10BF20007D3B74B88B2A5A49422A41C849C84A2ADB
:10BF30009BECE5D1DDD1B40C9349730B4A0939C9A7
:10BF400041E95229628A41E94A2A4A2A4A2A4A2A66
:10BF50004A2A4A2A39A88BCEFF59BD74BDDBCE3C94
:10BF6000C61BC5F9EF3DEF3CF75D62EC3186294613
:10BF700051C7C44CC575F75EFFFFCE38D658EF1DCC
:10BF8000D679BD34D5D9CDD7C574EF5DFFFFEF5C51
:10BF9000CDD5FFBEFFFFFFDFCDF5D595F75DEF7D7A
:10BFA000BD739C0DBCCFDE56C5F7BE7DC6DECEDEB2
:10BFB000BE7DA5999D179D38AD99B5B9C4CFB5552E
:10BFC000C63A5310320E428F426F322E3A2D52AE85
:10BFD0003A8F4B324B32539453B45BD564366C7703
:10BFE0006C9874D87D1885598D7995999DD99DFA4D
:10BFF000A5DAA617BEF7F7FAEFDAFFFBEF9ABDF660
:10C00000BDF6D6F8D739E79ADF3AD739E79AF7BBC2
:10C01000FFFBFFFBEF7BDF3AE75BF7BDFFFEFFFEB9
:10C02000FFFEFFFEFFFEFFFEFFFEFFFEFFFEFFFF27
:10C03000FFFEFFFFF7BEDE36DDF4DDF4DDF4DDF3F9
:10C04000DDD3E614F73BFFDEFFDFFFDFFFFFFFFF7F
:10C05000FFDFFFDEFFDFFFDFFFFFFFFFFFFFFFFF71
:10C06000FFDFFFFFFFDFFFDFFFDFFFFFFFFFFFFF60
:10C07000FFFFFFDFFFDFFFDFFFDFFFDFFFDEFFDEB2
:10C08000FFDEFFDEFFDEFFDFFFDEFFBEFFDEFFDEE7
:10C09000FFDEFFDEFFFFFFFFFFFFFFFFFFDFFFFF12
:10C0A000FFFFFFFFFFFFFFDFF79EFFBEFFDEFFDEAC
:10C0B000FFFFFFFFFFFFFFFFFFFFFFFFFFFFFFFF90
:10C0C000FFFFFFFEFFFFFFFF84F88D5995798D5923
:10C0D0007D1874B874986C7752F06C5764377C751F
:10C0E0005ACD632E632E5ACD5ACD52AD5ACD39CA90
:10C0F00074137C555B945BF65BD553B453945B939C
:10C1000074135394539453955B93639252F04A4B38
:10C1100039CA73F38CD784968496849684968496D1
:10C120007414A5788D1853F75C385C185C38643843
:10C13000643864586477A578A5997C55ADB86B7060
:10C1400084759D599518951895388CF7BE5C957A2D
:10C15000751A74988B0A626941E94A09422A7AEA97
:10C16000D54FB4AF520851E8522941E941E941C8DD
:10C1700041C84A09420A4A2A4A2A4A2A4A2A4A2AD3
:10C180004A2A39C96B0CFF59CDB4AD37CE5CC5FA1C
:10C19000D67CBD98E71CEF5DEF3C528A316620E506
:10C1A0005A6CCD11DE35D67AEF7EBD75C5D7D61760
:10C1B000D636B4B1B4B4CDD7C595F79EFFFFF79E80
:10C1C000CDB4F77DFFFFEF7EC511CD31D5D4D63587
:10C1D000FF59B4D0A536B61BB65CC6BDBE9DADFA40
:10C1E0009D389D38AD99BE3BCEBCC67BBDB7BE1A4F
:10C1F0005B11320E426F3A4E320D320D4AAF3A2D7C
:10C2000042D04B324B53537453B45BD564166C9885
:10C2100074D87D197D5985798D9995BA9DDA9DFAE5
:10C22000A61AA619CF38FFFBDF5AD6FADF1BDF1B91
:10C23000CE78CE98DF59E7BAD73ACEB9E79BEF9BD5
:10C24000F7DBFFFBE77BCEBADF3BFFFEFFFEFFFE27
:10C25000FFFEFFFEFFFEFFFEFFFEFFFEFFFEFFFFF5
:10C26000FFFEFFFFDE57D5B3DE16DDD4DDD3DDD311
:10C27000DDF4DE14F73AF7BEFFDEFFDFFFFFFFFF5E
:10C28000FFDFFFDFFFDFFFDFFFDFFFDFFFDFFFFF9E
:10C29000FFFFFFDFFFDFFFDFFFDFFFDFFFFFFFFF4E
:10C2A000FFDFFFFFFFDFFFDFFFDFFFDFFFDFFFDE7F
:10C2B000FFDEFFDEFFDEFFDEFFDEFFDEFFDEFFDE96
:10C2C000FFDEFFDFFFFFFFFFFFFFFFFFFFFFFFFFBF
:10C2D000FFDFFFDFF79EF79DFFDFFFFFFFFFFFDEC2
:10C2E000FFDEFFFFFFFFFFFFFFFEFFDEFFFEFFFEA3
:10C2F000FFDEFFFFFFFFFFFF8D5995799DB99599EF
:10C300008D597CF8749863B363D46C576C7852CFB2
:10C3100052AC6B4F5AED5ACD52CD5AEE422B5B0FB9
:10C320008CD76BD35BD55BF65BD65BD553956BB186
:10C330007BD04B74539453945B9363924A8E39C968
:10C340005B308CD784B684B684B684B684968496E3
:10C350007434B5FA747753D75BF75BD65BD75C1749
:10C360005C176458647884D7BDFA6C56A558845419
:10C370008CB69D59953895389D5994F7B63BA5DBF9
:10C380006CB96CB9830A6248526B62CD49E892E895
:10C39000936B41A8420A4A4B4A2A4A2A4A094A2A26
:10C3A0004A2A4A2A4A2A4A2A4A2A4A2A4A2A4A2AED
:10C3B00041E95249EEB7CDD4A4D5BDBAC61BC61AC1
:10C3C000DEDCBD98DE9AF77DD61939A8212618A59E
:10C3D00062CDD5D9D5D5E6B7D636D615E676DE35D3
:10C3E000DE36C46B9B4AD618CDB5FFDFFFFFF7BE24
:10C3F000C573F73BEF7EBCD0E54EF652DDF1EE742F
:10C40000C5736B4EBEDFBEBEBEBEB65CA599A57839
:10C41000B5FAC67CCEDDD6DDCE9CCE7BAD994AD1B9
:10C42000322F426F3A4E31ED31ED322D4A8E320CC1
:10C4300043124B534B73539453B55BD55BF5645721
:10C4400074F97D197D5985798D9995BA95DA9DFA9A
:10C45000A61AA619C6D8CEDABE7ABE5ABE5AD6DBFE
:10C46000D6DABE38C6B9D75AD73AC679D6FAE79BD4
:10C47000F7DBE75BCEBACEDBF7DDFFFEFFFEFFFEAC
:10C48000FFFEFFFEFFFEFFFEFFFEFFFEFFFFFFFEC3
:10C49000FFFFEF3BC4EFCD10D592D592D5B3DDD3DE
:10C4A000DDF4DE15E656F79DF7BEFFDFFFDEFFFF8A
:10C4B000FFFFFFFFFFFFFFDFFFDFFFFFFFDFFFDF0C
:10C4C000FFDFFFDFFFDFFFFFFFFFFFDFFFDFFFFF1C
:10C4D000FFFFFFDFFFDFFFDFFFDFFFDFFFDFFFDF4C
:10C4E000FFDEFFDEFFDEFFDEFFDEFFDEFFDEFFDF63
:10C4F000FFFFFFFFFFFFFFFFFFFFFFFFFFFFFFFF4C
:10C50000FFFFFFFFFFFFFFFFFFFFFFFFFFFFFFFF3B
:10C51000FFDEFFDEFFBEFFBEFFBEFFBEFFDEFFDEB3
:10C52000FFDEFFDEFFFFFFFF9D999DB99DB99DB91D
:10C5300095998D797CD87C556C576C7863D44A6B0F
:10C54000630E630E52CD5ACD5ACD52AD4A6C8496CD
:10C5500084755BB46416641664165BF54B758C5277
:10C560009CB1433453944B7463B25B7239EB4A4CC5
:10C57000849684D684B684B684B684B684B684B6EB
:10C580008475B61A63F553D65BF65BF75C176438AF
:10C5900064586CB86CB86C57BDF97CB784B7A557B4
:10C5A00095179D5895389538A5999D79A5BAC69C3B
:10C5B00074D96CDA832B6A675AAC526B51C77A888C
:10C5C00052294A2A4A4A4A2A4A2A4A2A4A2A4A2AA4
:10C5D0004A2A4A2A4A2A4A2A4A2A4A2A4A2A39E90D
:10C5E0005A8BE677DE35314539C99C95CE1BD65B33
:10C5F000CE3ACE1AC5D8F77EA4D52925316629456D
:10C6000041E8DDFAB4D5D5F5EE97D615CDD7BD36D0
:10C61000A451AC509BCFBD75B4F3EF7EFFFFFFDF9D
:10C62000CD94C574DE77EDD1CC8DC534B470CD9684
:10C6300041C92105B61AD73FBE5BBE3BC69CD6DDBD
:10C64000D6FDD6DDD6FDCEBCBE1A84763A713A2F21
:10C65000426F3A4E320E320E320D3A4D3A4E3A9009
:10C6600042F24B334B74539553B55BD55C1664570C
:10C670006CD87D397D5985798D9995BA9DDA9DFA69
:10C68000A61AAE3AAE3AB67BBE9BC6BBC69AC65A8F
:10C69000BE38BE38BE39CEDAE79CCEDAC679D6DAF5
:10C6A000DF5BC69ACEBBE77DFFFEFFFEFFFEFFFE0F
:10C6B000FFFEFFFEFFDEFFFEFFFEFFFEFFFFFFDED1
:10C6C000FFFFD67993CDCCEEC4CDCD51D5B4DDD41A
:10C6D000DDF4DE15DDF4EEFAF79EF79DFFDFFFBE19
:10C6E000F77DEEDAEEDAFF9DEF1BEEFBF77DF77DCF
:10C6F000FFBEFFFFFFDFFFDFFFFFFFFFFFDFFFFFEB
:10C70000FFFFFFFFFFDFFFDFFFDFFFDFFFDFFFDFF9
:10C71000FFDFFFDEFFDEFFDEFFDEFFDEFFDFFFFF0E
:10C72000FFFFFFFFFFFFFFFFFFFFFFFFFFFFFFFF19
:10C73000FFFFFFFFFFFFFFFFFFFFFFFFFFFEFFDE2B
:10C74000FFDEFFBDFF9DFFBDFFBDFFBEFFBEFFDEE5
:10C75000FFDEFFFFFFFFFFFE95799D999D999D9953
:10C760009DB99DB995388CF774B874B84AAE4A4BE8
:10C77000632E5ACD5ACD52CD5AEE4A6B6BB18CF71F
:10C78000743464366C3764166C5764365BD673F257
:10C7900084114B5453944B736BD3531039CA73F3B6
:10C7A0008CF784B684D784D684D684B684B684962F
:10C7B0008CB6B61A5BD55C176417643864385C179E
:10C7C00064586CB875196CD89D58A5996416AD98C5
:10C7D000A59995389D589D59ADDAADFAA599CEDD4C
:10C7E0008D396CFB8B6D8AC85A8B522A51C7626A8D
:10C7F000522A4A2A4A4A4A4A4A2A4A2A4A2A4A2A51
:10C800004A2A4A2A4A2A4A2A4A2A4A2A39C95A070D
:10C81000D550DE77398610A418C420E57BB1CE1B35
:10C82000C5DADE9BBDB8FF9EA4B4294639C7398658
:10C830004A09AC72A431C556AC71BD56D63BB4B3EF
:10C84000ACB3CDB993D08AA7BBEAD5D4D658D658C5
:10C85000BD33D5F4FFBACD52B430EE9CCD33FF5D7D
:10C86000736F18C46B2EB5F9D71ECEDDD6FDD6FD7D
:10C87000DF1DD6FDBE1A8C9553113A50429142915C
:10C880003A70322F320E322E3A4E424D3A9142D207
:10C890003AB042F24B33537453B55BF664166437C7
:10C8A0006C987D398559857A8D9995BA9DDA9DFA6E
:10C8B000A61AAE3AB65ABE7BBE9BC69BCEBBCEDB9B
:10C8C000CEBABE38BE59CEBAF7DDE77CC6BAC69A34
:10C8D000C69AC6BAE77DFFFEFFFEFFFEFFFEFFFE23
:10C8E000FFFEFFFEFFFEFFFEFFFEFFFEF7BDFFDEC9
:10C8F000CE59736F6AECC4CED52ECCCDCD2FD5B426
:10C90000DE15DE15DDF4EED9F79EF7BEFFBDEE981D
:10C91000E658E659E657DDF6D595CD15D575E617F7
:10C92000EE98EED9F77DFFDFFFDFFFDFFFDFFFFFD0
:10C93000FFFFFFFFFFDFFFDFFFDFFFDFFFDEFFDEC9
:10C94000FFDEFFDEFFDEFFDEFFDEFFDFFFFFFFFFBC
:10C95000FFFFFFFFFFFFFFFFFFFFFFFFFFFFFFFFE7
:10C96000FFFFFFFFFFFFFFFFFFFFFFFEFFDEFFDE1A
:10C97000FFBDF79DF79DFFBEFFBEFFDEFFDEFFDEC2
:10C98000FFDEFFDEFFDEFFFE955995589D99A599C4
:10C99000A5999D799D5895588D59745631A952ACD9
:10C9A0005AEE52CD5AED5ACD52CD52AD84B684B620
:10C9B0006C146C576C3664366416641564367456A1
:10C9C0007C754B7353944B736BF3422B5B0F8CF85A
:10C9D0008CD78CD78CD78CD78CD78CB78CD77C76D0
:10C9E0008CB6ADDA5BD65C175BF75BF75C17643827
:10C9F0006C786CB874D86C787477B5F96C779538B6
:10CA0000BE3B95389D599D59ADDAB61AADDAC69C34
:10CA1000B61B64167B2D9B28524A522949E85A4975
:10CA2000524A4A2A4A4A4A4A4A2A4A2A4A2A4A2AFE
:10CA30004A2A4A2A4A2A4A2A4A2A39A87B4CE570B5
:10CA4000B44D292610A4210520E518C410A431886E
:10CA50006B0E9454A4D5D65A6B4E210531662946E7
:10CA600039A7836DCD50C532BD12DDF5D530C46C0C
:10CA7000B42DA431A4318B0AB3AADD91F718F6D7EF
:10CA8000FF38F738C553B4B3B491E69ACDB5DE5844
:10CA900083D021265A8B736EB5D9DF5ED71DCE9C0D
:10CAA000A57974144AD03A4F3A6F4290428F322E91
:10CAB000320E320D2A0E3A4F4AD042D342F442F39C
:10CAC00042D242B042F04B5353955BF66416645722
:10CAD0006C9875197D39857A8D9A95BA9DDA9DFA8B
:10CAE000A61AAE3AAE5AB67BBE7BC69BCEBBD6DB91
:10CAF000D6FBC679BE59C69AEF9DFFDDDF3CC69ACC
:10CB0000C69ADF3CFFFEFFFEFFFEFFFEFFFEFFFEBC
:10CB1000FFFEFFFEFFFEFFFEFFDEF7BDFFDDFFDED7
:10CB20008C745AD05AAB72EC7B2C836CAC2DCD0E2E
:10CB3000D593DE36DDB3E657E6FBF79DE677E636BE
:10CB4000DE16E659E619DD77E659EEDAE6BAEEBA10
:10CB5000F73BEE98F6FAFFDEFFDFFFDFFFDFFFDFD8
:10CB6000FFDFFFDFFFFFFFDFFFDFFFDFFFDEFFBED7
:10CB7000FFBEFFDEFFDEFFDFFFDEFFFFFFFFFFFF89
:10CB8000FFFFFFFFFFFFFFFFFFFFFFFFFFFFFFFFB5
:10CB9000FFFFFFFFFFFFFFFEFFDEFFDEFFDEFFDE2A
:10CBA000FFBEFFBEFFBDFFBDFFBEFFDEFFBEFFDE5F
:10CBB000FFDEFFDEFFFEFFDE84F884F885189D9916
:10CBC000A5B99D78A599957995BA6BD2318852AD62
:10CBD00052CD5ACD5ACD5AEE528C6BD28CF77C7511
:10CBE00063F5747774776C776C766C776C777C967A
:10CBF00094F65373539453946BB14A6C8CD78CF75F
:10CC00008CF78CD78CD78CD78CD78CD78CD77435A6
:10CC100094F79D9953B66417645764586417641762
:10CC200064376458645864585C179D589D5974B8AB
:10CC3000BE3BA5999D599D59ADDAB61BB61ABE3BB0
:10CC4000D71E7413626AB389522949E949E84A092F
:10CC50005A6A4A2A4A4A4A2A4A2A4A2A4A2A4A2AC4
:10CC60004A2A4A2A4A2A420941C9A470FEB69C2F80
:10CC700020E518A420E518E518C418C418C410A3AA
:10CC8000106210A320E529473166316539A739A61E
:10CC900039C720E56ACADDF2DDF2C50FA3CC8AE907
:10CCA0006248ACB4BD14CDF8B4D4B492D5F7CDD5A8
:10CCB000D5F6ACB39AE8E54FEE95E697DE16EEB7FB
:10CCC0008BEF212639C962EC738F8C966C16533426
:10CCD0003A71322F3A6F4290429042903A4F322F3F
:10CCE0003A703AD243145333433443554B7543346B
:10CCF00042F33A4E3A0B42D04B535BB5641664781C
:10CD00006CB875197D3985798D9A95BA9DDA9DFA39
:10CD1000A61AAE3AAE5AB67BBE7BC69BCEBBD6DC5D
:10CD2000E73CF7BDEF7DE75DF7BDFFDDF7BDCEDB8F
:10CD3000D6FCF7DEFFFEFFFEFFFEFFFEFFFEFFFE5E
:10CD4000FFFEFFFEFFDEF7BDFFBDFFDEFFDEFFDE05
:10CD5000F7BEB598528D526B5AAC526B524AA3ED46
:10CD6000CD0ECD30D551CD32D5F6D594D572CD532B
:10CD7000BCF4D577EE7AF77DFFDEF73CFF9DF77DBB
:10CD8000FFDEFFDEFFBEFFBEFFDEFFDFFFDFFFDFF8
:10CD9000FFDFFFDEFFDFFFDFFFDFFFDFFFDEFFBEC6
:10CDA000FFDEFFDEFFDFFFFFFFFFFFFFFFFFFFFFF5
:10CDB000FFFFFFFFFFFFFFFFFFFFFFFFFFFFFFFF83
:10CDC000FFFFFFFEFFFEFFDEFFDEFFBEFFDEFFDE3A
:10CDD000FFDEFFDEFFDEFFBEFFBEFFBEF79DF79D5D
:10CDE000FFBEFFDEFFDEFFDE84F884F87CB8851826
:10CDF000A599A599A5999D999D79637139EA52AD37
:10CE000052ED5ACD52ED52CD5AEE84B68CD77455B0
:10CE10006C7774976C776C77747774776C567C75D5
:10CE2000B5D95BB453945B9452AD7C3495388CF790
:10CE30008CF78CF78CF78CD78CD78CD78CF76BF45E
:10CE40009D58953953B6641764376C586437641726
:10CE5000641764176437643864387457ADB97498CC
:10CE60009D79BE5B9D599D59A5B9BE3BBE3BB61A87
:10CE7000CEDDBE9D526BB3896AAA41E95A4A524A35
:10CE8000522A4A2A4A4A4A2A4A2A4A2A4A2A4A2ADA
:10CE90004A2A4A2A39C94A29C594F6F783AE31C9C4
:10CEA00020E520E518E418C421052105210520E529
:10CEB00020E518E418C431676AED6B0D29463987FF
:10CEC0007B8F6B0D18C5292639A718C53105496612
:10CED0002926A451BD34FFBFC5B7B4D3CDB8B4B271
:10CEE000B4B3CDD86A896AAA7B2BAC90CDD4ACD22E
:10CEF000528B3167316739E962ED62ED3AB13A93AD
:10CF00003A903A903A90429042B13AB142F34B741F
:10CF1000439553F6641554364C164BF65437543734
:10CF200054574B734B734BB44B3153326458649822
:10CF300074D975197D3985598D9A95BA9DDA9DFAFE
:10CF4000A61AAE3BB65AB65BBE7BC69BCEBBDEFC1A
:10CF5000EF9DFFFEFFFEFFFEFFFEFFFEFFFEE77DF3
:10CF6000F7BDFFFEFFFEFFFEFFFEFFFEFFFEFFFE22
:10CF7000F7DEF7BDF7BDFFBDFFDEFFDEFFDEFFDE44
:10CF8000FFFEFFFF8CB752D0630E732E628C526B84
:10CF9000AC4FC4AFBCAFC4AFC513BC93C4F3BCB3F8
:10CFA000C4F4DE18EF1BE6BAEEBBEEDCFFBEFFBE3C
:10CFB000FFBEFFBEFFDEFFDEFFDEFFDFFFDFFFDEC7
:10CFC000FFDEFFDFFFDFFFDFFFDFFFDEFFDEFFDE75
:10CFD000FFDEFFDEFFDFFFFFFFFFFFFFFFFFFFFFC3
:10CFE000FFFFFFFFFFFFFFFFFFFFFFFFFFFFFFFF51
:10CFF000FFFFFFFFFFDEFFDEFFDEFFBEFFBEFFBE67
:10D00000FFDEFFDEFFDEFFDEFFDEFFBEEF5DE71CC3
:10D01000EF5CFF9DFFBEFFDE955984F884F884F82D
:10D020009D58ADDAA599A5B98CD6635039EA52ADB1
:10D030005AED5ACD5AEE52AD6BD28D1884D6745536
:10D040008518749763D55BB55BB463F563F56BF4D2
:10D05000C69B7C7553B55373637095598D188D18A5
:10D060008D188CF78CF78CF78CD78CD7951763F4C9
:10D070009D798D185BF7643764376C586C5864374A
:10D080006417641763F764176C38641794F795385E
:10D090006C78B61AADFA95389D79B63BBE5BBE5B2F
:10D0A000BE3BDF5F94D5B46EA49039C95A8B522A27
:10D0B0004A2A4A2A4A2A4A2A4A2A4A2A4A2A4A2AD0
:10D0C0004A4A39C862CCE697EE9762CB31A9422B27
:10D0D00018C418C418C418E42105212621262105E6
:10D0E000210521052105526C6B2E5AAB2125316794
:10D0F000630D4A29212518E518C518C5416659A7A9
:10D1000041C7CD50AC90C574CD51DDD1D5F3E67695
:10D11000E697EEB77B0C316762AB5A0831684A2A52
:10D120004209316741E8316741E962ED7B8E4AF09F
:10D130003AD243134B3453B553F64BF65416547648
:10D1400074D77CD65C775497549754985CB85CB885
:10D1500064F9653A65195C77541553D45BF56477C7
:10D160006CD975197D3985598D9A95BA9DDA9DDAF4
:10D17000A5FAAE1AB63BBE5BBE7BC69BCE9BDF1C40
:10D18000F7BDFFFEFFFEFFFEFFFEFFFEFFFEFFFE00
:10D19000FFFEFFFEFFFEFFFEFFFEFFDEF7BEF7BD58
:10D1A000F7BDF7BDFFBDFFDEFFDEFFDEFFDEFFDE0A
:10D1B000FFDEFFFEEF7D63B5739293F1836F730E15
:10D1C0008B6FAC71AC0EAC0FABF0B472BCB3D5B618
:10D1D000EEFBE699D5D7F71BFFBDFFDEFFDEFFDFD5
:10D1E000FFDFFFDFFFDFFFDFFFDFFFDFFFDEFFDE51
:10D1F000FFDFFFDFFFDEFFDEFFDEFFDEFFDEFFDE45
:10D20000FFDEFFDEFFFFFFFFFFFFFFFFFFFFFFFF70
:10D21000FFFFFFFFFFFFFFFFFFFFFFFFFFFFFFFF1E
:10D22000FFFFFFFFFFFEFFDEFFDEFFBEFFDEFFDED4
:10D23000FFDEFFDEFFDEFFDEFFDEFFDEFF9DEF5CD9
:10D24000F77DFFBEFFDEFFDEA5999D799559A59973
:10D25000A579B61BA579A5B9847463703A0A52AC56
:10D260005AEE5AEE5AEE5AEE84B68CF884B67C9694
:10D2700084F86C165B945BB45BB463F55BD56C159A
:10D28000C67BB5FA5BB55B728CD7953895188D184F
:10D2900095188D188D188CF78CF78CD79D7964169E
:10D2A000A5BA84F864576C5764376C586C58643767
:10D2B0006C376C586C586C7874B87CD974B8A558B5
:10D2C0007CF87C97BE3BADDA9538ADDABE7BBE5BB1
:10D2D000BE5BC69CCEFEBD74DE144209526B524B3F
:10D2E0004A2A4A4A4A2A4A2A4A2A4A2A4A2A4A4A5E
:10D2F00039A87B8EF739D6155AAC4ACE7C9652CED9
:10D3000018A318C418C418C418E42105212621251F
:10D310002105210520E52126296729463188316725
:10D320002105296741C941E939C821266A26A3494F
:10D3300029057AAAA40D9B49B46D7B6C526A5AAB3D
:10D34000A4B1BD537B2C4A2A938C834B422A5AACFE
:10D3500039A839A841E839C841E939A9942F9D363F
:10D36000751B855A7D1964B75C965C967517955840
:10D370007CF75C975CB764B764D86CF8753975391D
:10D38000755A7D7A7D9A755A6CF864765C155C15D1
:10D39000645674D87D3985598D9A959A9DDA9DDAAF
:10D3A000A61AAE1AB63ABE5BBE7BC69BCEBBE75D85
:10D3B000F7DEFFFEFFFEFFFEFFFEFFFEFFFEFFFEAD
:10D3C000FFFEFFFEFFFEF7DEF7DEF7BDF79DF7BDC0
:10D3D000FFBDFFBEFFDEFFDEFFDEFFDEFFDEFFDEA6
:10D3E000FFFEFFDEFFFFADDA6352C596D638D5F8F3
:10D3F000C576A49394329C12BCD4DE38E699E699A3
:10D40000E699EF3BFFBDFFBDFF9DF77CF77CF79EE4
:10D41000FFDEFFDFFFDFFFDFFFDEFFDEFFDEFFDE21
:10D42000FFDEFFDFFFDFFFDEFFDEFFDEFFBEFFDE32
:10D43000FFDEFFDEFFFFFFFFFFFFFFFFFFFFFFFF3E
:10D44000FFFFFFFFFFFFFFFFFFFFFFFFFFFFFFFFEC
:10D45000FFFFFFFFFFFFFFDEFFDEFFFEFFFEFFFE21
:10D46000FFFEFFDEFFDEFFDEFFDEFFDEFFDEFFDEB4
:10D47000FFBEFFDEFFDEFFDEA599A5B9ADB9A5B9F8
:10D48000A599B63BA5799D787C336391420A528C6D
:10D490005AEE5AEE52CD63508D188CF784967CB7B5
:10D4A0008CD874365BB45BB45BB55BB563F66C3635
:10D4B000B61AD73E745574149559953895389538E1
:10D4C0009518951895188D188CF79559A5DA641646
:10D4D000ADDA7CB86C7874B86C786C586C586C7831
:10D4E0006C78749874B87CF97D19853A855A7CD724
:10D4F00094F752EF6B91BE5BA5BA9538BE5BC69CA4
:10D50000C67BC69C94D66B2EFEF883CF41C9524A87
:10D510004A2A4A2A4A2A4A2A4A2A4A4A4A2A39C8BE
:10D520009450FF59C5B474137CB7957A7C5529265D
:10D5300018C418C418A418C418E520E5210521262C
:10D540002125212521052105294639C94A2A4A2AAA
:10D550004A0A4A2A4A4A4A2A526B31888B2AC48D7F
:10D5600021056A278BAD4A2A41E941E94A2A4A2A1C
:10D5700041E941E9420A3188AC4E8BCE4A2A4A4AF7
:10D5800039A8420931A739C831A829678BCD6B70FA
:10D590007C95859974F77D178D79A5FA9DB974F7F7
:10D5A0006CF774F87D387D588D9985798D9A8D9AB0
:10D5B000859A859A857A755A755A75396CB7645605
:10D5C00064356C5674D785188D59959A9DB99DDA36
:10D5D000A5FAAE3AB63ABE5BBE7BC69BD6BBEF7D24
:10D5E000FFFEFFFEFFFEFFFEFFFEFFFEFFFEFFFE53
:10D5F000FFFEFFFEFFDEEF9DEF9DF7BDF7BDFFBD18
:10D60000FFDEFFDEFFDEFFDEFFDEFFDEFFDEFFFE12
:10D61000FFDEF79DFFDEFFFFA578C619F73BDE9919
:10D62000C5D7CDD7EF3CDE59E6DAF77CF73BE69974
:10D63000F75CFF9DFFDEFFBEFF9DF79DF79EF7BEE7
:10D64000FFBEFFBEFFDEFFDEFFDEFFDEFFDFFFDE31
:10D65000FFDEFFDEFFDEFFDEFFBEFFBEFFBEFFDE42
:10D66000FFDFFFDFFFFFFFFFFFFFFFFFFFFFFFFF0A
:10D67000FFFFFFFFFFFFFFFFFFFFFFFFFFFEFFFEBC
:10D68000FFFEFFFEFFFFFFFFFFFFFFFFFFFFFFFFAC
:10D69000FFFEFFDEFFDEFFDEFFDEFFFFFFFFFFFF1F
:10D6A000FFDFFFDEFFDEFFBEA599A5999D999D795D
:10D6B000ADDAB63BA5799D177C136BB1422B4A8C32
:10D6C0005B0E5B0E52AD73F395388CF77C9584D767
:10D6D0008CD78CD86C3663F563F55BD5641664160D
:10D6E000ADDAD71EB61A84D795599539953895383D
:10D6F0009538955995598D188CF7B63C9D796437B6
:10D70000ADDA84D86C786C786C586C586C787498F6
:10D7100074B874B974B874987CF9855A7CB75B3066
:10D720006B9184744A8D6350A57894D78496ADB973
:10D73000C67C94B54A8D5B51C595EED8524A4A2AAB
:10D740004A4A4A2A4A2A4A2A4A4A420941E9B533F8
:10D75000FF59B5347C758D397C545B0F31672106D8
:10D7600018C418C418C418C418C4210521052105FB
:10D77000212521252145296631A741E94A0A4A2A5E
:10D780004A2A4A2A4A2A4A2A4A4A2106AC8FCD9373
:10D79000190541E84A094A2A524A524B4A4A4A4A1A
:10D7A0004A4A4A2A420A41E9D616734D4A4B39C8B9
:10D7B0002927316739C84A6C422A72EA62CC4A2A60
:10D7C0004A28636FC69CCEBCB65B9DDA8D998D9955
:10D7D00095B995999DDA95B995B995B98D9A8DBAFE
:10D7E0008DBA8DBA8D9A859A857A857A859A7D3992
:10D7F0006CB76C556C55743484D695999DBA9DDA86
:10D80000A5FAAE1AB63ABE5BBE7BC67BD6DCF7BEC7
:10D81000FFFEFFFEFFFEFFFEFFFEFFFEFFFEFFFE20
:10D82000F7BDF79DF77DF79DF7BDFFBDFFBDFFBDC0
:10D83000FFDEFFDEFFDEFFDEFFDEFFDEFFDEFFDE00
:10D84000FFDEF77DDEBAEF1BE6FBE73CFFBEFF9D88
:10D85000FFBDFFBDFF9DEF3CD639F73CFFBDFFDEAE
:10D86000FFBDF77CF75CF79DFFDEFFDEFFBEF7BE76
:10D87000FFDFFFDFFFDFFFDFFFDEFFDEFFDEFFDEBC
:10D88000FFDEFFDEFFDEFFBEFFBEFFBEFFDEFFDF0F
:10D89000FFDFFFDFFFFFFFFFFFFFFFFFFFFFFFFFD8
:10D8A000FFFFFFFFFFFFFFFFFFFFFFFFFFFFFFFF88
:10D8B000FFFEFFDEFFFEFFFFFFFFFFFFFFFFFFFF9B
:10D8C000FFDEFFDEFFDEFFDEFFDEFFFEFFFFFFFF0E
:10D8D000FFFFFFFFFFDEFFBE9D599D589D799D58BC
:10D8E000B61AB63B9D5894F673F36BB24A8D4A6CE8
:10D8F0005B0E5B0E528D849595388CF77C758CD7BA
:10D900008CF895188D1884D884D76C366C576416AB
:10D910009538CF1EA5B98D38955995599559955972
:10D920009538A5999D798D189D59BE9D8D186C7857
:10D93000A5BA84D86C786C786C786C78749874B864
:10D9400074B97CD974B874B974B863D352CE52EE3A
:10D950004A8D6B70845452AE4AAD73D273B25AEF93
:10D960005B0F5B306BD25B2F5ACCF6F8C5B441C964
:10D970004A4A4A2A4A2A524A41E9526AD636FF3965
:10D98000A4F47C756BB1424B29473188318820E57E
:10D9900018E418A418C418E418C418C418E521051C
:10D9A0002125212529462966318741E94A2A4A2A23
:10D9B0004A2A4A2A4A2A4A2A31A818C4C5B4BD7339
:10D9C00029474A2A4A2A4A4A4A4A4A4A4A4A4A2A3B
:10D9D0004A2A4A2A4A2A6B2DD636526B42092947CF
:10D9E00029263187316731A85ACC6B2D3188526A8C
:10D9F000526A4A086B6FA5FAA5FAA5FAAE1AAE1AD2
:10DA0000A5FAA5FAA5DAA5FA9DDA9DDA95B995BA2F
:10DA100095DA9DDA95BA95BA8D9A8D9A8D9A8D9AE6
:10DA2000859A7CF8749674967474847395589DB92D
:10DA3000A5D9ADFAB63ABE5AC67BC65BDEDCF7DEC8
:10DA4000FFFEFFFEFFFEFFFEFFFEFFDEF7BEF79DBF
:10DA5000EF5CF79CF7BDFFBDFFBDFFBDFFBDFFDE67
:10DA6000FFDEFFDEFFDEFFDEFFDEFFDEFFDEFFDECE
:10DA7000FFDEF7BDE71BEF3CEF7DF7BEF7BEF79D7E
:10DA8000FF9DFFBDF77DEF1BE6DBF77DF77DFFBD5B
:10DA9000F77DF79DF79DF79DF79EFFBEFFDEFFBE6A
:10DAA000FFDEFFDEFFDEFFDEFFDEFFDEFFDEFFBEAE
:10DAB000FFBEFFBEFFBEFFBEFFDEFFDEFFDEFFDEFE
:10DAC000FFDFFFDFFFDFFFFFFFFFFFFFFFFFFFFFC6
:10DAD000FFFFFFFFFFFFFFFFFFFFFFFFFFFFFFFF56
:10DAE000FFFEFFFEFFFFFFFFFFFFFFFFFFFFFFFE49
:10DAF000FFDEFFDEFFFFFFFEFFDEFFDEFFDEFFDEFD
:10DB0000FFDEFFBEFFBEFFBE9538953895388D17F6
:10DB1000B61BB61B8D1794D66BD26BD252CE424B2E
:10DB20005B0E52ED52EE8D188D388CF77C768CF8AA
:10DB30008D18953895589558955895388D1874972F
:10DB40007456BE9D9538955995599559955995593D
:10DB50009559ADDA9D798D18B63CBE9D7CD77498E9
:10DB6000A59984F87498749874D874D97CF97D193F
:10DB70007CF97D19855A84B75B0F52CD52CE52ADD8
:10DB80004AAD4A6C5AEF5AEF4A8D4A6D52AD52CEA9
:10DB900063515B0F420A39C939EA7B8EFF9A9C9127
:10DBA00039A8524A524A39C96AECEED8E6B7736FBF
:10DBB0004AAD39C9292620E529473A0A21052927EE
:10DBC00018C418C418A318E420E518E418C42105E3
:10DBD000212521252946296739A842094A2A4A2AA6
:10DBE0004A2A4A2A4A0A41E931A820E5DE76ACF2FF
:10DBF00031884A4A4A4A524B4A4A4A4A4A4A4A4A57
:10DC0000526B5A8B41EAA491B53339C92946294749
:10DC1000316739A72947318739C9420931674A49EC
:10DC20005269526A49E86B6FBE7BB63AB63AAE3A71
:10DC3000AE1AAE1AAE1AA61AA61AA5FA9DDA95BAA7
:10DC400095BA95BA8D9A8D9A8D9A8D9A8D9A8D9A4C
:10DC5000959A95BA8D797CF77CD67CB684B5951764
:10DC6000A598ADFAB5FAB61ABE5AC65AE71CFFDE39
:10DC7000FFFEFFFEFFFEFFFEF7BDEF7CEF7CF77CB3
:10DC8000F79DFFBDFFBDFFBDFFBDFFBEFFDEFFDE99
:10DC9000FFDEFFDEFFDEFFDEFFDEFFDEFFDEFFDE9C
:10DCA000FFDEFFDEFFFEFFFFFFDFFFDEFFDFEF7DBA
:10DCB000EF1BF77CEEFBDEBAE6FBFFBEF79DF79DA0
:10DCC000F79DF77DF7BEF7BEF7BEFFDEFFDEFFBEB6
:10DCD000FFBEFFBEFFDEFFBEFFBEFFBEFFBEFFBE3C
:10DCE000FFDEFFBEFFBEFFBEFFBEFFDEFFDEFFDECC
:10DCF000FFDEFFDEFFDFFFDFFFFFFFFFFFFFFFFFB6
:10DD0000FFFFFFFFFFFFFFFFFFFFFFFFFFFFFFFF23
:10DD1000FFFFFFFFFFFFFFFFFFFFFFFFFFFFFFFF13
:10DD2000FFFFFFFFFFFEFFDEFFDEFFBEFFBEFFBE09
:10DD3000FFBEFF9DF77DF79D9538951895388D1896
:10DD4000BE3BB61B8CD68CB56BB273F352EF422B35
:10DD50005B2F52AC6B9195598D388CF784B6953802
:10DD60009518953895589558955895588D387CB88C
:10DD70006C378CD79559957995799D799D79955979
:10DD80009D79B61B9D799559C6BEB63B7CB774D8B4
:10DD9000A5998D397D197D197CF97CF97CF97CF97F
:10DDA0007D1A7CD9639252AD52CD52CD4AAD4AAD67
:10DDB0004AAD4AAD4A8D4A8D52AD4A8D5B0F6350D4
:10DDC000422B2967316731A831A8212783AEFF791B
:10DDD000943039A839C883AEFF7AC5B44A4A296855
:10DDE000292621262106296731882106210520E5DB
:10DDF00018A418E518C418A320E520E518E518E4D0
:10DE000021252946316739A841E94A2A4A2A4A2A5E
:10DE10004A2A4A2A420A4A4A39C92946F7189430F6
:10DE200039C9526B524B4A4A524B524B524B526B6E
:10DE30004A2A420A4A2ACE156B2D2126210531672E
:10DE40004A09318739A839C8318841E82967420928
:10DE500052694A49526A49E873D0C6BCB65AB65BA1
:10DE6000B65BB63BAE1AAE1AA5FA9DDA95999599AE
:10DE700095998D998D998D9A959A959A95BA95BA05
:10DE800095BA95BA95DA9DDA95798D3784D58C94C3
:10DE90009D57A598ADB8B5D8BDF9C63AE73DFFFE88
:10DEA000FFFEFFDEF7BEEF7DEF7CF79CF79DF79D51
:10DEB000FFBDFFBDFFBDFFBDFFDEFFDEFFDEFFDEFE
:10DEC000FFDEFFDEFFDEFFDEFFDEFFDEFFDEFFDE6A
:10DED000FFDEFFDEFFDEFFDEFFDEF7BEF7BEFFBECA
:10DEE000F77DF77DEF5DF7BEF77DF79DF79EEF7D40
:10DEF000EF5DF77DF79EF79EFFDEFFBEFFBEFFBE24
:10DF0000FFBEFFBEFFBEFFBEFFBEFFBEFFBEFFBE29
:10DF1000FFDEFFBEFFBEFFBEFFBEFFBEFFDEFFDEB9
:10DF2000FFDEFFFEFFDFFFFFFFFFFFFFFFFFFFFF43
:10DF3000FFFFFFFFFFFFFFFFFFFFFFFFFFFFFFFFF1
:10DF4000FFFFFFFFFFFFFFFFFFFFFFFFFFFFFFFFE1
:10DF5000FFFFFFDEFFDEFFDEFFDEFFBEFFDEFFBEF8
:10DF6000F79DF77DFFDEFFFF9D589D389D38951882
:10DF7000BE5CADFA8CD68CB56BB273F35B30422BC2
:10DF80005B2F4A8C7C75955995388CD79517955889
:10DF90009538955895589D59955995388D188D18DF
:10DFA0007CB874569D79957A9D7A9D7A9D7A95591B
:10DFB000A5BAB63B9D59ADFBCEFEA5DA7CD87D193E
:10DFC0009D998D597CF97CD974B874D974D97CD950
:10DFD00074565B0F52AD52AD4AAD4AAD4AAD4AAD33
:10DFE0004AAD4AAD52AD4AAD4A8D5B3052AE29675B
:10DFF0002926294729472927294621062926ACB25F
:10E00000FF59B533ACF2FF9AA491210521062926C8
:10E010002926292649C74A6B210620E5210518E54E
:10E0200018A418A418C4108318C420E518E518E52E
:10E03000292639A839C839C941E94A2A4A2A4A2A27
:10E040004A2A4A2A4A2A524B31884A29FF7A736D52
:10E05000420A526B41E94A4A524B524B526B4A2A8E
:10E060006B2D9C916B0CBD11212621262926318711
:10E0700042082947420962ED316739C8318739A81A
:10E0800052694A494A49526A41E78452C6DCBE5A3B
:10E09000B63BAE3AAE1AAE1AA5DA9DB995999599E6
:10E0A0009599959995999599959A95BA9DBA9DBA8C
:10E0B0009DDA9DDA9DDA9DDAA5FAA5FA9DB89D361E
:10E0C0009D58A578AD76B5D8BDD8C619E73DFFDE19
:10E0D000F79DEF5CEF5CF77CF79DF79DF79DFFBD2B
:10E0E000FFBDFFBDFFBDFFBEF7BCFFDCFFDEFFDEF7
:10E0F000FFDEFFDEFFDEFFDEFFDEFFDEFFDEFFDE38
:10E10000FFDEFFDEFFDEFFDEFFDEF7BEF7BEFFDE77
:10E11000F7BEEF5CFFBEFFBEFFBEF7BEF79DEF7D13
:10E12000EF7DEF5DF79DF79DF79DF7BEFFBEFFBE4C
:10E13000FFBEFFBEFFBEFFBEFFBEFFBEFFBEFFBEF7
:10E14000FFBEFFBEF79EFFBEFFBEFFDEFFDEFFDEAF
:10E15000FFDEFFDFFFFEFFFEFFFEFFFFFFFFFFFF13
:10E16000FFFFFFFFFFFFFFFFFFFFFFFFFFFFFFFFBF
:10E17000FFFFFFFFFFFFFFFFFFFFFFFFFFFFFFFFAF
:10E18000FFDEFFDEFFDEFFDEFFBEFFDEFFBDF79D31
:10E19000FFBDFFFFFFDEEF5C9D589D589D588D171A
:10E1A000BE5BB61B94D684746BD273F36371422B3F
:10E1B0005B0E52AD8CF7953895388CD79D589D796C
:10E1C0009D799558955995799579955995598D38A1
:10E1D00084D88CF89DBA9D9A9DBA9D9A9D9A9D79F6
:10E1E000ADDABE3B9D79BE7DCEFE9DBA85198539DF
:10E1F0009D9995597D197CF974B87498749863B396
:10E2000052AD4AAD4A8D4A8C4A8D4A8D4A8D4AADEF
:10E210004AAD4AAD4A8D4A8D5AEF39EA2106292680
:10E220002927212629472946292639C9734E9411C1
:10E230009C50FF59FF7A83CE18E5294629462126AE
:10E24000292649C751E739CA20E6212620E520E5DD
:10E2500018C418A318C418A310A318E52105210594
:10E260002105318739C841C941E94A2A4A2A4A2A3F
:10E270004A2A4A2A4A2A526B29476B2CFF5962CCF8
:10E280004A0A39A84209526B524B524B526B420A0E
:10E29000AC6FE6359C0D7B2B18E5294739A739A7CC
:10E2A0003187294752496B0D5AAC316629262946D8
:10E2B0004A294A494A4952494A2939C794F5BE9CD4
:10E2C000AE1AB63AAE1AAE1AA5D99DB99D999D99C6
:10E2D0009D999D999D999D999DB99DBA9DDAA5DAC3
:10E2E000A5DAA5FAA5FAA5FAAE1AAE1BAE3BADFAB1
:10E2F000A598A577A535AD54BDB7D65AE71CEF7DD7
:10E30000EF5DF79DF79DF79DF79DF7BDFFBDFFBD45
:10E31000FFBDFFBDFFBEFFDDCF7C9F1BE7BBFFDC6A
:10E32000FFDEFFDEFFDEFFBEFFDEFFDEFFDEFFDE25
:10E33000FFBEF7BEFFDEFFDEFFBEF7BEF7BEF79DF6
:10E34000EF3CEF5DFFBEF7BEF7BEF7BEF7BEF7BE10
:10E35000F79DF7BEFFBEF7BEF79EF7BEFFBEFFBE3E
:10E36000FFBEFFBEFFBEFFBEFFBEFFBEFFBEFFBEC5
:10E37000FFBEF79EF79EFFBEFFDEFFDEFFDEFFDE85
:10E38000FFDEFFFEFFFEFFFEFFFEFFFFFFFFFFFFC2
:10E39000FFFFFFFFFFFFFFFFFFFFFFFFFFFFFFFF8D
:10E3A000FFFFFFFFFFFFFFFFFFFFFFFFFFFFFFFE7E
:10E3B000FFFEFFDEFFBDFFBDFFBDFF9DFFBDFFFFF9
:10E3C000FFFFF77DEF3CF79DA599A5999D788D17E7
:10E3D000BE3BBE5B9D177C546BD273F36BB2424B5A
:10E3E00052AD52EE9538953895388CD79D789D99D9
:10E3F0009D799D799D799D799D999D798D1984D877
:10E400007C9795399DBB9D9AA5BA9DBA9D9A9D7A98
:10E41000B61BB63BA5DAC6DEC6DE9D9A853A855A9E
:10E4200095799579853985197CF974985B514A8C71
:10E430004A8D4A8D4A8D4A8D4A8D4A8D4A8D4A8C25
:10E440004A6C424B424B4AAD29682106294629278E
:10E450002927294729062926526B6B0D6B0D94310C
:10E460006B0E526A5AAB18E5294629262106210669
:10E47000294620E5190639C92906294718E520E566
:10E4800018C518A418E418E418A318C4210520E539
:10E4900020E5294641C941E942094A2A4A2A4A2A2D
:10E4A0004A2A4A2A4A2A526B2106A4B1E69739879A
:10E4B000296739C8526B524B526B526B4A4A31A88A
:10E4C00041A651E77B2B318731A839A74A2939A7C3
:10E4D000294729475AAB62CB422A526A294721066B
:10E4E000316641E74A084A084A0931874208ADD8EF
:10E4F000BE7BB61AAE1AADFAA5D99DB99DB99DB924
:10E500009DB99DB9A5B9A5B9A5D9A5DAA5FAADFA60
:10E51000A5FAADFAADFBAE1AB61AB63BB63BB63BA2
:10E52000BE5ABDF9BD96BDB7D67AEF5DF77CF79DB3
:10E53000FFBEFFBDFFBDFFBDFFBDFFBEFFBEFFBDF8
:10E54000FFBEFFBEF7BEFFFCB75C6EBD86FCCF7B97
:10E55000FFDEF7BEFFBEFFBEFFBEFFBEFFBEFFBEBB
:10E56000FFBEFFBEFFDEFFBEF7BEF7BEF79DEF3C6E
:10E57000E6BAE6FBF7BEF79DF79EF79DF79DF79E7F
:10E58000FFBEFFBEFFBEFFBEFFBEFFBEFFBEFFBEA3
:10E59000FFBEFFBEFFDEFFDEFFDEFFBEFFBEFFBE33
:10E5A000FFBEFFBEFFBEFFBEFFDEFFDEFFDEFFDE03
:10E5B000FFDEFFFEFFFEFFFEFFFEFFFFFFFFFFFE91
:10E5C000FFFFFFFFFFFFFFFFFFFFFFFFFFFFFFFF5B
:10E5D000FFFEFFFEFFFFFFFFFFDEFFDEFFDEFFDED1
:10E5E000FFBEFFBEFFBEFFBDFF9DFFDEFFFFF77D4D
:10E5F000E71BF77DFFFFFFFFA5B9A5B9A5999538E2
:10E60000B63BBE3B9D377C3473F373F373F34A8C94
:10E61000424B5B509559953895388D17A599A5991A
:10E62000A599A5999D7995598D598D197CB87CB876
:10E6300074779D9A9DBB9DBAA5DBA5DBA5BA9DBA53
:10E64000BE5CB63BB63CC6DEC6DE95798539853AFA
:10E650008D599D797D19853A7CB85B0F4A8C4A8D1E
:10E660004A8D4A8C4A6C4A6C424B422B420A39EA28
:10E6700039EA39C94A8D424B20E5294729462927DD
:10E6800029472105420A84746B6F62EC62EC524A9E
:10E69000294720E5210529462106210620E520E518
:10E6A00018C518A42126524A29052147210618E435
:10E6B00018C418A418C420E518E518A418E5210505
:10E6C00021052105318741E94A0A4A2A4A2A4A2A6C
:10E6D0004A2A4A2A4A2A4A4A2106D615BD73108474
:10E6E00029464A4A524B4A4A420A39E931A839A8CE
:10E6F00029676248C48D422939A84A08420839A7C7
:10E70000296731A839E95A8A838C4209526B422A17
:10E7100031A831A7318639A739C741E839875ACCA2
:10E72000B63AAE1AAE1AADFAA5FAA5DAA5DAA5DAA6
:10E73000A5FAADFAADDAADDAADFAADFAAE1AB61A9F
:10E74000B61AB61AB63BB63BB63BBE5BBE5BC65B03
:10E75000D69BE6FCEEFBEEBAF678EDD5FEF7FFDED3
:10E76000FFBEFFBDFFBEFFBEFFBDFFBDFFBEFFBEC4
:10E77000FFBDFFBEF7BEFFDEA73D76DD76DDC75DE0
:10E78000FFDEF79EFFBEF7BEF7BEF7BEF7BEF7BED1
:10E79000F7BEF7BEF7BEF7BEF7BEF7BEF7BEF79EF1
:10E7A000EF3CEF3CF7BEF79DF79DF79DF79DF79D7A
:10E7B000F79DFFBEFFBEFFBEFFBEFFBEFFBEFFBE9A
:10E7C000FFDEFFDEFFDEFFDEFFDEFFDEFFDEFFDE61
:10E7D000FFBEFFBEFFDEFFDEFFDEFFDEFFDEFFDE91
:10E7E000FFDEFFDEFFFEFFFEFFFEFFFEFFFEFFFE81
:10E7F000FFFFFFFFFFFFFFFFFFFFFFFFFFFFFFFF29
:10E80000FFDEFFDEFFDEFFDEFFBEFFBEFFDEFFBE80
:10E81000FFBEFFDEFFBEFFDEFFFEF79DEF3CEF3CDD
:10E82000FFDEFFFFFFFFFFFFA5B9A5B9A5B9A578DA
:10E83000B61BB61A9D177433741373F3741352CE48
:10E84000424B741395598D389D799D799D79A59981
:10E850009D9995798D1884F88D3984F87CB87CB8A9
:10E860007C97A5DB9DBBA5DBA5FBA5DBA5DBA5DB1D
:10E87000BE7CB65CC69DCEDEC6DE8D598539851957
:10E8800085199D79855A7CB752EE4A6C4A8C426C48
:10E89000424B422B3A0A39EA39EA39EA39EA39EA8B
:10E8A0003A0A39C94A8D422B210629462946292789
:10E8B00020C54A8C9D9A7C135ACC4A6B316721261D
:10E8C0002946294629262106210620E518C520E5E6
:10E8D00018C429472926292618E52106210618C526
:10E8E000210620E418C418C4210518E418C420E542
:10E8F00021252125212639E94A2A4A2A4A2A4A2A53
:10E900004A2A4A2A4A4A41E939A7FF39736D29053B
:10E910005ACB39E94A4A524B4A2A4A2A4A2A39C822
:10E9200031676B0CFF9A62EC316739C839A839E955
:10E9300041E9294639C839C8734C420839E95A8B2C
:10E94000528B5ACC5AEC4A49420839C841E93986B7
:10E950008473BE7CAE1AAE1AADFAADFAADFAAE1A39
:10E96000B61AB63AB61AB61AB61AB61ABE1ABE3BD6
:10E97000BE3BBE3ABE3BC65BCE7BD69CDEFCEF1CEC
:10E98000F7DFF6B9E410E410E3CFE3EFF6FAFFFFA8
:10E99000FFBEFFBEFFBEFFBEFFBEFFBDFFBEFFBE90
:10E9A000FFBEFFBEFFBEFFDD8EFC66BD86DCF7BD91
:10E9B000FFBEFFBEFFBEF7BEF7BEF7BEF7BEF7BE97
:10E9C000F7BEF7BEF7BEF7BEF7BEF7BDF79EF79EE0
:10E9D000F79EF79EF79EF79DF79DF79DF79DF79D94
:10E9E000F79DF79DF79EF7BEFFBEFFBEFFBEFFDEA1
:10E9F000FFDEFFDEFFFFFFFFFFDFFFDEFFDEFFDEEC
:10EA0000FFDEFFDEFFDEFFDEFFDEFFDEFFDEFFDE1E
:10EA1000FFDEFFDEFFFEFFFEFFFEFFFEFFFEFFFF4D
:10EA2000FFFFFFFFFFFFFFFFFFFFFFFEFFDEFFFF18
:10EA3000FFFEFFDEFFBEFFBDFF9DFFBDFFBDFFBEB2
:10EA4000FFDEFFDEFFFEFFBEEF5CEF3CFFBEFFFF21
:10EA5000FFFFFFFFFFFFFFFFA599A599A5989D78F0
:10EA6000ADDAADD9951674137413741374345B5006
:10EA70005AEE8CD695598D38A5FBA5999D79A59907
:10EA80009D9995598D398D188D1884F884D87CD826
:10EA900084F8AE1C9DBAAE1BADFBADFBA5DBADFB98
:10EAA000BE7CBE7CC6DECEDEC6BD85197D197D1955
:10EAB0007CF99539747652CE4A6C424B420A3A0A36
:10EAC0003A0A3A0A3A0A3A0A39EA39EA39EA39EAAA
:10EAD00039EA39C94AAD39E92106292729662106CB
:10EAE000422B6B4F630D4A6A420A29262946294662
:10EAF00029262106210620E620C518C520E518A4F0
:10EB0000296831A820E52946210518E518C42948B7
:10EB1000212618C418C518C518E52926212618E588
:10EB200021053167318741E94A0A4A2A4A2A4A2A95
:10EB30004A2A4A2A526B3167732CFF593166B48FC7
:10EB4000FFBB5AAB4A2A526B526B4209318739C814
:10EB5000526B4A6BD5517B0A294739C839E9524B68
:10EB60004A2A212629673187292731A84209736D4E
:10EB700062CC5ACCB533630D528B526A4A494A294A
:10EB80008C73C69CBE3BBE3BBE3BB63AB61ABE3B80
:10EB9000BE3BBE3BBE3BBE3BBE3BC63BC65BCE5B4D
:10EBA000CE5BD67CDEBCE6FDEF3DEF7DF7BEF7FF2A
:10EBB000F77CECB2E38FE3EFE3EFF699FFFFFFBEE4
:10EBC000FFBDFFBDFFBDFFBDFFBDFFBDFFBEFFBE63
:10EBD000FFBEFFBEFFBEF7BDDF7DCF5DDF7DFFBEA9
:10EBE000FFBEFFBEFFBEF7BEF7BEF79DF7BEF79EA6
:10EBF000F7BEF7BDF79EF79DF79DF79DF79EF79E31
:10EC0000F79DF79DF79DF79DF79DF79DF79DF79D64
:10EC1000F79DF79DF79DF79DF7BEF79DFFBEFFDEC1
:10EC2000FFDEFFDFFFFFFFFFFFFFFFFFFFFFFFDE56
:10EC3000FFDEFFDEFFDEFFDEFFDEFFDEFFDEFFDEEC
:10EC4000FFDEFFDEFFFEFFFEFFFEFFFEFFFEFFFE1C
:10EC5000FFDEFFDEFFDEFFFEFFFEFFDEFFDEFFFE6C
:10EC6000FFFEFFDEFFBEFFBEFF9DFFBDFFBEFFDE5E
:10EC7000FFFEFFBEEF5CEF5CF79DFFFFFFFFFFFFB6
:10EC8000FFFFFFFFFFFFFFFFA599A598A599A59995
:10EC9000A599AD99951674137433741374346BB2CB
:10ECA0007C33953895599559B65CA5B99D799D9950
:10ECB0009D7995798D398D1884F884F884F884F8D5
:10ECC0008D38AE3C9DBAB63CAE1CADFBADFBB63B41
:10ECD000C69CC6BDCEDECEDEC6BD84F87CF97CF90E
:10ECE0007CF98496632F420A422B3A0A39EA39EAC0
:10ECF0003A0A3A0A3A0A3A0A3A0A39EA39EA39EA57
:10ED000039EA39E94A6C31A829262926316620C515
:10ED10006B91634F420931A92926294629262106EC
:10ED20002106210620E518C520E5212618C42968FA
:10ED300039CA210520E52106210518C521062988A3
:10ED400018C418E518C4294720E518E4294631A756
:10ED500039C842094A2A4A2A4A2A4A2A4A2A4A2AAF
:10ED60004A2A4A2A526B2946B4D1ACB018A4830A65
:10ED700093EE526B4A4A42093187296741E9528B27
:10ED80005A8B4A2A9BABA3CC296741E94A4A526B6A
:10ED900041E92947296739A841C941E939A85A8B6E
:10EDA00062CC528C8C30A4D14A2A5A8B524AA55636
:10EDB000D6BCCE7BCE7BCE7BCE7BC67BC65BC63B3A
:10EDC000C65BC65BCE5BCE5BD67BDE7CDEBCE6DDA7
:10EDD000E71DEF3DEF7DEF9DEF9EF7BEF71AED3497
:10EDE000EB8EE32DE3AFE492F6BAFFFFFFBEFFBE6A
:10EDF000FFBDF79DF79DFFBDFFBEFFBEFFBEFFBE7F
:10EE0000FFBEFFBEF79DF79DFF9EFFBEFFBEFFBE8C
:10EE1000FFBEFFBEF7BEF79DF79DF79DF79DF79DDF
:10EE2000F79DF79DF79EF79DF79DF79DF79DF79D41
:10EE3000F79DF79DF77DF77DF77DF79DF77DF77DD2
:10EE4000F77DF79DF79DF79DF7BDFFBDFFBEFFDE88
:10EE5000FFDEFFFEFFFFFFFFFFFFFFFFFFDFFFDE25
:10EE6000FFDEFFDEFFDEFFDEFFBEFFDEFFDEFFDEDA
:10EE7000FFDEFFDEFFDEFFDEFFDEFFDEFFDEFFDEAA
:10EE8000FFDEFFDEFFFEFFDEFFDEFFDEFFDEFFFE5A
:10EE9000FFFFFFFEFFDEFFBEFFDEFFDEFFDEFFBD8A
:10EEA000F77DEF5CF77DFFDEFFFFFFFFFFFFFFFF5A
:10EEB000FFFFFFFFFFFFFFFF9D58A578A598ADB9A5
:10EEC000A578A5789517743374347434743473F357
:10EED000951795588D389D7ABE9DA59995589D7921
:10EEE00095798D398D398D1984F884F885197CF8D8
:10EEF0009559B63C9DBBB65CB63CAE1BAE1BB61B73
:10EF0000BE7CC6BDCEFECEFEC69D85197D19853A56
:10EF100074555AEE635039EA39EA3A0A39EA39EA5D
:10EF200039EA3A0A3A0A3A0A39EA39EA39EA39EA66
:10EF300039EA39C93A0A420A29472927296729267D
:10EF40003168424B294729262946292621062106D0
:10EF500020E518C418E52106294621052947422B3A
:10EF600020E6210620E5294720E618E520E620E5F1
:10EF700018C420E520E418C4210518E518C5212689
:10EF800031A741E94A2A4A2A4A2A4A2A4A2A4A2AC7
:10EF90004A2A4A4A4A2A3987A3CC49C721263187B7
:10EFA00041C841E93187296639C84A4A528B526BB8
:10EFB000528B4A2A83EFCDB431674A4A524B526B87
:10EFC00041E918A43187318731673187212642080A
:10EFD000734C5A8B5ACCBD73734D526B524A83F0AB
:10EFE000E6FDD6BCDEBCD6BCD6BCD69CD69CD67CB8
:10EFF000D67CDE7CDE9CE6BCE6DDEF1DEF5DEF7DC2
:10F00000EF7DEF5DEF5DF77DF678ECB2EB2CE2ABD8
:10F01000E32CEC30F637F79DFFDEFFBEFFDEFFBDD1
:10F02000F79DF79DFFBDFFBEFFBEFFBEFFBEFFBE4B
:10F03000FFBEF7BDF7BEF7BDF7BEF7BEF7BEFFBE1A
:10F04000FFBEF7BEF7BEF7BEF79DF79DF79DF79D94
:10F05000F79EF79EF79EF79DF79DF77DF79DF77D4D
:10F06000F77DF77DF77DF77DF77DF77DF77DF79DE0
:10F07000F79DF79DF7BDF79DFFBEFFBEFFBEFFDE0C
:10F08000FFFEFFFEFFFFFFFFFFFFFFDEFFDEFFDEF5
:10F09000FFBEFFDEFFBEFFBEFFBEFFBEFFBEFFBE68
:10F0A000FFDEFFDEFFDEFFDEFFDEFFBEFFBEFFDEB8
:10F0B000FFDEFFDEFFDEFFDEFFDEFFDEFFDEFFDE68
:10F0C000FFFEFFDEFFBEFFBDFF9DFF9DEF3CEF1B80
:10F0D000F77DFFDEFFFFFFDEFFDEFFFFFFFFFFFF2D
:10F0E000FFFFFFFFFFFFFFFF326D326D326D326DAC
:10F0F000326D326D326D326D3A6C3A6C3A8C3ACC7C
:10F100003AED3B0D3B2E3B2E3B2E3B2D3B0D42EC77
:10F1100042CC4ACC4ACC52CC4ACC4AAC4AAC4AAD9E
:10F120004ACD4ACD42CE42AE428D426C3A2B39E9AD
:10F1300031A72946210520E418E418C418C418E4AE
:10F1400020E420E42104292431453165398539A69C
:10F1500041C641C641C641C641A6398539653964B3
:10F16000314431243124290429243124314539659D
:10F17000398639A639A639863186316631663986AF
:10F1800041C74A2852695ACB630C6B4D736E738E1C
:10F19000738E6B6E630C528A420839A7318639A789
:10F1A00041E852495A8A62CB6AEC6AEC6B0C6B2CD0
:10F1B0006B0C6B0C6AEB6ACB6ACA6ACA6ACA6ACA07
:10F1C0006AEA6AEB730B730B732C732C732C732C1E
:10F1D000732C732C732C734C736D7B8D7BAE7BCE39
:10F1E0007BCE7BAE7B8D734C732C732C732B732B6C
:10F1F000732B732B6B0B62EB5AAA4A4A420931C933
:10F2000029892968214821482968296831A939E9CB
:10F210004A29524952695A695A8A5AAA5ACB5AEC0F
:10F220005ACC52AC4A6B422A39E931A929A929A9F9
:10F2300029A931C931CA31EA31EA31EA320B320B3C
:10F24000320B322B3A4B3A4C3A6C3A6C428C428C31
:10F25000428C4AAC4AAC4ACC52EC530C5B0C5B2C53
:10F260005B2C5B2C5B2C5B4C634C636C638D6BADDC
:10F2700073CD73ED7BEE7C0E7BEE73EE73CD73CDB1
:10F2800073AD73AD73AD73CD73CD7BED7C0E7C0E22
:10F290007C0E842E842E842E844F844F844F8C4F7A
:10F2A0008C4F8C4F8C4F844F844F842F843084300C
:10F2B0008430845084508C508C508C508C508C50A6
:10F2C000845084508430843084308430840F7BCEEA
:10F2D0007BAD7B6C732B730A730A732B7B4C7B8D1A
:10F2E00083CE840F8C308C508C518C518C518C512E
:10F2F0008C518C508C508C508C508C508C508C502D
:10F300008C518C518C518C518C518C518C518C5115
:10F310008C518C518C518C51326D326D326D326DFD
:10F32000326D326D326D326D3A6C3A6C3A8C3AAC69
:10F330003AAC3ACD3B0D3B0D3B2E3B2D432D430DBF
:10F340004B0C4B0C52EC52EC52CC52CC4ACD4ACD29
:10F350004ACD4ACE42CE42AD428D426C3A2A39C89D
:10F3600031872945210520E418E418E420E420E44D
:10F37000210429243145396539A641C64A07522757
:10F380005227524752475227520649E641A5418526
:10F3900039653944312431242904290429242925B3
:10F3A000314531653166316631663166318639C73E
:10F3B0004A0852695AAA62EB6B2D736E738E73AF53
:10F3C00073AF736E630C528A420839A7318639864F
:10F3D00041E752295A8A62CB6AEC6B0C732D734D4C
:10F3E000734D732C6B0C6AEB6ACB6ACA6ACA6ACA21
:10F3F0006AEB6AEB6B0B730C732C734C734C734C92
:10F40000732C732C734C734D7B6D7B8D7BAE7BCEDD
:10F410007BCE7BAE7B8D736D732C730B6AEB72EAC4
:10F42000730A6AEB62CA5AAA526A420939C931A9F7
:10F430002989296829682969298931A939C942098D
:10F440004A2952495A695A8A5AAA62CB62CB5AEC63
:10F450005ACC528B424B3A0A31C929A9298929A988
:10F4600029A929C931CA29CA29EA29EA29EB320B73
:10F47000320B322B322B3A4C3A4C3A6C3A6C428C6F
:10F48000428C42AC4AAC4ACC52EC52EC5B0C5B2C4A
:10F490005B2C5B2C5B4C5B4C636C638C63AD6BCD0A
:10F4A00073ED740D7C0E7C0E7C0E7BEE73CD73CDF4
:10F4B00073CD73CD73CD73CD73ED7BEE7C0E7C0E6F
:10F4C000842E842E842E844E844F844F8C4F8C4FF8
:10F4D0008C4F8C4F8C4F844F844F844F845084507A
:10F4E00084508C508C508C508C508C508C508C5044
:10F4F0008C508C508C508C5084308430840F83EE30
:10F500007BAD7B6C732B730A730A732B734C7B8DEF
:10F5100083CE840F84308C508C518C518C518C5103
:10F520008C518C518C508C508C508C518C518C51F6
:10F530008C518C518C518C518C518C518C518C51E3
:10F540008C518C518C518C51324D324D324D326D2B
:10F55000326D326D326D3A6D3A6C3A6C3A6C3A8C6F
:10F560003A8C3AAC3ACC3AED3B0D3B0D430D432D72
:10F570004B2D532D530C530C52EC52CC52CD4ACD43
:10F580004ACD4ACE42CE42AD428C424B3A0931C8B6
:10F5900031662925210520E420E420E42104290402
:10F5A00029243165398541C64A0752275A685A8845
:10F5B0006288628862885A475A27520649C641A51E
:10F5C00041653944312429242904290429042925A1
:10F5D00029252925294529453166318639A742083B
:10F5E00052495AAA62EB6B0C6B4D736E738F73AFFB
:10F5F00073AF736E630C528A420839A6318639861E
:10F6000041C74A285A6A62CB6B0C732D734D736DD8
:10F61000736D734D732C6B2C6B0B6AEB6AEB6AEB9F
:10F620006AEB6AEB730C732C734D736D7B6D736DAA
:10F63000734D734D7B6D7B8D7B8D7BAE7BAE7BCEB7
:10F6400083CE7BCE7BAE736D732C6B0B6AEA6ACA7A
:10F650006ACA62CA62AA526A4A2939E931C931A919
:10F660002989298931A931A931CA39EA420A4A2AA4
:10F67000524A5A6A5A8A62AA62CA62CB62EB5ACC6E
:10F6800052AB4A6B3A2A31C929A929882988298984
:10F6900029A929A929CA29CA29CA29EA29EA320B8A
:10F6A000320B322B322B3A4C3A4C3A6C3A6C428C3D
:10F6B000428C42AC4AAC4ACD52ED530D530D5B2DFA
:10F6C0005B2D5B4D634D636D638D638D6BAD6BCD5A
:10F6D00073ED7C0E7C2E7C0E7C0E7BEE73CD73CD99
:10F6E00073CD73CD73CD73ED7BED7C0E7C0E7C2ED4
:10F6F000842E842E844E844E844F844F844F844FB6
:10F70000844F844F844F844F844F845084508C5056
:10F710008C508C508C508C508C508C508C508C5009
:10F720008C508C508C508C508C508430840F83EFD4
:10F730007BAD7B6C732B730A730A732B734C7B8DBD
:10F7400083CE840F84308C508C518C518C518C51D1
:10F750008C518C518C508C508C508C518C518C51C4
:10F760008C518C518C518C518C518C518C518C51B1
:10F770008C518C518C518C51324D324D324D324D19
:10F78000326D326D326D3A6D3A6D3A6C426C426C4C
:10F79000426B3A8B3A8C3AAC3ACC3ACC42EC42EDE2
:10F7A0004B0D530D530D52ED52EC52CD52CD4ACD6F
:10F7B0004ACD4ACE42CE42AD426C424B3A0931A7C5
:10F7C0003166292521052104210421042904292445
:10F7D0003165398541C64A0752475A68628862A92D
:10F7E00062A962A862885A475227520649C641A5B3
:10F7F00039653945312429242904210421052105AD
:10F800002925292529252946316639A741E84A496C
:10F810005A8A62CB630C6B2D6B4E736E73AF7BAFEA
:10F8200073AF736E630C528A420839A6316639860B
:10F8300041C74A085A6962CB6B2C734D7B8E7B8E15
:10F840007B8E736D736D734C732C6B0C6B0C6AEC4D
:10F850006B0C6B0C732C734D736D7B8E7B8E7B8D61
:10F860007B8D7B8D7B8E7BAE7BAE7BAE7BAE7BAEB2
:10F870007BCE7BCE7BAE736D732C6AEB6ACA6AC992
:10F880006AA962AA5A8A526A422A39E931C931C937
:10F8900031CA31EA39EA3A0A422B424B4A4B4A6BA7
:10F8A000528B5AAA62AA62CA62CB62EB5ACB52ABA3
:10F8B0004A6B422A39EA31A9298929882988298964
:10F8C00029A929A929C929CA29CA29EA29EA29EB82
:10F8D000320B322B322B324C3A4C3A6C3A6C428C13
:10F8E00042AD42AD4ACD4ACD4AED530D530D5B2D8D
:10F8F0005B4D5B4D636D638D638D63AD6BCD73ED60
:10F90000740D7C0E7C2E7C0E7C0E7BED73CD73CD46
:10F9100073CD73CD73ED73ED7BEE7C0E7C0E7C2E80
:10F92000842E842E844E844E844F844F844F844F83
:10F93000844F844F844F844F8C4F8C508C508C500C
:10F940008C508C508C508C508C508C508C508C50D7
:10F950008C508C518C518C508C508C30840F83EE99
:10F960007BAD7B6C734B732B732B732B7B4C7B8D21
:10F9700083CE83EF84308C308C508C518C518C51E1
:10F980008C518C518C518C518C518C518C518C518F
:10F990008C518C518C518C518C518C518C518C517F
:10F9A0008C518C518C518C51324D324D324D324DE7
:10F9B000324D326D326D3A6D3A6D428C428C426CF2
:10F9C000426B426B426B428B3A8C3AAC42AC42CCBB
:10F9D0004AEC4AEC52ED52ED52CD52CD52CD52CDC1
:10F9E0004ACD4ACE4ACE42AD426C424A39E931A7AD
:10F9F000316629252905210429042924314431654A
:10FA0000398541C64A0652475A68628862A862A987
:10FA100062885A685A48522749E649C641A539853D
:10FA20003965314531242924290521052105212560
:10FA3000292529252945316639A741E74A285A8AC7
:10FA400062CB630C6B2D6B4D6B6E738E73AF7BAFA4
:10FA500073AF736E630C528A41E83186316531654C
:10FA600041A64A085A6962CB732C736D7B8E7BAEBC
:10FA70007BAE738E736D734D734D732C6B0C6B0C6F
:10FA80006B0C730C732C736D7B8E7BAE7BAE7BAE7D
:10FA90007BAE7BAE7BAE7BCE7BCE7BCE7BAE7BAEBE
:10FAA0007BAE7BAE7BAE7B6D732C6B0B6ACA62C97F
:10FAB00062AA62AA5A8A526A4A4A422A3A0A3A2BE5
:10FAC000422B424B424B4A6C4A6C4A8C528C52AC91
:10FAD0005AAB62CB62CB62CB62CB62CB5AAB4A8B66
:10FAE000424A39EA31C9298929682168296829885F
:10FAF000298929A929A929CA29CA29CA29EB2A0B8E
:10FB0000320B322B322C324C3A4C3A6C3A8C428DBE
:10FB100042AD42AD4ACD4ACD4AED530D532D5B2E39
:10FB20005B4E5B4D636D638D63AD6BCD6BCD73EDE4
:10FB30007C0E7C2E7C2E7C0E7BEE73ED73CD73CD14
:10FB400073CD73ED73EE7BEE7C0E7C0E7C0E7C2E03
:10FB5000842E842E844E844E844F844F844F842F71
:10FB6000842F844F844F844F8C508C508C508C50F9
:10FB70008C508C508C508C508C508C508C508C50A5
:10FB80008C508C518C508C508C508430840F83EE70
:10FB90007BAD7B6C7B4B732B732B732B7B4C7B8CE8
:10FBA00083AE83EF840F8C308C508C508C518C51F1
:10FBB0008C518C518C518C518C518C518C518C515D
:10FBC0008C518C518C518C518C518C518C518C514D
:10FBD0008C518C518C518C51324D324D324D324DB5
:10FBE000324D324D326D3A6D3A6D428D428C428CBF
:10FBF000428C426B426B426B426B426B428B428C3B
:10FC00004AAC4ACC52CD52CD52CD52CD52CD52CD2E
:10FC10004AEE4ACE4ACE42AD426C422A39E839A772
:10FC20003166292529252904292429253165398585
:10FC300041C649E652275A475A675A685A685A686D
:10FC4000524852274A0749C641A639853985396540
:10FC500031453145292529252925292529252925E4
:10FC6000292529453166318641C74A2852695ACB30
:10FC700062EC6B2C6B2D6B4E736E738E73AF7BAF20
:10FC800073AE736D62EC526A41E83186314531657D
:10FC900041A64A075A696AEB732C738D7BAE7BAE23
:10FCA0007BAE738E736D736D734D732C6B0C6B0C1D
:10FCB0006B0C732C734D736D7BAE7BCE7BCE7BCE8A
:10FCC0007BAE7BAE7BCE83CF83CE7BCE7BAE7BAD5C
:10FCD0007BAD7BAD7B8D736D732C6B0B6ACA62CA77
:10FCE00062CA62CA5AAB52AB528B4A8B4A6C4A8C7C
:10FCF0004A8C4AAC52AC52CD52CD52CD5ACD5ACC90
:10FD00005ACC62CB62CB62CB62CB5AAB528B424AAB
:10FD10003A0A31C929892168216821682168216846
:10FD20002988298929A929AA29CA29CA29EB2A0B9C
:10FD3000320B322B322C324C3A4C3A6C3A8D428D8B
:10FD400042AD42CD4ACD4AED4AED530D532E532ECE
:10FD50005B4E5B4E636D638D63AD6BCD73ED740E67
:10FD60007C0E7C0E7C0E7C0E7BEE73CD73CD73CD42
:10FD700073CD73ED73EE7BEE7C0E7C0E7C0E7C2ED1
:10FD8000842E842E844E844F844F842F842F842F7E
:10FD9000842F842F844F84508C508C508C508C50E6
:10FDA0008C508C508C508C508C508C508C508C5073
:10FDB0008C508C508C508C508C30842F83EF83CEA1
:10FDC0007B8D7B6C7B4B734B732B7B4B7B6B7B8C6F
:10FDD0007BAD83EE840F84308C308C508C518C51F1
:10FDE0008C518C518C518C518C518C518C518C512B
:10FDF0008C518C518C518C518C518C518C518C511B
:10FE00008C518C518C518C51324D324D324D324D82
:10FE1000324D324D326D3A6D3A6D428D428D4A8C83
:10FE20004A8C4A8C4A8B426B426B426B426B428BD0
:10FE30004AAC4AAC4ACD52CD52CD52CD52CD52ED04
:10FE400052EE4AEE4ACE42AD426C422A39E839A718
:10FE5000316629452925292529253145398541A698
:10FE600049E65206522752275227522752274A075D
:10FE700049E741C639A6398639653165314531458D
:10FE800029452925292529252925292529252925E2
:10FE900029452946318639C74A0852695AAA62EB70
:10FEA0006B0C6B2D6B4E6B4E736E738E738F7BAFC3
:10FEB000738E6B4D62EC4A6939C73166294531450D
:10FEC00039A64A075A696AEB734C7B8D7BAE7BAED1
:10FED0007B8E738D736D736D734C732C6B0C6B0C0D
:10FEE0006B0C732C734D7B8E7BAE7BCF83EF7BCF04
:10FEF0007BCE7BCE83CF83EF83CE7BCE7BAD7B8DE2
:10FF00007B8D7B8D7B8D736C732C6B0B62EA62CA6D
:10FF100062CB62EB62EC5AEC5AEC52CD52CD52CD30
:10FF200052ED52ED5AED5AED5B0D5B0D5B0D5B0D25
:10FF300062EC62EC62EB62CB5AAB528B424A3A0AF9
:10FF400031C929892168216821482148216821680F
:10FF50002188218929A929A929CA29CA29EB2A0B7B
:10FF6000320B322B322C324C3A6C3A6D3A8D42AD18
:10FF700042AD42CD4ACD4AED4B0E530E532E532E79
:10FF80005B4E5B4E5B6E638D63AD6BCD73EE740E3B
:10FF90007C0E7C0E7C0E7BEE73CE73CD73AD73CD79
:10FFA00073CD73ED73EE73EE7BEE7C0E7C0E7C0EE8
:10FFB000842E842E842E842F842F842F842F842FAC
:10FFC000842F842F842F84508C508C508C508C50D4
:10FFD0008C508C508C508C508C508C508C508C5041
:10FFE0008C508C508C508C308430840F83CE7BAD01
:10FFF0007B8C7B6C7B4B734B7B2B7B4B7B4B7B6C76
:020000040804EE
:100000007BAD83CE83EF842F8C308C508C508C5101
:100010008C518C518C518C518C518C518C518C51F8
:100020008C518C518C518C518C518C518C518C51E8
:100030008C518C518C518C51324D324D324D324D50
:10004000324D324D324D3A6D3A6D428D428D4AAC51
:100050004AAC4AAC4A8C4A8B4A6B426B426B4A6B45
:100060004A8C4AAC4ACD52CD52CD52CD52ED52EED1
:1000700052EE4AEE4ACE4AAD426C422A39E839A7DE
:10008000316629452925292531453165398541C6FE
:1000900049E649E64A0749E649E649C641C641A656
:1000A0003986396631653145314529452925292566
:1000B00029252925292529252925292529252925D0
:1000C0002946316639A741E84A495A8A62CB62EC2F
:1000D0006B0D6B2D6B4E6B4E736E736E738F73AFB8
:1000E000738E6B4D5ACB4A4939C731652925314545
:1000F00039A64A085A896AEB734C738D7B8E7B8EC6
:10010000738D736D736D734C732C6B0C6B0B6AEB8F
:100110006B0C732C734D7B8E7BCE83EF83EF83EF61
:100120007BCE7BCE83CE83CE83CE7BAD7B8D7B6C33
:100130007B6C7B6C7B6C734C6B2B6B0B62EB62EBA5
:1001400062EB630C632D632D5B2E5B2E5B2E5B2EAF
:100150005B2E5B2E5B2E5B2E5B2E632E632E632D40
:10016000630D62EC5ACC5AAB526B4A4A3A0A31C917
:1001700029892168214821482148214821482168AE
:100180002168218921A929AA29CA29CA29EB2A0B70
:10019000320B322B322C324C3A6C3A8D3A8D42ADC6
:1001A00042CD42CD4AEE4AEE4B0E4B0E532E532E0D
:1001B0005B2E5B4E5B6E638E63AD6BCE73EE73EE48
:1001C0007BEE7BEE7BEE73CE73CE73AD73AD73AD12
:1001D00073CD73CD73EE73EE73EE7BEE7C0E7C0EFF
:1001E0007C2E842E842E842F842F840F7C0F840FEA
:1001F000842F842F843084508C508C508C508C50A1
:100200008C508C508C508C508C508C508C508C500E
:100210008C508C508C508430840F83CE7BAD7B8C83
:100220007B6C7B4B732B732B7B2B7B4B7B4B7B6CCC
:100230007B8C83AD83EE840F84308C308C508C515A
:100240008C518C518C518C518C518C518C518C51C6
:100250008C518C518C518C518C518C518C518C51B6
:100260008C518C518C518C51322D322D322D324D7E
:10027000324D324D324D3A6D3A6D3A8D428D4AAD26
:100280004AAD4AAC4AAC4A8C4A8C4A6B4A6B4A8C9F
:100290004AAC4AAC52CD52CD52CD52CD52ED52EE77
:1002A00052EE52EE4ACE4AAD426C422A39E839A7A4
:1002B000316631452945294531453965398541A69C
:1002C00041C641C641C641A639A63986398631653F
:1002D0003165294529252925292529252925292546
:1002E000292529252925292529252925294529465D
:1002F000316639A641E74A2852695A8A5ACB62ECDC
:10030000630D6B2D6B4E6B4E736E736E738E738EAF
:10031000736E6B2D5AAB4A2939A7294529253145DA
:1003200039A64A085A896AEB734C736D738D738DC5
:10033000736D736D734C732C6B0B6AEB6AEB6ACB4A
:100340006AEB6B0C734D7B8E7BCE83EF83EF83EF79
:100350007BCE7BCE7BCE7BCE7BAE7B8D7B6C7B4B9B
:10036000734B734B734B732B6B0B62EB62CB62EB78
:10037000630C632D634E634E634E634E634E634E58
:10038000634E634E634E634E634E634E632E632E25
:10039000630D5AEC52AC4A8B424A3A0A31C9298958
:1003A00021682148214821472147214721482168C8
:1003B0002168218921A929AA29CA29CA29EB2A0B3E
:1003C000320B322B322C324C3A6C3A8D3AAD42AD74
:1003D00042CD42CE4AEE4AEE4B0E4B0E532E532EDA
:1003E000532E5B4E5B6E638E63AE6BAE73CE73EE5D
:1003F00073EE73CE73CE73CE73AE73AD73AD73AD58
:1004000073AD73CE73EE73EE73EE73EE73EE7C0E1C
:100410007C0E7C0E7C2E7C0E7C0E7C0F7C0F7C0F69
:10042000842F842F84508C508C508C508C508C5046
:100430008C508C508C508C508C508C508C508C50DC
:100440008C508C508430840F83CE7BAD7B6C734B8F
:10045000732B732B732A732A732A7B2B7B4B7B6B37
:100460007B8C83AD83CE840F84108C308C508C5069
:100470008C518C518C508C508C308C308C308C301A
:100480008C308C308C308C308C508C508C518C510A
:100490008C518C518C518C51322C322C322D322D6E
:1004A000324D324D324D3A6D3A6D3A8D428D4AADF4
:1004B0004AAD4AAD4AAC4AAC4A8C4A8C4A8C4AACEA
:1004C0004AAC52CD52CD52CD52CD52ED52ED530EDB
:1004D000530E52EE4AEE4AAD426C422A39E839A731
:1004E000316631453145314531453965398541A55B
:1004F00041A639A6398639863165316531452945A8
:10050000294529252925292529252925292529255B
:100510002925292529252925292529252945316602
:10052000398641C742074A28524952695A8A5ACBEA
:1005300062EC630D6B2E6B4E6B4E736E736E736E4F
:10054000736E630C528A420831862925292531456C
:1005500039A74A085A8A6AEB732C734C736D736D12
:10056000734C734C732C732B6AEB6ACA62CA62AA0F
:100570006ACA6AEB732C738D7BAE83CF83EF7BCE1D
:100580007BAE7BAE7BAE7BAD7B8D7B6C7B4B732B75
:10059000732B732B730B6B0A62CA5ACA5AAA5ACBB3
:1005A0005AEC632D634E636E636F636F636F636FAB
:1005B000634F634E634E634E634E634E632E632DF3
:1005C0005AED52CC4A8B424B3A0A31C929892168EB
:1005D000214821481927192719272147214821682F
:1005E0002168218921A929AA29CA29CB29EB2A0B0B
:1005F000320B322C322C324C3A6D3A8D3AAD42CD20
:1006000042CD42EE4AEE4B0E4B0E4B0E532E532E66
:10061000532E5B4E5B6E636E638E6BAE6BAE6BCEBA
:1006200073CE73CE73AE73AE73AE73AE6B8E6BADB3
:1006300073AD73CE73CE73CE73EE73EE73EE73EE53
:100640007BEE7C0E7C0E7C0E7C0F7C0F7C0F7C0F77
:10065000842F843084508C508C508C508C508C5013
:100660008C508C508C508C508C508C508C508C50AA
:100670008C508430840F7BEF7BAD736C732B730ACB
:10068000730A730A730A730A732A732A7B2B7B4BD0
:100690007B6C7B8D83CD83EE840F84308C308C30EB
:1006A0008C508C308C308C308C3084308430843062
:1006B00084308430843084308C308C308C308C307A
:1006C0008C308C518C518C51322C322C322C322C5F
:1006D000324D324D324D3A6D3A6D3A8D428D42ADCA
:1006E0004AAD4ACD4AAC4AAC4AAC4AAC4AAC4AAC38
:1006F00052CD52CD52CD52CD52ED52ED530E5B0E36
:100700005B0E530E52EE4ACD428C422A41E839A785
:100710003986316531453145314531653965396550
:100720003965396531653145294529452925292509
:100730002925292529252925292529252925292549
:10074000292529252925292529252945316639865F
:1007500039A741E74A074A084A284A284A49526ABB
:100760005AAB5ACC630D6B2E6B4E6B4E736E736E21
:100770006B2D62EC526A41E831662925290529452D
:1007800039A74A085A6A62CB6B0B732C734C734CB3
:10079000732C732C6B2B6B0B6ACA62AA62AA6289D8
:1007A00062AA6ACA6B0B734C7BAE7BCE7BCE7BCED0
:1007B0007BAE7B8D7B8D7B8D7B6C734B732B730A38
:1007C000730A730A6AEA62CA5AAA5289528A52ABF7
:1007D0005ACC5B2D634E636F6B6F6B6F636F636F90
:1007E000636F636F636E634E634E632E5B0E5AEDF1
:1007F00052CC4A6C424B3A0A31C9298921682148B6
:100800002148192719271927192721482148216824
:100810002169218921A929AA29CA29CB29EB2A0BD7
:10082000320B322C322C324C3A6D3A8D3AAD42CDED
:1008300042CE42EE4AEE4B0E4B0E4B0E532E532E33
:10084000532E5B4E5B4E5B6E638E638E6BAE6BAEF8
:100850006BAE6BAE6BAE6BAE6BAE6B8E6B8E6B8E30
:100860006BAE73AE73CE73CE73CE73CE73EE73EE88
:1008700073EE7BEE7BEE7BEE7BEF7BEF7C0F7C0FF2
:10088000843084308C508C508C508C508C508C50D8
:100890008C508C508C508C508C508C508C508C5078
:1008A0008C30843083EF7BAE736C6B2B6AEA6AE921
:1008B0006AC96AE972E9730A730A732A732B7B4B5C
:1008C0007B6B7B8C83AD83CE83EF8410843084304C
:1008D00084308430843084108410840F840F83EF3C
:1008E00083EF83EF83EF83EF8410841084108430D0
:1008F0008C308C308C308C30322C322C322C322C90
:10090000324D324D324D3A6D3A6D3A8D428D42AD97
:100910004AAD4AAD4AAD4AAC4AAC4AAC52CC52CDD3
:1009200052CD52CD52ED52ED52ED530D5B0E5B0E9A
:100930005B2E5B0E52EE4ACD4A8C424A41E839A703
:10094000398631653145314531453145314531656E
:100950003165314529452945292529252925292577
:100960002925292529252925292529252925292517
:10097000292529252925292529453166318639A6A4
:1009800041C741E741E741E739C739C739C842099B
:100990004A4A528B5ACC62ED630D6B2D6B2D6B2D39
:1009A000630D5ACB4A4939C72946210521042945F7
:1009B000398649E85A6962AA6AEB6B0B732B732C70
:1009C000732B6B0B6AEB6ACB62CA62AA628962897B
:1009D000628962AA6AEB732C7B6D7BAD7BAE7BAECA
:1009E0007B8D7B8D7B6C736C734B732B730A730ADB
:1009F000730A730A6AEA62CA5A894A494A494A6AC0
:100A000052AB5AED632E636E6B6F6B8F6B6F6B6FB8
:100A10006B6F636E634E632E5B2E5B0D52CD4AACE3
:100A20004A6C422B39EA31CA29892169214819487F
:100A300019281928192819482148214821682168AE
:100A40002169218921A921AA29CA29CA29EB29EBCF
:100A5000320B322C322C324C3A6D3A8D3AAD42CDBB
:100A600042CE42EE4AEE4B0E4B0E4B0E532E532E01
:100A7000532E5B4E5B4E5B6E636E638E638E6B8E2E
:100A80006BAE6BAE6BAE6BAE6B8E6B8E6B8E6B8E1E
:100A90006BAE6BAE73CE73CE73CE73EE73CE73CE7E
:100AA00073CE73CE73CE73EF7BEF7BEF7C0F842F0F
:100AB000843084508C508C508C508C508C508C5086
:100AC0008C508C508C508C508C508C508C508C5046
:100AD0008430840F7BCE736D6B2C62CA62A962A9CD
:100AE00062A86AA86AC96AE972E9730A732A7B2B49
:100AF0007B4B7B6C7B8D83CE83EE840F84108410C4
:100B00008410840F83EF83EF83CF83CF83CF83CF92
:100B100083CF83CF83CF83CF83CF83EF83EF840FC4
:100B200084108C308C308C30322C322C322C322C85
:100B3000324D324D324D3A6D3A6D3A8D428D42AD65
:100B40004AAD4AAD4AAD4AAD4ACD52CD52CD52CD55
:100B500052ED52ED52ED52ED52ED5B0E5B0E5B2EFF
:100B60005B2E5B2E530E52CD4A8C424A41E839A788
:100B7000398631653145314531453145314531455C
:100B8000314529452945292529252925292529258D
:100B900029252925292529252925292529252925E5
:100BA00029252925294529453166398639A641C691
:100BB00041C741C739A6398631662946296631873A
:100BC00039C842094A4A528B5AAC62CC62EC62EC98
:100BD0005ACC528A4A0939A72945210421042925DA
:100BE000398641C752295A8962CA6AEB6B0B6B0B73
:100BF0006AEB6AEB6ACA62AA628A62895A695A69AE
:100C0000626962896ACA730B734C7B6D7B8D7B8DC5
:100C10007B8D7B6C734C734B732B730B730A730A52
:100C2000730B6B0B6AEB62AA52694A28420842298D
:100C30004A6A52CC5B0D634E636E636F636F636F82
:100C4000634E634E5B2E5B0D52CD52AC4A8C424BD1
:100C50003A0B31EA29A929892169214819481948FB
:100C60001928194819482148214821682169216912
:100C700021892189218921AA29CA29CA29EB29EB9D
:100C8000320B322C322C324C3A6D3A8D3AAD42CD89
:100C900042CE42EE4AEE4B0E4B0E4B0E532E532ECF
:100CA000532E5B4E5B4E5B6E636E638E638E638E04
:100CB0006B8E6B8E6BAE6BAE6BAE6BAE6B8E6B8EEC
:100CC0006BAE73AE73CE73CE73EF73EF73EF73CF00
:100CD00073CE73CE73CF73EF7BEF7C0F840F8430B2
:100CE00084508C508C508C508C508C508C508C502C
:100CF0008C508C508C508C508C508C508C5084303C
:100D000084307BEF738E6B2D62EB5A8A5A695A6876
:100D10005A68626862886AA96AC972EA730A732AA1
:100D20007B4B7B4C7B8C7BAD83CE83EF83EF83EF60
:100D300083EF83CE83CE83AE83AE83AE83AE83AEAA
:100D400083AE83AE83AE83AE83CE83CF83EF83EF58
:100D5000840F84108C308C30322C322C322C324D5B
:100D6000324D324D324D3A6D3A6D3A6D3A8D428D7B
:100D700042AD4AAD4AAD4ACD4ACD52CD52CD52EDEB
:100D800052ED52ED52ED52ED5B0E5B0E5B2E5B2E83
:100D90005B2E5B2E5B0E52ED4AAC4A4A420841C7BD
:100DA0003986396531453145312531252925294592
:100DB0002945294529252925292529252925292583
:100DC00029252925292529252925292529252925B3
:100DD0002945294531663166398639A641A641C67D
:100DE00041A6398631652925210420E421042125E5
:100DF000296631A739E842094A4A526A528B528B16
:100E0000526A4A2941E831862925210421042925ED
:100E1000316641A74A0852495A8962AA62CA6ACA17
:100E20006ACA62AA62A962895A695A695A695A6980
:100E30005A69628962A96AEA732B734C7B6C7B6C7A
:100E4000736C734C732B732B730A72EA72EA72EA37
:100E5000730B6B0B6AEB5AAA5249420839C739E83F
:100E600042094A6A52CC5B0D632E634E634E632E79
:100E70005B0E5AED52CD4AAC4A6C424B3A2B31EAEA
:100E800031CA29A9298921692169214819481948A4
:100E90001948194821682169216921692189218915
:100EA0002189218A218921AA21AA29CA29CA29EBB3
:100EB0002A0B320C322C324C3A6D3A8D3AAD42CD7F
:100EC00042CE42EE4AEE4B0E4B0E532E532E532E75
:100ED000532E5B4E5B4E5B6E5B6E636E638E638EFA
:100EE0006B8E6B8E6BAE6BAE73AE73AE73AE73AE5A
:100EF00073AE73CE73CF73EF7BEF7BEF7BEF73EF4C
:100F000073CF73CF73CF73EF7BEF7C0F843084305C
:100F100084508C508C508C508C508C508C508C50F9
:100F20008C508C508C508C508C508C508C50843009
:100F300084107BCF738E632C5AAB5269522852288F
:100F400052275A475A48626862886AC96AE9730A2E
:100F5000732B734B7B6C7B8C7BAD7BAE83CE83CE54
:100F600083AE7BAE7B8D7B8D7B8D7B8E7B8E7B8EF4
:100F70007B8E7B8E7BAE7BAE83AE83CE83CF83EFC7
:100F800083EF840F84108430322C322C324C324D5B
:100F9000324D324D324D3A4D3A6D3A6D3A8D3A8D71
:100FA000428D42AD4AAD4AAD4ACD52CD52ED52EDE1
:100FB00052ED52ED52ED5B0E5B0E5B2E5B2E5B2E07
:100FC000634E5B4E5B2E52ED52AC4A4A420841C71B
:100FD00039863965314531252925292529252925B0
:100FE0002925292529252925292529252925292591
:100FF0002925292529252925292529252925294561
:1010000029453166318639A641C741C641C641A648
:1010100039853145292420E418C318A318C318C4FE
:10102000210529252966318739C841E84209420945
:10103000420941E839A72966212521042104290410
:101040003145398641C74A0852485A695A896289E6
:1010500062895A695A485A485A485A495A495A69F3
:101060005A69628962A96ACA730B732B734C734CF9
:10107000734C732B730B6AEA6ACA6ACA6ACA6AEA51
:101080006AEB6AEB62EB5AAA4A4941E839A731A7F1
:1010900039C842294A6A52AC5AEC5AED5AED52ED1F
:1010A00052CD4A8C426C424B3A2B31EA31CA29A9C3
:1010B00029A9218921692169216921692169216978
:1010C0002169216921892189218A21AA21AA21AAAC
:1010D00021AA21AA21AA21AA21AA29CA29CA29EB1F
:1010E0002A0B320B322C324C3A6D3A8D3AAD42AD6E
:1010F00042CE42EE4AEE4B0E4B0E532E532E532E43
:10110000534E5B4E5B4E5B6E5B6E636E638E638EA7
:101110006B8E6B8E6BAF6BAF73AF73AF73CF73CEE2
:1011200073CF73CF7BEF7BEF7C0F7C0F7C0F7BEF5C
:1011300073EF73EF73EF7BEF7C0F84308430845058
:101140008C508C508C508C508C508C508C508C50BF
:101150008C508C508C508C508C508C508C508430D7
:1011600084107BCF738E630C5AAB52494A284A08CD
:101170004A074A07520752275A6862886AA96AE9E9
:10118000730A732A732B734C7B6C7B8D7B8D7B8DE9
:101190007B6D7B6D7B6D7B6D7B6D7B6D7B6D7B8EEE
:1011A0007B8E7BAE83AE83AE83CE83CF83EF83EF24
:1011B00083EF840F84108430324C324C324C324DE9
:1011C000324D324D324D3A4D3A6D3A6D3A6D3A6D7F
:1011D000428D428D42AD4AAD4ACD52CD52ED52EDD7
:1011E00052ED530E530E5B0E5B0E5B2E5B2E634E69
:1011F000634E634E5B2E5B0D52CC4A6A4A2941C74F
:1012000041A6396531453145292529252925292535
:10121000292529252925292529252925292529255E
:1012200029252925292529252925292529452966ED
:101230003166398639C741C741E741C741A639857B
:101240003145290420E318A310A31083108310A3B1
:1012500018C318E4210421252946316631873187D6
:101260003187318731662945210421042104210475
:101270002925316539A641C74A07522752285228E5
:1012800052275207520751E7520752285A495A69C2
:10129000628962AA6AAA6ACA6AEB730B732B732CFF
:1012A000732B6B0B6AEA6ACA62A962A962A962CA55
:1012B00062CA62CA62CA5A894A2839C73186316607
:1012C000318739C842094A4A4A8B4A8C4A8C4A6C4F
:1012D000426C3A2B3A0B31EA31CA29CA29A9298929
:1012E00021892189218921692189218921892189CE
:1012F00021A921AA21AA21CA21CA21CB21CB21CBF4
:1013000021CB21CA21CA21AA29CA29CA29CA29EB63
:1013100029EB320B322C324C3A6D3A8D3AAD42AD5C
:1013200042CE42EE4AEE4B0E4B0E532E532E532E10
:10133000534E5B4E5B4E5B6E5B6E636E636E638E95
:101340006B8E6B8F6BAF73AF73CF73CF73CF7BEF3E
:101350007BEF7BEF7C0F7C0F843084307C0F7C0F25
:101360007BEF7BEF7C0F7C0F8430843084508C507B
:101370008C508C508C508C508C508C508C508C508D
:101380008C508C508C508C508C508C508C508430A5
:1013900084107BEF73AE6B2D5ACC526A4A2941E818
:1013A00041E741E749E74A0752275A4862886AA954
:1013B0006AC972EA730A732B732B734C734C734CA8
:1013C000734C732C732C734C7B4D7B6D7B6E7B8EBF
:1013D00083AE83AE83CE83CF83CF83EF83EF840F3F
:1013E000840F84108C308C30324D324D324D324D62
:1013F000324D324D324D324D3A4D3A4D3A6D3A6D95
:101400003A6D428D428D4AAD4ACD4ACD52ED52EDF4
:10141000530D530E5B0E5B0E5B0E5B2E5B2E634E0D
:10142000634E634E634E5B2E5AEC528B4A4949E839
:1014300041C639863965314529452925292529257A
:10144000292529252925292529252925292529252C
:10145000292529252925292529452945316631862A
:1014600039A741C741E74A0841E741C739A6314595
:10147000290418E318A310831082108210821083AD
:10148000108310A318C318C418E4210421052925CA
:101490002945294529452925210421042104210420
:1014A000292529453165398639A641C641C641C637
:1014B00041C641A641A641A649C74A0752485A69B2
:1014C00062AA62AA6ACA6ACA6AEB6B0B6B0B6B0BE5
:1014D0006B0B6AEB62CA62895A685A485A685A8921
:1014E0005A895AA95A895249420839A73166294569
:1014F0002966318739C839E9422A422A422B3A2BD8
:101500003A0B31EB31CA29CA29AA29A929A921A94B
:101510002189218921AA21AA21AA21AA29CA29CA65
:1015200029CA29EA29EB29EB29EB29EB2A0B2A0BFB
:1015300029EB29EB29EB29EA29CA29EA29EA29EB2F
:101540002A0B320B322C324C3A6D3A8D3AAD42AD09
:1015500042CE42EE4AEE4B0E4B0E530E532E532EFE
:10156000532E5B4E5B4E5B6E5B6E636E636E638E83
:101570006B8E6B8F6BAF73AF73CF7BEF7BEF7C0F9B
:101580007C0F840F84308430843084308430843005
:101590007C107C0F7C108430843084508C508C50B4
:1015A0008C508C508C508C508C508C508C508C505B
:1015B0008C508C508C508C508C508C508C50843073
:1015C0008430840F7BCF6B6E630C52AB4A4A420966
:1015D00041E841C841C749E74A0752285A48628949
:1015E00062A96AC96ACA6AEA6AEB730B730B730B66
:1015F000730B730C732C732C7B4D7B6D7B8E7BAECE
:1016000083AE83CF83CF83EF83EF840F840F841067
:101610008C308C308C308C30324D324D324D324DDE
:10162000324D324D324D324D324D3A4D3A4D3A4DAA
:101630003A6D426D428D4AAD4AAD4ACD52CD52ED22
:1016400052ED530E5B0E5B0E5B0E5B2E5B2E634EFC
:10165000634E634E634E632E5B0D5ACB526A4A282B
:1016600049E741A63986316531452945292529258E
:1016700029252925292529252925292529252925FA
:10168000292529252925294529453166318639C746
:1016900041E74A084A284A2841E839C731662925DE
:1016A00020E418A31083108210821082108210820E
:1016B00010831083108310A310A318C318C418E458
:1016C00021052125212521052104210421042104AE
:1016D000292529252945294531453165316531655A
:1016E000396539653965396541A649E752285A692E
:1016F00062AA62AA62CA6ACA6ACA6AEA6AEB6AEB40
:101700006AEB62CA62895A695228522752275228C4
:10171000524852484A28420839C731862945292566
:1017200029252946316731A739C839E939EA31EA2B
:1017300031EA29CA29CA29CA29AA29AA29AA29CA49
:1017400029CA29CA29CA29CA29EB29EB2A0B2A0B3B
:101750002A0B2A0B2A2B2A2C2A2C2A2C2A2C2A2C1C
:101760002A2C2A2C2A2B2A0B2A0B2A0B2A0B2A0B6F
:101770002A0B322B322C324C3A6C3A8D3AAD42ADB8
:1017800042CD42CE4AEE4B0E4B0E530E532E532EED
:10179000532E5B4E5B4E5B4E5B6E636E636E638E71
:1017A0006B8F6BAF6BAF73CF73CF7BEF7C0F8430DE
:1017B0008430843084308430845084308430843069
:1017C0008430843084308430845084508C508C50E9
:1017D0008C508C508C508C508C508C508C508C5029
:1017E0008C508C508C508C508C508C508C508C5019
:1017F000843084307BEF73AF6B4E5AEC528B4A4A85
:10180000420941E841E849E84A0852285A485A69D9
:10181000628962A96AA96ACA6ACA6ACB6AEB6AEB78
:10182000730B730C732C734C7B4D7B8D7BAE83AE33
:1018300083CF83EF83EF840F841084308C308C301F
:101840008C308C308C308C303A4D3A4D3A4D3A4D8C
:101850003A4D324D3A4D3A4D3A4D3A4D3A4D3A4D58
:101860003A6D3A6D428D42AD4AAD4ACD4ACD52CD28
:1018700052ED52ED52ED5B0D5B0E5B2E5B2E634E17
:10188000634E636E636E634E632D5AEC5AAB5269BE
:101890004A2841E739A63186314529452925292598
:1018A00029252925292529252925292529252925C8
:1018B0002925292529452946316639A739C74208EE
:1018C0004A284A494A494A2841E839A72946210471
:1018D00018C310A31082106210621082108210824E
:1018E0001082108310831083108310A310A318C4D8
:1018F00018E42104210521052104210421042104E7
:1019000021052105212529252924290429242924E3
:101910002924312431243945398541C64A075A489A
:101920005A89628962A962A962A962AA62AA62AAA4
:1019300062AA5A895A6952284A0749E749E749E79A
:1019400049E741E741E739C731862945292521057E
:101950002105212529462966318731A831C931C998
:1019600031EA29EA29EA29EA29EA29EA29EB29EBD5
:101970002A0B2A0B2A0B322B322B322B324B324CB6
:10198000324C324C324C324C324C326C326C326D06
:10199000326C326C326C324C324C324C324C322B18
:1019A000322C322C324C324C3A6C3A8D3A8D42AD5C
:1019B00042CD42CD4AEE4AEE4B0E530E532E532EDD
:1019C000532E5B4E5B4E5B4E5B6E636E636E638E3F
:1019D0006B8F6BAF6BAF73CF7BEF7C0F841084305A
:1019E0008430845084508C5084508450845084506F
:1019F00084308430845084508C508C508C508C5067
:101A00008C508C508C508C508C508C508C508C50F6
:101A10008C508C508C508C508C508C508C508C50E6
:101A20008C50843084107BEF73AE6B4D5AEC528B2C
:101A30004A4A4A2A4A294A29522952495A695A691C
:101A40006289628962A962AA6AAA6ACB6AEB6AEBB6
:101A5000730C732C732C7B4D7B6D7B8E83AE83CF8D
:101A600083EF83EF840F84108C308C308C308C307B
:101A70008C308C508C508C503A4D3A4D3A4D3A4DFA
:101A80003A4D3A4D3A4D3A4D3A4D3A4D3A4D3A6DFE
:101A90003A6D3A8D428D428D4AAD4AAD4AAD4ACD3E
:101AA00052CD52CD52ED52ED5B0D5B0E5B2E632E8F
:101AB000634E634E636E634E632E630D5ACB5A8A38
:101AC00052494A0841C739A6316629452945292581
:101AD0002925292529252925292529252925292596
:101AE000294529452966318639A741E74A084A49E7
:101AF000524952694A49422939C83187294518E46F
:101B000018A310831062106210621082108210827B
:101B100010831083108310831083108310A318A3E5
:101B200018C418E4210421042104210421042104FF
:101B30002105210521042104210420E420E42104BD
:101B40002904290431243944396541A649E752273B
:101B500052485A485A695A695A49526952695A69E7
:101B60005269524952284A0841C741C641A641C656
:101B700041C639A639A63166294529252105210402
:101B80002104210521252946316731A731C831E9D2
:101B900031EA320A320B320B322B322B322B322B00
:101BA000324C324C324C326C3A6C3A6C3A6C326C8D
:101BB000326C326C328C328D328D328D328D3A8D68
:101BC0003AAD3AAD3AAD3A8D3A8D328C326C326CD8
:101BD000324C324C324C326C3A6C3A8D3A8D3AADD2
:101BE00042AD42CD4AED4AEE4B0E530E532E532ECC
:101BF000532E5B4E5B4E5B4E5B6E636E636E638E0D
:101C00006B8F6BAF73AF73CF7BEF7C1084308430FE
:101C100084508C508C508C508C508C508C508C50EC
:101C2000845084508C508C508C508C508C508C50E4
:101C30008C508C5084508C308430845084308C5044
:101C40008C308C508C508C508C508C508C508C50D4
:101C50008C508450843084107BCF738E632D5AEC6B
:101C600052AB526B526A526A5A8A5A8A5A8A62AA8A
:101C700062AA62AA62AA62CA6ACB6AEB6AEB730CB6
:101C8000732C734C7B6D7B8D7BAE83AE83CF83EFE8
:101C900083EF840F841084308C308C308C308C3007
:101CA0008C508C508C508C503A4D3A4D3A4D3A4DA8
:101CB0003A4D3A4D3A4D3A4D3A4D3A6D3A6D3A6D8C
:101CC0003A6D428D428D428D42AD42AD4AAC4AAC36
:101CD0004AAC4AAC52CC52CD52ED5B0D5B0E5B2E42
:101CE000634E634E634E634E632E5B0D5ACC5AAB0C
:101CF000526952494A0839C7318631662945292532
:101D00002925292529252925292529252925294543
:101D100029453166318639A741E84A284A4952693E
:101D2000526A4A6A4A49420939C82967212518E492
:101D300010A3108310620862086210621082108281
:101D400010831083108310831083108310A310A3BB
:101D500018C318E418E420E420E420E4210421045A
:101D60002105210521052104210420E420E421048A
:101D700029043124314439453965398541A649E77B
:101D800049E74A074A074A074A074A084A084A08E9
:101D90004A084A0841E741C739A739A639A639A6F2
:101DA00039A639863166294529252105210420E4F3
:101DB00021042105212529452966318731C839E9C2
:101DC0003A0A3A2A3A2B3A4B3A6C3A6C3A6C3A8CC9
:101DD0003A8C3A8C3A8C3A8C3A8C3AAC3AAC3AAC73
:101DE0003AAC3AAD3AAD3AAD3AAD3AAD3ACD3ACD7C
:101DF0003ACD3ACD3ACE3ACD3ACD3AAD3AAD3A8D2A
:101E00003A8D3A6C3A6C3A6C3A6C3A6C3A8D3A8D3F
:101E100042AD42CD42CD4AED4AEE4B0E530E532E0B
:101E2000532E5B4E5B4E5B4E636E636E636E638ED2
:101E30006B8F6BAF73AF73CF7BEF841084308450A4
:101E40008C508C508C508C508C508C508C508C50B2
:101E50008C508C508C508C508C508C508C508450AA
:101E60008430843084308430843084308C308C50A2
:101E70008C508C508C508C508C508C508C508C5082
:101E80008C508C508430843084107BCF6B6E632DEB
:101E900062ED5ACC5ACC62CC62EB62EB62EB62EB45
:101EA00062EB6AEB6AEB6AEB6AEB730C732C734DB3
:101EB0007B6D7B8D7B8E7BAE83CE83CF83EF840F58
:101EC000840F841084308C308C308C308C308C308B
:101ED0008C508C508C508C513A6D3A6D3A4D3A6D15
:101EE0003A6D3A6D3A6D3A6D3A6D3A6D3A6D3A8D9A
:101EF0003A8D428D428D428D428C428C426C426BB7
:101F0000426B4A8B4A8C4AAC52CC52CD5AED5B0D97
:101F10005B2E5B2E632E632E5B0D5AEC5ACC52ABBC
:101F2000528A52694A2841E739A73166294629452C
:101F300029252925292529252925294529452946D0
:101F40003166318639C742084A285269528A528A14
:101F50004A6A4A4A422939E931A82966210518C442
:101F600010A3108210620862086210621082108250
:101F70001082108310831083108310A310A310A36A
:101F800018C318C418E420E420E421042105210525
:101F9000210521052105210521052105210429040B
:101FA000292531453965396539653965398541A650
:101FB00041A641C641C641C739A739A739A739C784
:101FC00039C739C739A739A639A639A639A639A6D6
:101FD00039A63186316629252105210420E420E433
:101FE00020E42105210529252966318631A739C834
:101FF0003A093A2A3A4B3A6B428C42AC42AD42CD56
:1020000042CD42CD42CD42CD42CD42CD42CD42CD58
:1020100042CD42CD42CD42CD42CD42CD42EE42EE06
:1020200042EE42EE42EE42EE42EE42CE3ACD3ACDA2
:102030003AAD3AAD3A8D3A8D3A8C3A8C3A8C3A8D2B
:1020400042AD42AD42CD4ACD4AED4B0D530E532E1B
:10205000532E5B2E5B4E5B4E636E636E636E638EC0
:102060006B8F6BAF73AF73CF7BEF84108430845072
:102070008C508C508C508C508C508C508C508C5080
:102080008C508C508C508C508C50845084508430A8
:102090008430843084308430843084308C308C5070
:1020A0008C508C508C508C508C508C508C508C5050
:1020B0008C508C508450843084107BEF73AF6B6EE7
:1020C0006B4E6B2D6B2D6B2D6B4D6B4D732D6B2CE8
:1020D0006B2C6B2C6B2C732C732C734D736D7B8D55
:1020E0007BAE7BAE83CE83CE83EF83EF840F840FF2
:1020F000841084308C308C308C308C308C308C3030
:102100008C508C508C518C513A6D3A6D3A6D3A6DC1
:102110003A6D3A6D3A6D3A6D3A6D3A8D3A8D3A8D27
:10212000428D428D428C426C426C424B424B424B40
:10213000424A424B424B4A6B4A8C4AAC52CC52CD3B
:1021400052ED5AED5AED5AED52CC52AC528B528AA6
:10215000526A52694A494A0841C739863166294557
:102160002945292529252925294529452946316635
:1021700039A639C742084A495269528A528A4A6A7C
:102180004A4A422939E931C82987214618E518C445
:10219000108310620862086208620862106210828E
:1021A00010821083108310A310A310A310A310A3F8
:1021B00018C318C318E418E420E4210521052105FB
:1021C0002105210521052105210521052125292597
:1021D00031653985398539853965396531653965BF
:1021E00039663986398631663166316631663166DF
:1021F0003186318631863186398639A639A739A7A5
:1022000039A6318629452925210520E420E420E44A
:1022100020E421052105292529453166318731C76B
:1022200039E83A093A2A426B428C4ACC4ACD4AED07
:102230004AED4AED4AED4AED4AED4AED4AED42EDEE
:1022400042ED42ED42ED4AED4AEE4AEE4AEE4AEEEA
:102250004B0E4B0E4B0E430E42EE42EE42EE42CE82
:1022600042CD42CD3AAD3AAD3A8D3A8D3A8C3A8C68
:10227000428C42AC42AD4ACD4ACD4AED530D530E8D
:10228000532E5B2E5B4E5B4E634E636E636E638EAE
:102290006B8F6BAF73AF7BCF7C10843084308C50EE
:1022A0008C508C508C508C508C508C508C508C504E
:1022B0008C508C508C5084508430843084308430E6
:1022C00084308430843084308C308C308C508C500E
:1022D0008C508C508C508C508C508C508C508C501E
:1022E0008C508C50845084308430840F7BCF73AFFB
:1022F000738E738E738E738E738E7B8E7B8E738EC6
:10230000736D736D736D736D7B6D7B8E7BAE7BAE0A
:1023100083CE83EF83EF83EF840F840F84108430A8
:1023200084308C308C308C308C308C308C308C30D5
:102330008C508C508C508C513A6D3A6D3A6D3A6D90
:102340003A6D3A6D3A8D3A8D3A8D3A8D428D428D85
:10235000428D3A6C3A6C3A4B3A2B3A2A3A0A3A0A8C
:102360003A0A3A0A3A2A422A424B426B4A6B4A8B51
:102370004AAC52AC52AC4AAC4A8B4A6B4A4A4A4AC3
:102380004A494A494A494A28420839C7318631668A
:10239000294529452925294529452966318639A711
:1023A00041C742084A2952495269526A4A4A424937
:1023B000420939E931A829872946210518E410A3E3
:1023C000108310620862086208620862106210825C
:1023D00010821082108310A310A310A310A310A3C7
:1023E00018C318C318E420E42104210521052105A0
:1023F0002125292521252125212521252925294575
:10240000316639A641C639A639863165314531452F
:102410003145316531463146294629462946294606
:102420002946294631663166318639A739C739C709
:1024300039A631662945210520E418E418E418E49A
:1024400020E42105210529252945296631663187A2
:1024500031A731C83A09424A428B4ACC4AED530D62
:10246000530D530E530E530E4B0D4B0D4B0D4B0D89
:102470004B0D4B0E4B0E4B0E4B0E4B0E4B0E4B0E95
:102480004B0E4B0E4B0E4B0E4B0E4B0E42EE42EED6
:1024900042EE42CE42CD42CD42AD42AD42AD42AC23
:1024A000428C42AC42AC42AC4ACD4ACD4AED530DCF
:1024B000530E5B2E5B2E5B4E634E636E636E636EDC
:1024C0006B8E6BAF73AF7BCF7C10843084308C50BD
:1024D0008C508C508C508C508C508C508C508C501C
:1024E0008C50845084308430843084308430843004
:1024F0008430843084308C308C308C508C508C50B4
:102500008C508C508C508C508C508C508C508C50EB
:102510008C508C50843084308430841083EF7BCF97
:102520007BCF7BCF7BCF7BCF7BCF7BCF7BCF7BCE5C
:102530007BAE7BAE7BAE7BAE7BAE7BAE83CF83EFE1
:1025400083EF840F840F840F840F841084308430D1
:1025500084308C308C308C308C308C308C308C5083
:102560008C508C508C508C513A6D3A6D3A6D3A8D3E
:102570003A8D3A8D3A8D428D428D428D428D3A6C24
:102580003A6C3A4C3A2B3A2A3A0A31E931E931C9E4
:1025900039C939E939E939E93A093A2A422A424A34
:1025A000424B424B424B424A422A3A093A0939E9E4
:1025B00042094A294A494A484A2841E739A7318607
:1025C00029662945294529463166318639A741C7FB
:1025D00042084A284A494A494A494A29420939E8A7
:1025E00031C8318729672146210518E418C41083B2
:1025F000108208620862086208620862086210625B
:10260000108210821082108310A310A310A318A3AD
:1026100018C318C418E420E4210521052125292523
:10262000292529252925212521252125292531650A
:10263000398641C641C741C6398631662945294593
:10264000294529452945294529452945294529451A
:102650002945294629463166398639C741C739C7D0
:1026600039A631662925210418E418E418E418E491
:1026700020E4210521052925292529452946296602
:10268000318631A739C83A09424A4A8B52CC530D98
:10269000530D532E532E532E532E532E532E532E53
:1026A000532E532E532E532E532E530E4B0E4B0E92
:1026B0004B0E4B0E4B0E4B0E4B0E4B0E4B0E4AEE73
:1026C0004AEE4AEE42EE42EE42CD42CD42CD42AD1E
:1026D00042AD42AC42AC42AC4ACC4ACC4AED52ED9F
:1026E000530D5B0D5B2E5B2E634E634E636E636E0C
:1026F0006B8E6BAF73AF7BEF7C10843084308C506B
:102700008C508C508C508C508C508C508C50843011
:102710008430843084308430843084308430843019
:1027200084308C308C308C308C508C508C508C5051
:102730008C508C508C508C508C508C508C508C50B9
:102740008C508C508430843084308410841083EF1B
:102750007BEF83EF83EF840F840F840F83EF83EF8E
:1027600083EF83EF83CF83CF83CF83CF83EF83EF59
:10277000840F840F840F841084108430843084305C
:10278000843084308C308C308C308C308C308C5059
:102790008C508C508C508C503A8D3A8D3A8D3A8DAD
:1027A0003A8D428D428D428D428D428D3A6C3A4C2B
:1027B0003A4B3A2B3A0A31E931C931C831A831A82C
:1027C00031A831C831C831C831C939E939E939E9E5
:1027D00039E93A0939E939E939C931C831A831A7A4
:1027E00039C741E842084A284A284A0841C739A758
:1027F0003186316631663166318639A741E7420854
:102800004A284A284A294A28420839E831A7318704
:10281000296729462126210518E418C410A310832E
:102820001062086208620862086208620862106248
:10283000108210821082108310A310A310A318C35B
:1028400018C318C418E421042105210529252925C8
:1028500029252925292521252125212529253166D7
:1028600039A641E741E741C739A6316629452925FF
:102870002925294529452945294529452945294508
:10288000294529462966318639A739C741C739C73D
:1028900031862945210520E418E418C418E418E419
:1028A00018E4210421052125292529252925294543
:1028B0002965316631A739C84229426A4AAB52ECD0
:1028C0005B0D5B2E5B2E5B4E5B4E5B2E5B2E5B2EA1
:1028D000532E532E532E532E532E532E532E530E10
:1028E000530E4B0E4B0E4B0E4B0E4B0E4B0E4B0E18
:1028F0004B0E4B0E4AEE4AEE4AEE4AEE4ACD42CD20
:1029000042CD42AD42AC4AAC4AAC4ACC4ACC52ED84
:1029100052ED530D5B2D5B2E5B4E634E634E636E2B
:102920006B8E738F73AF7BEF8410843084308C5048
:102930008C508C508C508C50845084308430843037
:1029400084308430843084308430843084308C30DF
:102950008C308C308C308C508C508C508C508C50F7
:102960008C508C508C508C508C508C508C508C5087
:102970008C508C5084508430843084308430841067
:102980008410841084108410841084108410840FA8
:10299000840F83EF83EF83EF83EF83EF83EF840F65
:1029A00084108410841084308430843084308430E7
:1029B000843084308C308C308C308C308C308C5027
:1029C0008C508C508C508C503A8D3A8D428D428D6B
:1029D000428D428D428D428D3A6C3A6C3A4B3A2B85
:1029E0003A0A31EA31C931C831A829A82988298889
:1029F000318831A831A831A831A831A831A831A82F
:102A000031A831A831A831A8298729672967296603
:102A1000316631A739C742084A284A28420841C7C7
:102A200039A73986318639A739C741E742084A288C
:102A30004A284A0841E839C731A731862946212664
:102A40002125210518E518C418C410A3108310838C
:102A50001062086208620862086208620862106216
:102A6000108210821082108310A310A318A318C321
:102A700018C418E420E4210521052125292529254C
:102A80002925292529252125212521252945316685
:102A900039A741E7420741E739A73166294529258A
:102AA00029252945294529452945294529452946D5
:102AB000294629463166318639A739C739C739A62B
:102AC00031662925210418E418C418C418E418E450
:102AD00020E420E4210521052105210521252925C2
:102AE00029452945316631A739C842294A6A52AB7E
:102AF00052EC5B2D5B2E5B4E5B4E5B4E5B4E5B4E3A
:102B00005B4E5B4E5B2E5B2E532E532E532E530E7D
:102B1000530E530E530E4B0E4B0E4B0E4B0E4B0ED5
:102B20004B0E4B0E4B0E4B0E4B0E4AEE4AEE4AED41
:102B30004AED4ACD4ACD4ACD4ACC4ACC4ACC52CCB9
:102B400052ED52ED5B0D5B2D5B2E634E634E636E5B
:102B50006B6E738E73AF7BEF84108430843084503F
:102B60008C508C5084508430843084308430843055
:102B700084308430843084308430843084308C30AD
:102B800084308C308C308C508C508C508C508C50CD
:102B90008C508C508C508C508C508C508C508C5055
:102BA0008C508C508C50843084308430843084300D
:102BB00084308430843084308430843084108410B5
:102BC000840F840F83EF83EF83EF840F840F8410CF
:102BD0008410843084308430843084308430843075
:102BE0008430843084308C308C308C308C308C301D
:102BF0008C308C308C308C30428D428D428D428DA9
:102C0000428D428D428D3A6C3A4C3A4B3A2A320A06
:102C100031E931C931A82988298729872987298756
:102C20002987298729872987298729872987298724
:102C300029872987296729672946212621252125D2
:102C400029252966318639C742084A284A284A0870
:102C500041E741C741C741E741E74A084A084208FE
:102C600041E739C731A7316629462125210520E5ED
:102C700018E418E418C418A410A310831083106279
:102C800010620862086208620862086208621062E4
:102C9000108210821082108310A310A318C318C3CF
:102CA00018E418E420E421052105212529252925FA
:102CB000292529252925212521252925294531862B
:102CC00039C74207420841E739A731662946292515
:102CD000292529452946294629462946294629469E
:102CE00031663166318639A739C739C739A7318688
:102CF0002945210520E418E418C418C418E418E490
:102D000020E42104210521052104210421042104BA
:102D1000292529452945316631A739C842294A6AFA
:102D200052CB530D5B2D5B4E5B4E5B4E5B4E5B4E51
:102D30005B4E5B4E5B4E5B2E532E532E532E530E2B
:102D4000530E530E530E530E4B0E4B0E4B0E4B0E9B
:102D50004B0E4B0E4B0E4B0E4B0E4B0E4B0E4B0EAB
:102D60004AEE4AED4AED4AED4ACD4ACC4ACC52CC25
:102D700052ED52ED5B0D5B0D5B2D632D634E634E8B
:102D80006B6E738E73AF7BEF84108430843084302D
:102D90008430843084308430843084308430843093
:102DA000843084308430843084308C30843084307B
:102DB000843084308430843084508C508C508C50DB
:102DC0008C508C508C508C508C508C508C508C5023
:102DD0008C508C508C508C508C30843084308430AB
:102DE0008430843084308430843084308430841063
:102DF0008410840F840F840F840F84108410841037
:102E00008430843084108410841084308430843082
:102E10008430843084308C308C308C308C308C30EA
:102E20008C308C308C308C3042AD428D428D428D56
:102E30003A8D3A6C3A6C3A4B3A2B3A0A31E931C93D
:102E400031A829A829872987298729672967296718
:102E500029672967296729672967296729672967F2
:102E600029472946212621252105210518E520E5A8
:102E700021052125296639A641E74A284A484A48BA
:102E80004A284A284A084A084A084A08420741C7C5
:102E900039A6316629452125210520E418E418E4E6
:102EA00018C418C418A410A31083108310831062D0
:102EB00008620862086208620862086208621062BA
:102EC000108210821082108310A318A318C318C494
:102ED00018E420E421052105212529252925292576
:102EE00029252925292529252925292529453186E9
:102EF00041C74208420841E739A7316629452925DB
:102F00002925294529462946294629462946316643
:102F10003166318639A739C739C739C7398631652E
:102F2000292520E418E418C418C418E418E420E49F
:102F30002104210521052104210420E42104210488
:102F40002104292529452945316631A739E8422937
:102F50004A8A52CC5B0D5B2D5B4E5B4E5B4E5B4EEB
:102F60005B4E5B4E5B4E5B2E5B2E532E530E530E11
:102F7000530E530E530E530E530E530E530E530E49
:102F8000530E530E530E530E530E530E530E530E39
:102F9000530E530E530E530D52ED52ED52ED52EDB2
:102FA00052ED52ED5B0D5B0D5B0D632D632D634D9B
:102FB0006B6E738E73AF7BEF8410843084308430FB
:102FC0008430843084308430843084308430843061
:102FD0008430843084308C308C3084308430843041
:102FE0008430843084308430843084508C508C50D1
:102FF0008C508C508C508C508C508C508C508C50F1
:103000008C508C508C508C508C508C508C508C50E0
:103010008C30843084308430843084308430841028
:1030200084108410841084108410841084308430C0
:103030008430843084308410843084308430843010
:1030400084308430843084308C308C308C308C30C0
:103050008C308C308C308C30428D428D428D3A6D6C
:103060003A6C3A4C3A2B3A0A31EA31C931C829A8AC
:10307000298829872967296729672967296729678F
:10308000296729672967296729672967294621460A
:1030900021262125210518E518E418E418C418E4B0
:1030A00018E421052925316639C74A084A4852499A
:1030B0005249524952484A284A0841E739C731869D
:1030C00029452925210418E418C418C418C418C4B3
:1030D00018C418C418A310A31083108310621062C0
:1030E0000862086208620862086208620862106288
:1030F000108210821082108310A318C318C418E421
:1031000020E420E42105210521252925292529253B
:10311000292529252925292529252925316639A665
:1031200041E74A08420841C73186296629452925D1
:103130002925292529452946294629462946316632
:10314000318639A639C741C741C739A631662945F5
:10315000210420E418E418C418E418E420E421044D
:103160002105210521052105210420E420E4210475
:1031700021042124292529452945316631A739E82B
:1031800042294A8B52CC5B0D5B2E5B4E5B4E5B4EF5
:103190005B4E5B4E5B4E5B2E5B2E532E530E530EDF
:1031A000530E530E530E530E530E530E530E530E17
:1031B000530E530E530E532E532E532E532E532E67
:1031C000532E532E532E532E530E530D530D530D7A
:1031D000530D5B0D5B0D5B0D5B0D632D632D6B4D17
:1031E0006B6E738E73AF7BEF8410841084308430E9
:1031F000843084308430843084308430843084302F
:1032000084308C308C308C308C30843084308430FE
:1032100084307C307C3084308430843084508450DE
:103220008C508C508C508C508C508C508C508C50BE
:103230008C508C508C508C508C508C508C508C50AE
:103240008C508C30843084308430843084308410CE
:10325000841084108410843084308430843084302E
:1032600084308430843084308430843084308430BE
:1032700084308430843084308C308C308C308C308E
:103280008C308C308C308C30428D428D3A6C3A6C64
:103290003A4B3A2B320A31E931C931A829882987BA
:1032A000296729672967296729672967296729679E
:1032B000296729672967296729462146212621266A
:1032C000210518E518E418C418C418C418C418C493
:1032D00018E421052925316639A741E84A285249D1
:1032E000524952494A484A2841E739A73166294597
:1032F000210418E418C418C318C318C318C418C488
:1033000018C418C410A310A3108310831062106295
:10331000086208620862086208620862086208625D
:10332000108210821082108310A318C318C418E4EE
:1033300020E42105210521052925292529252925DF
:10334000292529252925292529252945316639A712
:1033500041E74A08420739C73186294629252925E8
:103360002925292529452945294529462946316602
:10337000318639A641C741C739A639863165292525
:1033800020E418E418E418C418E418E420E4210444
:103390002125292529252125210420E420E420E4D4
:1033A000210421042124292529452945316631A7F5
:1033B00039E842494A8B52EC5B2D5B4E5B4E5B4ECB
:1033C0005B4E5B4E5B2E5B2E5B2E532E530E530ECD
:1033D000530E530E530E530E530E530E530E530EE5
:1033E000530E532E532E532E532E532E532E532EF5
:1033F0005B2E5B2E5B2E5B2E5B2E5B2E5B2E5B2D86
:103400005B2D5B0D5B0D5B0D630D632D632D6B4DB4
:103410006B6D738E7BAE7BEF840F841084308430B1
:1034200084308430843084308430843084308C30F4
:103430008C308C308C308C308C30843084307C30CC
:103440007C30742F742F7C307C30843084308450F6
:103450008C508C508C508C508C508C508C508C508C
:103460008C508C508C508C508C508C508C508C507C
:103470008C508430843084308430843084108410C4
:1034800084108410843084308430843084308430DC
:10349000843084308430843084308430843084308C
:1034A00084308430843084308C308C308C308C305C
:1034B0008C308C308C308C303A8D3A6C3A4C3A2BC4
:1034C000320B31EA31C931A8298829872967296750
:1034D00029672967296729672967296629472946AE
:1034E000294629462946214621462126210518E557
:1034F00018E418C418C418C418C418C418C418E4AC
:1035000020E5210529453166398741C742084A0827
:103510004A284A284A0841C739A63166292520E4A5
:1035200018C418C318A318A318A318A318C318C441
:1035300018C418A410A310831083108310621062A3
:10354000086208620862086208620862086208622B
:10355000106210821082108310A318C318C418E4DC
:1035600020E421052105212529252925292529258D
:10357000292529252925292529252945318639C7A0
:1035800041E7420841E739A7316629452925292520
:1035900029252925294529452945294529453165D3
:1035A000318639A641C641C639A63165294521046F
:1035B00020E418E418E418E418E418E420E42105F1
:1035C00029252925292529252105210420E420E470
:1035D00020E42104210429242924292529452966B8
:1035E00031A739E842494AAB52EC5B2D5B2E5B4E6A
:1035F0005B4E5B4E5B2E5B2E5B2E532E532E530E7B
:10360000530E530E530E530E530E530E530E532E92
:10361000532E5B2E5B2E5B2E5B2E5B2E5B2E5B2E6A
:103620005B2E5B4E5B4E5B4E5B4E5B4E5B4E5B4E72
:10363000632E632D632D632D632D632D6B2D6B4DD9
:10364000736D738E7BAE7BEF840F84108430843077
:103650008430843084308430843084308C308C30BA
:103660008C308C308C308C308430843084307C30A2
:10367000740F6C0F6C0F740F74307C308430843096
:1036800084308C308C308C308C508C508C508C50E2
:103690008C508C508C308C308C308C508C508C30CA
:1036A0008C308430843084308430841084108410D2
:1036B00084108410843084308430843084308430AA
:1036C000843084308430843084308430843084305A
:1036D0008430843084308C308C308C308C308C3022
:1036E0008C308C308C308C303A6C3A4C3A2B320A1D
:1036F00031E931C929A829882967296729672967F4
:103700002946294629462946214621462146214661
:1037100021462146214621262126210518E518E4C7
:1037200018C418C418A418C418C418E420E5210546
:103730002125292529463166318639A739C739C758
:1037400041C739C739A631862945210520E418C368
:1037500018A310A310A310A310A318A318A318C391
:1037600018C418A310A31083108310831062106272
:1037700008620862086208620862086208620862F9
:10378000106210821082108310A318A318C418E4CA
:1037900020E421052105212529252925292529255B
:1037A000292529252925292529252946318639C76D
:1037B0004207420741E739A62966292529252925F7
:1037C0002925292529252925292529252925294569
:1037D0003165398639A639A639A6316529452104CE
:1037E00020E420E418E418E418E418E420E42105B7
:1037F000292529252945292521252104210420E4DD
:1038000020E42104210421042924292429252945EF
:10381000296631A73A08424A52AB52EC5B2D5B4E07
:103820005B4E5B4E5B2E5B2E5B2E5B2E532E532E20
:10383000532E5B2E5B2E5B2E5B2E5B2E5B2E5B2E48
:103840005B2E5B2E5B2E5B2E5B2E5B2E5B4E5B4EF0
:103850005B4E5B4E5B4E634E634E634E634E634EF8
:10386000634E634E6B4D6B4D6B2D6B2D6B2C734DFF
:10387000734D7B8D7BAE83EF840F840F8430843057
:10388000843084308430843084308C308C308C3080
:103890008C308C308C308C30843084307C30743080
:1038A0006C0F640F640F6C0F6C1074307C308430BC
:1038B000843084308C308C308C308C308C508C3018
:1038C0008C308C308C308C308C308C308C30843020
:1038D00084308430843084308430841084108410A8
:1038E0008410841084308430843084308430843078
:1038F0008430843084308430843084308430843028
:1039000084308C308C308C308C308C308C308C30DF
:103910008C308C308C508C503A2B3A2B320A31C977
:1039200031A82988298729672967294629462146F8
:1039300021462146214621462146212621262126AF
:103940002126212621262126210518E518E418C460
:1039500018C418A418A418C418E421052125294660
:1039600029462946296631663166316631663166F7
:103970003166316529452925210418E418C310A3AF
:103980001083108310831083108310A318A318A32F
:1039900018A318A310A31083108310831062106261
:1039A00010620862086208620862086208620862BF
:1039B000106210821082108310A318A318C418E498
:1039C00020E4210521052925292529252925292521
:1039D00029252925292529252945316639A641C7C3
:1039E0004207420739C73186296529252925292516
:1039F000292529252925292529252125292529255F
:103A000031453165398639A639A631652945210404
:103A1000210420E420E418E418E418E420E421045C
:103A20002125292529452945292521252105210447
:103A30002104210421252925292529252925292570
:103A40002945316631C742294A6A52CC5B0D5B2E4B
:103A50005B4E5B4E5B4E5B2E5B2E5B2E5B2E5B2EBE
:103A60005B2E5B2E5B2E5B2E5B2E5B2E5B2E5B2E0E
:103A70005B2E5B2E5B4E5B4E5B4E5B4E634E634E2E
:103A8000634E634E636E636E636E636F6B6E6B6EDD
:103A90006B6E6B6E6B6E734D732D732C732C732C5E
:103AA0007B4C7B6D83AE83CE840F842F8430843037
:103AB00084308C308C308C308C308C308C308C302E
:103AC0008C308C308C308C30843084307C3074106E
:103AD0006C1063EF63EF63EF6C1074107C30843014
:103AE000843084308C308C308C308C308C308C3006
:103AF0008430843084308430843084308430843026
:103B00008430843084308430843084108410841075
:103B10008410841084308430843084308430843045
:103B200084308430843084308430843084308430F5
:103B30008C308C308C308C308C308C308C308C30A5
:103B40008C508C508C508C50320A31E931C929A8E4
:103B500029882967296729462146214621462126A9
:103B6000212621262126212621262126212621261D
:103B7000212621262126210518E518E418C418C499
:103B800018A318A418C418E421052125294629667C
:103B90002966296629662946294629452925292590
:103BA0002105210420E418E418C418A310A31083ED
:103BB0001083108310831083108310A318A318A3FD
:103BC00018A310A310A31083108310831083106216
:103BD0001062106210620862086208620862106275
:103BE000108210821082108310A318A318C318E447
:103BF00020E42105210529252925292529252925EF
:103C000029252925292529252945316639A641E770
:103C1000420741E739C73986316529452945294594
:103C2000292529252925292521252105210529257C
:103C300029453165398639A639A631852945292591
:103C40002104210420E420E418E418E420E4210401
:103C5000210529252925292529252925212521252C
:103C600021252925292529452945292529252925AC
:103C700029252945318739E8424A52AB5AED5B2D57
:103C80005B4E5B4E5B4E5B4E5B2E5B2E5B2E5B2E6C
:103C90005B2E5B2E5B2E5B2E5B2E5B2E5B2E634EB4
:103CA000634E634E634E634E634E634E634E636E6C
:103CB000636E636F6B6F6B8F6B8F6B8F6B8F738F9D
:103CC000738E738E736E734D732C730C7B0C7B0C25
:103CD0007B2C836D838D83CE840F842F84308C3036
:103CE0008C308C308C308C308C308C308C308C30F4
:103CF0008C308C308C308C30843084307C3074103C
:103D00006C1063F05BF063F06C1074107C308430E6
:103D1000843084308C3084308430843084308430FB
:103D200084308430843084308430843084308430F3
:103D30008430843084308430843084108410841043
:103D40008410841084308430843084308430843013
:103D500084308430843084308430843084308430C3
:103D60008C308C308C308C308C308C308C508C5033
:103D70008C508C508C508C5031C931A8298829879F
:103D8000296729462146214621262126212621264A
:103D90002126212621252125212521052125212511
:103DA000212521262125210518E518C418C418A3AA
:103DB00018A318C418C418E52125294629662967BF
:103DC00029662966294629252105210520E418E4CC
:103DD00018C418C418C318A310A310831083108329
:103DE0001083108310831083108310A310A310A3DB
:103DF00010A310A3108310831083108310831083EB
:103E00001062106210621062106210621062108202
:103E1000108210821083108310A318A318C418E412
:103E200020E42105210529252925292529252925BC
:103E300029252925292529252945316639A741E73D
:103E4000420741E741C739A63186316629452945F0
:103E5000294529252925212521052105210521255A
:103E60002945316539A641C639A6398631652925E6
:103E700021042104210420E420E418E418E420E4CF
:103E8000210421052125292529252925292529251B
:103E90002945294529452965296529652945294552
:103EA00029452945318639C842294A8B5AEC5B2D70
:103EB000634E634E634E634E634E5B4E5B4E5B4E92
:103EC000634E634E634E634E634E634E634E634E6A
:103ED000634E634E634E636E636E6B6F6B6F6B6F9F
:103EE0006B6F6B8F6B8F6B8F73AF73AF73AF73AF82
:103EF0007B8E7B8E7B6D7B2C7B0C7AEB7AEB7AEB6B
:103F0000830C834C838D83CE840F8C308C308C302B
:103F10008C308C308C308C308C308C308C308C30C1
:103F20008C308C308C308C30843084307C30741009
:103F30006C1063F063F063F06C1074107C308430AC
:103F400084308430843084308430843084308430D1
:103F500084308430843084308430843084308430C1
:103F600084308430843084308430843084108410F1
:103F700084108430843084308430843084308430C1
:103F80008430843084308430843084308430843091
:103F90008C308C308C308C308C308C308C508C5001
:103FA0008C508C508C518C51298729872967294640
:103FB000214621462126212621262126212521258B
:103FC00021252105210521052105210521052105A1
:103FD000210521252105210518E418C418C418A3BA
:103FE00018A318C418E42105212629462966296644
:103FF000296629462125210520E418E418C418C3A0
:1040000018A310A310A310831083108310831083B0
:10401000108310831083108310A310A310A310A388
:1040200010A31083108310831083108310831083D8
:104030001082106210621062106210821082108270
:1040400010821083108310A318A318C318C418E497
:1040500020E421052105292529252925292529258A
:1040600029252925292529452945318639A741E7CB
:1040700041E741E741C739A639863186316629468D
:104080002945292529252125210521052105292520
:104090002945316639A641C641C639A6316529256B
:1040A000210521042104210420E420E418E418E47B
:1040B00020E421042104210521252925292529453C
:1040C000294531663166318631863186316629650A
:1040D00029452966318639C8422952AB5AEC632DED
:1040E000634E636E636E634E634E634E634E634E08
:1040F000634E634E634E634E634E634E634E6B6E10
:104100006B6E6B6E6B6F6B6F6B8F6B8F6B8F6B8F61
:10411000738F73AF73AF73AF73AF7BAF7BAF7B8EB8
:104120007B8E7B6D7B2C7B0C7AEB7ACB7ACB82EB14
:10413000830C834D83AE83CE840F8C308C308C30D7
:104140008C308C308C308C308C308C308C308C308F
:104150008C308C308C308C308430843084307C10C7
:1041600074106C106C106C1074107C3084308430BF
:1041700084308C3084308430843084308430843097
:10418000843084308430843084308430843084308F
:10419000843084308430843084308430843084109F
:1041A000841084308430843084308430843084308F
:1041B000843084308430843084308430843084305F
:1041C00084308C308C308C308C308C308C508C50D7
:1041D0008C508C518C518C5129672946214621469F
:1041E00021262126212621252125212521252105BC
:1041F000210521052105210521052105210521058F
:10420000210521052105190518E418C418C418A3AF
:1042100018C418C418E42105212629462966294610
:1042200029462125210518E418C418C418A310A391
:1042300010A31083108310831083108310831083C6
:1042400010831083108310A310A310A310A310A336
:1042500010831083108310831083108310831083C6
:1042600010821082106210621082108210821083FD
:104270001083108310A310A318C318C418E420E4FB
:104280002104210521252925292529252925292517
:1042900029252925292529452945318639A641C7BA
:1042A00041C741C639C639A639A631863166294586
:1042B0002925292521252105210521052125292516
:1042C0002945316639A641C641C639A63165294519
:1042D0002925210521052105210520E418E418E4FC
:1042E00018E418E420E421042104210529252945A6
:1042F00029663166318639A739A739A731863186D3
:104300003166316631A739E84A4A52AB5B0D634EDC
:10431000636E6B6E636E636E636E636E636E636E0D
:10432000636E636E6B6E6B6E6B6E6B6E6B6E6B6FD4
:104330006B6F6B8F6B8F738F738F73AF73AF73AF45
:1043400073AF7BAF7BAF7BAF7BAF7BAE7B8E7B6D89
:10435000834D832C82EB7ACB7ACA7ACA82CB82EBEA
:10436000832C836D83AE83EF8C0F8C308C308C303C
:104370008C308C308C308C308C308C308C308C305D
:104380008C308C308C308C308430843084307C3075
:104390007C107410741074107C308430843084303D
:1043A00084308C3084308430843084308430843065
:1043B000843084308430843084308430843084305D
:1043C000843084308430843084308430843084304D
:1043D000843084308430841084108430843084109D
:1043E000841084308430843084308430843084304D
:1043F00084308C308C308C308C308C308C508C50A5
:104400008C508C518C518C512146212621262126FD
:10441000212521252125210521052105210521050C
:10442000210521052105210521052105210521055C
:1044300021052105210518E518E418C418C418A39E
:1044400018C418C418E42105212521462946212530
:10445000210520E418E418C418A310A310A31083A6
:1044600010831083108310831083108310831083B4
:10447000108310A310A310A310A310A310A31083E4
:104480001083108310831083108310831083108394
:1044900010821082106210821082108210831083AA
:1044A0001083108310A318A318C318E420E4210478
:1044B00021052105292529252925292529252925DC
:1044C00029252925292529453145316639A639A6C9
:1044D00039A639A63986398631863166316529454E
:1044E0002925210521052105210521252925292504
:1044F0002946316639A641C741C639A631862945C4
:104500002925212521252105210520E418E418C4A9
:1045100018C418E418E418E420E4210421252945EE
:104520002966318639A639C739C739C739C739A687
:104530003186318639A742084A6A5ACC632D6B4EC0
:104540006B6E6B8F6B8F6B6F6B6F6B6F6B6F6B6F5C
:104550006B6F6B6F6B6F6B6F6B6F6B6F738F738F3B
:10456000738F738F73AF73AF73AF7BAF7BCF7BCF23
:104570007BCF7BCF7BCF7BAF7BAE836E834D832C9A
:1045800082EB82CB82AA82AA82AA82CB82EB832C84
:10459000836D83AE83EF8C0F8C308C308C308C30FD
:1045A0008C308C308C308C308C308C308C308C302B
:1045B0008C308C308C308C3084308430843084303B
:1045C0007C307C307C307C3084308430843084306B
:1045D0008C30843084308430843084308430843033
:1045E000843084308430843084308430843084302B
:1045F000843084308430843084308430843084301B
:1046000084308430841084108410841084108410CA
:10461000841084108430843084308430843084303A
:1046200084308C308C308C308C308C308C508C5072
:104630008C508C518C518C512126212521252125EE
:10464000210521052105210521052105210521053A
:10465000210521052105210521052105210521052A
:1046600021052105210518E518E418C418C418A46B
:1046700018C418C418E421052105212521052105A8
:1046800018E418C418C418A310A310A3108310832F
:104690001083108310831083108310831083108382
:1046A00010A310A310A310A310A310A310831083B2
:1046B0001083108310831083108310831083108362
:1046C0001082108210621082108210831083108377
:1046D0001083108310A318C318C418E42104210503
:1046E000210521252925292529252925292529258A
:1046F00029252925292529453145316539863986D8
:104700003985316531653165316531652945292541
:1047100021052105210521052125292529252945B1
:104720002966316639A641C741C739A63986316540
:104730002945292521252105210520E418E418C44F
:1047400018C418C418C418E418E420E42105292565
:104750002965318639A739C741E741E739C739A704
:1047600039A739A739C84229528B5AEC632E6B6E90
:104770006B8F6B8F6B8F6B8F6B8F6B8F6B6F6B6FA9
:104780006B6F6B6F736F738F738F738F738F738F89
:1047900073AF73AF7BAF7BCF7BCF7BCF7BCF7BEF19
:1047A0007BEF7BEF83CF83AE838D834D830C82CBF6
:1047B00082AA828A828A828A82AA82EB832C836D71
:1047C00083AE83CF840F8C308C308C308C308C3027
:1047D0008C308C308C308C308C308C308C308C30F9
:1047E0008C308C308C308C30843084308430843009
:1047F00084308430843084308430843084308C3011
:104800008C30843084308430843084308430843000
:1048100084308430843084308430843084308430F8
:104820008430843084308430843084308410841028
:1048300084108410841084108410841084108410D8
:104840008410841084308430843084308430843008
:104850008C308C308C308C308C308C508C508C5018
:104860008C508C518C518C512125212521052105FD
:104870002105210521052105210521052105210508
:1048800021052105210521052105210521052105F8
:1048900021052105190518E518E418C418C418A441
:1048A00018C418C418E418E521052105210518E4E9
:1048B00018C418C418A310A310A310A31083108346
:1048C000108310831083108310831083108310A330
:1048D00010A310A310A418A310A310A31083108377
:1048E0001083108310831083108310831083108330
:1048F0001062106210621082108210821083108386
:104900001083108310A318C318C420E421042105C8
:10491000212529252925292529252925292529252F
:104920002925292529252925294531653165396517
:10493000316531452945294529452945292521053F
:104940002104210421052105212529252925294680
:104950003166318639A641C741C739C639863166C5
:104960002945292529252125210520E418E418C4F5
:1049700018C418C418C418C418E420E42104292554
:104980002965318639A639C741E741E741E739C78B
:1049900039A739A739C84A2952AB630C6B4E6B6EE5
:1049A000738F738F738F738F738F738F738F738FF7
:1049B000738F738F738F738F738F738F738F73AFC7
:1049C0007BAF7BCF7BCF7BD07BD07BF07BF083F04A
:1049D00083EF83EF83CF83AE836D832C82CB828A78
:1049E000826982498269828982CA830B834C838E61
:1049F00083CE83EF8C108C308C308C308C308C30AC
:104A00008C308C308C308C308C308C308C308C30C6
:104A10008C308C308C308C308430843084308430D6
:104A20008430843084308430843084308C308C30D6
:104A300084308430843084308430843084308430D6
:104A400084308430843084308430843084308430C6
:104A50008430841084108410841084108410841096
:104A600084108410841084108410841084108410A6
:104A700084108410843084308430843084308430D6
:104A80008C308C308C308C308C508C508C508C50C6
:104A90008C508C518C518C510F00081082091100E0
:104AA0000A15800B16000C18010D00007D04017C16
:104AB000000240AB034100055308065804070000FC
:104AC00000000000010203040102030406070809B4
:104AD00008000000000000000000000000000000CE
:104AE00000000000000000000000000000000000C6
:104AF00000000000000000000000000000000000B6
:104B0000180000000000000000000000000000008D
:104B1000100000000001020304050607080C101431
:104B200018203040010002000400060008000A00BE
:104B30000C00100020004000800000010804020466
:104B4000080101010101010307010000A2000000AA
:104B5000F9A2000083F9A2006E83F9A24E6E83F9D8
:104B6000444E6E8315444E6E2915444EFC2915445F
:104B700027FC29155727FC29D15727FCF5D15727A2
:104B800034F5D157DD34F5D1C0DD34F5DBC0DD348B
:104B900062DBC0DD9562DBC0999562DB3C99956272
:104BA000433C999590433C994190433C0000000060
:104BB000000000000000F03F000000000000F0BF17
:104BC000000000000000F0BF000000000000F03F07
:104BD00083C8C96D305F6441182D4454FB21F93FEF
:104BE000000000000000F03F1C620CFDFFFFDFBF73
:104BF000198F06E15355A53F9D359AE887C056BFEA
:104C0000C3F87B024393F93E03A695595455C5BF9B
:104C1000C40B23057610813F24CF7437EB9429BF52
:104C2000000000000000F03F000000000000F0BFA6
:104C3000000000000000F0BF000000000000F03F96
:104C400083C8C96D305F6441182D4454FB21F93F7E
:104C5000000000000000F0BF1C620CFDFFFFDF3F02
:104C6000198F06E15355A5BF9D359AE887C0563F79
:104C7000C3F87B024393F9BE03A695595455C5BFAB
:104C8000C40B23057610813F24CF7437EB9429BFE2
:104C90002E006E6600696E69747900616E0052457F
:104CA000454E54206D616C6C6F6320737563636552
:104CB00065646564002F646174612F6A656E6B6959
:104CC0006E732F776F726B73706163652F474E55EC
:104CD0002D746F6F6C636861696E2F61726D2D3119
:104CE000352F7372632F6E65776C69622D637967F8
:104CF00077696E2F6E65776C69622F6C6962632FBE
:104D0000737472696E672F737472746F6B2E6300A5
:104D10004300504F534958002C2066756E637469E8
:104D20006F6E3A2000617373657274696F6E202232
:104D3000257322206661696C65643A2066696C653A
:104D400020222573222C206C696E65202564257332
:104D500025730A0042616C6C6F6320737563636531
:104D600065646564002F646174612F6A656E6B69A8
:104D70006E732F776F726B73706163652F474E553B
:104D80002D746F6F6C636861696E2F61726D2D3168
:104D9000352F7372632F6E65776C69622D63796747
:104DA00077696E2F6E65776C69622F6C6962632F0D
:104DB0007374646C69622F6764746F612D676574C6
:104DC0006865782E63002F646174612F6A656E6B6D
:104DD000696E732F776F726B73706163652F474EC7
:104DE000552D746F6F6C636861696E2F61726D2DE4
:104DF00031352F7372632F6E65776C69622D63791D
:104E00006777696E2F6E65776C69622F6C69626374
:104E10002F7374646C69622F6D707265632E63000A
:104E2000232D302B2000686C4C0065666745464793
:104E30000030313233343536373839414243444516
:104E40004600303132333435363738396162636485
:104E5000656600412D46612D663839303132333474
:104E60003536375D002B2D003030007858000000BB
:104E700034000000CEFBFFFFCB0300000100000068
:104E80000000000035000000CEFBFFFFCB03000058
:104E90000100000000000000BC89D897B2D29C3C01
:104EA00033A7A8D523F649393DA7F444FD0FA53211
:104EB0009D978CCF08BA5B25436FAC6428066811B8
:104EC00000202020202020202020282828282820DA
:104ED00020202020202020202020202020202020D2
:104EE000208810101010101010101010101010103A
:104EF000100404040404040404040410101010102A
:104F000010104141414141410101010101010101F3
:104F10000101010101010101010101011010101045
:104F200010104242424242420202020202020202C5
:104F30000202020202020202020202021010101019
:104F40002000000000000000000000000000000041
:104F50000000000000000000000000000000000051
:104F60000000000000000000000000000000000041
:104F70000000000000000000000000000000000031
:104F80000000000000000000000000000000000021
:104F90000000000000000000000000000000000011
:104FA0000000000000000000000000000000000001
:104FB00000000000000000000000000000000000F1
:104FC0000000000005000000190000007D00000046
:104FD0000080E03779C34143176E05B5B5B89346F5
:104FE000F5F93FE9034F384D321D30F94877825AC1
:104FF0003CBF737FDD4F1575000000000000F03FDF
:1050000000000000000024400000000000005940A3
:105010000000000000408F40000000000088C340F6
:1050200000000000006AF8400000000080842E416B
:1050300000000000D01263410000000084D79741B7
:105040000000000065CDCD41000000205FA00242BD
:10505000000000E876483742000000A2941A6D4232
:10506000000040E59C30A2420000901EC4BCD64225
:1050700000003426F56B0C430080E03779C34143D0
:1050800000A0D8855734764300C84E676DC1AB4346
:10509000003D9160E458E143408CB5781DAF154464
:1050A00050EFE2D6E41A4B4492D54D06CFF080443F
:1050B000F64AE1C7022DB544B49DD9794378EA4454
:0850C00010B2FB7F01000000AB
:0450C800B507000820
:0450CC008D07000844
:1050D00079F2000815F2000819F2000821F2000820
:1050E0001DF200081A03000000000000000000008C
:1050F00000000000000000000000000000000000B0
:105100000403090412010002020200408304405714
:10511000000201020301000031F300083DF3000822
:1051200049F3000861F30008A9F3000879F30008C7
:1051300091F3000858A08B3AE7416B3A0090D003F6
:105140000090D0030100000010000000090243009D
:10515000020100C03209040000010202010005241E
:1051600000100105240100010424020205240600A8
:10517000010705820308001009040100020A00006B
:105180000007050102400000070581024000000001
:10519000598C0108FD8B0108FD8A01080000000000
:1051A0006D890108958A0108518A010800000000F4
:1051B0000000000000000000098A0108BD89010804
:1051C000058A0108AD8901080A06000200000040B6
:1051D000010000000000000003000000706B0120CF
:1051E000430000000000000000000000000000007C
:1051F00000000000000000000000000000000000AF
:10520000430000000000000000000000000000005B
:10521000000000000000000000000000000000008E
:10522000430000000000000000000000000000003B
:10523000000000000000000000000000000000006E
:10524000430000000000000000000000000000001B
:10525000000000000000000000000000000000004E
:1052600043000000000000000000000000000000FB
:10527000000000000000000000000000000000002E
:1052800043000000000000000000000000000000DB
:10529000000000000000000000000000000000000E
:1052A00043000000000000000000000000000000BB
:1052B00000000000000000000000000000000000EE
:1052C0005BB7010899AD010800000000C04E04085A
:1052D000904C0408534D0408534D0408534D0408E2
:1052E000534D0408534D0408534D0408534D04080E
:1052F000534D0408534D0408FFFFFFFFFFFFFFFF5E
:10530000FFFFFFFFFFFF0000010041534349490039
:10531000000000000000000000000000000000008D
:105320000000000000000000000041534349490014
:10533000000000000000000000000000000000006D
:1053400000000000000000000000000080020020BB
:1053500000000000706B0120D86B0120406C012020
:10536000000000000000000000000000000000003D
:10537000000000000000000000000000000000002D
:10538000000000000000000000000000000000001D
:0C53900000000000000000000000000011
:04000005080007D90F
:00000001FF
